671081251121.1                -0.023597265
671082228214.8982             -0.00777521
671083205308.6965             -0.030431503
671084182402.4948             -0.039384563
671085159496.293              -0.06913407
671086136590.0912             -0.0116343675
671087113683.8895             0.03910808
671088090777.6877             0.06471558
671089067871.486              0.007875598
671090044965.2843             -0.023101656
671091022059.0825             -0.0071274503
671091999152.8807             0.00087275513
671092976246.6791             -0.015399371
671093953340.4773             -0.039407857
671094930434.2755             -0.016600793
671095907528.0737             0.016747534
671096884621.8721             0.004626716
671097861715.6703             0.0020527258
671098838809.4685             0.010231665
671099815903.2668             0.0031259356
671100792997.0651             0.01388682
671101770090.8633             0.016877715
671102747184.6616             0.0126298545
671103724278.4598             0.040109288
671104701372.258              0.0041507226
671105678466.0563             -0.027582819
671106655559.8546             -0.028196488
671107632653.6528             -0.020867653
671108609747.451              0.008007637
671109586841.2494             0.021525579
671110563935.0476             -0.024773357
671111541028.8458             -0.056644313
671112518122.6442             -0.042982753
671113495216.4424             -0.071249425
671114472310.2406             -0.032230273
671115449404.0388             0.010719773
671116426497.8372             0.007431894
671117403591.6354             -0.015042216
671118380685.4336             0.0075143506
671119357779.2319             -0.041372914
671120334873.0302             -0.025233528
671121311966.8284             0.01153013
671122289060.6266             0.030864988
671123266154.4249             0.0937265
671124243248.2231             0.101292074
671125220342.0214             0.057665937
671126197435.8197             -0.0035576045
671127174529.6179             0.0024092076
671128151623.4161             0.008267716
671129128717.2145             0.030056592
671130105811.0127             0.039236363
671131082904.8109             0.0311933
671132059998.6091             -0.07083916
671133037092.4075             -0.03801146
671134014186.2057             0.03785689
671134991280.0039             0.040734675
671135968373.8022             0.023395238
671136945467.6005             0.033965927
671137922561.3987             0.04477568
671138899655.197              0.035947155
671139876748.9952             0.058835775
671140853842.7935             0.0222376
671141830936.5917             0.01597135
671142808030.39               0.032032713
671143785124.1882             -0.010523736
671144762217.9865             -0.008574388
671145739311.7848             -0.027879527
671146716405.583              0.015496045
671147693499.3812             0.035141677
671148670593.1794             0.034920707
671149647686.9778             -0.0060087587
671150624780.776              -0.046564486
671151601874.5742             -0.06659076
671152578968.3726             -0.03615898
671153556062.1708             -0.017436726
671154533155.969              -0.033689696
671155510249.7673             0.03266112
671156487343.5656             -0.022156108
671157464437.3638             0.01829343
671158441531.162              0.02375632
671159418624.9603             0.037389103
671160395718.7585             0.059342667
671161372812.5568             -0.0454159
671162349906.3551             -0.010295838
671163327000.1533             0.0006925906
671164304093.9515             -0.02716525
671165281187.7499             0.01889146
671166258281.5481             0.008008113
671167235375.3463             -0.012943117
671168212469.1445             0.008577426
671169189562.9429             -0.012483494
671170166656.7411             0.016006669
671171143750.5393             0.0021713595
671172120844.3376             -0.032125983
671173097938.1359             -0.06738228
671174075031.9341             -0.01718479
671175052125.7324             0.019982474
671176029219.5306             0.015631773
671177006313.3289             0.010867893
671177983407.1271             0.032429848
671178960500.9254             -0.015622654
671179937594.7236             -0.021157347
671180914688.5219             0.0007156652
671181891782.3202             0.020740055
671182868876.1184             0.02886866
671183845969.9166             0.025637418
671184823063.7148             -0.023608472
671185800157.5132             -0.008633267
671186777251.3114             -0.011574039
671187754345.1096             -0.057588723
671188731438.908              -0.0096111875
671189708532.7062             -0.03021838
671190685626.5044             -0.03283639
671191662720.3027             -0.020584667
671192639814.101              -0.035070725
671193616907.8992             0.013430997
671194594001.6974             -0.02932066
671195571095.4957             -0.03219811
671196548189.294              -0.003870565
671197525283.0922             0.04513926
671198502376.8905             0.030653091
671199479470.6887             0.02680573
671200456564.4869             0.01272178
671201433658.2853             -0.033605985
671202410752.0835             -0.008973872
671203387845.8817             0.052265644
671204364939.6799             0.02616756
671205342033.4783             0.020206694
671206319127.2765             -0.020988526
671207296221.0747             0.0023222058
671208273314.873              -0.052503247
671209250408.6713             0.008832398
671210227502.4695             -0.0019975088
671211204596.2677             -0.07223897
671212181690.066              -0.024526889
671213158783.8643             0.02257872
671214135877.6625             -0.019556524
671215112971.4608             0.028212285
671216090065.259              0.0023243907
671217067159.0573             -0.0015463148
671218044252.8556             -0.002183828
671219021346.6538             0.038811542
671219998440.452              0.03630696
671220975534.2502             0.007811825
671221952628.0486             0.008346541
671222929721.8468             -0.027498255
671223906815.645              -0.029012123
671224883909.4434             -0.05667376
671225861003.2416             -0.009602582
671226838097.0398             -0.0074516735
671227815190.8381             0.013781778
671228792284.6364             0.036786657
671229769378.4346             0.011717865
671230746472.2328             -0.086865515
671231723566.0311             -0.059920363
671232700659.8293             0.01344042
671233677753.6276             0.01614595
671234654847.4259             0.040725876
671235631941.2241             0.055675857
671236609035.0223             0.029185396
671237586128.8207             -0.010883365
671238563222.6189             -0.017577332
671239540316.4171             -0.0045986287
671240517410.2153             -0.0021766587
671241494504.0137             -0.01671765
671242471597.8119             -0.029303685
671243448691.6101             -0.042631216
671244425785.4084             -0.034506965
671245402879.2067             -0.010490943
671246379973.0049             -0.0050945925
671247357066.8031             -0.07035414
671248334160.6014             0.010941188
671249311254.3997             0.054119024
671250288348.1979             0.00079373445
671251265441.9962             0.05326478
671252242535.7944             -0.00026619664
671253219629.5927             -0.014276015
671254196723.391              -0.0197693
671255173817.1892             -0.009542349
671256150910.9874             0.005193751
671257128004.7856             0.01118277
671258105098.584              0.06157893
671259082192.3822             0.0004902024
671260059286.1804             -0.008299339
671261036379.9788             -0.011940624
671262013473.777              -0.0181613
671262990567.5752             -0.019394094
671263967661.3735             0.002155661
671264944755.1718             -0.012532553
671265921848.97               -0.01759371
671266898942.7682             -0.012137797
671267876036.5665             0.043812208
671268853130.3647             0.019784022
671269830224.163              -0.0037764632
671270807317.9613             0.032139838
671271784411.7595             0.00059221487
671272761505.5577             -0.008916398
671273738599.356              0.02534366
671274715693.1543             0.003796301
671275692786.9525             0.019679965
671276669880.7507             0.035572063
671277646974.5491             -0.0006514324
671278624068.3473             0.000524519
671279601162.1455             0.047280733
671280578255.9438             -0.009521292
671281555349.7421             -0.01137144
671282532443.5403             0.031525422
671283509537.3385             -0.00097556034
671284486631.1368             0.014454097
671285463724.935              0.05003851
671286440818.7333             0.09811173
671287417912.5316             -0.011862383
671288395006.3298             0.021690678
671289372100.128              0.006606434
671290349193.9264             -0.03880593
671291326287.7246             -0.019232381
671292303381.5228             -0.016064923
671293280475.321              -0.008691918
671294257569.1194             -0.0036811458
671295234662.9176             0.026381815
671296211756.7158             0.05090754
671297188850.5142             0.069833435
671298165944.3124             0.03920447
671299143038.1106             0.025473593
671300120131.9089             0.036980055
671301097225.7072             0.016172795
671302074319.5054             0.004691664
671303051413.3036             -0.01320786
671304028507.1019             0.02701688
671305005600.9001             0.0025892577
671305982694.6984             0.0068296054
671306959788.4967             0.02743784
671307936882.2949             -0.034473505
671308913976.0931             -0.017435892
671309891069.8914             0.014038937
671310868163.6897             0.039809912
671311845257.4879             0.031673525
671312822351.2861             -0.018403452
671313799445.0845             -0.060264304
671314776538.8827             -0.010744114
671315753632.6809             -0.030117365
671316730726.4792             -0.023759412
671317707820.2775             0.055867195
671318684914.0757             0.0559517
671319662007.8739             0.018646453
671320639101.6722             -0.021040872
671321616195.4705             -0.014483381
671322593289.2687             -0.0462933
671323570383.067              -0.0057760426
671324547476.8652             0.028959217
671325524570.6635             0.03107108
671326501664.4618             -0.03635574
671327478758.26               -0.03580438
671328455852.0582             0.03845167
671329432945.8564             0.053983413
671330410039.6548             -0.0027892431
671331387133.453              -0.007906362
671332364227.2512             -0.002395443
671333341321.0496             0.023185045
671334318414.8478             0.066839635
671335295508.646              0.03516993
671336272602.4442             0.101496115
671337249696.2426             0.088589564
671338226790.0408             0.03276347
671339203883.839              0.008403288
671340180977.6373             0.019059788
671341158071.4355             0.061074797
671342135165.2338             -0.012097171
671343112259.0321             -0.029914176
671344089352.8303             -0.022975437
671345066446.6285             0.01540688
671346043540.4268             0.043359138
671347020634.2251             0.031276926
671347997728.0233             0.020719165
671348974821.8215             -0.042578634
671349951915.6199             -0.044753827
671350929009.4181             -0.0038389475
671351906103.2163             -0.05102115
671352883197.0146             -0.04288058
671353860290.8129             -0.04231501
671354837384.6111             -0.009492677
671355814478.4093             -0.026981397
671356791572.2076             -0.030732527
671357768666.0059             -0.007990413
671358745759.8041             -0.009811867
671359722853.6024             0.0072562145
671360699947.4006             -0.015259325
671361677041.1989             -0.034350857
671362654134.9972             -0.0015150211
671363631228.7954             0.0013418286
671364608322.5936             0.023773909
671365585416.3918             0.017489508
671366562510.1902             -0.0065280125
671367539603.9884             -0.0038333365
671368516697.7866             0.033493936
671369493791.585              0.013279456
671370470885.3832             -0.0010560793
671371447979.1814             0.0033078562
671372425072.9796             0.019944796
671373402166.778              -0.015224809
671374379260.5762             -0.040046282
671375356354.3744             -0.026285816
671376333448.1727             0.014996529
671377310541.971              0.0058801803
671378287635.7692             -0.01982242
671379264729.5675             -0.02649921
671380241823.3657             0.00012163455
671381218917.164              0.032869626
671382196010.9622             0.015628139
671383173104.7605             -0.05976018
671384150198.5587             -0.016817836
671385127292.3569             -0.004942826
671386104386.1553             -0.015236195
671387081479.9535             -0.006686364
671388058573.7517             0.024941366
671389035667.55               0.013714391
671390012761.3483             0.027861588
671390989855.1465             0.029387923
671391966948.9447             0.0007663374
671392944042.743              -0.020217849
671393921136.5413             0.037589278
671394898230.3395             0.028965529
671395875324.1378             0.031818267
671396852417.936              0.05559121
671397829511.7343             0.049268555
671398806605.5325             0.018277813
671399783699.3308             0.027946666
671400760793.129              -0.061955128
671401737886.9272             -0.024614694
671402714980.7256             -0.031205485
671403692074.5238             -0.0103957495
671404669168.322              0.0001441063
671405646262.1204             -0.033576477
671406623355.9186             -0.021215826
671407600449.7168             -0.04433077
671408577543.515              -0.035667494
671409554637.3134             0.043405063
671410531731.1116             0.05348952
671411508824.9098             0.01802818
671412485918.7081             0.08424265
671413463012.5063             0.07022099
671414440106.3046             -0.017671391
671415417200.1029             -0.028129142
671416394293.9011             0.008713929
671417371387.6993             -0.007296741
671418348481.4976             -0.02515419
671419325575.2959             0.008369149
671420302669.0941             0.004670036
671421279762.8923             0.05304435
671422256856.6907             0.06337066
671423233950.4889             -0.025513079
671424211044.2871             -0.038293827
671425188138.0854             -0.043254487
671426165231.8837             -0.074975565
671427142325.6819             -0.058774218
671428119419.4801             -0.022164633
671429096513.2784             0.014602147
671430073607.0767             -0.029126057
671431050700.8749             -0.036051176
671432027794.6732             -0.010691414
671433004888.4714             0.0056497827
671433981982.2697             -0.022569712
671434959076.0679             -0.008310376
671435936169.8662             -0.039627254
671436913263.6644             -0.030007496
671437890357.4626             -0.0025220886
671438867451.261              0.055518754
671439844545.0592             0.019862132
671440821638.8574             -0.0030798886
671441798732.6558             -0.047857612
671442775826.454              -0.08967378
671443752920.2522             -0.0613153
671444730014.0504             0.016422354
671445707107.8488             0.033363484
671446684201.647              0.03368181
671447661295.4452             -0.010380151
671448638389.2435             -0.0059015593
671449615483.0417             0.0027348099
671450592576.84               -0.03352216
671451569670.6383             -0.008199147
671452546764.4365             0.017737659
671453523858.2347             -0.03094412
671454500952.033              -0.0089353975
671455478045.8313             0.028436052
671456455139.6295             -0.057497177
671457432233.4277             0.0004381536
671458409327.2261             0.016793577
671459386421.0243             -0.023572702
671460363514.8225             -0.0044409623
671461340608.6208             0.011006596
671462317702.4191             0.10027182
671463294796.2173             0.09254302
671464271890.0155             0.015262362
671465248983.8138             -0.03845819
671466226077.612              0.043879904
671467203171.4103             0.030557346
671468180265.2086             -0.016074475
671469157359.0068             0.01987372
671470134452.805              -0.025496766
671471111546.6033             -0.036639437
671472088640.4016             0.02343631
671473065734.1998             0.028058965
671474042827.998              0.018353581
671475019921.7964             -0.051145747
671475997015.5946             -0.00025178812
671476974109.3928             -0.0014074988
671477951203.1912             0.028239332
671478928296.9894             0.013466274
671479905390.7876             0.021836706
671480882484.5858             -0.0064293933
671481859578.3842             -0.020753454
671482836672.1824             -0.034796372
671483813765.9806             0.027058663
671484790859.7789             -0.0034355004
671485767953.5771             -0.021637771
671486745047.3754             0.0074146194
671487722141.1737             0.028212547
671488699234.9719             0.018191766
671489676328.7701             0.047995776
671490653422.5684             0.034952343
671491630516.3667             -0.057814483
671492607610.1649             -0.09537318
671493584703.9631             -0.13067915
671494561797.7615             -0.057484183
671495538891.5597             0.062750705
671496515985.3579             0.083133064
671497493079.1561             0.031038398
671498470172.9545             0.03947438
671499447266.7527             -0.01799518
671500424360.5509             -0.002321903
671501401454.3492             -0.04776797
671502378548.1475             -0.063756846
671503355641.9457             -0.036532987
671504332735.744              -0.009604302
671505309829.5422             0.0012782168
671506286923.3405             0.010724684
671507264017.1387             0.061120857
671508241110.937              0.072534785
671509218204.7352             0.015561259
671510195298.5334             0.0039684544
671511172392.3318             -0.002697787
671512149486.13               0.032935526
671513126579.9282             -0.0049694264
671514103673.7266             -0.007609281
671515080767.5248             0.032352902
671516057861.323              -0.027843898
671517034955.1212             0.03998525
671518012048.9196             -0.0028144296
671518989142.7178             0.070347756
671519966236.516              0.09158251
671520943330.3143             0.04151277
671521920424.1125             0.038396854
671522897517.9108             -0.035156164
671523874611.7091             -0.074848145
671524851705.5073             -0.053346667
671525828799.3055             0.03643151
671526805893.1038             0.059608486
671527782986.9021             0.008652904
671528760080.7003             -0.02047077
671529737174.4985             0.04276554
671530714268.2969             0.03086921
671531691362.0951             0.01856668
671532668455.8933             -0.0081335325
671533645549.6915             0.024564793
671534622643.4899             0.061215874
671535599737.2881             0.048537616
671536576831.0863             0.016872007
671537553924.8846             0.017219713
671538531018.6829             -0.00869772
671539508112.4811             -0.04771091
671540485206.2794             -0.014690022
671541462300.0776             0.013494391
671542439393.8759             0.0053389175
671543416487.6741             -0.036201257
671544393581.4724             -0.0736833
671545370675.2706             0.017967684
671546347769.0688             -0.0040254486
671547324862.8672             0.0209893
671548301956.6654             0.029092757
671549279050.4636             0.0038496028
671550256144.262              0.028547747
671551233238.0602             0.03652137
671552210331.8584             0.028423676
671553187425.6566             -0.020911358
671554164519.455              0.0184281
671555141613.2532             0.035856426
671556118707.0514             0.089970335
671557095800.8497             -0.015361121
671558072894.648              -0.030614236
671559049988.4462             -0.009312935
671560027082.2444             0.015912903
671561004176.0427             0.041426774
671561981269.841              -0.0014000374
671562958363.6392             0.03318917
671563935457.4375             0.00913046
671564912551.2357             0.02370269
671565889645.0339             0.017776858
671566866738.8323             -0.006501006
671567843832.6305             0.0022999926
671568820926.4287             0.029167173
671569798020.2269             0.0519041
671570775114.0253             0.027179558
671571752207.8235             0.023228664
671572729301.6217             -0.009779259
671573706395.42               -0.009685602
671574683489.2183             -0.012481847
671575660583.0165             0.0063816337
671576637676.8148             0.014235299
671577614770.613              0.0023610462
671578591864.4113             0.031312827
671579568958.2095             0.011565317
671580546052.0078             -0.017562937
671581523145.806              0.08389507
671582500239.6042             0.07570074
671583477333.4026             0.016826125
671584454427.2008             0.059001733
671585431520.999              0.016936852
671586408614.7974             -0.03511605
671587385708.5956             -0.0012530731
671588362802.3938             0.038805287
671589339896.192              0.013794947
671590316989.9904             0.03256977
671591294083.7886             0.07203948
671592271177.5868             -0.0070201317
671593248271.3851             -0.05077936
671594225365.1833             0.0003927527
671595202458.9816             -0.026683126
671596179552.7798             -0.05460089
671597156646.5781             -0.021170521
671598133740.3763             -0.0032237829
671599110834.1746             0.02959381
671600087927.9729             0.013448461
671601065021.7711             -0.018626781
671602042115.5693             -0.026486078
671603019209.3677             0.034063093
671603996303.1659             -0.040329244
671604973396.9641             -0.010746632
671605950490.7623             -0.014393182
671606927584.5607             0.03378253
671607904678.3589             0.03939121
671608881772.1571             0.045889214
671609858865.9554             -0.017960787
671610835959.7537             -0.0812313
671611813053.5519             -0.07701494
671612790147.3502             0.0026085163
671613767241.1484             -0.03775927
671614744334.9467             -0.04537437
671615721428.7449             -0.053259455
671616698522.5432             -0.05377284
671617675616.3414             0.0279604
671618652710.1396             0.06962033
671619629803.938              0.006697568
671620606897.7362             -0.014862473
671621583991.5344             -0.012822812
671622561085.3326             -0.062812135
671623538179.131              -0.07385997
671624515272.9292             0.044405796
671625492366.7274             -0.0007687722
671626469460.5258             -0.062235415
671627446554.324              0.023713376
671628423648.1222             0.005165388
671629400741.9205             -0.04405394
671630377835.7188             0.012214493
671631354929.517              -0.039073523
671632332023.3152             -0.04784628
671633309117.1135             -0.0027450693
671634286210.9117             0.025400318
671635263304.71               0.06959568
671636240398.5083             -0.031583175
671637217492.3065             -0.11337935
671638194586.1047             0.013657329
671639171679.9031             -0.06194986
671640148773.7013             -0.0065702787
671641125867.4995             0.03191975
671642102961.2977             0.04353486
671643080055.0961             0.08682967
671644057148.8943             0.0061870394
671645034242.6925             -0.0539405
671646011336.4908             0.027220275
671646988430.2891             0.010463337
671647965524.0873             0.029278422
671648942617.8856             -0.07242224
671649919711.6838             -0.069992065
671650896805.482              0.1398046
671651873899.2803             0.007450637
671652850993.0786             0.030634463
671653828086.8768             -0.0040348726
671654805180.675              0.05596811
671655782274.4734             0.08531078
671656759368.2716             0.16243835
671657736462.0698             -0.015679691
671658713555.868              -0.15198128
671659690649.6664             -0.037550926
671660667743.4646             0.104111016
671661644837.2628             0.03407481
671662621931.0612             0.05549047
671663599024.8594             -0.041321192
671664576118.6576             -0.045572855
671665553212.4559             0.057394333
671666530306.2542             -0.010715391
671667507400.0524             0.01115662
671668484493.8506             0.0122384615
671669461587.6489             0.0072666532
671670438681.4471             0.076180354
671671415775.2454             -0.030852312
671672392869.0437             -0.040835515
671673369962.8419             -0.09061486
671674347056.6401             -0.024270212
671675324150.4385             0.029871142
671676301244.2367             -0.04572448
671677278338.0349             -0.085053034
671678255431.8331             0.00033075918
671679232525.6315             0.028105428
671680209619.4297             0.07812051
671681186713.2279             0.094866276
671682163807.0262             -0.027856084
671683140900.8245             -0.057604343
671684117994.6227             0.06601826
671685095088.4209             0.053262636
671686072182.2192             -0.06967465
671687049276.0175             0.036830455
671688026369.8157             0.052749176
671689003463.614              0.04503451
671689980557.4122             0.15661281
671690957651.2104             0.08115854
671691934745.0088             0.0029866365
671692911838.807              9.28508e-05
671693888932.6052             -0.007631872
671694866026.4034             -0.048142727
671695843120.2018             0.068656005
671696820214.0                0.02916164
671697797307.7982             0.038037334
671698774401.5966             0.012438985
671699751495.3948             0.038663153
671700728589.193              0.032855555
671701705682.9913             0.032378603
671702682776.7896             0.054714546
671703659870.5878             -0.038634274
671704636964.386              -0.029098695
671705614058.1843             0.05441152
671706591151.9825             0.042089596
671707568245.7808             -0.03118889
671708545339.5791             -0.047025193
671709522433.3773             0.07317397
671710499527.1755             0.04623908
671711476620.9739             0.043577056
671712453714.7721             -0.02532466
671713430808.5703             0.02840918
671714407902.3685             0.02446315
671715384996.1669             -0.018808372
671716362089.9651             -0.045723323
671717339183.7633             -0.043621786
671718316277.5616             -0.02660576
671719293371.3599             -0.018420938
671720270465.1581             0.011240766
671721247558.9563             -0.047425557
671722224652.7546             0.022061521
671723201746.5529             0.027642537
671724178840.3511             -0.040671457
671725155934.1494             -0.05531877
671726133027.9476             -0.045365665
671727110121.7458             0.022333076
671728087215.5442             -0.01165281
671729064309.3424             0.0032390817
671730041403.1406             -0.035267703
671731018496.9388             -0.09340117
671731995590.7372             -0.012051608
671732972684.5354             -0.012756329
671733949778.3336             -0.024313005
671734926872.132              0.04442745
671735903965.9302             -0.063826434
671736881059.7284             0.021656435
671737858153.5267             0.060856454
671738835247.325              0.0037641716
671739812341.1232             0.033016212
671740789434.9214             -0.007956418
671741766528.7197             0.044003867
671742743622.518              0.054173306
671743720716.3162             -0.0048222714
671744697810.1145             0.014939639
671745674903.9127             0.081074804
671746651997.7109             0.04175224
671747629091.5092             0.02114731
671748606185.3075             0.01833061
671749583279.1057             0.030431375
671750560372.9039             -0.015449986
671751537466.7023             0.00048028983
671752514560.5005             0.05548072
671753491654.2987             0.031181742
671754468748.097              0.071817204
671755445841.8953             0.022961885
671756422935.6935             -0.022518642
671757400029.4917             0.007545346
671758377123.29               -0.05069088
671759354217.0883             -0.08427409
671760331310.8865             0.014527541
671761308404.6848             0.00837303
671762285498.483              -0.032484986
671763262592.2812             0.02558864
671764239686.0796             -0.003487086
671765216779.8778             -0.012596777
671766193873.676              -0.050864633
671767170967.4742             -0.11211678
671768148061.2726             -0.016799318
671769125155.0708             0.021671645
671770102248.869              0.034546092
671771079342.6674             0.03544642
671772056436.4656             0.056610502
671773033530.2638             0.09913234
671774010624.0621             0.035465125
671774987717.8604             0.046830885
671775964811.6586             0.044572476
671776941905.4568             0.050782196
671777918999.2551             -0.014956609
671778896093.0533             0.04413187
671779873186.8516             -0.010252468
671780850280.6499             0.018847356
671781827374.4481             0.011541435
671782804468.2463             -0.06704481
671783781562.0446             0.018977815
671784758655.8429             0.011910824
671785735749.6411             0.015397737
671786712843.4393             -0.01806342
671787689937.2377             0.0077286637
671788667031.0359             -0.01802909
671789644124.8341             0.045882326
671790621218.6324             -0.005781602
671791598312.4307             0.001472701
671792575406.2289             -0.029365733
671793552500.0271             -0.03269955
671794529593.8254             -0.019807907
671795506687.6237             -0.0046850373
671796483781.4219             0.0027814936
671797460875.2202             0.026239231
671798437969.0184             -0.007673584
671799415062.8167             -0.024980027
671800392156.615              0.014726723
671801369250.4132             0.021699285
671802346344.2114             0.03719238
671803323438.0096             0.00799406
671804300531.808              0.053142168
671805277625.6062             0.036541853
671806254719.4044             -0.0030140474
671807231813.2028             -0.051784035
671808208907.001              0.04927165
671809186000.7992             -0.003824026
671810163094.5974             -0.041793033
671811140188.3958             0.04235522
671812117282.194              0.08171101
671813094375.9922             0.08954472
671814071469.7905             0.042776138
671815048563.5887             0.061779883
671816025657.387              0.016217379
671817002751.1853             -0.04987396
671817979844.9835             -0.014553576
671818956938.7817             -0.013124377
671819934032.58               0.036905084
671820911126.3783             0.011171913
671821888220.1765             -0.01818572
671822865313.9747             0.010508811
671823842407.7731             0.039766047
671824819501.5713             0.06301511
671825796595.3695             -0.002558253
671826773689.1678             0.039300166
671827750782.9661             -0.009553345
671828727876.7643             -0.006523877
671829704970.5625             0.053498697
671830682064.3608             0.04730014
671831659158.159              0.013948964
671832636251.9573             0.05046628
671833613345.7556             0.0013746744
671834590439.5538             -0.029870322
671835567533.352              0.01478174
671836544627.1504             0.03187736
671837521720.9486             -0.053003706
671838498814.7468             0.032078154
671839475908.545              0.057750173
671840453002.3434             0.0379867
671841430096.1416             0.048394583
671842407189.9398             0.008904748
671843384283.7382             -0.014372985
671844361377.5364             0.010411025
671845338471.3346             0.0052388743
671846315565.1328             0.042277753
671847292658.9312             0.00856306
671848269752.7294             -0.01562995
671849246846.5276             -0.05465636
671850223940.3259             -0.008243288
671851201034.1241             -0.04136229
671852178127.9224             -0.020291388
671853155221.7207             0.081309564
671854132315.5189             0.06227678
671855109409.3171             -0.033898093
671856086503.1154             -0.042552013
671857063596.9137             -0.04607735
671858040690.7119             0.034174412
671859017784.5101             -0.05101381
671859994878.3085             -0.002154101
671860971972.1067             -0.039220024
671861949065.9049             -0.052970055
671862926159.7032             -0.004266703
671863903253.5015             0.045269664
671864880347.2997             0.034674685
671865857441.0979             -0.04498337
671866834534.8962             -0.050692983
671867811628.6945             0.0017677437
671868788722.4927             0.014396759
671869765816.291              -0.06551509
671870742910.0892             -0.0291109
671871720003.8875             0.044702917
671872697097.6858             0.043028113
671873674191.484              0.12484644
671874651285.2822             0.052182436
671875628379.0804             0.047683027
671876605472.8788             0.03143585
671877582566.677              0.026292915
671878559660.4752             -0.043069366
671879536754.2736             -0.008884292
671880513848.0718             0.002688795
671881490941.87               -0.037055846
671882468035.6682             -0.04380171
671883445129.4666             -0.06460528
671884422223.2648             -0.047423787
671885399317.063              0.015460457
671886376410.8613             -0.011336815
671887353504.6595             -0.04368327
671888330598.4578             0.008655639
671889307692.2561             0.044765204
671890284786.0543             0.035524018
671891261879.8525             -0.034057338
671892238973.6508             -0.043087482
671893216067.4491             -0.029636055
671894193161.2473             0.010973114
671895170255.0455             -0.023313152
671896147348.8439             0.0061959117
671897124442.6421             0.035350125
671898101536.4403             -0.010060068
671899078630.2386             -0.049439073
671900055724.0369             -0.03137289
671901032817.8351             -0.010649691
671902009911.6333             0.049848713
671902987005.4316             0.07279933
671903964099.2299             0.01696507
671904941193.0281             -0.021409916
671905918286.8264             -0.04329254
671906895380.6246             -0.0024651997
671907872474.4229             0.021125922
671908849568.2211             0.007988383
671909826662.0194             0.012743049
671910803755.8176             -0.034374427
671911780849.6158             0.039883196
671912757943.4142             0.026631018
671913735037.2124             0.012638049
671914712131.0106             -0.03349278
671915689224.809              -0.025706949
671916666318.6072             0.024684142
671917643412.4054             -0.006725028
671918620506.2036             -0.02955571
671919597600.002              0.035988335
671920574693.8002             0.034782004
671921551787.5984             0.024655709
671922528881.3967             0.051533267
671923505975.195              0.003245933
671924483068.9932             0.004176769
671925460162.7915             0.002957875
671926437256.5897             -0.024981687
671927414350.388              0.0011910951
671928391444.1862             0.03626336
671929368537.9845             0.03286918
671930345631.7827             0.055664543
671931322725.5809             0.03231255
671932299819.3793             -0.037868153
671933276913.1775             -0.08176879
671934254006.9757             -0.03162808
671935231100.774              -0.037511747
671936208194.5723             0.0023719678
671937185288.3705             0.049965404
671938162382.1687             0.041340545
671939139475.967              0.014163104
671940116569.7653             -0.024954818
671941093663.5635             -0.010789516
671942070757.3618             0.021074008
671943047851.16               0.004222563
671944024944.9583             0.0012691112
671945002038.7565             -0.05346967
671945979132.5548             -0.08962032
671946956226.353              -0.031325597
671947933320.1512             0.00040130166
671948910413.9496             0.007427093
671949887507.7478             -0.0504092
671950864601.546              -0.064507626
671951841695.3444             -0.07308056
671952818789.1426             -0.037587967
671953795882.9408             -0.022515504
671954772976.739              -0.017032534
671955750070.5374             -0.00471159
671956727164.3356             0.0166747
671957704258.1338             -0.023127142
671958681351.9321             0.008395159
671959658445.7303             0.0014227023
671960635539.5286             -0.075162545
671961612633.3269             0.0318927
671962589727.1251             0.038326323
671963566820.9233             -0.02918354
671964543914.7216             -0.047316223
671965521008.5199             -0.02156968
671966498102.3181             -0.021802409
671967475196.1163             0.0081329625
671968452289.9147             -0.0322973
671969429383.7129             -0.07395896
671970406477.5111             0.015163717
671971383571.3093             0.004322934
671972360665.1077             0.0034225741
671973337758.9059             -0.024715485
671974314852.7041             0.034877446
671975291946.5024             0.048507012
671976269040.3007             0.024092946
671977246134.0989             -0.06408117
671978223227.8972             -0.087313965
671979200321.6954             -0.06943711
671980177415.4937             0.004666929
671981154509.2919             -0.022177236
671982131603.0902             -0.09731531
671983108696.8884             -0.02167112
671984085790.6866             0.022991808
671985062884.485              0.025845809
671986039978.2832             0.02372843
671987017072.0814             -0.008113767
671987994165.8798             0.0018336131
671988971259.678              0.011458163
671989948353.4762             -0.014781747
671990925447.2744             0.0059655723
671991902541.0728             0.072009616
671992879634.871              0.059213642
671993856728.6692             0.040123835
671994833822.4675             -0.0072004367
671995810916.2657             0.002182831
671996788010.064              -0.008099345
671997765103.8623             -0.007504984
671998742197.6605             -0.008222143
671999719291.4587             0.0072363373
672000696385.257              0.010020219
672001673479.0553             0.024606341
672002650572.8535             0.034787938
672003627666.6517             0.0043122675
672004604760.4501             -0.016993616
672005581854.2483             -0.012970775
672006558948.0465             -0.071247555
672007536041.8447             -0.0037931914
672008513135.6431             -0.041073583
672009490229.4413             -0.07134382
672010467323.2395             -0.0020695664
672011444417.0378             0.0103710005
672012421510.836              -0.019583764
672013398604.6343             0.011288472
672014375698.4326             0.08276529
672015352792.2308             -0.021241905
672016329886.029              -0.023112256
672017306979.8273             -0.023711396
672018284073.6256             -0.052019734
672019261167.4238             -0.05233947
672020238261.222              0.024390724
672021215355.0204             -0.0021877117
672022192448.8186             0.01675438
672023169542.6168             0.01092003
672024146636.4152             -0.005255484
672025123730.2134             -0.05073355
672026100824.0116             -0.060570244
672027077917.8098             -0.054827783
672028055011.6082             0.016592251
672029032105.4064             0.02712724
672030009199.2046             -0.004679928
672030986293.0029             -0.017253246
672031963386.8011             -0.02776333
672032940480.5994             -0.06233781
672033917574.3976             -0.02345085
672034894668.1959             -0.041865584
672035871761.9941             -0.028549584
672036848855.7924             -0.046632018
672037825949.5907             -0.05568058
672038803043.3889             -0.016712137
672039780137.1871             -0.006885875
672040757230.9855             0.019846318
672041734324.7837             -0.011191036
672042711418.5819             -0.0066776387
672043688512.3801             -0.019129608
672044665606.1785             -0.030944915
672045642699.9767             -0.059509978
672046619793.7749             0.009564533
672047596887.5732             0.00520376
672048573981.3715             0.019071167
672049551075.1697             0.027409272
672050528168.968              0.0016941002
672051505262.7662             0.013143065
672052482356.5645             -0.017791301
672053459450.3627             0.00807673
672054436544.161              0.0340864
672055413637.9592             0.019965585
672056390731.7574             -0.07107109
672057367825.5558             0.0069710976
672058344919.354              0.039884754
672059322013.1522             -0.034379136
672060299106.9506             -0.021624845
672061276200.7488             -0.03899772
672062253294.547              -0.05613503
672063230388.3452             -0.01763521
672064207482.1436             0.01732206
672065184575.9418             0.03615227
672066161669.74               0.006776387
672067138763.5383             -0.03701115
672068115857.3365             -0.001571209
672069092951.1348             0.014949343
672070070044.933              -0.021173619
672071047138.7313             0.00013414337
672072024232.5295             0.056822803
672073001326.3278             0.030835511
672073978420.1261             -0.00839033
672074955513.9243             -0.024519542
672075932607.7225             -0.004458304
672076909701.5209             0.059552435
672077886795.3191             0.046520174
672078863889.1173             0.04158929
672079840982.9155             0.010712474
672080818076.7139             0.044932645
672081795170.5121             -0.034214035
672082772264.3103             0.023933869
672083749358.1086             -0.007927319
672084726451.9069             -0.009917891
672085703545.7051             0.019078739
672086680639.5034             0.0010421241
672087657733.3016             -0.035476893
672088634827.0999             -0.0312784
672089611920.8981             0.041669115
672090589014.6964             0.037014414
672091566108.4946             -0.031243203
672092543202.2928             -0.0016517788
672093520296.0912             0.0048556365
672094497389.8894             -0.03203315
672095474483.6876             0.0006374573
672096451577.4858             -0.024016162
672097428671.2842             -0.022023033
672098405765.0824             0.0069360277
672099382858.8806             0.02562547
672100359952.679              0.039838325
672101337046.4772             0.022504676
672102314140.2754             -0.008699449
672103291234.0737             0.013391193
672104268327.872              0.036454942
672105245421.6702             0.036602903
672106222515.4684             0.009672161
672107199609.2667             0.030117452
672108176703.065              0.0026234114
672109153796.8632             0.034314223
672110130890.6615             -0.006785684
672111107984.4597             0.027313538
672112085078.2579             -0.02984078
672113062172.0563             -0.02047624
672114039265.8545             -0.011985385
672115016359.6527             0.029839298
672115993453.4509             0.04156247
672116970547.2493             0.02117123
672117947641.0475             0.016610557
672118924734.8457             0.0013153187
672119901828.644              0.018347466
672120878922.4423             -0.014230206
672121856016.2405             -0.0011111877
672122833110.0388             -0.0027097363
672123810203.837              -0.006592998
672124787297.6353             -0.07666306
672125764391.4335             -0.059179317
672126741485.2318             0.037849817
672127718579.03               0.039621804
672128695672.8282             0.020070532
672129672766.6266             0.016267333
672130649860.4248             0.026042523
672131626954.223              0.03431169
672132604048.0212             0.048554827
672133581141.8196             0.026582764
672134558235.6178             -0.03695265
672135535329.416              0.0152900005
672136512423.2144             -0.0059729605
672137489517.0126             0.03259592
672138466610.8108             0.05960039
672139443704.6091             0.09040773
672140420798.4073             0.040247384
672141397892.2056             -0.011168784
672142374986.0038             -0.0059648408
672143352079.8021             0.053999513
672144329173.6003             0.05209694
672145306267.3986             0.010945918
672146283361.1969             -0.035514623
672147260454.9951             0.020687144
672148237548.7933             0.024197383
672149214642.5917             -0.0034081673
672150191736.3899             -0.029025842
672151168830.1881             -0.033386596
672152145923.9863             -0.02103047
672153123017.7847             0.0015261536
672154100111.5829             0.009078415
672155077205.3811             0.039169244
672156054299.1794             0.04270501
672157031392.9777             0.012990001
672158008486.7759             -0.011634244
672158985580.5741             -0.022348935
672159962674.3724             0.00524545
672160939768.1707             0.029848542
672161916861.9689             -0.002753123
672162893955.7672             -0.05608818
672163871049.5654             -0.07189891
672164848143.3636             0.0072139073
672165825237.162              0.032683015
672166802330.9602             0.012345282
672167779424.7584             -0.022838874
672168756518.5566             0.021006087
672169733612.355              -0.0031206757
672170710706.1532             -0.07677638
672171687799.9514             -0.04563808
672172664893.7498             -0.017875366
672173641987.548              -0.012106328
672174619081.3462             -0.015212367
672175596175.1445             0.03153957
672176573268.9427             0.009868894
672177550362.741              0.011500904
672178527456.5392             0.017006554
672179504550.3375             0.04883023
672180481644.1357             0.022433171
672181458737.934              -0.008130414
672182435831.7323             0.016822118
672183412925.5305             0.010520935
672184390019.3287             -0.010881655
672185367113.1271             0.017980294
672186344206.9253             0.043403786
672187321300.7235             -0.0036479416
672188298394.5217             -0.05260277
672189275488.3201             -0.028174603
672190252582.1183             -0.016012004
672191229675.9165             0.021921415
672192206769.7148             0.033251528
672193183863.5131             0.0101288
672194160957.3113             -0.023125092
672195138051.1095             -0.0037091984
672196115144.9078             0.014387702
672197092238.706              0.04837088
672198069332.5043             -0.035192158
672199046426.3026             -0.02657659
672200023520.1008             -0.02109157
672201000613.899              -0.03805532
672201977707.6974             -0.03571695
672202954801.4956             -0.019659026
672203931895.2938             -0.019224178
672204908989.092              -0.0023047416
672205886082.8904             -0.00039601035
672206863176.6886             -0.019520769
672207840270.4868             -0.009247843
672208817364.2852             -0.009337562
672209794458.0834             -0.030788695
672210771551.8816             -0.0122922715
672211748645.6799             -0.030403769
672212725739.4781             -0.0068511204
672213702833.2764             0.004800933
672214679927.0746             -0.011869476
672215657020.8729             -0.023469115
672216634114.6711             0.031673502
672217611208.4694             -0.052182652
672218588302.2677             -0.012320229
672219565396.0659             -0.016712379
672220542489.8641             -0.028097028
672221519583.6625             0.023209607
672222496677.4607             -0.002481466
672223473771.2589             -0.015599531
672224450865.0571             -0.01959949
672225427958.8555             0.0074107614
672226405052.6537             -0.010498793
672227382146.4519             0.023691017
672228359240.2502             0.0046488782
672229336334.0485             -0.0348387
672230313427.8467             -0.0048058596
672231290521.6449             0.030906321
672232267615.4432             -0.03574867
672233244709.2415             -0.006819884
672234221803.0397             -0.0042328634
672235198896.838              0.0018099078
672236175990.6362             0.0051945914
672237153084.4344             -0.021278627
672238130178.2328             0.011198673
672239107272.031              0.035068765
672240084365.8292             -0.035054594
672241061459.6274             0.024477294
672242038553.4258             0.006587213
672243015647.224              0.033579838
672243992741.0222             -0.010367803
672244969834.8206             0.015621646
672245946928.6188             -0.030607596
672246924022.417              -0.014145366
672247901116.2153             0.0130014615
672248878210.0135             0.009952025
672249855303.8118             0.03618766
672250832397.61               -0.07562053
672251809491.4083             -0.037355162
672252786585.2065             -0.0110844625
672253763679.0048             -0.023873959
672254740772.8031             0.024596948
672255717866.6013             0.03871995
672256694960.3995             0.049926713
672257672054.1978             0.023198666
672258649147.9961             0.027033484
672259626241.7943             0.0316523
672260603335.5925             -0.033135172
672261580429.3909             -0.029228825
672262557523.1891             -0.01918911
672263534616.9873             0.0095628025
672264511710.7856             -0.031856757
672265488804.5839             -0.01444478
672266465898.3821             0.029226018
672267442992.1803             0.01363945
672268420085.9786             0.0007053726
672269397179.7769             0.01914586
672270374273.5751             0.006682704
672271351367.3734             -0.011345469
672272328461.1716             0.024857199
672273305554.9698             0.027587323
672274282648.7682             0.006648962
672275259742.5664             -0.015765022
672276236836.3646             -0.06980996
672277213930.1628             -0.03356342
672278191023.9612             -0.013771322
672279168117.7594             0.0016438122
672280145211.5576             -0.0002000941
672281122305.356              -0.0054062135
672282099399.1542             -0.0050147264
672283076492.9524             0.0075181774
672284053586.7507             -0.03868346
672285030680.549              -0.043036442
672286007774.3472             -0.004148996
672286984868.1454             0.03053759
672287961961.9437             0.012966958
672288939055.742              0.0055506523
672289916149.5402             -0.030465795
672290893243.3385             -0.03558178
672291870337.1367             -0.03005576
672292847430.9349             -0.0017103549
672293824524.7332             0.063444935
672294801618.5315             0.02585556
672295778712.3297             0.010110413
672296755806.1279             0.00032555492
672297732899.9263             0.019675827
672298709993.7245             0.0039815856
672299687087.5227             -0.0682274
672300664181.321              -0.06628403
672301641275.1193             -0.0016749674
672302618368.9175             0.010318251
672303595462.7157             -0.008452939
672304572556.514              0.019908737
672305549650.3123             0.06335276
672306526744.1105             0.06399827
672307503837.9088             0.03688896
672308480931.707              -0.006139811
672309458025.5052             0.009742158
672310435119.3036             0.04062634
672311412213.1018             -0.020929264
672312389306.9                -0.06012386
672313366400.6982             -0.026360195
672314343494.4966             -0.019842524
672315320588.2948             -0.007551126
672316297682.093              0.0011200069
672317274775.8914             0.008906417
672318251869.6896             0.0036232881
672319228963.4878             0.014824606
672320206057.286              0.01637534
672321183151.0844             0.02395065
672322160244.8826             -0.010266978
672323137338.6808             0.021648182
672324114432.4791             0.045903943
672325091526.2773             0.055925474
672326068620.0756             0.032870844
672327045713.8739             0.014643216
672328022807.6721             -0.0013667787
672328999901.4703             -0.0763224
672329976995.2686             -0.05102518
672330954089.0669             0.0041165235
672331931182.8651             0.005598484
672332908276.6633             -0.049250834
672333885370.4617             -0.042518266
672334862464.2599             -0.07023829
672335839558.0581             -0.030052029
672336816651.8564             0.021489505
672337793745.6547             -0.015439425
672338770839.4529             0.03018955
672339747933.2511             0.015366386
672340725027.0494             0.02227483
672341702120.8477             -0.0055582626
672342679214.6459             -0.019944487
672343656308.4442             0.006446596
672344633402.2424             0.022242678
672345610496.0406             -0.0075354767
672346587589.839              -0.01599795
672347564683.6372             0.019377232
672348541777.4354             0.024001706
672349518871.2336             0.008958027
672350495965.032              -0.004512458
672351473058.8302             -0.030008825
672352450152.6284             -0.031030621
672353427246.4268             0.018518852
672354404340.225              -0.000810065
672355381434.0232             0.021338925
672356358527.8214             0.0054984945
672357335621.6198             0.015692098
672358312715.418              -0.027135326
672359289809.2162             0.014891929
672360266903.0145             -0.029275002
672361243996.8127             -0.03378565
672362221090.611              -0.027940977
672363198184.4093             -0.016005158
672364175278.2075             -0.042777542
672365152372.0057             -0.025900593
672366129465.804              0.01275363
672367106559.6023             0.007972034
672368083653.4005             -0.03221328
672369060747.1987             -0.04796327
672370037840.9971             -0.06619364
672371014934.7953             -0.0078227455
672371992028.5935             -0.031824376
672372969122.3918             -0.004593132
672373946216.1901             -0.017819632
672374923309.9883             -0.024082365
672375900403.7865             0.03199157
672376877497.5848             0.012015461
672377854591.383              -0.045782134
672378831685.1813             -0.05413036
672379808778.9796             -0.008414233
672380785872.7778             -0.022378711
672381762966.576              -0.004038887
672382740060.3743             0.008127132
672383717154.1726             0.00073698617
672384694247.9708             -0.023723608
672385671341.769              0.012726977
672386648435.5674             0.008712595
672387625529.3656             0.0075009596
672388602623.1638             0.012881104
672389579716.9622             0.047660924
672390556810.7604             0.04744658
672391533904.5586             0.062300652
672392510998.3568             0.037565466
672393488092.1552             -0.009266887
672394465185.9534             0.018320166
672395442279.7516             0.017163066
672396419373.5499             -0.012561432
672397396467.3481             -0.02421551
672398373561.1464             -0.046171106
672399350654.9447             0.001066639
672400327748.7429             0.056928843
672401304842.5411             0.0019497458
672402281936.3394             -0.016178006
672403259030.1377             0.026197053
672404236123.9359             0.025058912
672405213217.7341             -0.04575402
672406190311.5325             0.038264398
672407167405.3307             0.059158094
672408144499.1289             0.022563906
672409121592.9272             0.013744554
672410098686.7255             -0.029750768
672411075780.5237             -0.022554364
672412052874.3219             0.017470611
672413029968.1202             0.00010347215
672414007061.9185             -0.022780007
672414984155.7167             0.0035230222
672415961249.515              -0.039380983
672416938343.3132             0.00034614376
672417915437.1115             0.007917794
672418892530.9097             -0.022647882
672419869624.708              -0.0074878987
672420846718.5062             0.003926706
672421823812.3044             -0.01081541
672422800906.1028             0.008188792
672423777999.901              -0.0142927
672424755093.6992             0.021599358
672425732187.4976             0.03563704
672426709281.2958             0.014308967
672427686375.094              -0.04843807
672428663468.8922             -0.034172323
672429640562.6906             -0.025977083
672430617656.4888             0.03356313
672431594750.287              0.008794492
672432571844.0853             -0.044706333
672433548937.8835             -0.019433383
672434526031.6818             0.0060082236
672435503125.4801             0.027584873
672436480219.2783             -0.03539759
672437457313.0765             -0.066229515
672438434406.8748             -0.09429083
672439411500.6731             -0.04998985
672440388594.4713             -0.04726393
672441365688.2695             -0.008881027
672442342782.0679             0.02749589
672443319875.8661             0.03541203
672444296969.6643             -0.026494049
672445274063.4625             -0.041677445
672446251157.2609             -0.00595767
672447228251.0591             -0.011582742
672448205344.8573             -0.02096564
672449182438.6556             0.001971694
672450159532.4539             -0.0027930816
672451136626.2521             0.010306085
672452113720.0504             0.0046716253
672453090813.8486             0.009431628
672454067907.6469             0.031140313
672455045001.4451             -0.00534198
672456022095.2434             0.016922863
672456999189.0416             0.0068643056
672457976282.8398             0.053572
672458953376.6382             0.054790065
672459930470.4364             0.09567244
672460907564.2346             0.023681965
672461884658.033              -0.0010538865
672462861751.8312             -0.04352146
672463838845.6294             -0.069058724
672464815939.4276             -0.039750885
672465793033.226              -0.045037683
672466770127.0242             -0.015788386
672467747220.8224             0.003103899
672468724314.6207             -0.03151356
672469701408.419              -0.06581975
672470678502.2172             0.023146378
672471655596.0155             0.019392377
672472632689.8137             -0.015566185
672473609783.6119             -0.006106209
672474586877.4102             0.011923308
672475563971.2085             -0.014752783
672476541065.0067             0.0028368777
672477518158.8049             -0.0069985124
672478495252.6033             -0.027457016
672479472346.4015             -0.015764238
672480449440.1997             -0.0031424318
672481426533.9979             -0.025982156
672482403627.7963             0.012548989
672483380721.5945             0.0069461223
672484357815.3927             0.017562173
672485334909.191              -0.031215431
672486312002.9893             0.019719882
672487289096.7875             0.04159673
672488266190.5858             0.028172364
672489243284.384              0.057963964
672490220378.1823             -0.023604842
672491197471.9805             -0.066707954
672492174565.7788             -0.044318665
672493151659.577              0.037312035
672494128753.3752             0.026157336
672495105847.1736             -0.02796154
672496082940.9718             -0.038802776
672497060034.77               0.017174792
672498037128.5684             -0.008466308
672499014222.3666             -0.039975446
672499991316.1648             0.004139463
672500968409.963              0.029639894
672501945503.7614             -0.01020309
672502922597.5596             0.001078435
672503899691.3578             0.03691024
672504876785.1561             0.04521835
672505853878.9543             0.040504944
672506830972.7526             -0.0025971548
672507808066.5508             -0.038500115
672508785160.3491             0.029285032
672509762254.1473             0.06857252
672510739347.9456             0.013998146
672511716441.7439             -0.050758716
672512693535.5421             -0.04733648
672513670629.3403             0.040757015
672514647723.1387             0.02781805
672515624816.9369             0.011027285
672516601910.7351             0.028833557
672517579004.5333             0.0068234378
672518556098.3317             0.012090653
672519533192.1299             -0.0009482002
672520510285.9281             0.007980006
672521487379.7264             0.00788358
672522464473.5247             0.007225833
672523441567.3229             0.00469183
672524418661.1212             -0.014125878
672525395754.9194             0.007784449
672526372848.7177             0.014671439
672527349942.5159             0.0039816354
672528327036.3142             -0.012756621
672529304130.1124             -0.029687192
672530281223.9106             -0.012735225
672531258317.709              0.026863322
672532235411.5072             0.0013941957
672533212505.3054             0.02737538
672534189599.1038             -0.0061108833
672535166692.902              -0.0028529738
672536143786.7002             -0.036449872
672537120880.4984             -0.025282368
672538097974.2968             -0.056901038
672539075068.095              -0.041275457
672540052161.8932             -0.00469294
672541029255.6915             -0.001764747
672542006349.4897             -0.0013508764
672542983443.288              -0.037972484
672543960537.0862             -0.007886057
672544937630.8845             0.0615364
672545914724.6827             0.0390902
672546891818.481              0.00425337
672547868912.2793             -0.052584365
672548846006.0775             -0.041175608
672549823099.8757             0.0056510526
672550800193.6741             0.00038661592
672551777287.4723             -0.00086159597
672552754381.2705             -0.00077431096
672553731475.0687             0.023200138
672554708568.8671             0.01555957
672555685662.6653             -0.0076725604
672556662756.4635             -0.038976803
672557639850.2618             -0.036279146
672558616944.06               0.028054653
672559594037.8583             0.0322334
672560571131.6566             -0.014650869
672561548225.4548             -0.03748021
672562525319.253              -0.028728813
672563502413.0513             -0.003557989
672564479506.8496             0.036805898
672565456600.6478             0.07377958
672566433694.446              0.036036797
672567410788.2444             -0.012880147
672568387882.0426             0.01755465
672569364975.8408             0.031509005
672570342069.6392             0.018783206
672571319163.4374             -0.014156015
672572296257.2356             -0.042031743
672573273351.0338             -0.011762888
672574250444.8322             0.03603059
672575227538.6304             0.019884875
672576204632.4286             0.021348637
672577181726.2269             0.011003694
672578158820.0251             -0.029321222
672579135913.8234             0.03633899
672580113007.6216             -0.0034718479
672581090101.4199             0.007852183
672582067195.2181             -0.03686005
672583044289.0164             -0.013782329
672584021382.8147             -0.010385403
672584998476.6129             0.0110556
672585975570.4111             0.012874697
672586952664.2095             0.045852736
672587929758.0077             0.02955693
672588906851.8059             0.0008262161
672589883945.6041             -0.040416047
672590861039.4025             0.023248872
672591838133.2007             0.045644242
672592815226.9989             0.0245581
672593792320.7972             -0.030504782
672594769414.5955             -0.04372297
672595746508.3937             -0.03139149
672596723602.192              -0.011496034
672597700695.9902             -0.00971228
672598677789.7885             0.018193549
672599654883.5867             0.0063485545
672600631977.385              -0.024259096
672601609071.1832             0.016075606
672602586164.9814             0.05129072
672603563258.7798             0.01471707
672604540352.578              0.018680485
672605517446.3762             0.028849453
672606494540.1744             -0.02573709
672607471633.9728             -0.01950286
672608448727.771              -0.009193456
672609425821.5692             -0.003776095
672610402915.3676             0.047208685
672611380009.1658             -0.016428065
672612357102.964              -0.030660132
672613334196.7623             -0.044960372
672614311290.5605             0.0017980192
672615288384.3588             -0.018208941
672616265478.157              -0.013767365
672617242571.9553             -0.018079346
672618219665.7535             0.000118285825
672619196759.5518             0.005395845
672620173853.3501             -0.002111559
672621150947.1483             0.014236967
672622128040.9465             0.042525895
672623105134.7449             0.018363707
672624082228.5431             -0.0054640328
672625059322.3413             0.006793329
672626036416.1395             0.029676938
672627013509.9379             0.031154947
672627990603.7361             -0.006511084
672628967697.5343             0.017348478
672629944791.3326             -0.025839612
672630921885.1309             0.002201125
672631898978.9291             0.06846029
672632876072.7274             0.06462511
672633853166.5256             0.029810114
672634830260.3239             -0.004120424
672635807354.1221             -0.015176212
672636784447.9204             0.033263043
672637761541.7186             -0.042465676
672638738635.5168             0.03174378
672639715729.3152             0.012983876
672640692823.1134             -0.022995597
672641669916.9116             -0.06594495
672642647010.7098             -0.052768335
672643624104.5082             -0.03098239
672644601198.3064             -0.013002925
672645578292.1046             -0.061455492
672646555385.903              -0.022501204
672647532479.7012             0.07788836
672648509573.4994             0.03673145
672649486667.2977             -0.051958133
672650463761.096              -0.03827312
672651440854.8942             -0.03183039
672652417948.6924             -0.0429718
672653395042.4907             -0.005638694
672654372136.289              -0.0070240973
672655349230.0872             -0.014697403
672656326323.8855             -0.023395238
672657303417.6837             0.008138318
672658280511.4819             0.04838556
672659257605.2803             0.024155075
672660234699.0785             -0.017043896
672661211792.8767             -0.0230039
672662188886.6749             -0.010513403
672663165980.4733             -0.0043868436
672664143074.2715             -0.005724583
672665120168.0697             -0.005595956
672666097261.868              0.055962432
672667074355.6663             0.00615779
672668051449.4645             -0.00804707
672669028543.2627             0.04147394
672670005637.061              0.0025513303
672670982730.8593             0.0119763315
672671959824.6575             0.0008558436
672672936918.4558             0.023022963
672673914012.254              -0.0068109324
672674891106.0522             0.030020712
672675868199.8506             -0.00913256
672676845293.6488             -0.027413733
672677822387.447              0.052673724
672678799481.2452             0.061097726
672679776575.0436             0.059514303
672680753668.8418             0.029334057
672681730762.64               -0.053704415
672682707856.4384             -0.0034620932
672683684950.2366             0.015574922
672684662044.0348             -0.0011861158
672685639137.8331             -0.0073941494
672686616231.6313             -0.03820636
672687593325.4296             -0.021665571
672688570419.2278             0.016168404
672689547513.0261             -0.0112083955
672690524606.8243             -0.029290535
672691501700.6226             -0.004447266
672692478794.4209             -0.08572646
672693455888.2191             -0.049842693
672694432982.0173             0.0133060785
672695410075.8157             0.037088547
672696387169.6139             -0.0043255696
672697364263.4121             0.028756626
672698341357.2103             8.197273e-05
672699318451.0087             0.018972179
672700295544.8069             -0.013528327
672701272638.6051             -0.03737574
672702249732.4034             -0.03968816
672703226826.2017             -0.0019366903
672704203919.9999             -0.020513376
672705181013.7981             -0.0459255
672706158107.5964             -0.0045949575
672707135201.3947             -0.004304845
672708112295.1929             0.0054818937
672709089388.9912             0.019256955
672710066482.7894             0.008911696
672711043576.5876             -0.0053369226
672712020670.386              -0.0376055
672712997764.1842             -0.08728438
672713974857.9824             -0.023733784
672714951951.7806             -0.018870441
672715929045.579              0.015271416
672716906139.3772             -0.019953256
672717883233.1754             -0.019925404
672718860326.9738             -0.024654849
672719837420.772              0.014348873
672720814514.5702             0.009921973
672721791608.3685             0.058747243
672722768702.1667             0.011112956
672723745795.965              0.014335489
672724722889.7632             0.0036903915
672725699983.5615             -0.032574017
672726677077.3597             -0.053039968
672727654171.158              -0.011423165
672728631264.9563             -0.007589262
672729608358.7545             -0.010536052
672730585452.5527             -0.0032841044
672731562546.351              0.019248933
672732539640.1493             0.0013594521
672733516733.9475             -0.0129248025
672734493827.7457             -0.0042322353
672735470921.5441             -0.03251911
672736448015.3423             0.014100288
672737425109.1405             0.031587984
672738402202.9388             0.015964383
672739379296.737              0.012044189
672740356390.5353             0.020924335
672741333484.3335             0.0370612
672742310578.1318             -0.053786617
672743287671.93               0.008306837
672744264765.7283             -0.0043995185
672745241859.5266             0.027283642
672746218953.3248             -0.017034851
672747196047.123              -0.027258879
672748173140.9214             0.008564039
672749150234.7196             0.015755562
672750127328.5178             0.04127246
672751104422.316              0.042910423
672752081516.1144             0.06669593
672753058609.9126             0.054263383
672754035703.7108             0.04262423
672755012797.5092             0.027009081
672755989891.3074             0.026165146
672756966985.1056             0.008851199
672757944078.9039             0.01560023
672758921172.7021             -0.017864607
672759898266.5004             0.057189662
672760875360.2986             0.015537034
672761852454.0969             -0.007414248
672762829547.8951             -0.013727366
672763806641.6934             -0.01916425
672764783735.4917             0.019751867
672765760829.2899             -0.011383696
672766737923.0881             0.016272819
672767715016.8864             -0.0050118356
672768692110.6847             0.03726375
672769669204.4829             0.017267507
672770646298.2811             -0.081707105
672771623392.0795             -0.05670137
672772600485.8777             0.031447746
672773577579.6759             -0.0076735904
672774554673.4742             0.017489387
672775531767.2725             0.04657559
672776508861.0707             0.059617832
672777485954.8689             0.018428013
672778463048.6672             0.0058714002
672779440142.4655             -0.015359834
672780417236.2637             -0.061847292
672781394330.062              -0.046593715
672782371423.8602             -0.058501046
672783348517.6584             -0.08691507
672784325611.4568             -0.0014726804
672785302705.255              0.088328436
672786279799.0532             0.07746301
672787256892.8514             0.06623744
672788233986.6498             0.027486805
672789211080.448              0.066884205
672789234212.8                0.0021433544
672790188174.2462             0.0070099025
672790211306.5983             0.057949163
672791165268.0446             0.009708536
672791188400.3966             -0.0010376853
672792142361.8428             -0.01917032
672792165494.1948             0.07456888
672793119455.641              0.040126782
672793142587.993              0.052139938
672794096549.4392             -0.0024944558
672794119681.7913             0.04446303
672795073643.2375             0.008452121
672795096775.5896             0.051556967
672796050737.0358             0.01852504
672796073869.3878             -0.013152938
672797027830.834              -0.06299125
672797050963.186              -0.067584045
672798004924.6323             -0.07991881
672798028056.9844             -0.08339281
672798982018.4305             -0.05221454
672799005150.7826             -0.0042830906
672799959112.2288             -0.015113152
672799982244.5808             -0.013261413
672800936206.0271             -0.019429969
672800959338.3792             0.032046687
672801913299.8253             0.013353558
672801936432.1774             -0.025602767
672802890393.6235             -0.00090075296
672802913525.9756             -0.03803413
672803867487.4218             -0.038300056
672803890619.7738             -0.030587405
672804844581.2201             -0.0044666617
672804867713.5721             -0.04785751
672805821675.0183             -0.024518926
672805844807.3704             -0.063663125
672806798768.8165             -0.057063866
672806821901.1686             0.033230893
672807775862.6149             -0.012431083
672807798994.9669             0.0004807013
672808752956.4131             -0.0071425093
672808776088.7651             0.010171943
672809730050.2113             0.00191438
672809753182.5634             0.07412948
672810707144.0096             0.06344896
672810730276.3617             0.022022381
672811684237.8079             0.031188589
672811707370.1599             -0.08177439
672812661331.6061             -0.032508932
672812684463.9581             -0.08483184
672813638425.4043             -0.00097224326
672813661557.7563             -0.033873726
672814615519.2026             0.005417409
672814638651.5547             -0.02500339
672815592613.0009             -0.048821654
672815615745.3529             -0.022314899
672816569706.7991             -0.060401183
672816592839.1511             -0.055018052
672817546800.5974             -0.0652312
672817569932.9495             0.06191985
672818523894.3956             0.030606149
672818547026.7477             0.044041544
672819500988.1938             -0.013604483
672819524120.5459             -0.004685901
672820478081.9922             -0.04565306
672820501214.3442             -0.048985325
672821455175.7904             -0.029227221
672821478308.1425             -0.0020638255
672822432269.5886             -0.035781354
672822455401.9407             -0.03487776
672823409363.3868             -0.056174856
672823432495.7389             -0.09375184
672824386457.1852             -0.037921667
672824409589.5372             -0.036654104
672825363550.9834             -0.03535142
672825386683.3354             -0.026775045
672826340644.7816             -0.03221447
672826363777.1337             0.043340717
672827317738.58               0.027553959
672827340870.932              -0.007863477
672828294832.3782             0.004094907
672828317964.7302             -0.022029828
672829271926.1764             -0.003019054
672829295058.5284             -0.021619769
672830249019.9746             -0.015834598
672830272152.3267             -0.041565318
672831226113.773              -0.016455472
672831249246.125              -0.05428401
672832203207.5712             -0.03279679
672832226339.9232             -0.018610893
672833180301.3694             -0.039966997
672833203433.7214             -0.01686835
672834157395.1677             -0.042592913
672834180527.5198             0.03340282
672835134488.966              0.009478561
672835157621.318              -0.0024882755
672836111582.7642             0.0096394885
672836134715.1162             0.032615583
672837088676.5625             -0.015066578
672837111808.9146             -0.026035732
672838065770.3607             -0.05475081
672838088902.7128             -0.0014892272
672839042864.1589             0.011620559
672839065996.511              -0.011930612
672840019957.9572             -0.019968519
672840043090.3092             -0.048546325
672840997051.7555             -0.058213744
672841020184.1075             -0.04800344
672841974145.5537             -0.025993118
672841997277.9058             -0.062965475
672842951239.3519             -0.037808944
672842974371.704              -0.024258295
672843928333.1503             -0.02319237
672843951465.5023             0.01289483
672844905426.9485             0.0032922542
672844928559.3005             -0.026271012
672845882520.7467             -0.00988705
672845905653.0988             0.013286121
672846859614.545              0.01636418
672846882746.8971             -0.0044384203
672847836708.3433             0.01153002
672847859840.6953             -0.0046060565
672848813802.1415             0.021127753
672848836934.4935             -0.014158013
672849790895.9397             0.0019930694
672849814028.2917             0.019671312
672850767989.738              0.028122528
672850791122.0901             -0.038911216
672851745083.5363             -0.04302355
672851768215.8883             -0.025610158
672852722177.3345             -0.009286742
672852745309.6865             -0.027977703
672853699271.1328             -0.038402013
672853722403.4849             -0.017249506
672854676364.931              0.03348917
672854699497.2831             -0.026701797
672855653458.7292             -0.007496336
672855676591.0813             -0.028672362
672856630552.5275             -0.019442016
672856653684.8795             -0.012267198
672857607646.3258             0.004690408
672857630778.6779             0.029878799
672858584740.124              0.0028872325
672858607872.4761             0.030446345
672859561833.9222             0.009331011
672859584966.2743             0.011391631
672860538927.7206             0.03040245
672860562060.0726             -0.02935313
672861516021.5188             -0.0316465
672861539153.8708             0.04801162
672862493115.317              0.06202802
672862516247.6691             0.00051479304
672863470209.1154             -0.00862291
672863493341.4674             -0.02384406
672864447302.9136             0.018339554
672864470435.2656             0.029430581
672865424396.7118             0.057374116
672865447529.0638             0.026309287
672866401490.51               0.06601429
672866424622.862              0.03942968
672867378584.3083             0.07865158
672867401716.6604             0.023887612
672868355678.1066             0.03972423
672868378810.4586             -0.021342032
672869332771.9048             0.014943931
672869355904.2568             0.017342873
672870309865.7031             0.019471511
672870332998.0552             -0.03632144
672871286959.5013             -0.030334124
672871310091.8534             -0.03085402
672872264053.2996             -0.033126853
672872287185.6516             0.0023810565
672873241147.0979             -0.006002126
672873264279.45               0.022127815
672874218240.8961             0.02502581
672874241373.2482             0.036106724
672875195334.6943             0.025548661
672875218467.0464             -0.0010838066
672876172428.4926             0.031005694
672876195560.8446             -0.026701232
672877149522.2909             -0.013220275
672877172654.643              0.015609134
672878126616.0891             0.0017096164
672878149748.4412             0.003735266
672879103709.8873             -0.011775305
672879126842.2394             0.05483982
672880080803.6857             0.025262496
672880103936.0377             0.008888194
672881057897.4839             -0.005673081
672881081029.8359             0.04959539
672882034991.2821             0.041213322
672882058123.6342             0.04867979
672883012085.0804             0.07348404
672883035217.4325             -0.0036379392
672883989178.8787             0.050282475
672884012311.2307             -0.014689161
672884966272.6769             0.011112762
672884989405.0289             0.0301739
672885943366.4751             0.022572625
672885966498.8271             0.01234679
672886920460.2734             0.012784004
672886943592.6255             -0.0120811835
672887897554.0717             0.022143425
672887920686.4237             -0.042279467
672888874647.8699             -0.003539319
672888897780.2219             0.004326949
672889851741.6682             0.04719984
672889874874.0203             -0.00109756
672890828835.4664             0.010084012
672890851967.8185             -0.00854464
672891805929.2646             0.024685994
672891829061.6167             0.004438611
672892783023.0629             0.003654744
672892806155.4149             -0.032554045
672893760116.8612             -0.059755977
672893783249.2133             -0.02373279
672894737210.6594             -0.005612929
672894760343.0115             -0.010942707
672895714304.4576             0.035283577
672895737436.8097             0.043021746
672896691398.256              0.042850643
672896714530.608              -0.0063196584
672897668492.0542             -0.001250095
672897691624.4062             0.036242444
672898645585.8524             0.0182654
672898668718.2045             0.070489325
672899622679.6508             0.02813437
672899645812.0028             -0.01214352
672900599773.449              -0.013238099
672900622905.801              0.048950907
672901576867.2472             0.043284196
672901599999.5992             0.057470493
672902553961.0454             0.05608724
672902577093.3975             0.01526694
672903531054.8438             0.04266485
672903554187.1958             -0.046044447
672904508148.642              -0.010150483
672904531280.994              -0.03783419
672905485242.4402             0.0010770357
672905508374.7922             0.014105377
672906462336.2385             0.012702425
672906485468.5906             0.042342447
672907439430.0367             0.028330209
672907462562.3888             0.0059935995
672908416523.835              0.009875416
672908439656.187              -0.013486215
672909393617.6333             0.0019303303
672909416749.9854             -0.0051464885
672910370711.4315             0.02641466
672910393843.7836             -0.05722066
672911347805.2297             -0.00445276
672911370937.5818             -0.045211032
672912324899.028              -0.057120003
672912348031.38               -0.042778302
672913301992.8263             -0.07681419
672913325125.1783             0.0030527615
672914279086.6245             -0.032128964
672914302218.9766             0.018745381
672915256180.4227             0.0032581568
672915279312.7748             0.039940156
672916233274.2211             0.015560826
672916256406.5731             0.0553528
672917210368.0193             0.04993519
672917233500.3713             0.047217805
672918187461.8175             0.040560283
672918210594.1696             -0.017351003
672919164555.6157             -0.024735035
672919187687.9678             -0.01649066
672920141649.4141             -0.029235607
672920164781.7661             0.033784226
672921118743.2123             -0.0061235875
672921141875.5643             -0.001194586
672922095837.0105             -0.0074361805
672922118969.3625             0.0008472935
672923072930.8088             0.025618393
672923096063.1609             0.04711651
672924050024.607              0.045487337
672924073156.9591             -0.0004613513
672925027118.4053             -0.0341173
672925050250.7573             -0.030237062
672926004212.2036             -0.067268044
672926027344.5557             -0.008241967
672926981306.0018             -0.04562631
672927004438.3539             -0.007594
672927958399.8                -0.024143752
672927981532.1521             0.0135800885
672928935493.5983             0.022933153
672928958625.9503             -0.023004642
672929912587.3966             0.001204195
672929935719.7487             0.011913112
672930889681.1948             0.0057871835
672930912813.5469             0.036417406
672931866774.993              0.046068255
672931889907.3451             -0.03301554
672932843868.7914             0.010839865
672932867001.1434             0.05520396
672933820962.5896             0.09164306
672933844094.9417             0.018865079
672934798056.3878             0.0073816404
672934821188.7399             -0.00042438606
672935775150.1862             -0.027860926
672935798282.5382             0.012872166
672936752243.9844             0.019723596
672936775376.3364             -0.019894134
672937729337.7826             0.027729971
672937752470.1346             0.030391254
672938706431.5808             0.07296706
672938729563.9329             0.03007493
672939683525.3792             0.028475061
672939706657.7312             0.03835118
672940660619.1774             -0.009284039
672940683751.5294             0.019817017
672941637712.9756             -0.013667064
672941660845.3276             0.042699665
672942614806.7739             0.041266747
672942637939.126              0.013708278
672943591900.5721             0.027655497
672943615032.9242             0.040170163
672944568994.3704             -0.011726947
672944592126.7224             0.03364252
672945546088.1687             0.016455159
672945569220.5208             0.045009043
672946523181.9669             0.0043263477
672946546314.319              0.055698197
672947500275.7651             -5.2431067e-05
672947523408.1172             0.051540643
672948477369.5634             0.008270794
672948500501.9154             0.011373152
672949454463.3617             0.019980032
672949477595.7137             0.05186142
672950431557.1599             0.03612973
672950454689.512              0.039650135
672951431783.3102             0.009317562
672952408877.1085             -0.038295645
672953385970.9067             -0.025106575
672954363064.705              0.009925103
672955340158.5032             -0.018264566
672956317252.3015             -0.029294552
672957294346.0997             -0.020686964
672958271439.898              -0.0036884134
672959248533.6963             0.020776529
672960225627.4945             0.03513373
672961202721.2927             -0.0355625
672962179815.0911             0.062121045
672963156908.8893             -0.0012356472
672964134002.6875             0.0031279775
672965111096.4857             0.022767944
672966088190.284              -0.012419388
672967065284.0823             0.02218398
672968042377.8805             -0.005148792
672969019471.6788             -0.0112243425
672969996565.477              0.06422796
672970973659.2753             -0.005740953
672971950753.0736             0.023672285
672972927846.8718             0.013794031
672973904940.67               -0.07393584
672974882034.4683             -0.042306364
672975859128.2666             0.021641722
672976836222.0648             0.013196748
672977813315.863              0.05958342
672978790409.6614             -0.0025603648
672979767503.4596             0.00626623
672980744597.2578             -0.011576207
672981721691.056              0.010018943
672982698784.8544             0.032151707
672983675878.6526             -0.037407264
672984652972.4508             0.013661198
672985630066.2491             -0.040658236
672986607160.0474             0.030681645
672987584253.8456             0.025635429
672988561347.6439             -0.008035965
672989538441.4421             0.03841979
672990515535.2404             0.015255396
672991492629.0386             0.026485523
672992469722.8369             0.02619735
672993446816.6351             0.030590866
672994423910.4333             0.033535425
672995401004.2317             -0.007162841
672996378098.0299             -0.032228958
672997355191.8281             0.04198407
672998332285.6265             0.06893398
672999309379.4247             -0.0009518305
673000286473.2229             0.014344918
673001263567.0211             0.053935036
673002240660.8195             0.050195117
673003217754.6177             -0.035450663
673004194848.4159             -0.043003313
673005171942.2142             -0.069930285
673006149036.0125             -0.013298741
673007126129.8107             0.05167889
673008103223.609              0.034896664
673009080317.4072             -0.01358991
673010057411.2054             -0.044966944
673011034505.0037             -0.02937531
673012011598.802              -0.003877096
673012988692.6002             0.017334547
673013965786.3984             0.050744183
673014942880.1968             0.009328908
673015919973.995              -0.039947063
673016897067.7932             -0.047040556
673017874161.5914             0.0035480966
673018851255.3898             -0.028181719
673019828349.188              -0.03049702
673020805442.9862             -0.020238688
673021782536.7845             -0.011541999
673022759630.5828             -0.004117702
673023736724.381              -0.0112548955
673024713818.1793             0.006359629
673025690911.9775             0.01708209
673026668005.7758             0.002193879
673027645099.574              -0.020098628
673028622193.3723             0.046535295
673029599287.1705             -0.008360732
673030576380.9688             0.027748499
673031553474.7671             -0.019707104
673032530568.5653             -0.033350054
673033507662.3635             -0.046482068
673034484756.1619             -0.039392717
673035461849.9601             -0.04894874
673036438943.7583             -0.0019111322
673037416037.5565             0.014555221
673038393131.3549             0.048021648
673039370225.1531             -0.030284699
673040347318.9513             -0.055988833
673041324412.7496             -0.018370276
673042301506.5479             0.0033914428
673043278600.3461             0.013179363
673044255694.1443             -0.012643723
673045232787.9426             -0.039504822
673046209881.7408             -0.014603946
673047186975.5391             -0.020582983
673048164069.3374             -0.0031028835
673049141163.1356             0.06565146
673050118256.9338             0.0087064365
673051095350.7322             0.015668312
673052072444.5304             0.033922616
673053049538.3286             0.03896296
673054026632.1268             0.010648413
673055003725.9252             0.016807124
673055980819.7234             -0.006274905
673056957913.5216             -0.015607354
673057935007.32               0.011031598
673058912101.1182             0.04658307
673059889194.9164             -0.0030305146
673060866288.7147             -0.0170704
673061843382.513              -0.022405539
673062820476.3112             0.03041646
673063797570.1094             0.0132261235
673064774663.9077             0.04577556
673065751757.7059             -0.040798668
673066728851.5042             -0.0328587
673067705945.3025             0.012001633
673068683039.1007             -0.042736687
673069660132.8989             -0.010538242
673070637226.6973             -0.0136747295
673071614320.4955             -0.03568003
673072591414.2937             -0.016609523
673073568508.0919             -0.005601287
673074545601.8903             -0.03616532
673075522695.6885             -0.023086796
673076499789.4867             0.023666287
673077476883.285              0.0014243562
673078453977.0833             -0.034995377
673079431070.8815             0.008973317
673080408164.6797             -0.0042779236
673081385258.478              0.012634599
673082362352.2762             0.026039723
673083339446.0745             0.015153588
673084316539.8728             -0.045137677
673085293633.671              -0.018204456
673086270727.4692             0.015434238
673087247821.2676             0.040602934
673088224915.0658             0.023429781
673089202008.864              0.020653533
673090179102.6622             0.0055262162
673091156196.4606             -0.0011689971
673092133290.2588             -0.012489617
673093110384.057              -0.005043354
673094087477.8553             0.01049495
673095064571.6536             0.018225169
673096041665.4518             0.0066739344
673097018759.2501             0.0075792447
673097995853.0483             -0.013945582
673098972946.8466             -0.015030855
673099950040.6448             0.011347662
673100927134.4431             -0.006309783
673101904228.2413             0.00986871
673102881322.0396             0.029243255
673103858415.8379             -0.02215969
673104835509.6361             -0.03704912
673105812603.4343             -0.0073145647
673106789697.2325             0.0023489362
673107766791.0309             -0.025413783
673108743884.8291             0.019712323
673109720978.6273             0.031795125
673110698072.4257             0.0064259106
673111675166.2239             -0.01891236
673112652260.0221             -0.01772029
673113629353.8204             -0.017395245
673114606447.6187             -0.031450134
673115583541.4169             -0.044178102
673116560635.2151             -0.028332228
673117537729.0134             -0.018420663
673118514822.8116             -0.006075013
673119491916.6099             -0.011556116
673120469010.4082             -0.058496494
673121446104.2064             0.027152013
673122423198.0046             0.055767544
673123400291.803              0.031161228
673124377385.6012             0.033351682
673125354479.3994             0.027882213
673126331573.1976             -0.021132072
673127308666.996              -0.063841246
673128285760.7942             -0.0037479298
673129262854.5924             0.005130897
673130239948.3907             -0.019931404
673131217042.189              0.02566526
673132194135.9872             0.024306236
673133171229.7855             0.014938361
673134148323.5837             -0.009620006
673135125417.382              0.023634812
673136102511.1802             -0.0134582715
673137079604.9785             -0.012145612
673138056698.7767             -0.011050681
673139033792.575              0.006984253
673140010886.3733             -0.01442633
673140987980.1715             -0.06964369
673141965073.9697             -0.054699875
673142942167.768              0.0137326345
673143919261.5663             -0.006165464
673144896355.3645             -0.021161899
673145873449.1627             0.005052897
673146850542.961              -0.011618617
673147827636.7593             0.025198158
673148804730.5575             0.010678292
673149781824.3558             0.06067642
673150758918.154              0.01113619
673151736011.9523             -0.08010198
673152713105.7505             -0.06317138
673153690199.5488             -0.007192369
673154667293.347              -0.0076131485
673155644387.1453             0.02387819
673156621480.9436             0.0057202186
673157598574.7418             -0.0017212623
673158575668.54               0.033965945
673159552762.3384             0.0059688566
673160529856.1366             -0.007047309
673161506949.9348             -0.018703058
673162484043.733              -0.031632576
673163461137.5314             0.00093557505
673164438231.3296             -0.011215478
673165415325.1278             -0.020818815
673166392418.9261             -0.012876357
673167369512.7244             0.028806003
673168346606.5226             0.04992595
673169323700.3209             0.0069073318
673170300794.1191             -0.0016200035
673171277887.9174             0.03710128
673172254981.7156             0.06495133
673173232075.5139             0.018578827
673174209169.3121             -0.003948024
673175186263.1104             0.027856631
673176163356.9087             -0.00026647613
673177140450.7069             0.024982039
673178117544.5051             0.029085472
673179094638.3033             0.00064726814
673180071732.1017             -0.026957491
673181048825.8999             -0.025636291
673182025919.6981             -0.019607266
673183003013.4965             0.019093141
673183980107.2947             0.030738879
673184957201.0929             0.04399837
673185934294.8912             0.029301792
673186911388.6895             -0.02891638
673187888482.4877             -0.006893483
673188865576.2859             0.013868001
673189842670.0842             0.007758682
673190819763.8824             0.024631647
673191796857.6807             0.02543859
673192773951.479              0.023366775
673193751045.2772             -0.0010133581
673194728139.0754             0.00418308
673195705232.8738             0.021388793
673196682326.672              0.022267317
673197659420.4702             0.046587784
673198636514.2684             0.001983526
673199613608.0668             -0.009972659
673200590701.865              0.01316993
673201567795.6632             -0.008933002
673202544889.4615             -0.03121028
673203521983.2598             -0.01665951
673204499077.058              -0.00057307247
673205476170.8562             0.024451494
673206453264.6545             0.015557731
673207430358.4528             -0.0043607326
673208407452.251              0.0029388634
673209384546.0493             -0.028539844
673210361639.8475             -0.0055544833
673211338733.6458             -0.020173537
673212315827.4441             -0.024048945
673213292921.2423             0.017314695
673214270015.0405             0.023927465
673215247108.8387             -0.0010139054
673216224202.6371             -0.06755981
673217201296.4353             -0.067451894
673218178390.2335             0.013008239
673219155484.0319             0.0115554435
673220132577.8301             0.0154352
673221109671.6283             -0.07488343
673222086765.4266             -0.04903981
673223063859.2249             0.006212775
673224040953.0231             -0.0062840036
673225018046.8213             0.02064301
673225995140.6196             -0.02390939
673226972234.4178             0.057605673
673227949328.2161             0.06490611
673228926422.0144             0.03143274
673229903515.8126             0.026053421
673230880609.6108             0.03058874
673231857703.4092             0.0078322925
673232834797.2074             -0.008330491
673233811891.0056             0.009142118
673234788984.8038             -0.008085413
673235766078.6022             0.01947764
673236743172.4004             0.02381013
673237720266.1986             0.0063785734
673238697359.997              -0.03495333
673239674453.7952             -0.03245387
673240651547.5934             -0.056098767
673241628641.3916             -0.039496697
673242605735.19               -0.0063346187
673243582828.9882             -0.025812276
673244559922.7864             0.02446772
673245537016.5847             0.07445849
673246514110.3829             0.024054192
673247491204.1812             0.023040406
673248468297.9795             0.033128925
673249445391.7777             0.0056651034
673250422485.5759             -0.046547
673251399579.3741             -0.007333057
673252376673.1725             0.021447806
673253353766.9707             -0.013248967
673254330860.7689             0.0012280144
673255307954.5673             -0.0011551625
673256285048.3655             -0.03720012
673257262142.1637             -0.035103478
673258239235.962              0.047116596
673259216329.7603             0.014941966
673260193423.5585             0.05479197
673261170517.3567             0.021622155
673262147611.155              -0.048124377
673263124704.9532             -0.0023015083
673264101798.7515             0.019260071
673265078892.5498             0.0062956717
673266055986.348              0.028115764
673267033080.1462             0.0011423684
673268010173.9445             -0.023431865
673268987267.7428             0.00080671196
673269964361.541              -0.017000644
673270941455.3392             -0.07221126
673271918549.1376             -0.06749203
673272895642.9358             -0.043102227
673273872736.734              -0.027166113
673274849830.5323             -0.011294378
673275826924.3306             0.048463162
673276804018.1288             0.00730328
673277781111.927              0.042751458
673278758205.7253             -0.039358255
673279735299.5236             -0.031444
673280712393.3218             -0.02116719
673281689487.1201             -0.06436764
673282666580.9183             0.027641507
673283643674.7166             0.030241724
673284620768.5149             -0.019210037
673285597862.3131             -0.017618507
673286574956.1113             -0.0069997865
673287552049.9095             0.032052238
673288529143.7079             -0.00049110077
673289506237.5061             -0.029125407
673290483331.3043             -0.058095038
673291460425.1027             -0.030188387
673292437518.9009             0.0025018784
673293414612.6991             0.012825983
673294391706.4974             -0.0032446552
673295368800.2957             0.04481062
673296345894.0939             0.030294927
673297322987.8921             -0.02703826
673298300081.6904             -0.026007079
673299277175.4886             0.0048594847
673300254269.2869             0.013041223
673301231363.0852             0.030417735
673302208456.8834             0.018514587
673303185550.6816             0.0540508
673304162644.4799             0.02240743
673305139738.2782             0.006484958
673306116832.0764             -0.009922623
673307093925.8746             0.0049916664
673308071019.673              0.015952582
673309048113.4712             0.014147215
673310025207.2694             0.04767155
673311002301.0677             0.08639979
673311979394.866              0.036122713
673312956488.6642             0.010470562
673313933582.4624             -0.04501249
673314910676.2607             0.0006781509
673315887770.059              0.05466256
673316864863.8572             0.049928598
673317841957.6555             0.03972554
673318819051.4537             0.05532275
673319796145.252              -0.027255824
673320773239.0503             0.009412496
673321750332.8485             0.01992516
673322727426.6467             0.055396155
673323704520.445              0.043818388
673324681614.2433             0.020455785
673325658708.0415             -0.005690838
673326635801.8397             0.024744878
673327612895.6381             0.013942821
673328589989.4363             0.055926356
673329567083.2345             0.049388584
673330544177.0327             0.06216968
673331521270.831              -0.0046556015
673332498364.6293             0.02691932
673333475458.4275             0.0062105195
673334452552.2258             0.023373624
673335429646.024              -0.033516407
673336406739.8223             -0.044425394
673337383833.6206             0.019495148
673338360927.4188             0.0049589234
673339338021.217              0.026137555
673340315115.0153             -0.05870963
673341292208.8136             -0.017725188
673342269302.6118             -0.011489012
673343246396.41               -0.012608335
673344223490.2084             -0.025354227
673345200584.0066             0.040361848
673346177677.8048             0.033847447
673347154771.6031             0.0134850275
673348131865.4014             0.00016991308
673349108959.1996             0.011670583
673350086052.9978             0.02883773
673351063146.7961             0.0215564
673352040240.5944             0.051163163
673353017334.3926             0.04740498
673353994428.1909             0.040834922
673354971521.9891             0.011431666
673355948615.7874             -0.020026488
673356925709.5857             -0.03975562
673357902803.3839             -0.0253132
673358879897.1821             -0.01714958
673359856990.9803             -0.01433805
673360834084.7787             -0.0067320256
673361811178.5769             -0.0050744335
673362788272.3751             -0.024567824
673363765366.1735             -0.006023452
673364742459.9717             -0.029641494
673365719553.7699             -0.08488311
673366696647.5681             -0.0435696
673367673741.3665             0.025361067
673368650835.1647             0.046765774
673369627928.9629             0.07890969
673370605022.7612             -0.026175836
673371582116.5594             -0.069880225
673372559210.3577             0.0118242195
673373536304.156              -0.037641447
673374513397.9542             -0.051773638
673375490491.7524             -0.028767776
673376467585.5507             0.027808944
673377444679.349              -0.023927439
673378421773.1472             0.019017424
673379398866.9454             0.024809465
673380375960.7438             -0.0032375162
673381353054.542              -0.0049924613
673382330148.3402             -0.029186912
673383307242.1385             -0.057584617
673384284335.9368             0.03750757
673385261429.735              -0.0091599645
673386238523.5332             -0.0108733885
673387215617.3315             0.027421454
673388192711.1298             0.019085994
673389169804.928              0.012109036
673390146898.7263             -0.03207226
673391123992.5245             -0.038872693
673392101086.3228             0.017539464
673393078180.121              -0.046980496
673394055273.9193             -0.05403717
673395032367.7175             -0.054005817
673396009461.5157             -0.026741724
673396986555.3141             -0.053255036
673397963649.1123             -0.065943696
673398940742.9105             0.0024153993
673399917836.7089             0.025138944
673400894930.5071             0.04041543
673401872024.3053             0.042263534
673402849118.1035             0.05596143
673403826211.9019             0.020560272
673404803305.7001             -0.06381315
673405780399.4983             0.014999116
673406757493.2966             0.05313903
673407734587.0948             0.016132362
673408711680.8931             -0.051022597
673409688774.6914             -0.035328325
673410665868.4896             0.0061693056
673411642962.2878             0.05015602
673412620056.086              0.02832762
673413597149.8844             -0.007826785
673414574243.6826             0.014153878
673415551337.4808             0.08015739
673416528431.2792             0.044652935
673417505525.0774             0.034380395
673418482618.8756             0.049348086
673419459712.674              0.0207139
673420436806.4722             -0.041840903
673421413900.2704             -0.06272372
673422390994.0686             -0.04766458
673423368087.867              -0.028507443
673424345181.6652             0.007002774
673425322275.4634             0.03735907
673426299369.2617             0.04838104
673427276463.0599             0.056684155
673428253556.8582             0.039109558
673429230650.6564             0.029203916
673430207744.4547             -0.01867236
673431184838.2529             -0.031949185
673432161932.0511             -0.01232234
673433139025.8495             -0.005887444
673434116119.6477             0.007959832
673435093213.4459             -0.071453586
673436070307.2443             -0.035109006
673437047401.0425             0.04703669
673438024494.8407             0.05599133
673439001588.6389             0.03601817
673439978682.4373             0.054309074
673440955776.2355             0.026956284
673441932870.0337             0.0385922
673442909963.832              -0.007362281
673443887057.6302             0.018461188
673444864151.4285             0.025353653
673445841245.2268             -0.024796132
673446818339.025              0.007511608
673447795432.8232             0.035937008
673448772526.6215             0.061563015
673449749620.4198             0.027234703
673450726714.218              0.018454239
673451703808.0162             -0.019240836
673452680901.8146             -0.014731567
673453657995.6128             0.05180432
673454635089.411              0.049861666
673455612183.2092             0.020513043
673456589277.0076             -0.006719959
673457566370.8058             -0.039140485
673458543464.604              -5.2399857e-05
673459520558.4023             -0.022766793
673460497652.2006             -0.0071440577
673461474745.9988             0.037081297
673462451839.7971             0.03528196
673463428933.5953             0.037924804
673464406027.3936             -0.006200862
673465383121.1918             0.002334743
673466360214.9901             0.016320994
673467337308.7883             -0.014451782
673468314402.5865             0.021762665
673469291496.3849             0.04880772
673470268590.1831             -0.0098863
673471245683.9813             -0.044410985
673472222777.7797             -0.02106136
673473199871.5779             -0.035819225
673474176965.3761             -0.0399079
673475154059.1743             -0.0089892
673476131152.9727             0.02906372
673477108246.7709             0.015087258
673478085340.5691             0.03468713
673479062434.3674             -0.017920407
673480039528.1656             0.013232783
673481016621.9639             -0.02527513
673481993715.7622             -0.033707764
673482970809.5604             -0.01141811
673483947903.3586             0.04969193
673484924997.1569             0.02134175
673485902090.9552             0.07890184
673486879184.7534             0.010869239
673487856278.5516             0.021042677
673488833372.35               -0.0014750045
673489810466.1482             -0.011448509
673490787559.9464             -0.055913813
673491764653.7446             -0.019313259
673492741747.543              -0.022380536
673493718841.3412             0.016840713
673494695935.1394             -0.02252536
673495673028.9377             -0.013714729
673496650122.736              -0.01951943
673497627216.5342             -0.04690216
673498604310.3325             0.017073339
673499581404.1307             0.016155718
673500558497.929              0.038729165
673501535591.7272             0.049218513
673502512685.5255             0.028466078
673503489779.3237             -0.0035713054
673504466873.122              -0.021763789
673505443966.9203             -0.02806183
673506421060.7185             -0.0056192474
673507398154.5167             -0.0086462945
673508375248.3151             -0.02320413
673509352342.1133             0.011267655
673510329435.9115             -0.026255261
673511306529.7097             -0.04585234
673512283623.508              0.042872492
673513260717.3063             0.022844454
673514237811.1045             -0.0034344404
673515214904.9028             -0.05177261
673516191998.701              -0.0024044714
673517169092.4993             0.015719846
673518146186.2975             0.027584434
673519123280.0958             -0.02286688
673520100373.894              0.003514851
673521077467.6923             0.043320622
673522054561.4906             -0.008610018
673523031655.2888             -0.030295132
673524008749.087              -0.023872923
673524985842.8854             -0.010608097
673525962936.6836             0.0028877985
673526940030.4818             0.018224008
673527917124.28               -0.012066424
673528894218.0784             0.005546854
673529871311.8766             -0.027069837
673530848405.6748             -0.078456394
673531825499.4731             0.044964418
673532802593.2714             0.009300133
673533779687.0696             -0.03046112
673534756780.8679             -0.003110192
673535733874.6661             0.007485177
673536710968.4644             0.046950843
673537688062.2626             -0.00729865
673538665156.0609             0.00012967458
673539642249.8591             -0.006902358
673540619343.6573             -0.007959981
673541596437.4557             0.016976444
673542573531.2539             -0.029099585
673543550625.0521             -0.02561763
673544527718.8505             -0.0008761273
673545504812.6487             0.011432275
673546481906.4469             0.020857798
673547459000.2451             -0.0077778064
673548436094.0435             -0.033017192
673549413187.8417             0.007012185
673550390281.6399             0.006411037
673551367375.4382             0.0034588287
673552344469.2365             -0.017056663
673553321563.0347             0.06528151
673554298656.8329             0.042584796
673555275750.6312             0.052609816
673556252844.4294             0.038382143
673557229938.2277             0.024884602
673558207032.026              -0.020664547
673559184125.8242             -0.024069637
673560161219.6224             0.03222939
673561138313.4208             0.036388412
673562115407.219              -0.0060693403
673563092501.0172             -0.075107194
673564069594.8154             0.0006281907
673565046688.6138             0.0043156664
673566023782.412              0.008630956
673567000876.2102             0.05065127
673567977970.0085             0.023037579
673568955063.8068             -0.044097565
673569932157.605              -0.037373196
673570909251.4033             -0.0012624196
673571886345.2015             -0.016235724
673572863438.9998             -0.027419878
673573840532.798              -0.056493755
673574817626.5963             -0.044611238
673575794720.3945             0.0098869745
673576771814.1927             -0.043915506
673577748907.9911             0.013902466
673578726001.7893             0.014413465
673579703095.5875             0.042041223
673580680189.3859             0.021138165
673581657283.1841             0.027572216
673582634376.9823             -0.018047206
673583611470.7805             -0.05844583
673584588564.5789             0.03302262
673585565658.3771             0.015855938
673586542752.1753             -0.02883247
673587519845.9736             -0.036225293
673588496939.7719             5.578358e-05
673589474033.5701             0.03782542
673590451127.3683             0.034657985
673591428221.1666             0.031076333
673592405314.9648             -0.014310128
673593382408.7631             0.017808594
673594359502.5614             -0.019078488
673595336596.3596             0.0029134017
673596313690.1578             -0.039674662
673597290783.9562             -0.038593348
673598267877.7544             -0.017785328
673599244971.5526             0.015818724
673600222065.3508             -0.015653018
673601199159.1492             0.0102901
673602176252.9474             -0.0073093586
673603153346.7456             0.037316248
673604130440.544              0.052676134
673605107534.3422             0.038587585
673606084628.1404             0.02952335
673607061721.9387             0.044034585
673608038815.7369             0.024047114
673609015909.5352             -0.032733474
673609993003.3334             0.022748446
673610970097.1317             0.05968886
673611947190.9299             0.083971806
673612924284.7281             0.05703391
673613901378.5265             0.036175083
673614878472.3247             0.028265214
673615855566.1229             0.04551112
673616832659.9211             0.02682716
673617809753.7195             -0.027244214
673618786847.5177             0.015354949
673619763941.3159             0.012843339
673620741035.1143             0.03426636
673621718128.9125             -0.035697628
673622695222.7107             0.0060412427
673623672316.509              0.002507653
673624649410.3073             -0.043457992
673625626504.1055             -0.018448388
673626603597.9037             -0.0440025
673627580691.702              0.0029313094
673628557785.5002             0.047759686
673629534879.2985             0.020068528
673630511973.0968             0.067089014
673631489066.895              0.061576065
673632466160.6932             -0.0038887945
673633443254.4916             -0.023045968
673634420348.2898             -0.07351847
673635397442.088              -0.061747454
673636374535.8862             -0.027889801
673637351629.6846             0.063081875
673638328723.4828             0.06644337
673639305817.281              -0.030063113
673640282911.0793             -0.023498839
673641260004.8776             0.019311998
673642237098.6758             0.022911934
673643214192.4741             -0.0068035913
673644191286.2723             0.028854
673645168380.0706             0.045458227
673646145473.8688             0.022900017
673647122567.6671             0.03285012
673648099661.4653             -0.011645002
673649076755.2635             -0.040681623
673650053849.0619             0.028185789
673651030942.8601             -0.0028250827
673652008036.6583             -0.034161415
673652985130.4565             0.02765297
673653962224.2549             0.027973084
673654939318.0531             0.07166868
673655916411.8513             0.03684319
673656893505.6497             -0.01914186
673657870599.4479             0.01755919
673658847693.2461             -0.017883295
673659824787.0444             -0.0161439
673660801880.8427             -0.019063503
673661778974.6409             0.00533561
673662756068.4391             -0.06852829
673663733162.2374             -0.017979287
673664710256.0356             -0.0059648505
673665687349.8339             0.02524179
673666664443.6322             0.028327622
673667641537.4304             0.012099968
673668618631.2286             0.0151876975
673669595725.027              0.02022887
673670572818.8252             -0.0144165885
673671549912.6234             -0.016466599
673672527006.4216             0.01927136
673673504100.22               0.00060699077
673674481194.0182             -0.009592397
673675458287.8164             -0.010540668
673676435381.6147             0.023417225
673677412475.413              0.028405296
673678389569.2112             0.008719903
673679366663.0094             0.04237421
673680343756.8077             0.0027902427
673681320850.606              0.020269
673682297944.4042             0.03425547
673683275038.2025             0.046340708
673684252132.0007             0.05458479
673685229225.799              -0.012715725
673686206319.5973             -0.006130997
673687183413.3955             0.029196525
673688160507.1937             0.004424039
673689137600.992              0.0075789145
673690114694.7903             0.008269859
673691091788.5885             -0.021005455
673692068882.3867             -0.015104887
673693045976.185              -0.015140049
673694023069.9833             0.027803551
673695000163.7815             0.024254998
673695977257.5798             0.01894607
673696954351.378              0.063499056
673697931445.1763             0.063875034
673698908538.9745             0.049994867
673699885632.7728             0.014079405
673700862726.571              -0.019626249
673701839820.3693             -0.028221974
673702816914.1676             -0.0008804712
673703794007.9658             0.03212569
673704771101.764              0.046122015
673705748195.5624             0.038136806
673706725289.3606             -0.02372294
673707702383.1588             0.03763451
673708679476.957              0.043847345
673709656570.7554             0.039069757
673710633664.5536             -0.005811567
673711610758.3518             -0.014808508
673712587852.1501             0.0048309355
673713564945.9484             -0.0072339815
673714542039.7466             0.011989956
673715519133.5448             0.017110609
673716496227.3431             0.05679848
673717473321.1414             0.020265723
673718450414.9396             0.0070819133
673719427508.7379             -0.035989378
673720404602.5361             -0.004900086
673721381696.3344             0.010582535
673722358790.1327             -0.0056733126
673723335883.9309             0.041235242
673724312977.7291             0.0069003357
673725290071.5273             -0.020273603
673726267165.3257             0.028149743
673727244259.1239             0.04711139
673728221352.9221             0.02675028
673729198446.7205             0.036529943
673730175540.5187             0.016195234
673731152634.3169             0.011162077
673732129728.1152             -0.001975555
673733106821.9135             0.051054202
673734083915.7117             0.05542674
673735061009.5099             -0.019354267
673736038103.3082             0.012826047
673737015197.1064             0.04351714
673737992290.9047             0.0367637
673738969384.703              -0.023297124
673739946478.5012             0.007989879
673740923572.2994             -0.021992154
673741900666.0977             -0.015925542
673742877759.896              0.0242393
673743854853.6942             -0.01922503
673744831947.4924             -0.038020127
673745809041.2908             -0.027058456
673746786135.089              -0.022565365
673747763228.8872             0.058848243
673748740322.6855             0.020480787
673749717416.4838             0.00067386695
673750694510.282              -0.0033431302
673751671604.0802             -0.002624708
673752648697.8785             -0.0016035537
673753625791.6768             -0.02208114
673754602885.475              -0.09463122
673755579979.2733             -1.637846e-05
673756557073.0715             0.037623134
673757534166.8698             -0.010035371
673758511260.6681             0.003245488
673759488354.4663             -0.040440977
673760465448.2645             -0.038692582
673761442542.0627             -0.028429925
673762419635.8611             0.028552933
673763396729.6593             0.101114295
673764373823.4575             0.04070423
673765350917.2559             0.006416298
673766328011.0541             -0.018424854
673767305104.8523             0.0133291865
673768282198.6506             0.019838748
673769259292.4489             0.01068364
673770236386.2471             0.018177552
673771213480.0453             0.023307504
673772190573.8436             0.03270798
673773167667.6418             0.0074310014
673774144761.4401             -0.066903375
673775121855.2384             -0.044199243
673776098949.0366             0.021674618
673777076042.8348             0.004481162
673778053136.633              -0.021065712
673779030230.4314             -0.00561471
673780007324.2296             -0.023759143
673780984418.0278             -0.022816502
673781961511.8262             -0.017237186
673782938605.6244             -0.0047864844
673783915699.4226             0.0012053425
673784892793.221              -0.0014399735
673785869887.0192             0.047117926
673786846980.8174             0.04384489
673787824074.6156             0.014697529
673788801168.414              0.032687508
673789778262.2122             0.069127135
673790755356.0104             0.018423693
673791732449.8087             -0.015034243
673792709543.6069             0.009514741
673793686637.4052             0.036581237
673794663731.2035             0.02498815
673795640825.0017             0.00467848
673796617918.7999             -0.045681693
673797595012.5981             -0.06422026
673798572106.3965             -0.05559845
673799549200.1947             0.01304654
673800526293.9929             0.018784638
673801503387.7913             0.012467268
673802480481.5895             -0.026987487
673803457575.3877             -0.0138334045
673804434669.1859             0.030945754
673805411762.9843             0.01168169
673806388856.7825             0.023279123
673807365950.5807             0.06839868
673808343044.379              -0.05944706
673809320138.1772             -0.002889684
673810297231.9755             0.008923083
673811274325.7738             -0.041121326
673812251419.572              -0.033018604
673813228513.3702             -0.090173826
673814205607.1685             -0.04932757
673815182700.9668             0.002422332
673816159794.765              -0.0065828743
673817136888.5632             0.043477558
673818113982.3616             -0.013315706
673819091076.1598             -0.0363525
673820068169.958              0.036954485
673821045263.7563             -0.011897541
673822022357.5546             0.007191045
673822999451.3528             0.038584545
673823976545.151              -0.025153356
673824953638.9493             -0.0150642
673825930732.7476             0.016480943
673826907826.5458             -0.0186757
673827884920.3441             0.01708842
673828862014.1423             0.0061579407
673829839107.9406             0.017194964
673830816201.7389             0.011010638
673831793295.5371             -0.014107154
673832770389.3353             0.03210496
673833747483.1335             0.023112515
673834724576.9319             -0.041546397
673835701670.7301             -0.020264417
673836678764.5283             -0.004763339
673837655858.3267             -0.009875001
673838632952.1249             -0.054872
673839610045.9231             0.003493154
673840587139.7213             0.03843197
673841564233.5197             0.032918222
673842541327.3179             0.016542116
673843518421.1161             0.012770339
673844495514.9144             -0.008432315
673845472608.7126             -0.04298988
673846449702.5109             -0.050247964
673847426796.3092             0.013965746
673848403890.1074             -0.0067216875
673849380983.9056             -0.022601362
673850358077.7039             0.017556978
673851335171.5022             0.016385365
673852312265.3004             0.030350924
673853289359.0986             0.022373663
673854266452.897              0.03877244
673855243546.6952             0.027151637
673856220640.4934             0.03393142
673857197734.2917             0.0086371405
673858174828.09               0.030458577
673859151921.8882             -0.031827293
673860129015.6864             -0.017890569
673861106109.4847             0.023799509
673862083203.283              -0.0044521475
673863060297.0812             -0.00957944
673864037390.8795             0.027065871
673865014484.6777             0.030212319
673865991578.476              0.016572354
673866968672.2742             0.006058354
673867945766.0725             -0.01125052
673868922859.8707             -0.012731798
673869899953.669              0.009081967
673870877047.4673             0.013573152
673871854141.2655             -0.016014565
673872831235.0637             -0.04316274
673873808328.862              0.03703895
673874785422.6603             0.07300653
673875762516.4585             0.013438477
673876739610.2567             0.011769331
673877716704.055              -0.027842456
673878693797.8533             -0.0023770025
673879670891.6515             -0.054727554
673880647985.4498             -0.05503027
673881625079.248              -0.0036987215
673882602173.0463             0.0008946685
673883579266.8446             -0.0057943575
673884556360.6428             0.025677359
673885533454.441              -0.02714493
673886510548.2393             0.03142752
673887487642.0376             -0.0033237007
673888464735.8358             0.048924167
673889441829.634              0.028954847
673890418923.4324             0.053816225
673891396017.2306             0.012610708
673892373111.0288             0.029862743
673893350204.8271             0.019433672
673894327298.6254             -0.006702803
673895304392.4236             0.0023431135
673896281486.2218             0.049057126
673897258580.0201             -0.04108288
673898235673.8184             -0.016081927
673899212767.6166             -0.022344632
673900189861.4149             0.006918283
673901166955.2131             0.061502825
673902144049.0114             0.023959422
673903121142.8096             -0.0026683398
673904098236.6079             -0.03176312
673905075330.4061             -0.01928849
673906052424.2043             0.02413417
673907029518.0027             0.015341199
673908006611.8009             0.007200639
673908983705.5991             0.041324034
673909960799.3975             0.145937
673910937893.1957             0.071313925
673911914986.9939             0.029973438
673912892080.7921             0.00448606
673913869174.5905             -0.030739987
673914846268.3887             -0.0071722716
673915823362.1869             0.014097355
673916800455.9852             0.07105146
673917777549.7834             -0.09469913
673918754643.5817             -0.028703157
673919731737.38               0.04305534
673920708831.1782             -0.0026730387
673921685924.9764             -0.02337864
673922663018.7747             -0.04110167
673923640112.573              0.021793675
673924617206.3712             -0.011747596
673925594300.1694             -0.046577517
673926571393.9678             -0.037909023
673927548487.766              -0.0027635626
673928525581.5642             -0.019465487
673929502675.3625             0.00042572257
673930479769.1608             0.00024124258
673931456862.959              0.006407928
673932433956.7572             -0.031006422
673933411050.5555             0.00078997476
673934388144.3538             0.04429484
673935365238.152              0.01109077
673936342331.9503             -0.009522088
673937319425.7485             0.006076911
673938296519.5468             0.026642878
673939273613.345              -0.042028625
673940250707.1433             0.054820325
673941227800.9415             0.04283399
673942204894.7397             0.048552208
673943181988.5381             0.012035631
673944159082.3363             -0.0046264906
673945136176.1345             -0.067618035
673946113269.9329             -0.07406551
673947090363.7311             -0.029095601
673948067457.5293             0.009326777
673949044551.3275             -0.05469081
673950021645.1259             -0.045086008
673950998738.9241             -0.038844954
673951975832.7223             -0.025403025
673952952926.5206             -0.035495408
673953930020.3188             -0.059387393
673954907114.1171             0.002572031
673955884207.9154             -0.01799169
673956861301.7136             0.002668154
673957838395.5118             0.050626013
673958815489.31               0.018034592
673959792583.1084             -0.0046443194
673960769676.9066             0.031160885
673961746770.7048             -0.009946738
673962723864.5032             -0.068651944
673963700958.3014             0.005912185
673964678052.0996             -0.02025156
673965655145.8978             -0.008337483
673966632239.6962             -0.023127344
673967609333.4944             -0.04867436
673968586427.2926             -0.040277325
673969563521.091              -0.031666726
673970540614.8892             0.015996888
673971517708.6874             0.04609419
673972494802.4857             0.064418815
673973471896.2839             -0.010850653
673974448990.0822             0.007303319
673975426083.8804             -0.022912325
673976403177.6787             -0.0077584838
673977380271.4769             -0.021274697
673978357365.2751             -0.03886856
673979334459.0735             -0.03160331
673980311552.8717             -0.03475891
673981288646.6699             -0.040580202
673982265740.4683             -0.030961776
673983242834.2665             -0.009963195
673984219928.0647             0.018886523
673985197021.8629             0.0007382503
673986174115.6613             0.026249925
673987151209.4595             -0.015264083
673988128303.2577             -0.013763075
673989105397.056              0.026174292
673990082490.8542             0.028753093
673991059584.6525             -0.0015962329
673992036678.4508             0.030562943
673993013772.249              -0.0034566296
673993990866.0472             -0.054219313
673994967959.8455             -0.030781513
673995945053.6438             -0.087067485
673996922147.442              -0.047966395
673997899241.2402             0.006690464
673998876335.0386             -0.008557252
673999853428.8368             -0.014335818
674000830522.635              -0.057612915
674001807616.4332             -0.021556893
674002784710.2316             -0.037020188
674003761804.0298             0.0010735951
674004738897.828              -0.009372483
674005715991.6263             0.004165634
674006693085.4246             -0.008049789
674007670179.2228             0.047965556
674008647273.0211             0.017230995
674009624366.8193             0.0036773968
674010601460.6176             -0.058129795
674011578554.4158             0.039758593
674012555648.2141             0.012349664
674013532742.0123             0.013792863
674014509835.8105             -0.04997592
674015486929.6089             0.048478644
674016464023.4071             0.059982006
674017441117.2053             0.027879037
674018418211.0037             0.014165098
674019395304.8019             0.015225862
674020372398.6001             0.042738255
674021349492.3983             0.038199134
674022326586.1967             -0.01054673
674023303679.9949             0.035757422
674024280773.7931             0.038446993
674025257867.5914             0.020210197
674026234961.3896             0.009789355
674027212055.1879             -0.0036153907
674028189148.9861             -0.024113687
674029166242.7844             0.007704853
674030143336.5826             0.004253646
674031120430.3809             0.008892591
674032097524.1792             0.0061050574
674033074617.9774             -0.00870427
674034051711.7756             0.007853684
674035028805.574              0.04785322
674036005899.3722             -0.005277473
674036982993.1704             -0.032883886
674037960086.9686             -0.014616309
674038937180.767              0.030050972
674039914274.5652             0.020696357
674040891368.3634             0.036630165
674041868462.1617             0.046616863
674042845555.96               0.07912656
674043822649.7582             0.03594649
674044799743.5565             0.06879931
674045776837.3547             0.02990163
674046753931.153              0.010684831
674047731024.9512             0.064927414
674048708118.7495             0.063935935
674049685212.5477             -0.025163658
674050662306.346              -0.008975816
674051639400.1443             -0.008564013
674052616493.9425             -0.013334738
674053593587.7407             -0.054404877
674054570681.5391             -0.028302992
674055547775.3373             0.0098893605
674056524869.1355             0.013011475
674057501962.9337             -0.042247254
674058479056.732              -0.0083447555
674059456150.5303             0.015974883
674060433244.3285             -0.006275899
674061410338.1268             0.014583183
674062387431.925              -0.035840813
674063364525.7233             -0.04427898
674064341619.5215             -0.0028047597
674065318713.3198             -0.03709854
674066295807.118              0.0098352
674067272900.9163             0.07154383
674068249994.7146             0.0042650285
674069227088.5128             0.065623075
674070204182.311              0.053642623
674071181276.1094             0.03634774
674072158369.9076             0.049552627
674073135463.7058             0.01061656
674074112557.504              0.013257755
674075089651.3024             -0.03285647
674076066745.1006             -0.07141004
674077043838.8988             -0.03452298
674078020932.6971             -0.008345266
674078998026.4954             -0.048777953
674079975120.2936             -0.062910624
674080952214.0919             -0.017892145
674081929307.8901             -0.034023453
674082906401.6884             -0.04978379
674083883495.4866             -0.0629282
674084860589.2849             -0.03835526
674085837683.0831             -0.0006169597
674086814776.8813             0.006068232
674087791870.6797             0.009282751
674088768964.4779             0.013009336
674089746058.2761             0.031564023
674090723152.0743             0.017444035
674091700245.8727             -0.021397905
674092677339.6709             0.016175631
674093654433.4691             -0.022650521
674094631527.2675             -0.05855917
674095608621.0657             0.015249861
674096585714.8639             -0.0074275653
674097562808.6622             -0.0073519624
674098539902.4604             -0.0021453993
674099516996.2587             0.009734939
674100494090.0569             0.008517667
674101471183.8552             -0.016429232
674102448277.6534             -0.05585757
674103425371.4517             -0.024190791
674104402465.25               -0.008396895
674105379559.0482             -0.026515009
674106356652.8464             -0.029651755
674107333746.6448             0.017042477
674108310840.443              0.014108979
674109287934.2412             -0.052176595
674110265028.0394             -0.08658651
674111242121.8378             -0.031157851
674112219215.636              -0.01689053
674113196309.4342             0.0125009
674114173403.2325             -0.00220118
674115150497.0308             0.0014489837
674116127590.829              0.0033652424
674117104684.6273             0.013833665
674118081778.4255             0.008833507
674119058872.2238             0.05265656
674120035966.022              -0.00027669573
674121013059.8203             -0.00373951
674121990153.6185             0.010227539
674122967247.4167             0.012183548
674123944341.2151             -0.0038845055
674124921435.0133             -0.003970898
674125898528.8115             0.006392924
674126875622.6097             -0.012249889
674127852716.4081             -0.009976322
674128829810.2063             -0.009183066
674129806904.0045             -0.043719646
674130783997.8029             -0.03704679
674131761091.6011             -0.006881647
674132738185.3993             0.03245209
674133715279.1976             -0.0055779633
674134692372.9958             0.010204
674135669466.7941             0.044398714
674136646560.5923             0.0051418077
674137623654.3906             0.021496415
674138600748.1888             0.01424168
674139577841.987              -0.0625844
674140554935.7854             -0.016940793
674141532029.5836             -0.013800459
674142509123.3818             -0.017028442
674143486217.1802             -0.020184739
674144463310.9784             -0.0070472495
674145440404.7766             -0.07440557
674146417498.5748             -0.024011228
674147394592.3732             -0.039052464
674148371686.1714             -0.02507016
674149348779.9696             -0.051052105
674150325873.768              0.02237879
674151302967.5662             0.0073157838
674152280061.3644             -0.06462759
674153257155.1626             0.0035039457
674154234248.9609             0.07665334
674155211342.7592             0.044151194
674156188436.5574             0.029662356
674157165530.3557             -0.020451099
674158142624.1539             -0.026320832
674159119717.9521             0.022986365
674160096811.7505             0.04551765
674161073905.5487             -0.04757945
674162050999.3469             0.014263885
674163028093.1451             0.007247619
674164005186.9435             -0.022218572
674164982280.7417             0.003342943
674165959374.5399             -0.03129525
674166936468.3383             -0.061259825
674167913562.1365             -0.02325719
674168890655.9347             -0.02750376
674169867749.733              -0.040349815
674170844843.5312             -0.05318369
674171821937.3295             -0.016093647
674172799031.1277             0.010329447
674173776124.926              -0.010145075
674174753218.7242             0.016216287
674175730312.5225             0.011945895
674176707406.3208             0.033400968
674177684500.119              -0.0036283499
674178661593.9172             0.0029436108
674179638687.7156             -0.021773607
674180615781.5138             0.019856434
674181592875.312              0.00037811644
674182569969.1102             0.058582656
674183547062.9086             0.013730794
674184524156.7068             0.0075397105
674185501250.505              0.010267499
674186478344.3033             0.048089627
674187455438.1016             -0.0056168633
674188432531.8998             -0.057266545
674189409625.698              -0.023591053
674190386719.4963             0.019467829
674191363813.2946             0.014624697
674192340907.0928             0.05396361
674193318000.8911             0.012157248
674194295094.6893             -0.025691113
674195272188.4875             0.010482637
674196249282.2859             -0.018721836
674197226376.0841             -0.0011653367
674198203469.8823             0.0011746797
674199180563.6805             -0.0053937174
674200157657.4789             -0.020875664
674201134751.2771             -0.031547274
674202111845.0753             -0.021246076
674203088938.8737             0.024617894
674204066032.6719             -0.014039357
674205043126.4701             0.014848746
674206020220.2684             0.019373393
674206997314.0667             0.017128874
674207974407.8649             0.02705009
674208951501.6631             0.031406574
674209928595.4614             0.04608018
674210905689.2596             0.015910035
674211882783.0579             -0.032687135
674212859876.8562             -0.03673765
674213836970.6544             -0.06702199
674214814064.4526             -0.042605508
674215791158.2509             -0.012949376
674216768252.0492             0.014652669
674217745345.8474             -0.010726516
674218722439.6456             -0.029512733
674219699533.444              -0.030995408
674220676627.2422             0.0027709675
674221653721.0404             0.00029918892
674222630814.8387             0.019942302
674223607908.637              -0.0012272521
674224585002.4352             -0.01553167
674225562096.2334             0.04706029
674226539190.0317             -0.004530843
674227516283.83               -0.00024263139
674228493377.6282             -0.022653148
674229470471.4265             0.0288086
674230447565.2247             0.00027435835
674231424659.023              -0.014731046
674232401752.8213             -0.030197373
674233378846.6195             -0.018848632
674234355940.4177             0.018130397
674235333034.216              -0.020855883
674236310128.0143             -0.063483596
674237287221.8125             -0.047302682
674238264315.6107             -0.017320594
674239241409.409              0.010705312
674240218503.2073             0.050590523
674241195597.0055             0.059721313
674242172690.8038             0.019653909
674243149784.602              -0.022899926
674244126878.4003             0.032250706
674245103972.1985             -0.015927522
674246081065.9968             -0.03691562
674247058159.795              -0.04279099
674248035253.5933             0.04741559
674249012347.3916             0.008652002
674249989441.1898             0.009906901
674250966534.988              0.014075346
674251943628.7863             0.033659916
674252920722.5846             -0.017941676
674253897816.3828             0.03129195
674254874910.181              0.007402065
674255852003.9794             -0.0065594628
674256829097.7776             -0.06976193
674257806191.5758             -0.043058105
674258783285.3741             0.011084568
674259760379.1724             -0.015943764
674260737472.9706             -0.02939977
674261714566.7688             0.029586567
674262691660.5671             0.022954872
674263668754.3654             -0.024120968
674264645848.1636             -0.024648301
674265622941.9619             -0.012417809
674266600035.7601             0.019550724
674267577129.5583             -0.022819161
674268554223.3567             0.0015279457
674269531317.1549             0.034184035
674270508410.9531             -0.0065155923
674271485504.7513             -0.00991935
674272462598.5497             0.037259277
674273439692.3479             -0.050044097
674274416786.1461             -0.018586433
674275393879.9445             0.022137638
674276370973.7427             0.038155146
674277348067.5409             0.0028459888
674278325161.3391             0.005343963
674279302255.1375             0.026883619
674280279348.9357             0.040266726
674281256442.7339             0.067838475
674282233536.5322             0.049988642
674283210630.3304             0.027807254
674284187724.1287             -0.018990023
674285164817.927              -0.06290239
674286141911.7252             -0.078885935
674287119005.5234             0.039557237
674288096099.3217             0.010291843
674289073193.12               0.015165774
674290050286.9182             -0.0005359029
674291027380.7164             -0.0220815
674292004474.5148             0.0007467999
674292981568.313              -0.058494512
674293958662.1112             -0.0057311556
674294935755.9095             0.0013357691
674295912849.7078             0.022114469
674296889943.506              0.043142762
674297867037.3042             0.047726136
674298844131.1025             0.022478703
674299821224.9008             -0.0154169435
674300798318.699              -0.00528752
674301775412.4973             0.022624899
674302752506.2955             0.028955992
674303729600.0938             0.058251537
674304706693.8921             0.034603145
674305683787.6903             -0.0052070227
674306660881.4885             0.008471274
674307637975.2867             -0.017498707
674308615069.0851             -0.020613896
674309592162.8833             -0.033700086
674310569256.6815             -0.044013817
674311546350.4799             0.014788762
674312523444.2781             -0.0095349
674313500538.0763             0.012011294
674314477631.8745             0.05107128
674315454725.6729             0.041912876
674316431819.4711             0.04506195
674317408913.2693             0.01762047
674318386007.0676             -0.013438154
674319363100.8658             0.024514167
674320340194.6641             0.005431018
674321317288.4624             0.016678622
674322294382.2606             0.033290647
674323271476.0588             0.03717132
674324248569.857              -0.04376608
674325225663.6554             -0.03210674
674326202757.4536             0.010528741
674327179851.2518             0.058988366
674328156945.0502             0.055855002
674329134038.8484             0.046306703
674330111132.6466             -0.003668321
674331088226.445              0.013091181
674332065320.2432             0.01839606
674333042414.0414             -0.03507375
674334019507.8396             -0.017736878
674334996601.638              0.05455243
674335973695.4362             0.0156126665
674336950789.2344             -0.022954978
674337927883.0327             0.02510261
674338904976.8309             -0.0035310031
674339882070.6292             0.024121627
674340859164.4275             0.03810587
674341836258.2257             -0.0029961627
674342813352.0239             -0.0072349324
674343790445.8221             0.045825593
674344767539.6205             0.0070417533
674345744633.4187             -0.02961898
674346721727.2169             -0.044899803
674347698821.0153             -0.028956734
674348675914.8135             0.04824514
674349653008.6117             -0.00997819
674350630102.4099             -0.028214155
674351607196.2083             0.0022748932
674352584290.0065             0.0064935656
674353561383.8047             -0.055057444
674354538477.603              -0.014823559
674355515571.4012             -0.0155481575
674356492665.1995             0.028074028
674357469758.9978             0.00690707
674358446852.796              0.016203228
674359423946.5942             0.039817847
674360401040.3925             0.009919765
674361378134.1908             -0.004109265
674362355227.989              -0.009367353
674363332321.7872             0.014539777
674364309415.5856             -0.024148088
674365286509.3838             -0.028364016
674366263603.182              -0.02837332
674367240696.9803             0.019654619
674368217790.7786             0.037918188
674369194884.5768             0.022594249
674370171978.375              0.026769862
674371149072.1733             -0.03272772
674372126165.9716             -0.062458895
674373103259.7698             -0.041834556
674374080353.5681             -0.0054744277
674375057447.3663             0.012138454
674376034541.1646             0.011773225
674377011634.9628             -0.029882256
674377988728.7611             -0.014927976
674378965822.5593             0.011647313
674379942916.3575             0.025408598
674380920010.1559             0.018071767
674381897103.9541             -0.042969953
674382874197.7523             -0.007905935
674383851291.5507             0.02528377
674384828385.3489             0.04259494
674385805479.1471             0.019086177
674386782572.9453             -0.0077356976
674387759666.7437             -0.055463064
674388736760.5419             -0.01314605
674389713854.3401             0.012419368
674390690948.1384             -0.0003461012
674391668041.9366             -0.01711606
674392645135.7349             -0.035424702
674393622229.5332             -0.047057677
674394599323.3314             -0.046808083
674395576417.1296             -0.04918003
674396553510.9279             -0.031248363
674397530604.7262             0.037948303
674398507698.5244             0.055882826
674399484792.3226             0.04769091
674400461886.121              0.019136705
674401438979.9192             0.029770495
674402416073.7174             0.029753013
674403393167.5157             0.009704858
674404370261.314              0.007919078
674405347355.1122             -0.012576643
674406324448.9104             0.04244094
674407301542.7087             -0.0052549522
674408278636.507              -0.0124676535
674409255730.3052             0.0037521087
674410232824.1035             -0.061164316
674411209917.9017             -0.006062243
674412187011.7                0.03818449
674413164105.4982             -0.009189753
674414141199.2965             -0.022316387
674415118293.0947             0.011934678
674416095386.893              -0.02292201
674417072480.6913             0.024026956
674418049574.4895             0.04394633
674419026668.2877             0.014820312
674420003762.086              -0.017769564
674420980855.8843             -0.022075968
674421957949.6825             -0.015124039
674422935043.4807             -0.007931555
674423912137.279              0.02218979
674424889231.0773             0.019636262
674425866324.8755             0.029062863
674426843418.6738             -0.014398477
674427820512.472              -0.03619052
674428797606.2703             0.0027859083
674429774700.0686             0.012692366
674430751793.8668             0.015453069
674431728887.665              -0.0027648904
674432705981.4633             0.024096306
674433683075.2616             0.0050505055
674434660169.0598             0.018121814
674435637262.858              0.033362586
674436614356.6564             -0.02193681
674437591450.4546             -0.030017488
674438568544.2528             -0.009188792
674439545638.051              -0.033915322
674440522731.8494             -0.023274198
674441499825.6476             -0.024464877
674442476919.4458             -0.023440326
674443454013.2441             -0.020892173
674444431107.0424             -0.03898127
674445408200.8406             -0.014358688
674446385294.6389             -0.010298874
674447362388.4371             0.010347557
674448339482.2354             -0.0040999413
674449316576.0336             -0.016589737
674450293669.8319             0.02033863
674451270763.6301             0.02780917
674452247857.4283             0.024860274
674453224951.2267             0.0155822085
674454202045.0249             -0.019964986
674455179138.8231             -0.020207668
674456156232.6215             -0.0010598674
674457133326.4197             -0.0010248898
674458110420.2179             0.0012215573
674459087514.0161             -0.015264316
674460064607.8145             0.022228604
674461041701.6127             0.0043923124
674462018795.4109             0.0043889387
674462995889.2092             0.00043985285
674463972983.0074             0.010827727
674464950076.8057             0.0021471975
674465927170.604              0.05026471
674466904264.4022             0.038301196
674467881358.2004             0.031241592
674468858451.9987             -0.022672404
674469835545.797              -0.046831317
674470812639.5952             -0.006370151
674471789733.3934             -0.008918052
674472766827.1918             -0.057005525
674473743920.99               -0.02574727
674474721014.7882             0.023892669
674475698108.5864             0.013589995
674476675202.3848             0.04087164
674477652296.183              0.007715359
674478629389.9812             -0.0026876729
674479606483.7795             0.010675563
674480583577.5778             0.06923232
674481560671.376              0.038392574
674482537765.1743             0.0026280826
674483514858.9725             -0.07833226
674484491952.7708             -0.06868953
674485469046.569              -0.017368024
674486446140.3673             0.021710861
674487423234.1655             0.020609315
674488400327.9637             0.031136602
674489377421.7621             0.0096526
674490354515.5603             -0.049414113
674491331609.3585             0.0062740985
674492308703.1569             0.03648582
674493285796.9551             0.032597765
674494262890.7533             -0.004127119
674495239984.5515             -0.02751334
674496217078.3499             0.013020732
674497194172.1481             0.0069352104
674498171265.9463             -0.005367939
674499148359.7446             0.026444586
674500125453.5428             0.015212619
674501102547.3411             -0.027351128
674502079641.1393             -9.645861e-05
674503056734.9376             0.002398144
674504033828.7358             -0.050170526
674505010922.534              -0.046253502
674505988016.3324             -0.068652414
674506965110.1306             -0.035033334
674507942203.9288             -0.007774171
674508919297.7272             -0.029831111
674509896391.5254             -0.00418428
674510873485.3236             0.019192161
674511850579.1218             -0.07379492
674512827672.9202             -0.043357514
674513804766.7184             -0.046769507
674514781860.5166             -0.04282804
674515758954.315              0.0123831555
674516736048.1132             0.020489054
674517713141.9114             -0.0058841747
674518690235.7097             0.016547456
674519667329.5079             0.03696746
674520644423.3062             -0.04985105
674521621517.1044             -0.06167862
674522598610.9027             -0.020356204
674523575704.7009             0.0061302246
674524552798.4991             -0.0045137685
674525529892.2975             0.00449634
674526506986.0957             -0.0029282025
674527484079.8939             -0.0014323893
674528461173.6923             -0.027940271
674529438267.4905             -0.04855354
674530415361.2887             -0.06276352
674531392455.0869             -0.06395106
674532369548.8853             0.01067758
674533346642.6835             0.00037451898
674534323736.4817             -0.01029035
674535300830.28               0.0209846
674536277924.0782             0.054951545
674537255017.8765             -0.03719715
674538232111.6747             -0.040604614
674539209205.473              0.034599625
674539216888.7                0.028218389
674540186299.2712             0.05896646
674540193982.5985             0.027353514
674541163393.0695             0.021152182
674541171076.497              0.016264694
674542140486.8678             0.0722933
674542148170.3955             0.0014967276
674543117580.666              0.060703196
674543125264.2941             -0.034486093
674544094674.4642             0.014427639
674544102358.1926             -0.00066420663
674545071768.2626             -0.011213485
674545079452.0911             0.018575437
674546048862.0608             -0.028527355
674546056545.9896             0.031362526
674547025955.859              0.032470908
674547033639.8882             -0.010117532
674548003049.6572             0.010356803
674548010733.7867             -0.07484829
674548980143.4556             -0.05655839
674548987827.6852             -0.050537758
674549957237.2538             -0.010187141
674549964921.5837             -0.029405966
674550934331.052              0.03929406
674550942015.4823             -0.08460864
674551911424.8503             -0.04573409
674551919109.3807             -0.070569575
674552888518.6486             -0.0049134307
674552896203.2793             -0.048607133
674553865612.4468             -0.00094458787
674553873297.1779             -0.006323489
674554842706.2451             0.008072257
674554850391.0764             0.056278408
674555819800.0433             0.034859613
674555827484.9749             0.024809571
674556796893.8416             0.00752969
674556804578.8734             0.0018939456
674557773987.6398             0.009214635
674557781672.772              0.01953274
674558751081.4381             -0.017213818
674558758766.6705             -0.04170259
674559728175.2363             -0.01127823
674559735860.569              -0.011901099
674560705269.0345             -0.041220024
674560712954.4675             0.051676616
674561682362.8329             0.023287041
674561690048.3661             0.068931304
674562659456.6311             0.08837868
674562667142.2645             0.07864221
674563636550.4293             0.027903046
674563644236.1631             0.063059844
674564613644.2275             -0.014854982
674564621330.0616             -0.0030150549
674565590738.0259             -0.022078337
674565598423.9602             0.02222386
674566567831.8241             0.0047532045
674566575517.8586             0.060027532
674567544925.6223             0.07847408
674567552611.7572             0.048110083
674568522019.4207             0.04341862
674568529705.6558             0.036838155
674569499113.2189             -0.0046408894
674569506799.5542             0.023824073
674570476207.0171             0.006905176
674570483893.4528             0.016811775
674571453300.8154             0.03757335
674571460987.3513             0.018907052
674572430394.6136             0.06903449
674572438081.2499             -0.021819727
674573407488.4119             0.029634317
674573415175.1483             0.015818764
674574384582.2101             0.011944655
674574392269.0469             -0.007919138
674575361676.0084             0.018998634
674575369362.9454             -0.0219957
674576338769.8066             -0.031005833
674576346456.844              -0.03722962
674577315863.6049             -0.04553036
674577323550.7424             -0.026542809
674578292957.4032             -0.009423159
674578300644.641              -0.020115407
674579270051.2014             -0.032186024
674579277738.5396             0.0015925142
674580247144.9996             0.047389627
674580254832.438              0.008053214
674581224238.798              0.09952491
674581231926.3365             0.004769132
674582201332.5962             0.031216484
674582209020.2351             -0.086259775
674583178426.3944             -0.044130463
674583186114.1337             -0.016619261
674584155520.1926             0.014521195
674584163208.0321             0.097231194
674585132613.991              0.046299394
674585140301.9307             -0.00045569683
674586109707.7892             -0.029093318
674586117395.8292             0.01244199
674587086801.5874             -0.0037950242
674587094489.7278             0.06856126
674588063895.3857             0.030548444
674588071583.6262             0.0154718505
674589040989.184              0.003354847
674589048677.5248             -0.02337457
674590018082.9822             -0.047110096
674590025771.4233             -0.0242167
674590995176.7805             -0.053981
674591002865.3218             -0.01208456
674591972270.5787             0.0005406967
674591979959.2203             -0.021832796
674592949364.377              -0.009608024
674592957053.1189             0.00622869
674593926458.1752             0.0021121793
674593934147.0175             0.013028414
674594903551.9735             -0.0012844439
674594911240.9159             0.01166873
674595880645.7717             0.0188211
674595888334.8145             -0.012771152
674596857739.57               0.02011357
674596865428.713              -0.056065314
674597834833.3683             -0.028952954
674597842522.6116             -0.03602186
674598811927.1665             -0.03397245
674598819616.51               -0.029814279
674599789020.9647             -0.019687194
674599796710.4086             -0.015011636
674600766114.763              -0.009882922
674600773804.3071             -0.025739051
674601743208.5613             -0.0021817144
674601750898.2056             0.012879918
674602720302.3595             0.0004835373
674602727992.1041             0.035696067
674603697396.1577             -0.023005234
674603705086.0027             0.03571199
674604674489.956              -0.007449507
674604682179.9012             0.032877184
674605651583.7543             -0.010494068
674605659273.7997             0.00921178
674606628677.5525             -0.04741974
674606636367.6982             0.0074479165
674607605771.3508             -0.047893718
674607613461.5968             -0.028202677
674608582865.149              -0.0116792
674608590555.4954             0.011957575
674609559958.9473             0.04349276
674609567649.3938             0.0027795618
674610537052.7455             -0.011002802
674610544743.2924             -0.018312316
674611514146.5438             -0.027784124
674611521837.1909             0.0129630435
674612491240.342              -0.0038623938
674612498931.0894             0.03857106
674613468334.1403             0.043151967
674613476024.9879             0.008745603
674614445427.9386             0.046075366
674614453118.8865             -0.0016014942
674615422521.7368             0.043245733
674615430212.785              0.045760185
674616399615.535              0.044039544
674616407306.6835             0.040383242
674617376709.3334             0.027315276
674617384400.582              0.006505618
674618353803.1316             0.026507918
674618361494.4806             -0.006284069
674619330896.9298             -0.005326637
674619338588.379              -0.024408981
674620307990.728              -0.0005217212
674620315682.2776             0.010343185
674621285084.5264             -0.02818669
674621292776.1761             0.05869659
674622262178.3246             -0.01684752
674622269870.0747             0.029320648
674623239272.1228             0.010408206
674623246963.9731             -0.007967205
674624216365.9211             -0.011515089
674624224057.8717             0.007860771
674625193459.7194             0.00900338
674625201151.7703             0.047172025
674626170553.5176             0.050352488
674626178245.6688             -0.026623111
674627147647.3158             -0.045769643
674627155339.5673             -0.047552537
674628124741.1141             -0.04296709
674628132433.4658             -0.013283128
674629101834.9124             -0.005323281
674629109527.3644             0.023907192
674630078928.7106             -0.01890697
674630086621.2628             0.00018586454
674631056022.5089             0.010887298
674631063715.1614             -0.006313231
674632033116.3071             -0.0026480148
674632040809.0599             0.014198885
674633010210.1053             0.025304558
674633017902.9585             0.034809276
674633987303.9037             -0.0055416296
674633994996.8569             0.021558087
674634964397.7019             -0.072085544
674634972090.7555             0.0045962147
674635941491.5001             -0.013151154
674635949184.654              -0.040286083
674636918585.2983             -0.013463448
674636926278.5526             0.018331805
674637895679.0967             0.01578042
674637903372.451              0.0010779774
674638872772.8949             0.0017786636
674638880466.3496             0.039738998
674639849866.6931             0.04113258
674639857560.2482             0.043105934
674640826960.4915             -0.012483314
674640834654.1466             0.054325197
674641804054.2897             0.039779365
674641811748.0452             0.030714577
674642781148.0879             0.047647566
674642788841.9437             0.03921035
674643758241.8862             0.054400504
674643765935.8423             0.021316437
674644735335.6844             0.017337978
674644743029.7407             0.037783608
674645712429.4827             -0.026756408
674645720123.6393             0.0044531347
674646689523.2809             -0.019901436
674646697217.5378             -0.03350281
674647666617.0792             -0.013422875
674647674311.4364             -0.00985817
674648643710.8774             0.0010142305
674648651405.3348             -0.020619515
674649620804.6757             -0.015665267
674649628499.2334             0.028043691
674650597898.474              0.051205482
674650605593.132              -0.021226835
674651574992.2722             0.05400777
674651582687.0304             -0.025905527
674652552086.0704             0.05580374
674652559780.929              -0.041099764
674653529179.8688             0.051195897
674653536874.8275             -0.018442014
674654506273.667              0.065621726
674654513968.7261             -0.0027188512
674655483367.4652             0.059399102
674655491062.6245             -0.027300732
674656460461.2634             0.004543657
674656468156.5231             -0.04391522
674657437555.0618             -0.0075737443
674657445250.4216             0.017159319
674658414648.86               -0.009434665
674658422344.3202             0.0051544663
674659399438.2186             -0.010077657
674660376532.1172             -0.02370545
674661353626.0157             0.007864706
674662330719.9142             0.0073431255
674663307813.8127             -0.05808683
674664284907.7113             -0.053935207
674665262001.6099             0.0010899524
674666239095.5083             -0.01682881
674667216189.4069             -0.0588727
674668193283.3054             0.01862397
674669170377.2039             0.023946917
674670147471.1024             0.0014431193
674671124565.001              -0.040905222
674672101658.8995             -0.023242055
674673078752.798              0.001675972
674674055846.6965             -0.03152496
674675032940.5951             0.008821917
674676010034.4937             0.018456388
674676987128.3921             -0.01827188
674677964222.2906             -0.04066503
674678941316.1892             -0.06789205
674679918410.0876             -0.018379888
674680895503.9862             0.0018634677
674681872597.8848             0.016622258
674682849691.7833             0.037916116
674683826785.6818             0.06085665
674684803879.5803             0.0016461321
674685780973.4789             -0.018648122
674686758067.3774             -0.012915127
674687735161.2759             -0.00044636638
674688712255.1744             -0.0070666745
674689689349.073              -0.0024351762
674690666442.9714             0.0097267935
674691643536.87               0.030555781
674692620630.7686             -0.0032148194
674693597724.6671             -0.0003356157
674694574818.5656             0.009835106
674695551912.4641             0.0930138
674696529006.3627             0.023027508
674697506100.2612             -0.040588588
674698483194.1597             -0.0046376786
674699460288.0582             -0.030140145
674700437381.9568             0.021853976
674701414475.8552             0.05894147
674702391569.7538             -0.0077098445
674703368663.6523             0.014030509
674704345757.5509             0.023249524
674705322851.4493             0.0026742828
674706299945.3479             -0.04838266
674707277039.2465             -0.0907766
674708254133.145              -0.07173701
674709231227.0435             -0.031633526
674710208320.942              -0.03107083
674711185414.8406             -0.03551272
674712162508.739              0.00087663374
674713139602.6376             0.02440014
674714116696.5361             -0.002373058
674715093790.4347             0.03070567
674716070884.3331             0.048682466
674717047978.2317             -0.005734135
674718025072.1302             0.007883493
674719002166.0288             -0.024502318
674719979259.9272             -0.022256156
674720956353.8258             -0.01961132
674721933447.7244             0.02258175
674722910541.6228             -0.028518742
674723887635.5214             -0.10316488
674724864729.4199             -0.0268038
674725841823.3185             0.033885945
674726818917.2169             -0.020392649
674727796011.1155             -0.07361422
674728773105.014              -0.057066
674729750198.9125             -0.019063098
674730727292.811              0.01268485
674731704386.7096             -0.010773061
674732681480.6082             0.025972074
674733658574.5066             -0.009680935
674734635668.4052             0.0039890907
674735612762.3037             0.016344296
674736589856.2023             -0.017544715
674737566950.1007             -0.011092019
674738544043.9993             -0.009149681
674739521137.8978             -0.0371657
674740498231.7963             -0.0025266174
674741475325.6948             0.002736479
674742452419.5934             0.036026146
674743429513.492              0.022601563
674744406607.3904             0.03160576
674745383701.289              0.013032507
674746360795.1875             -0.0014420708
674747337889.086              -0.037894335
674748314982.9845             0.050764933
674749292076.883              0.06409935
674750269170.7816             0.03916443
674751246264.68               0.04197558
674752223358.5786             0.029912254
674753200452.4772             0.04424833
674754177546.3757             0.03241536
674755154640.2742             -0.00084580237
674756131734.1727             -0.003020231
674757108828.0713             -0.019972445
674758085921.9698             -0.029488139
674759063015.8683             0.028808601
674760040109.7668             0.0020028292
674761017203.6654             -0.063205086
674761994297.5638             -0.045582797
674762971391.4624             -0.02726693
674763948485.361              0.0150044365
674764925579.2595             0.06034662
674765902673.158              0.06952045
674766879767.0565             -0.004870884
674767856860.9551             0.025657125
674768833954.8536             0.027310586
674769811048.7521             0.020216966
674770788142.6506             0.03686502
674771765236.5492             0.005178617
674772742330.4476             -0.04364221
674773719424.3462             -0.04882276
674774696518.2448             0.028628144
674775673612.1433             0.011652958
674776650706.0417             0.039451085
674777627799.9403             0.033477712
674778604893.8389             0.060406405
674779581987.7373             -0.007071408
674780559081.6359             -0.032841906
674781536175.5344             -0.029289003
674782513269.433              -0.034013797
674783490363.3314             -0.0058513945
674784467457.23               0.019121604
674785444551.1285             -0.015382806
674786421645.0271             0.00015321908
674787398738.9255             0.0036601182
674788375832.8241             0.010628531
674789352926.7227             0.02957999
674790330020.6211             0.04178529
674791307114.5197             0.016311398
674792284208.4182             -0.01611739
674793261302.3168             0.015308768
674794238396.2152             0.0062984894
674795215490.1138             -0.03343569
674796192584.0123             0.008716841
674797169677.9109             0.041556466
674798146771.8093             0.016172871
674799123865.7079             0.0015236408
674800100959.6064             -0.062124614
674801078053.5049             -0.08761921
674802055147.4034             -0.0907406
674803032241.302              -0.06484331
674804009335.2006             0.031669058
674804986429.099              0.025777603
674805963522.9976             -0.00067376747
674806940616.8961             0.03690741
674807917710.7947             -0.011129091
674808894804.6931             -0.0011968348
674809871898.5917             0.006469411
674810848992.4902             -0.009850361
674811826086.3887             -0.013899
674812803180.2872             -0.026551945
674813780274.1858             -0.04959171
674814757368.0844             -0.012787188
674815734461.9828             -0.06253139
674816711555.8813             -0.030194834
674817688649.7799             0.006435252
674818665743.6785             0.031426307
674819642837.5769             0.0029071192
674820619931.4755             0.013404317
674821597025.374              0.0071008937
674822574119.2725             0.0035705538
674823551213.171              0.037703898
674824528307.0696             0.027237201
674825505400.9681             0.020298628
674826482494.8666             -0.00083898456
674827459588.7651             0.017069455
674828436682.6637             0.0038972183
674829413776.5621             0.0014345075
674830390870.4607             0.01823891
674831367964.3593             -0.0005241517
674832345058.2578             0.00196395
674833322152.1562             -0.04817486
674834299246.0548             -0.008488988
674835276339.9534             0.039194394
674836253433.8519             0.0112870615
674837230527.7504             -0.020538682
674838207621.6489             0.014328169
674839184715.5475             0.036243986
674840161809.4459             -0.033308677
674841138903.3445             -0.021582818
674842115997.243              0.0050477525
674843093091.1416             0.006992657
674844070185.04               -0.012698903
674845047278.9386             -0.028960476
674846024372.8372             -0.0010345806
674847001466.7357             -0.008266535
674847978560.6342             0.019985076
674848955654.5327             0.031240897
674849932748.4313             -0.02381876
674850909842.3297             0.01677785
674851886936.2283             0.026855377
674852864030.1268             0.006034046
674853841124.0254             -0.004694833
674854818217.9238             0.01831201
674855795311.8224             -0.0008107194
674856772405.721              0.021437395
674857749499.6195             0.054107774
674858726593.518              0.01662581
674859703687.4165             -0.04502983
674860680781.3151             0.00571304
674861657875.2135             0.062544346
674862634969.112              0.07229668
674863612063.0106             0.05051285
674864589156.9092             -0.0025959883
674865566250.8076             -0.021861205
674866543344.7062             0.013111687
674867520438.6047             0.009082754
674868497532.5033             -0.019144848
674869474626.4017             0.013907591
674870451720.3003             0.054826837
674871428814.1989             0.018391058
674872405908.0973             0.0007018177
674873383001.9958             -0.010292273
674874360095.8944             -0.029857382
674875337189.793              -0.10014571
674876314283.6914             -0.059921876
674877291377.59               -0.016436756
674878268471.4885             -0.001003686
674879245565.387              0.040472817
674880222659.2855             0.002332116
674881199753.1841             0.023701569
674882176847.0826             -0.012187451
674883153940.9811             -0.0043555037
674884131034.8796             0.018012963
674885108128.7782             0.007416342
674886085222.6768             -0.005780933
674887062316.5752             -0.0428336
674888039410.4738             -0.023519412
674889016504.3723             -0.031379607
674889993598.2708             0.014361622
674890970692.1693             0.017562836
674891947786.0679             -0.022009633
674892924879.9664             0.02542354
674893901973.8649             -0.008372649
674894879067.7634             -0.02572284
674895856161.662              0.0051703774
674896833255.5605             0.039729934
674897810349.459              -0.033563975
674898787443.3575             -0.02548806
674899764537.2561             0.015923392
674900741631.1545             0.026439225
674901718725.0531             -0.008560671
674902695818.9517             0.016570227
674903672912.8502             0.043922503
674904650006.7487             0.0369937
674905627100.6472             0.044828866
674906604194.5458             0.0030276855
674907581288.4443             0.0020677003
674908558382.3428             -0.03837878
674909535476.2413             -0.0457344
674910512570.1399             -0.026960822
674911489664.0383             0.024227293
674912466757.9369             -0.0024851577
674913443851.8354             -0.039806623
674914420945.734              -0.041240383
674915398039.6324             -0.017505888
674916375133.531              -0.06754218
674917352227.4296             -0.008585649
674918329321.3281             -0.012463223
674919306415.2266             0.011637526
674920283509.1251             0.05825249
674921260603.0237             -0.0054063736
674922237696.9221             0.018060848
674923214790.8207             0.009586209
674924191884.7192             0.0075959535
674925168978.6178             -0.0054327142
674926146072.5162             -0.026747828
674927123166.4148             -0.022450129
674928100260.3134             0.017687922
674929077354.2118             0.050994754
674930054448.1104             -0.00034696845
674931031542.0089             0.0077524674
674932008635.9075             0.010337316
674932985729.8059             0.008891107
674933962823.7045             -0.029215237
674934939917.603              -0.001081058
674935917011.5016             -0.003471461
674936894105.4                -0.014019742
674937871199.2986             0.0067033204
674938848293.1971             0.01581848
674939825387.0956             -0.012989141
674940802480.9941             -0.00034158185
674941779574.8927             -0.0063731615
674942756668.7913             0.015371569
674943733762.6897             0.0013036864
674944710856.5883             0.0025890511
674945687950.4868             0.00028826448
674946665044.3854             -0.021957446
674947642138.2838             0.053271312
674948619232.1824             0.049950987
674949596326.0809             0.019404108
674950573419.9794             -0.02261479
674951550513.8779             -0.022892257
674952527607.7765             -0.06851165
674953504701.675              -0.032322496
674954481795.5735             -0.03612406
674955458889.472              0.04024948
674956435983.3706             -0.044854056
674957413077.2692             0.039403867
674958390171.1676             0.023478178
674959367265.0662             0.024386834
674960344358.9647             -0.005604873
674961321452.8632             -0.041025948
674962298546.7617             -0.02516848
674963275640.6603             0.012330916
674964252734.5588             0.042604808
674965229828.4573             0.0101113785
674966206922.3558             -0.021700526
674967184016.2544             -0.051708035
674968161110.153              -0.029924959
674969138204.0514             -0.024237065
674970115297.95               -0.00671454
674971092391.8485             0.03132108
674972069485.747              0.007870115
674973046579.6455             -0.011418146
674974023673.5441             -0.001213119
674975000767.4426             -0.031735152
674975977861.3411             -0.016247606
674976954955.2396             0.0033212279
674977932049.1382             -0.024484357
674978909143.0367             -0.00013824491
674979886236.9352             -0.006772373
674980863330.8337             -0.04088765
674981840424.7323             -0.019135587
674982817518.6307             -0.010097391
674983794612.5293             0.06077558
674984771706.4279             0.07631067
674985748800.3264             0.008567123
674986725894.2249             -0.0046478477
674987702988.1234             0.067241535
674988680082.022              0.0370711
674989657175.9204             -0.018227436
674990634269.819              -0.061140474
674991611363.7175             -0.0032024821
674992588457.6161             0.07582916
674993565551.5145             -0.005131134
674994542645.4131             -0.021659242
674995519739.3116             0.004411708
674996496833.2102             0.04045855
674997473927.1086             0.020359104
674998451021.0072             0.036960125
674999428114.9058             -0.007932989
675000405208.8042             0.0188992
675001382302.7028             0.0046258
675002359396.6013             0.00798932
675003336490.4999             -0.02135855
675004313584.3983             0.010319417
675005290678.2969             0.010211649
675006267772.1954             0.022014176
675007244866.094              -0.051596124
675008221959.9924             -0.06084177
675009199053.891              -0.032620404
675010176147.7896             -0.025510322
675011153241.688              0.016692648
675012130335.5865             0.0074407775
675013107429.4851             -0.037844516
675014084523.3837             -0.017984947
675015061617.2821             0.043993134
675016038711.1807             0.07112806
675017015805.0792             -0.010685413
675017992898.9778             -0.0069015617
675018969992.8762             -0.050309498
675019947086.7748             -0.053238217
675020924180.6733             0.006813011
675021901274.5718             0.027433436
675022878368.4703             0.017489823
675023855462.3689             0.07193764
675024832556.2675             -0.0022741354
675025809650.1659             0.013504323
675026786744.0645             0.013315738
675027763837.963              0.043178838
675028740931.8616             -0.0049484377
675029718025.76               0.0026701936
675030695119.6586             0.026126474
675031672213.5571             0.001351188
675032649307.4556             -0.032309946
675033626401.3541             -0.02346634
675034603495.2527             0.048681088
675035580589.1512             0.08043002
675036557683.0497             0.035225276
675037534776.9482             -0.0024952102
675038511870.8468             0.004735746
675039488964.7452             -0.007893607
675040466058.6438             -0.04551635
675041443152.5424             -0.014338211
675042420246.4409             0.058596563
675043397340.3394             -0.008185884
675044374434.2379             -0.03156116
675045351528.1365             -0.05814401
675046328622.035              0.0021158701
675047305715.9335             0.05666667
675048282809.832              0.054922517
675049259903.7306             -0.02403432
675050236997.629              -0.04338525
675051214091.5276             -0.026118336
675052191185.4261             0.008579145
675053168279.3247             -0.0028332418
675054145373.2231             -0.004311124
675055122467.1217             0.03606925
675056099561.0203             0.046456598
675057076654.9188             0.047757156
675058053748.8173             0.026195828
675059030842.7158             0.025510387
675060007936.6144             0.031271514
675060985030.5128             0.0048984583
675061962124.4114             0.008743967
675062939218.3099             -0.017810998
675063916312.2085             0.0039282124
675064893406.1069             0.07715089
675065870500.0055             0.06411473
675066847593.904              0.04417759
675067824687.8026             0.023472939
675068801781.701              -0.0011527685
675069778875.5996             0.021298962
675070755969.4982             0.013122499
675071733063.3966             0.0136600565
675072710157.2952             -0.00092377583
675073687251.1937             -0.02363723
675074664345.0923             -0.01177111
675075641438.9907             0.014989097
675076618532.8893             0.015436485
675077595626.7878             -0.0023332902
675078572720.6864             0.0073540565
675079549814.5848             -0.021643505
675080526908.4834             -0.009577963
675081504002.382              0.016922165
675082481096.2804             -0.022656687
675083458190.179              0.011567378
675084435284.0775             -0.009096481
675085412377.9761             -0.049901888
675086389471.8745             0.02221935
675087366565.7731             0.045361996
675088343659.6716             0.006737793
675089320753.5701             -0.005554977
675090297847.4686             -0.051700354
675091274941.3672             0.019745633
675092252035.2657             0.049204454
675093229129.1642             0.05336982
675094206223.0627             0.018077608
675095183316.9613             -0.015493837
675096160410.8599             -0.06192763
675097137504.7583             -0.01554811
675098114598.6569             -0.043026846
675099091692.5554             -0.06722234
675100068786.4539             -0.00024597545
675101045880.3524             0.09509823
675102022974.251              0.08468431
675103000068.1495             -0.022287438
675103977162.048              -0.016733604
675104954255.9465             -0.02519394
675105931349.8451             -0.021266192
675106908443.7437             -0.031284466
675107885537.6421             -0.089887634
675108862631.5406             -0.06694468
675109839725.4392             -0.0016496453
675110816819.3376             -0.029686972
675111793913.2362             -0.030232018
675112771007.1348             -0.012347191
675113748101.0333             -0.017279657
675114725194.9318             0.0009381351
675115702288.8303             0.0456576
675116679382.7289             0.004736204
675117656476.6274             -0.035574608
675118633570.5259             0.019018807
675119610664.4244             0.00430912
675120587758.323              -0.0063517946
675121564852.2214             0.06872304
675122541946.12               0.04673176
675123519040.0186             -0.0048903706
675124496133.9171             0.00040470163
675125473227.8156             0.0018447373
675126450321.7141             -0.04111514
675127427415.6127             -0.011611159
675128404509.5112             -0.002346519
675129381603.4097             0.004210767
675130358697.3082             0.036008213
675131335791.2068             -0.049951214
675132312885.1052             -0.039072163
675133289979.0038             -0.0024199851
675134267072.9023             0.014454868
675135244166.8009             -0.013089061
675136221260.6993             -0.009488076
675137198354.5979             -0.020197092
675138175448.4965             -0.017247058
675139152542.3949             -0.080340795
675140129636.2935             -0.01238306
675141106730.192              0.0026576857
675142083824.0906             0.010722019
675143060917.989              0.022290982
675144038011.8876             0.023289423
675145015105.7861             -0.00680847
675145992199.6847             -0.03784291
675146969293.5831             -0.020444872
675147946387.4817             -0.018140646
675148923481.3802             -0.019836333
675149900575.2787             0.0045324834
675150877669.1772             -0.0010674457
675151854763.0758             0.022933083
675152831856.9744             0.027344823
675153808950.8728             0.020694952
675154786044.7714             0.018861704
675155763138.6699             0.0115840575
675156740232.5685             -0.053163614
675157717326.4669             -0.015252782
675158694420.3655             0.0066621425
675159671514.264              -0.0009232852
675160648608.1625             0.003548424
675161625702.061              -0.032767273
675162602795.9596             -0.021930521
675163579889.8582             -0.0035073352
675164556983.7566             0.00626514
675165534077.6552             -0.043257833
675166511171.5537             0.0083993105
675167488265.4523             0.011830941
675168465359.3507             0.006647639
675169442453.2493             -0.00053748
675170419547.1478             -0.023630247
675171396641.0463             0.023321664
675172373734.9448             0.04388011
675173350828.8434             0.0150973145
675174327922.742              -0.035620037
675175305016.6404             0.013971752
675176282110.539              0.0011208549
675177259204.4375             0.0014047056
675178236298.336              -0.0031472284
675179213392.2345             0.05128347
675180190486.133              -0.0077227675
675181167580.0316             -0.022586849
675182144673.93               -0.034291748
675183121767.8286             -0.11121861
675184098861.7272             -0.043149486
675185075955.6257             0.08572404
675186053049.5242             0.07695821
675187030143.4227             -0.0017201508
675188007237.3213             -0.044688996
675188984331.2197             -0.030919088
675189961425.1183             0.0492799
675190938519.0168             0.04853599
675191915612.9154             -0.020281943
675192892706.8138             0.008035589
675193869800.7124             -0.019693727
675194846894.611              -0.016091079
675195823988.5095             -0.0069732512
675196801082.408              -0.07598242
675197778176.3065             -0.064448826
675198755270.2051             -0.06041929
675199732364.1035             0.018611275
675200709458.0021             0.016291205
675201686551.9006             -0.0014227337
675202663645.7992             0.00549294
675203640739.6976             -0.018801948
675204617833.5962             -0.018311786
675205594927.4948             0.024227997
675206572021.3933             0.026366394
675207549115.2917             -0.029103177
675208526209.1903             -0.0007822209
675209503303.0889             -0.0569557
675210480396.9873             -0.05189185
675211457490.8859             -0.03227587
675212434584.7844             -0.039846078
675213411678.683              -0.046821356
675214388772.5814             -0.021200698
675215365866.48               -0.023068257
675216342960.3785             -0.012118576
675217320054.2771             0.037100974
675218297148.1755             0.075782456
675219274242.0741             0.027778534
675220251335.9727             -0.003709214
675221228429.8711             0.0102368975
675222205523.7697             -0.017512228
675223182617.6682             0.030610463
675224159711.5668             0.049243074
675225136805.4652             0.00749934
675226113899.3638             0.012300256
675227090993.2623             -0.023423791
675228068087.1609             -0.00348018
675229045181.0593             -0.07126235
675230022274.9579             -0.07716126
675230999368.8564             -0.02670408
675231976462.7549             0.026297716
675232953556.6534             -0.050461505
675233930650.552              0.0039370493
675234907744.4506             0.020776646
675235884838.349              -0.004987769
675236861932.2476             -0.0018211834
675237839026.1461             0.01627272
675238816120.0447             0.04076086
675239793213.9431             0.030487794
675240770307.8417             -0.013188605
675241747401.7402             -0.05293052
675242724495.6387             -0.017281082
675243701589.5372             -0.014841341
675244678683.4358             -0.029902715
675245655777.3344             -0.027987065
675246632871.2328             -0.028716171
675247609965.1313             0.023766791
675248587059.0299             0.048820104
675249564152.9283             0.043333333
675250541246.8269             0.05125964
675251518340.7255             -0.014609264
675252495434.624              0.0054085436
675253472528.5225             0.012410517
675254449622.421              0.04336156
675255426716.3196             0.028229784
675256403810.2181             0.028780801
675257380904.1166             -0.024751343
675258357998.0151             -0.029362768
675259335091.9137             -0.059403002
675260312185.8121             -0.01893091
675261289279.7107             0.043608703
675262266373.6093             0.0021696617
675263243467.5078             -0.016058099
675264220561.4062             -0.016489392
675265197655.3048             -0.050551467
675266174749.2034             -0.03228482
675267151843.1019             -0.023763722
675268128937.0004             -0.0034062674
675269106030.8989             -0.024736336
675270083124.7975             -0.070289776
675271060218.6959             -0.081312954
675272037312.5945             -0.005771652
675273014406.493              0.0030061074
675273991500.3916             0.044257235
675274968594.29               0.02168744
675275945688.1886             -0.020948786
675276922782.0872             -0.006551041
675277899875.9857             0.010906436
675278876969.8842             0.002572664
675279854063.7827             -0.015908424
675280831157.6813             -0.06224585
675281808251.5797             0.0031153816
675282785345.4783             0.047239494
675283762439.3768             -0.02776924
675284739533.2754             -0.033138614
675285716627.1738             0.032751948
675286693721.0724             0.02437026
675287670814.971              0.007932436
675288647908.8695             -0.020818433
675289625002.768              -0.052629862
675290602096.6665             -0.009167786
675291579190.5651             -0.034308393
675292556284.4635             -0.0060082166
675293533378.362              0.05311695
675294510472.2606             0.015278859
675295487566.1592             -0.011718314
675296464660.0576             0.03290757
675297441753.9562             -0.016643563
675298418847.8547             -0.027255947
675299395941.7532             -0.03139106
675300373035.6517             -0.012059688
675301350129.5503             -0.037130658
675302327223.4489             0.007175172
675303304317.3473             0.04132773
675304281411.2458             0.045663398
675305258505.1444             0.028067138
675306235599.043              0.021842144
675307212692.9414             0.029379308
675308189786.84               0.033146806
675309166880.7385             0.02420826
675310143974.637              0.008226817
675311121068.5355             -0.026141731
675312098162.4341             0.0065344917
675313075256.3326             0.004183808
675314052350.2311             0.017954206
675315029444.1296             -0.032438062
675316006538.0282             0.03242064
675316983631.9268             -0.017922124
675317960725.8252             -0.017647713
675318937819.7238             0.021592874
675319914913.6223             0.016278619
675320892007.5208             -0.06992587
675321869101.4193             -0.083302535
675322846195.3179             -0.05903976
675323823289.2164             0.06702339
675324800383.1149             0.05244371
675325777477.0134             0.055686902
675326754570.912              0.006847817
675327731664.8105             -0.010729303
675328708758.709              0.05236922
675329685852.6075             0.002697027
675330662946.5061             0.043832324
675331640040.4045             0.010485273
675332617134.3031             -0.0020071925
675333594228.2017             -0.022624476
675334571322.1002             -0.04053924
675335548415.9987             -0.018451499
675336525509.8972             0.009430635
675337502603.7958             0.044896606
675338479697.6943             0.04535035
675339456791.5928             0.06051514
675340433885.4913             0.05852907
675341410979.3899             -0.022570897
675342388073.2883             -0.010240863
675343365167.1869             -0.012152068
675344342261.0854             -0.012435826
675345319354.984              0.004096197
675346296448.8824             -0.021069588
675347273542.781              -0.07347383
675348250636.6796             -0.034976177
675349227730.578              0.00185294
675350204824.4766             0.002304887
675351181918.3751             0.0015814833
675352159012.2737             -0.05544324
675353136106.1721             -0.08150102
675354113200.0707             -0.02854991
675355090293.9692             -0.05061288
675356067387.8678             0.023129229
675357044481.7662             0.05514558
675358021575.6648             0.04765184
675358998669.5634             0.03027212
675359975763.4618             -0.012396149
675360952857.3604             0.022863364
675361929951.2589             0.041518323
675362907045.1575             0.013121265
675363884139.0559             0.006123846
675364861232.9545             -6.229721e-05
675365838326.853              0.025574634
675366815420.7516             0.02809328
675367792514.65               -0.019833885
675368769608.5486             -0.053322755
675369746702.4471             -0.02794544
675370723796.3456             0.041906092
675371700890.2441             -0.0067159124
675372677984.1427             0.04241523
675373655078.0413             0.040488854
675374632171.9397             -0.008360063
675375609265.8383             -0.034822535
675376586359.7368             0.012230587
675377563453.6354             0.027646083
675378540547.5338             -0.013581994
675379517641.4324             0.03344383
675380494735.3309             -0.025504194
675381471829.2294             -0.017724436
675382448923.1279             -0.009452876
675383426017.0265             -0.044074915
675384403110.925              -0.025043398
675385380204.8235             0.09145064
675386357298.722              0.04515455
675387334392.6206             0.029150313
675388311486.5192             0.03085143
675389288580.4176             0.02063578
675390265674.3162             0.032497983
675391242768.2147             0.002514903
675392219862.1132             -0.0068494705
675393196956.0117             0.004333344
675394174049.9103             0.016566284
675395151143.8088             0.0153783485
675396128237.7073             -0.011526346
675397105331.6058             0.014523329
675398082425.5044             -0.022821158
675399059519.4028             -0.022359742
675400036613.3014             0.004434078
675401013707.2                0.028732643
675401990801.0985             0.040074266
675402967894.997              0.050422806
675403944988.8955             -0.009924975
675404922082.7941             -0.035262052
675405899176.6926             0.036590803
675406876270.5911             -0.011276228
675407853364.4896             0.008365124
675408830458.3882             0.023777856
675409807552.2866             0.044370417
675410784646.1852             0.024472527
675411761740.0837             -0.01748234
675412738833.9823             0.007448042
675413715927.8807             -0.01282593
675414693021.7793             -0.011320514
675415670115.6779             -0.007953114
675416647209.5764             -0.014751709
675417624303.4749             -0.01316257
675418601397.3734             0.012470429
675419578491.272              0.04088574
675420555585.1704             0.032725487
675421532679.069              0.0015130991
675422509772.9675             0.06691432
675423486866.8661             -0.024199225
675424463960.7645             -0.0010392112
675425441054.6631             -0.037221506
675426418148.5616             -0.040898412
675427395242.4602             0.014940947
675428372336.3586             0.034628153
675429349430.2572             0.00525143
675430326524.1558             0.003350727
675431303618.0542             -0.011224711
675432280711.9528             0.009727708
675433257805.8513             0.035520494
675434234899.7499             0.017386917
675435211993.6483             0.012111405
675436189087.5469             0.0439122
675437166181.4454             0.020966517
675438143275.344              -0.040088404
675439120369.2424             -0.008163425
675440097463.141              0.045215182
675441074557.0396             0.024137704
675442051650.938              -0.020904321
675443028744.8365             -0.07356377
675444005838.7351             -0.060073048
675444982932.6337             -0.0325762
675445960026.5321             -0.024440316
675446937120.4307             -0.010608017
675447914214.3292             0.0025584027
675448891308.2277             -0.0011919825
675449868402.1262             0.0053495932
675450845496.0248             0.011733768
675451822589.9233             0.0033470255
675452799683.8218             0.0030194076
675453776777.7203             -0.027315391
675454753871.6189             0.010483833
675455730965.5175             -0.0052275592
675456708059.4159             0.036989868
675457685153.3145             0.027639896
675458662247.213              -0.032171905
675459639341.1115             -0.007575316
675460616435.01               0.021545408
675461593528.9086             -0.054248605
675462570622.8071             -0.033758994
675463547716.7056             0.015015458
675464524810.6041             0.00781316
675465501904.5027             0.0030837597
675466478998.4012             0.014213702
675467456092.2997             0.015846727
675468433186.1982             0.04448082
675469410280.0968             0.011240653
675470387373.9952             0.00815505
675471364467.8938             0.022011545
675472341561.7924             -0.040972896
675473318655.6909             -0.10598426
675474295749.5894             -0.09197491
675475272843.4879             -0.022531558
675476249937.3865             -0.005696237
675477227031.285              -0.004868813
675478204125.1835             -0.0034691882
675479181219.082              -0.022565905
675480158312.9806             -0.019400122
675481135406.879              -0.0075059957
675482112500.7776             0.002886208
675483089594.6761             0.0027497737
675484066688.5747             0.025086692
675485043782.4731             -0.038477667
675486020876.3717             -0.008288845
675486997970.2703             -0.015509666
675487975064.1688             0.03709034
675488952158.0673             0.038656764
675489929251.9658             0.015525494
675490906345.8644             0.013715942
675491883439.7628             0.0035872755
675492860533.6614             -0.013597626
675493837627.5599             -0.043562055
675494814721.4585             -0.0002582663
675495791815.3569             0.05314193
675496768909.2555             0.022835767
675497746003.154              -0.038581513
675498723097.0526             0.0030251804
675499700190.951              -0.016131418
675500677284.8496             0.0001648546
675501654378.7482             -0.025502287
675502631472.6466             0.01043502
675503608566.5452             0.015075096
675504585660.4437             -0.03215704
675505562754.3423             -0.019224612
675506539848.2407             0.027607515
675507516942.1393             0.0900945
675508494036.0378             0.04891975
675509471129.9363             0.06085862
675510448223.8348             0.04518113
675511425317.7334             0.010048992
675512402411.632              -0.04113405
675513379505.5304             -0.021449853
675514356599.429              0.031574197
675515333693.3275             0.092501104
675516310787.2261             0.036826406
675517287881.1245             0.018131848
675518264975.0231             0.003769009
675519242068.9216             0.03378059
675520219162.8201             0.022254411
675521196256.7186             0.067074694
675522173350.6172             0.056003787
675523150444.5157             0.03257701
675524127538.4142             -0.02918985
675525104632.3127             -0.032723173
675526081726.2113             -0.06025792
675527058820.1099             -0.058984265
675528035914.0083             -0.043550614
675529013007.9069             -0.035979368
675529990101.8054             -0.056175083
675530967195.7039             -0.016698364
675531944289.6024             -0.007824301
675532921383.501              0.005991643
675533898477.3995             0.017475085
675534875571.298              0.022592036
675535852665.1965             0.05170418
675536829759.0951             -0.01476891
675537806852.9937             -0.02998312
675538783946.8921             0.015367742
675539761040.7906             0.006795882
675540738134.6892             -0.02772914
675541715228.5876             0.01342472
675542692322.4862             0.004292057
675543669416.3848             -0.014507625
675544646510.2833             -0.01430101
675545623604.1818             0.018335763
675546600698.0803             -0.0049735294
675547577791.9789             -0.027622016
675548554885.8774             0.015737519
675549531979.7759             0.037842464
675550509073.6744             0.024687348
675551486167.573              0.055231255
675552463261.4714             0.043356095
675553440355.37               0.0321422
675554417449.2686             0.005517021
675555394543.1671             0.015024705
675556371637.0656             -0.00479679
675557348730.9641             -0.017968781
675558325824.8627             0.0030462497
675559302918.7611             -0.027443534
675560280012.6597             -0.0016786244
675561257106.5582             0.049659535
675562234200.4568             -0.0049119554
675563211294.3552             -0.025836825
675564188388.2538             -0.023171727
675565165482.1523             -0.018846888
675566142576.0509             0.008724106
675567119669.9493             -0.0017937623
675568096763.8479             -0.038996384
675569073857.7465             -0.020730428
675570050951.6449             0.0148292035
675571028045.5435             0.013427076
675572005139.442              -0.039994262
675572982233.3406             -0.027835893
675573959327.239              0.0097459415
675574936421.1376             0.01728008
675575913515.0361             0.0046810815
675576890608.9347             0.046987895
675577867702.8331             0.027779168
675578844796.7317             -0.046836663
675579821890.6302             -0.015620412
675580798984.5287             0.012658809
675581776078.4272             -0.038605884
675582753172.3258             -0.008847649
675583730266.2244             0.008106153
675584707360.1228             0.06447369
675585684454.0214             0.058165632
675586661547.9199             0.056459673
675587638641.8185             0.035720836
675588615735.7169             -0.014052182
675589592829.6155             0.013504207
675590569923.514              0.03195705
675591547017.4125             0.049015786
675592524111.311              -0.034634557
675593501205.2096             -0.027926521
675594478299.1082             0.013481034
675595455393.0066             -0.045131527
675596432486.9052             -0.021397376
675597409580.8037             0.051910706
675598386674.7023             0.035808977
675599363768.6007             -0.015495
675600340862.4993             0.0034964117
675601317956.3978             0.0029201386
675602295050.2963             0.050645534
675603272144.1948             0.019582225
675604249238.0934             -0.009211873
675605226331.992              -0.022500385
675606203425.8904             -0.024450375
675607180519.789              -0.024934823
675608157613.6875             -0.018029848
675609134707.5859             0.0043285433
675610111801.4845             -0.024850193
675611088895.383              -0.042770077
675612065989.2816             -0.048808917
675613043083.18               -0.022498649
675614020177.0786             0.0045974245
675614997270.9772             0.020297807
675615974364.8757             0.016183613
675616951458.7742             0.056399737
675617928552.6727             0.012008783
675618905646.5713             0.032641523
675619882740.4697             -0.002906816
675620859834.3683             0.011467323
675621836928.2668             0.028930912
675622814022.1654             0.0764208
675623791116.0638             0.068784595
675624768209.9624             0.019900316
675625745303.861              -0.010748525
675626722397.7595             -0.04107702
675627699491.658              0.029393103
675628676585.5565             -0.0010047295
675629653679.4551             -0.059489045
675630630773.3535             -0.03027745
675631607867.2521             -0.032939885
675632584961.1506             -0.028831838
675633562055.0492             -0.025631055
675634539148.9476             0.07069386
675635516242.8462             0.025156876
675636493336.7448             -0.034303356
675637470430.6433             -0.059890453
675638447524.5417             0.03971816
675639424618.4403             0.009946373
675640401712.3389             -0.028849436
675641378806.2373             -0.043684136
675642355900.1359             0.012810295
675643332994.0344             0.036384135
675644310087.933              -0.01722549
675645287181.8314             -0.047656454
675646264275.73               0.02603781
675647241369.6285             0.06514668
675648218463.5271             -0.020204475
675649195557.4255             -0.03339572
675650172651.3241             -0.017674565
675651149745.2227             0.037273005
675652126839.1211             -0.013663867
675653103933.0197             -0.020435382
675654081026.9182             0.03544496
675655058120.8168             -0.027268078
675656035214.7152             0.027676485
675657012308.6138             -0.033166416
675657989402.5123             -6.894175e-05
675658966496.4108             -0.011722015
675659943590.3093             -0.000146335
675660920684.2079             -0.0016843397
675661897778.1064             0.06303878
675662874872.0049             -0.04081345
675663851965.9034             -0.06994691
675664829059.802              0.017592
675665806153.7006             0.058289014
675666783247.599              -0.027564926
675667760341.4976             -0.033036742
675668737435.3961             -0.00045504977
675669714529.2946             0.0073844236
675670691623.1931             0.007784463
675671668717.0917             -0.04354174
675672645810.9902             -0.077157
675673622904.8887             -0.07716021
675674599998.7872             -0.0013526594
675675577092.6858             0.011510407
675676554186.5844             -0.024067093
675677531280.4828             -0.004371203
675678508374.3813             -0.00950542
675679485468.2799             0.027299345
675680462562.1783             -0.004401813
675681439656.0769             -0.01839439
675682416749.9755             -0.044909712
675683393843.874              -0.047405872
675684370937.7725             0.023454828
675685348031.671              -0.00921473
675686325125.5696             0.031294197
675687302219.4681             0.06650402
675688279313.3666             0.00025682568
675689256407.2651             0.010285078
675690233501.1637             0.016319705
675691210595.0621             0.051505104
675692187688.9607             -0.0002659837
675693164782.8593             -0.06706371
675694141876.7578             -0.025105719
675695118970.6562             0.034071274
675696096064.5548             0.032799855
675697073158.4534             -0.014430003
675698050252.3519             0.06835402
675699027346.2504             0.018285891
675700004440.1489             0.010350994
675700981534.0475             0.052811332
675701958627.9459             0.01779482
675702935721.8445             -0.017235098
675703912815.743              -0.026342817
675704889909.6416             0.0146121085
675705867003.54               -0.023113541
675706844097.4386             0.037192848
675707821191.3372             0.06397324
675708798285.2356             0.052082133
675709775379.1342             0.01290269
675710752473.0327             -0.041819543
675711729566.9313             -0.04276749
675712706660.8297             0.059664205
675713683754.7283             0.044674955
675714660848.6268             -0.016252434
675715637942.5254             -0.048169605
675716615036.4238             -0.027562076
675717592130.3224             -0.0006051071
675718569224.221              -0.016294947
675719546318.1194             0.009807851
675720523412.018              0.028280519
675721500505.9165             0.018934151
675722477599.8151             0.07279707
675723454693.7135             0.094161235
675724431787.612              0.02441207
675725408881.5106             0.028124312
675726385975.4092             0.06319623
675727363069.3076             0.049166903
675728340163.2062             0.028654855
675729317257.1047             -0.03567408
675730294351.0032             -0.009375785
675731271444.9017             0.0024839477
675732248538.8003             -0.002750115
675733225632.6989             -0.0061796084
675734202726.5973             0.017372621
675735179820.4958             -0.021873076
675736156914.3944             -0.021735039
675737134008.293              -0.025865639
675738111102.1914             -0.046579447
675739088196.09               0.030951193
675740065289.9885             0.019665277
675741042383.887              0.0034965852
675742019477.7855             0.018931072
675742996571.6841             0.05887633
675743973665.5826             0.07894749
675744950759.4811             0.029546501
675745927853.3796             0.0046357634
675746904947.2782             -0.021513116
675747882041.1768             0.016113829
675748859135.0752             -0.0088554295
675749836228.9738             0.016375314
675750813322.8723             0.058392998
675751790416.7708             0.0076522045
675752767510.6693             0.008536482
675753744604.5679             0.0006712164
675754721698.4664             -0.004875932
675755698792.3649             -0.030767562
675756675886.2634             -0.041079313
675757652980.162              -0.031365268
675758630074.0605             -0.0706423
675759607167.959              0.0062201135
675760584261.8575             -0.06356336
675761561355.7561             0.0026814244
675762538449.6545             -0.0064168302
675763515543.5531             -0.022389613
675764492637.4517             -0.005485148
675765469731.3502             -0.002053845
675766446825.2487             -0.015925491
675767423919.1472             -0.018723106
675768401013.0458             -0.018015143
675769378106.9442             0.01921844
675770355200.8428             0.0013109716
675771332294.7413             0.06259304
675772309388.6399             0.056212775
675773286482.5383             0.011719647
675774263576.4369             0.016664077
675775240670.3354             -0.015310971
675776217764.234              0.007910749
675777194858.1324             0.049894914
675778171952.031              0.06705918
675779149045.9296             0.009177291
675780126139.828              0.045887984
675781103233.7266             0.05675782
675782080327.6251             0.022683717
675783057421.5237             -0.028567342
675784034515.4221             0.012585102
675785011609.3207             0.042041976
675785988703.2192             0.06726144
675786965797.1178             0.022005832
675787942891.0162             0.033541165
675788919984.9148             0.01761737
675789897078.8134             0.054490767
675790874172.7118             0.0189907
675791851266.6104             0.006587194
675792828360.5089             -0.017061938
675793805454.4075             0.0025087593
675794782548.3059             0.0015965556
675795759642.2045             -0.018902812
675796736736.103              -0.026650878
675797713830.0016             0.0040732203
675798690923.9                0.017080292
675799668017.7986             -0.006941539
675800645111.6971             -0.027173484
675801622205.5956             -0.025923563
675802599299.4941             0.050059136
675803576393.3927             0.048741966
675804553487.2913             0.0026357467
675805530581.1897             -0.0009260686
675806507675.0883             0.043744102
675807484768.9868             0.047780737
675808461862.8854             0.08015144
675809438956.7838             0.07824617
675810416050.6824             0.0053938
675811393144.5809             0.065032415
675812370238.4794             0.03544709
675813347332.3779             0.064880915
675814324426.2765             0.012865734
675815301520.175              -0.06942238
675816278614.0735             -0.06423249
675817255707.972              -0.045014642
675818232801.8706             -0.022047913
675819209895.769              -0.0037321963
675820186989.6676             0.05141072
675821164083.5662             -0.005996105
675822141177.4647             0.00471695
675823118271.3632             0.008891349
675824095365.2617             0.012294454
675825072459.1603             -0.018666392
675826049553.0588             0.0008374595
675827026646.9573             0.015137787
675828003740.8558             -0.021634517
675828980834.7544             0.0119861085
675829957928.6528             0.03166818
675830935022.5514             0.06626169
675831912116.45               0.06528797
675832889210.3485             0.004848979
675833866304.247              -0.036164932
675834843398.1455             -0.058321316
675835820492.0441             -0.012095859
675836797585.9426             -0.04547349
675837774679.8411             -0.010806715
675838751773.7396             0.02007733
675839728867.6382             0.011196729
675840705961.5366             -0.008826294
675841683055.4352             -0.002716826
675842660149.3337             0.027299292
675843637243.2323             0.038974263
675844614337.1307             0.041188188
675845591431.0293             0.021991663
675846568524.9279             0.014351828
675847545618.8264             0.005147234
675848522712.7249             -0.006167664
675849499806.6234             -0.014754927
675850476900.522              0.025583101
675851453994.4204             0.002964143
675852431088.319              -0.012941069
675853408182.2175             0.03581034
675854385276.1161             0.03779714
675855362370.0145             -0.017063364
675856339463.9131             -0.031558376
675857316557.8116             -0.036247052
675858293651.7102             -0.032729734
675859270745.6086             -0.021015512
675860247839.5072             -0.017974395
675861224933.4058             -0.024190295
675862202027.3042             0.015994092
675863179121.2028             0.016570548
675864156215.1013             0.0031729613
675865133308.9999             -0.0254388
675866110402.8983             -0.01506775
675867087496.7969             0.0033655902
675868064590.6954             -0.027754907
675869041684.5939             -0.02397544
675870018778.4924             -0.012523741
675870995872.391              0.02291757
675871972966.2896             0.016070114
675872950060.188              -0.01656947
675873927154.0865             -0.016237978
675874904247.9851             0.0071456362
675875881341.8837             0.043939453
675876858435.7821             -0.010505682
675877835529.6807             -0.009348103
675878812623.5792             0.021925751
675879789717.4777             0.017817909
675880766811.3762             0.002244803
675881743905.2748             -0.0024974686
675882720999.1733             0.0007161503
675883698093.0718             0.015236453
675884675186.9703             0.039180852
675885652280.8689             -0.0055466285
675886629374.7675             -0.025831727
675887606468.6659             0.014584546
675888583562.5645             0.05087975
675889560656.463              0.044948272
675890537750.3615             0.027736094
675891514844.26               0.02426424
675892491938.1586             -0.01268157
675893469032.0571             0.004328289
675894446125.9556             -0.005356199
675895423219.8541             0.04605427
675896400313.7527             -0.006438179
675897377407.6512             -0.019525502
675898354501.5497             -0.02162816
675899331595.4482             0.021521667
675900308689.3468             0.036024734
675901285783.2452             0.009405656
675902262877.1438             0.023613429
675903239971.0424             -0.0064083063
675904217064.9409             -0.0041902037
675905194158.8394             -0.0075659277
675906171252.7379             -0.013200785
675907148346.6365             0.055987224
675908125440.535              0.0056018243
675909102534.4335             -0.03898089
675910079628.332              0.00049789133
675911056722.2306             0.0112236
675912033816.129              -0.00014192534
675913010910.0276             -0.0012259658
675913988003.9261             -0.023028653
675914965097.8247             0.025854405
675915942191.7231             0.022050908
675916919285.6217             -0.0008410082
675917896379.5203             0.04156297
675918873473.4187             0.019217798
675919850567.3173             -0.01321364
675920827661.2158             -0.04466356
675921804755.1144             -0.025756728
675922781849.0128             0.005399123
675923758942.9114             -0.0035147155
675924736036.8099             -0.022426423
675925713130.7085             0.053498935
675926690224.6069             0.023528554
675927667318.5055             -0.060936823
675928644412.404              -0.04344269
675929621506.3025             -0.046756364
675930598600.201              -0.029051406
675931575694.0996             -0.03592094
675932552787.9982             0.010703041
675933529881.8966             0.031443637
675934506975.7952             0.00017016701
675935484069.6937             -0.028323479
675936461163.5923             -0.031491842
675937438257.4907             -0.035444148
675938415351.3893             -0.0064314543
675939392445.2878             0.06541861
675940369539.1863             0.050711
675941346633.0848             -0.0076244865
675942323726.9834             -0.025582982
675943300820.882              -0.0073105968
675944277914.7804             -0.05467165
675945255008.679              -0.00121111
675946232102.5775             -0.03238156
675947209196.4761             -0.064974666
675948186290.3745             0.045568656
675949163384.2731             0.0071909185
675950140478.1716             0.0024468391
675951117572.0701             -0.010483726
675952094665.9686             0.01723828
675953071759.8672             0.037324447
675954048853.7657             0.022978699
675955025947.6642             -0.011339547
675956003041.5627             0.014099788
675956980135.4613             0.022492908
675957957229.3599             -0.035937846
675958934323.2583             0.0008009857
675959911417.1569             0.024118429
675960888511.0554             0.028269097
675961865604.9539             0.029025542
675962842698.8524             0.025956893
675963819792.751              -0.005329428
675964796886.6495             -0.04760396
675965773980.548              -0.021986859
675966751074.4465             0.003626558
675967728168.3451             0.048803836
675968705262.2435             0.038642395
675969682356.1421             -0.009059236
675970659450.0406             -0.024726003
675971636543.9392             -0.019410143
675972613637.8376             0.03344997
675973590731.7362             0.004877091
675974567825.6348             0.0026794702
675975544919.5333             0.033211656
675976522013.4318             0.01492037
675977499107.3303             0.021208163
675978476201.2289             -0.014813279
675979453295.1273             0.040060285
675980430389.0259             0.011143166
675981407482.9244             -0.0052423477
675982384576.823              0.0043003117
675983361670.7214             -0.022807853
675984338764.62               0.024708008
675985315858.5186             -0.00502047
675986292952.4171             0.004885671
675987270046.3156             0.018429548
675988247140.2141             0.045426987
675989224234.1127             -0.015365334
675990201328.0111             -0.012094694
675991178421.9097             -0.047856554
675992155515.8082             -0.017483281
675993132609.7068             0.005584365
675994109703.6052             0.0053420058
675995086797.5038             -0.0023541115
675996063891.4023             0.007343812
675997040985.3009             0.017294645
675998018079.1993             -0.021359233
675998995173.0979             -0.01443825
675999972266.9965             0.07681343
676000949360.8949             -0.027449429
676001926454.7935             -0.009661764
676002903548.692              0.027610548
676003880642.5906             -0.008677421
676004857736.489              -0.034145657
676005834830.3876             -0.044887263
676006811924.2861             -0.062165037
676007789018.1847             -0.05391894
676008766112.0831             -0.011320502
676009743205.9817             0.036985397
676010720299.8802             0.0066078217
676011697393.7787             -0.0052918834
676012674487.6772             0.017787213
676013651581.5758             -0.05004378
676014628675.4744             -0.01315079
676015605769.3728             0.06603683
676016582863.2714             0.026899941
676017559957.1699             0.01125895
676018537051.0685             0.025193604
676019514144.9669             0.0016454094
676020491238.8655             0.0051018945
676021468332.764              -0.012071784
676022445426.6625             -0.051353868
676023422520.561              -0.001801567
676024399614.4596             0.011609988
676025376708.3582             -0.011160463
676026353802.2566             -0.04571226
676027330896.1552             -0.032574337
676028307990.0537             0.04375679
676029285083.9521             0.015995765
676030262177.8507             -0.03191199
676031239271.7493             -0.043092318
676032216365.6478             -0.044636182
676033193459.5463             0.048866812
676034170553.4448             -0.022848783
676035147647.3434             -0.07981125
676036124741.242              -0.00045933935
676037101835.1404             0.018297222
676038078929.039              -0.005510366
676039056022.9375             0.026948925
676040033116.8359             0.00058242603
676041010210.7345             0.035131235
676041987304.633              -0.0011380146
676042964398.5316             -0.05413427
676043941492.43               -0.029858787
676044918586.3286             0.011263147
676045895680.2272             0.05052942
676046872774.1257             0.0734603
676047849868.0242             -0.006016823
676048826961.9227             -0.0151603
676049804055.8213             0.009559599
676050781149.7197             -0.013580704
676051758243.6183             -0.050911512
676052735337.5168             -0.044501387
676053712431.4154             -0.049242865
676054689525.3138             -0.028124992
676055666619.2124             -0.04324845
676056643713.111              0.018583758
676057620807.0095             0.031347957
676058597900.908              0.033075776
676059574994.8065             0.002013802
676060552088.7051             -0.067978434
676061529182.6035             -0.01739503
676062506276.5021             0.017393228
676063483370.4006             0.017054664
676064460464.2992             -0.06565977
676065437558.1976             -0.03474685
676066414652.0962             -0.08258758
676067391745.9948             -0.072381705
676068368839.8933             -0.012061373
676069345933.7917             0.0027354266
676070323027.6903             0.07249211
676071300121.5889             0.009237827
676072277215.4873             -0.04719355
676073254309.3859             0.0018389358
676074231403.2844             0.024912026
676075208497.183              -0.048320506
676076185591.0814             -0.057511993
676077162684.98               0.011615219
676078139778.8785             0.010228439
676079116872.777              -0.0018480452
676080093966.6755             0.03150501
676081071060.5741             0.00428937
676082048154.4727             0.038126092
676083025248.3711             0.018895686
676084002342.2697             -0.026354864
676084979436.1682             -0.052841373
676085956530.0668             -0.011735802
676086933623.9652             -0.0049011605
676087910717.8638             -0.0137510635
676088887811.7623             0.01137911
676089864905.6608             0.020233132
676090841999.5593             -0.027401468
676091819093.4579             0.013998984
676092796187.3564             -0.0016015895
676093773281.2549             -0.013628648
676094750375.1534             -0.03947301
676095727469.052              -0.018715596
676096704562.9506             -0.016202858
676097681656.849              -0.031189675
676098658750.7476             -0.004085652
676099635844.6461             0.025131999
676100612938.5446             0.0063733566
676101590032.4431             -0.03534715
676102567126.3417             -0.035678487
676103544220.2402             -0.047783494
676104521314.1387             -0.019160986
676105498408.0372             0.015095687
676106475501.9358             -0.002197855
676107452595.8344             -0.037456658
676108429689.7328             -0.046328194
676109406783.6313             -0.01295467
676110383877.5299             -0.019040339
676111360971.4283             -0.0010098787
676112338065.3269             0.0030819024
676113315159.2255             0.05295195
676114292253.124              -0.01744481
676115269347.0225             -0.024029361
676116246440.921              0.015658453
676117223534.8196             0.0215648
676118200628.7181             0.039198082
676119177722.6166             0.02566204
676120154816.5151             0.02641608
676121131910.4137             0.026107855
676122109004.3121             0.019517943
676123086098.2107             0.024024863
676124063192.1093             0.05210083
676125040286.0078             0.019805474
676126017379.9062             -0.064823605
676126994473.8048             -0.013534536
676127971567.7034             0.059170723
676128948661.6018             0.045975804
676129925755.5004             -0.00029888825
676130902849.3989             -0.025189986
676131879943.2975             -0.057048764
676132857037.1959             -0.046098042
676133834131.0945             0.0071895914
676134811224.993              0.011038606
676135788318.8916             -0.06283132
676136765412.79               -0.018389158
676137742506.6886             0.024047518
676138719600.5872             0.0024765928
676139696694.4856             0.004991827
676140673788.3842             0.0027895398
676141650882.2827             0.038997874
676142627976.1813             -0.04898955
676143605070.0797             -0.020438615
676144582163.9783             0.05470114
676145559257.8768             0.020284813
676146536351.7754             -0.039430626
676147513445.6738             -0.06358114
676148490539.5724             -0.015440489
676149467633.471              -0.059603803
676150444727.3694             -0.016027056
676151421821.268              -0.012746029
676152398915.1665             0.0009547173
676153376009.0651             -0.017636156
676154353102.9635             0.008489216
676155330196.862              -0.02136327
676156307290.7606             -0.053457476
676157284384.6592             -0.07222408
676158261478.5576             -0.02727305
676159238572.4562             0.037626833
676160215666.3547             0.029860599
676161192760.2532             0.05004577
676162169854.1517             0.077766195
676163146948.0503             0.015827682
676164124041.9489             -0.0027504726
676165101135.8473             0.035627317
676166078229.7458             0.027815087
676167055323.6444             0.021677397
676168032417.543              0.012540503
676169009511.4414             -0.016733149
676169986605.34               0.022923628
676170963699.2385             0.03857702
676171940793.137              -0.038175683
676172917887.0355             -0.035712935
676173894980.9341             -0.0057254746
676174872074.8326             -0.0011380942
676175849168.7311             0.028756075
676176826262.6296             0.0376334
676177803356.5282             0.046414357
676178780450.4266             0.027832797
676179757544.3252             0.060317215
676180734638.2238             0.014261502
676181711732.1223             0.029386867
676182688826.0208             0.02334341
676183665919.9193             -0.030924203
676184643013.8179             -0.045846432
676185620107.7164             -0.016107753
676186597201.6149             0.0479944
676187574295.5134             -0.0022313013
676188551389.412              0.034289353
676189528483.3104             0.037614547
676190505577.209              0.034157142
676191482671.1075             0.016156517
676192459765.0061             -0.08226725
676193436858.9045             -0.08357773
676194413952.8031             0.022021463
676195391046.7017             0.0043939506
676196368140.6002             -0.014603366
676197345234.4987             -0.01599391
676198322328.3972             0.015307965
676199299422.2958             0.0329836
676200276516.1942             -0.021870399
676201253610.0928             -0.02541585
676202230703.9913             -0.003704819
676203207797.8899             0.007314822
676204184891.7883             0.037155524
676205161985.6869             0.017860701
676206139079.5854             0.03945178
676207116173.484              0.014808583
676208093267.3824             -0.00010428667
676209070361.281              -0.01945859
676210047455.1796             0.030492395
676211024549.078              -0.08033492
676212001642.9766             -0.038045507
676212978736.8751             0.0001812433
676213955830.7737             -0.0054487167
676214932924.6721             0.0032565335
676215910018.5707             -0.014863057
676216887112.4692             -0.036122024
676217864206.3678             -0.009176044
676218841300.2662             0.0040546786
676219818394.1648             -0.0052358126
676220795488.0634             -0.021396788
676221772581.9618             -0.037898976
676222749675.8604             0.038747232
676223726769.7589             -0.02911048
676224703863.6575             0.0118657695
676225680957.5559             0.037781373
676226658051.4545             0.0548336
676227635145.353              0.025165483
676228612239.2515             -0.012933372
676229589333.15               0.05380396
676230566427.0486             0.02392267
676231543520.9471             -0.0036182227
676232520614.8456             -0.00627884
676233497708.7441             -0.0028134952
676234474802.6427             -0.059127897
676235451896.5413             -0.011828291
676236428990.4397             -0.00085952686
676237406084.3383             0.043692965
676238383178.2368             -0.018529655
676239360272.1353             -0.05850219
676240337366.0338             0.0009018109
676241314459.9324             0.032380715
676242291553.8309             0.040621392
676243268647.7294             0.024840241
676244245741.6279             -0.035688862
676245222835.5265             -0.08151916
676246199929.425              -0.056237828
676247177023.3235             -0.023285244
676248154117.222              0.0016900847
676249131211.1206             -0.015386934
676250108305.019              -0.038138773
676251085398.9176             -0.06323841
676252062492.8162             0.014325089
676253039586.7147             -0.01790001
676254016680.6132             0.07158597
676254993774.5117             0.029426772
676255970868.4103             -0.0039518434
676256947962.3088             -0.04177201
676257925056.2073             -0.054044537
676258902150.1058             0.025608031
676259879244.0044             0.061375964
676260856337.9028             0.06968315
676261833431.8014             0.062436793
676262810525.7                0.052071176
676263787619.5985             0.045131493
676264764713.497              -0.010901549
676265741807.3955             -0.010907147
676266718901.2941             -0.0014421361
676267695995.1926             0.007444081
676268673089.0911             -0.008513548
676269650182.9896             0.0021759344
676270627276.8882             0.0043783844
676271604370.7866             -0.012168037
676272581464.6852             0.020598402
676273558558.5837             -0.012470305
676274535652.4823             -0.06476274
676275512746.3807             -0.017167863
676276489840.2793             -0.053521655
676277466934.1779             -0.05042838
676278444028.0764             0.0067190346
676279421121.9749             -0.0067701433
676280398215.8734             -0.021003217
676281375309.772              -0.024694992
676282352403.6704             -0.04735998
676283329497.569              -0.03003476
676284306591.4675             -0.047046777
676285283685.3661             -0.036296844
676286260779.2645             0.023502227
676287237873.1631             0.054243878
676288214967.0616             0.04199017
676289192060.9601             0.005744348
676290169154.8586             0.0014786909
676291146248.7572             -0.035661507
676292123342.6558             -0.01423593
676293100436.5542             0.034006912
676294077530.4528             -0.010572375
676295054624.3513             -0.02184535
676296031718.2499             -0.0151155805
676297008812.1483             -0.01572778
676297985906.0469             -0.03549393
676298962999.9454             -0.041661203
676299940093.8439             -0.026457317
676300917187.7424             0.023956241
676301894281.641              0.002244476
676302871375.5396             -0.036865126
676303848469.438              -0.07543876
676304825563.3365             -0.075508736
676305802657.2351             0.015634483
676306779751.1337             0.015324674
676307756845.0321             0.013779239
676308733938.9307             0.014452247
676309711032.8292             -0.005922816
676310688126.7277             0.008629175
676311665220.6262             -0.0016059722
676312642314.5248             -0.041747633
676313619408.4233             -0.022076277
676314596502.3218             0.023183782
676315573596.2203             0.020349411
676316550690.1189             -0.03900296
676317527784.0175             -0.015479915
676318504877.9159             -0.0076353815
676319481971.8145             -0.036238573
676320459065.713              0.0012540757
676321436159.6115             0.07452799
676322413253.51               0.037039198
676323390347.4086             0.014614094
676324367441.3071             0.006586383
676325344535.2056             0.0067460523
676326321629.1041             0.019539747
676327298723.0027             0.00053176755
676328275816.9012             0.012423323
676329252910.7997             -0.01627378
676330230004.6982             -0.01440855
676331207098.5968             -0.020132426
676332184192.4952             -0.014227519
676333161286.3938             0.03801303
676334138380.2924             -0.004987393
676335115474.1909             -0.029361991
676336092568.0894             -0.0408206
676337069661.9879             -0.0060661165
676338046755.8865             0.0035672544
676339023849.7849             -0.028323933
676340000943.6835             0.013710561
676340978037.582              0.050172012
676341955131.4806             0.033988416
676342932225.379              0.0015531246
676343909319.2776             0.00018073482
676344886413.1761             0.0032721118
676345863507.0747             -0.008009183
676346840600.9731             -0.01927689
676347817694.8717             0.06823496
676348794788.7703             0.005757146
676349771882.6687             0.043497957
676350748976.5673             0.07337762
676351726070.4658             0.02140378
676352703164.3644             0.0029276847
676353680258.2628             0.015979884
676354657352.1614             -0.0060767718
676355634446.0599             0.05951921
676356611539.9585             0.03835917
676357588633.8569             0.012416313
676358565727.7555             0.023672054
676359542821.654              -0.015373132
676360519915.5525             -0.042227715
676361497009.451              -0.016057678
676362474103.3496             0.027380165
676363451197.2482             0.05167843
676364428291.1466             -0.017652797
676365405385.0452             -0.0032094826
676366382478.9437             0.033707663
676367359572.8423             0.08686905
676368336666.7407             0.05012845
676369313760.6393             -0.018647619
676370290854.5378             -0.021735083
676371267948.4363             -0.022446606
676372245042.3348             0.0022302475
676373222136.2334             -0.0018491523
676374199230.132              0.049631078
676375176324.0304             0.055540916
676376153417.929              0.05234229
676377130511.8275             -0.02086944
676378107605.7261             -0.012302951
676379084699.6245             -0.025129879
676380061793.5231             -0.053717453
676381038887.4216             -0.05593785
676382015981.3201             0.014022654
676382993075.2186             0.010451904
676383970169.1172             0.030238647
676384947263.0157             0.012296208
676385924356.9142             0.0014012436
676386901450.8127             0.013511591
676387878544.7113             0.006153034
676388855638.6097             0.029766796
676389832732.5083             0.014113306
676390809826.4069             -0.016775414
676391786920.3054             0.037898026
676392764014.2039             0.00056961423
676393741108.1024             -0.04207838
676394718202.001              -0.0070195305
676395695295.8995             0.0027574375
676396672389.798              -0.021272887
676397649483.6965             -0.067566566
676398626577.5951             -0.008280648
676399603671.4935             -0.03736328
676400580765.3921             -0.030259926
676401557859.2906             0.06128018
676402534953.1892             0.08896133
676403512047.0876             0.031005066
676404489140.9862             0.01879632
676405466234.8848             -0.025526948
676406443328.7833             0.03887324
676407420422.6818             -0.0067975717
676408397516.5803             -0.0027302776
684581117478.0                -0.037977796
684582094572.2986             -0.080176644
684583071666.5973             -0.03022752
684584048760.8959             0.04929876
684585025855.1946             0.037389725
684586002949.4932             0.13184285
684586980043.7919             -0.019436888
684587957138.0905             -0.033606984
684588934232.3892             0.0020092048
684589911326.6877             0.025387827
684590888420.9863             0.007861232
684591865515.285              0.074015714
684592842609.5836             -0.0024357622
684593819703.8823             -0.01702578
684594796798.1809             -0.020097071
684595773892.4796             -0.005457822
684596750986.7782             -0.024997571
684597728081.0768             0.07368429
684598705175.3755             0.061982732
684599682269.6741             0.017931698
684600659363.9728             -0.047596138
684601636458.2714             -0.034072064
684602613552.5701             0.0076584364
684603590646.8687             -0.007696095
684604567741.1674             -0.08794265
684605544835.466              -0.012997905
684606521929.7645             0.017253917
684607499024.0632             0.04767483
684608476118.3618             0.010582408
684609453212.6605             -0.01723705
684610430306.9591             -0.012152421
684611407401.2578             0.0023310166
684612384495.5564             0.014110549
684613361589.855              -0.00026924425
684614338684.1537             0.037756395
684615315778.4523             0.029830093
684616292872.751              0.009933481
684617269967.0496             0.102544725
684618247061.3483             0.021325823
684619224155.6469             -0.06293076
684620201249.9456             -0.064881496
684621178344.2441             -0.009236762
684622155438.5427             0.04037737
684623132532.8414             0.03206516
684624109627.14               0.010852058
684625086721.4387             0.022516755
684626063815.7373             0.014751851
684627040910.036              0.014159738
684628018004.3346             0.03368964
684628995098.6332             0.005888881
684629972192.9319             0.025770199
684630949287.2305             -0.010563493
684631926381.5292             -0.005468136
684632903475.8278             -0.040347442
684633880570.1265             -0.032394662
684634857664.425              0.008548366
684635834758.7238             0.03150551
684636811853.0223             -0.016451463
684637788947.3209             -0.027696561
684638766041.6196             0.009293932
684639743135.9182             -0.030376302
684640720230.2169             -0.057370808
684641697324.5155             -0.040481143
684642674418.8142             0.050971564
684643651513.1128             0.022266451
684644628607.4114             -0.03191407
684645605701.7101             -0.048588783
684646582796.0087             -0.01904426
684647559890.3074             -0.044762816
684648536984.606              -0.0344705
684649514078.9047             0.023261499
684650491173.2032             -0.010823466
684651468267.502              0.010119049
684652445361.8005             -0.046948753
684653422456.0991             0.0030396855
684654399550.3978             0.02174068
684655376644.6964             0.07147774
684656353738.9951             0.08553087
684657330833.2937             0.002825589
684658307927.5924             0.05010297
684659285021.891              0.0680303
684660262116.1896             0.031138552
684661239210.4883             -0.036208544
684662216304.7869             -0.057728257
684663193399.0856             -0.08260405
684664170493.3842             -0.026190596
684665147587.6829             -0.02283736
684666124681.9814             0.001854733
684667101776.2802             0.06294828
684668078870.5787             0.0030887285
684669055964.8773             -0.053561848
684670033059.176              -0.036898874
684671010153.4746             0.0038028958
684671987247.7733             -0.004136302
684672964342.0719             0.023397261
684673941436.3706             0.037551083
684674918530.6692             0.0077733924
684675895624.9678             -0.013471397
684676872719.2665             0.02134574
684677849813.5651             0.061392114
684678826907.8638             0.02094885
684679804002.1624             -0.040153485
684680781096.461              0.015619365
684681758190.7596             -0.088960424
684682735285.0583             -0.032961164
684683712379.3569             -0.008139376
684684689473.6555             -0.03828994
684685666567.9542             0.018491626
684686643662.2528             0.069693655
684687620756.5515             0.041676156
684688597850.8501             0.011871398
684689574945.1488             -0.048595168
684690552039.4474             0.001265671
684691529133.7461             0.00056085334
684692506228.0447             -0.035717573
684693483322.3433             -0.06136335
684694460416.642              -0.0623048
684695437510.9406             -0.037649374
684696414605.2393             0.013544717
684697391699.5378             0.111973025
684698368793.8365             0.089194685
684699345888.1351             0.029217692
684700322982.4337             -0.003180649
684701300076.7324             0.01606787
684702277171.031              -0.0023376402
684703254265.3297             -0.014847102
684704231359.6283             -0.00029867762
684705208453.927              -0.014888837
684706185548.2256             -0.053339224
684707162642.5243             -0.035607897
684708139736.8229             0.016485466
684709116831.1215             0.023611251
684710093925.4202             0.013728608
684711071019.7188             -0.00685485
684712048114.0175             -0.031601276
684713025208.316              -0.06659977
684714002302.6147             -0.047663774
684714979396.9133             -0.043902837
684715956491.2119             -0.004000224
684716933585.5106             0.0076151574
684717910679.8092             -0.029072575
684718887774.1079             0.031255085
684719864868.4065             0.018985728
684720841962.7052             0.03797149
684721819057.0038             0.07711399
684722796151.3025             0.021634473
684723773245.6011             -0.04219317
684724750339.8997             -0.035947718
684725727434.1984             0.0059978873
684726704528.497              0.067811266
684727681622.7957             0.034478556
684728658717.0942             0.107773334
684729635811.393              -0.018437374
684730612905.6915             -0.032735024
684731589999.9901             0.039546892
684732567094.2888             -0.005072367
684733544188.5874             -0.016501475
684734521282.8861             0.012629528
684735498377.1847             -0.03854201
684736475471.4834             -0.03254617
684737452565.782              -0.030206537
684738429660.0807             0.049121123
684739406754.3793             0.029854469
684740383848.6779             0.05730095
684741360942.9766             0.059283353
684742338037.2751             0.010440945
684743315131.5739             -0.02286981
684744292225.8724             -0.010037734
684745269320.1711             -0.0037361863
684746246414.4697             0.0008402862
684747223508.7683             0.020079354
684748200603.067              -0.013656727
684749177697.3656             0.017017888
684750154791.6643             0.0076807784
684751131885.9629             -0.0054989043
684752108980.2616             0.023559919
684753086074.5602             0.0025761593
684754063168.8589             0.03976538
684755040263.1575             0.044679344
684756017357.456              -0.01752438
684756994451.7548             -0.020778764
684757971546.0533             -0.025904521
684758948640.352              0.015444941
684759925734.6506             -0.016513575
684760902828.9493             -0.017361391
684761879923.2479             0.072370954
684762857017.5465             0.027174922
684763834111.8452             -0.0096495515
684764811206.1438             -0.044565372
684765788300.4425             -0.006371178
684766765394.7411             0.059112474
684767742489.0398             0.07660008
684768719583.3384             -0.013047749
684769696677.6371             0.024200944
684770673771.9357             -0.018922945
684771650866.2343             -0.05212481
684772627960.533              0.05919656
684773605054.8315             0.06090919
684774582149.1302             0.039389107
684775559243.4288             -0.055102095
684776536337.7275             -7.3558826e-05
684777513432.0261             0.042804983
684778490526.3247             0.011943593
684779467620.6234             0.0044777957
684780444714.922              0.018061481
684781421809.2207             -0.049046192
684782398903.5193             -0.014332249
684783375997.818              0.052264437
684784353092.1166             0.0043799067
684785330186.4153             -0.0060201664
684786307280.7139             -0.025583493
684787284375.0125             -0.053676013
684788261469.3112             0.019049458
684789238563.6097             0.020339726
684790215657.9084             -0.03038147
684791192752.207              0.034656987
684792169846.5057             -0.007106552
684793146940.8043             0.02129264
684794124035.1029             -0.031111453
684795101129.4016             0.028591258
684796078223.7002             0.02170808
684797055317.9989             0.0068241507
684798032412.2975             0.055262726
684799009506.5962             0.018610856
684799986600.8948             -0.0012341717
684800963695.1935             -0.022769826
684801940789.4921             -0.02663685
684802917883.7906             0.032117058
684803894978.0894             0.030815117
684804872072.388              0.04020669
684805849166.6866             0.08599744
684806826260.9852             -0.009875093
684807803355.2839             0.009778864
684808780449.5825             -0.039002154
684809757543.8812             -0.047010206
684810734638.1798             0.003928968
684811711732.4784             -0.022314344
684812688826.7771             -0.0028834308
684813665921.0757             0.03293837
684814643015.3744             0.06507676
684815620109.673              0.03238681
684816597203.9717             -0.060835313
684817574298.2703             -0.026986832
684818551392.5688             -0.03591392
684819528486.8676             -0.026588185
684820505581.1661             -0.038636237
684821482675.4648             -0.010429163
684822459769.7634             -0.022020092
684823436864.0621             0.038272806
684824413958.3607             0.027662273
684825391052.6594             0.00024718777
684826368146.958              -0.010497409
684827345241.2566             -0.043807276
684828322335.5553             -0.062758654
684829299429.8539             0.014838237
684830276524.1526             0.029393112
684831253618.4512             -0.014217301
684832230712.7499             0.014274764
684833207807.0485             0.051970925
684834184901.347              0.07130968
684835161995.6458             -0.05075098
684836139089.9443             -0.021617431
684837116184.243              0.008433413
684838093278.5416             0.0015056406
684839070372.8403             0.0066608703
684840047467.1389             0.05600973
684841024561.4376             0.0755759
684842001655.7362             -0.0043452135
684842978750.0348             0.034508124
684843955844.3335             0.027884463
684844932938.6321             0.052628223
684845910032.9308             0.021580616
684846887127.2294             0.005192207
684847864221.5281             0.045373946
684848841315.8267             -0.030233953
684849818410.1252             -0.04569609
684850795504.424              0.03858596
684851772598.7225             0.07552064
684852749693.0212             -0.02862343
684853726787.3198             -0.014546065
684854703881.6185             0.031357735
684855680975.9171             0.02580305
684856658070.2158             -0.021066021
684857635164.5144             -0.023764184
684858612258.813              0.050884336
684859589353.1117             0.017883621
684860566447.4103             0.017751273
684861543541.709              -0.02760611
684862520636.0076             0.016076053
684863497730.3063             0.021556593
684864474824.6049             0.024065707
684865451918.9034             0.025624244
684866429013.2021             -0.03897892
684867406107.5007             -0.0019643547
684868383201.7994             -0.015994005
684869360296.098              0.000857729
684870337390.3967             0.025631988
684871314484.6953             0.039240893
684872291578.994              -0.045314
684873268673.2926             -0.01678378
684874245767.5912             0.07143113
684875222861.8899             0.008995185
684876199956.1885             0.016760465
684877177050.4872             0.05184276
684878154144.7858             -0.018785575
684879131239.0845             0.021438662
684880108333.383              -0.02502584
684881085427.6816             0.0024720419
684882062521.9803             0.037137154
684883039616.2789             -0.0415919
684884016710.5776             -0.013026071
684884993804.8762             0.07158453
684885970899.1749             -0.078894824
684886947993.4735             -0.095999405
684887925087.7722             -0.024365889
684888902182.0708             -0.010024746
684889879276.3694             0.060069878
684890856370.6681             0.053427063
684891833464.9667             0.039396323
684892810559.2654             0.085926436
684893787653.564              0.023838641
684894764747.8627             0.031110601
684895741842.1613             -0.016885228
684896718936.4598             -0.050346095
684897696030.7585             0.0052501694
684898673125.0571             0.007444136
684899650219.3558             -0.021839796
684900627313.6544             -0.059711598
684901604407.9531             0.011076981
684902581502.2517             -0.018794023
684903558596.5504             -0.01761265
684904535690.849              -0.0022464606
684905512785.1476             0.0073919306
684906489879.4463             0.0074379332
684907466973.7449             0.0043088105
684908444068.0436             0.030711357
684909421162.3422             0.028310845
684910398256.6409             0.047399804
684911375350.9395             0.026944162
684912352445.2382             -0.06503699
684913329539.5367             -0.08560466
684914306633.8353             -0.05089124
684915283728.134              0.0019188855
684916260822.4326             -0.023892587
684917237916.7313             -0.03471543
684918215011.0299             -0.02246482
684919192105.3286             0.012257056
684920169199.6272             0.00016663989
684921146293.9258             -0.0517498
684922123388.2245             -0.017745087
684923100482.5231             -0.04631469
684924077576.8218             0.010302887
684925054671.1204             0.0061110775
684926031765.4191             0.0046318606
684927008859.7177             0.023673942
684927985954.0164             -0.0055459104
684928963048.315              0.023840548
684929940142.6135             0.051359884
684930917236.9122             -0.011459635
684931894331.2108             0.011602723
684932871425.5095             -0.001499898
684933848519.8081             -0.020839952
684934825614.1068             0.024360178
684935802708.4054             0.018069869
684936779802.704              0.04401093
684937756897.0027             -0.0031006953
684938733991.3013             0.022390956
684939711085.6                -0.034798905
684940688179.8986             -0.008643283
684941665274.1973             -0.00922593
684942642368.4958             -0.004894493
684943619462.7946             -0.017333284
684944596557.0931             -0.018794969
684945573651.3917             -0.0044583622
684946550745.6904             0.0383443
684947527839.989              0.049526088
684948504934.2877             0.008404819
684949482028.5863             -0.014211323
684950459122.885              -0.018175358
684951436217.1836             0.04445424
684952413311.4822             0.033305064
684953390405.7809             0.04634366
684954367500.0795             0.018662035
684955344594.3782             0.0076834937
684956321688.6768             -0.016321732
684957298782.9755             -0.024266155
684958275877.274              -0.004730852
684959252971.5728             -0.005155745
684960230065.8713             -0.020433754
684961207160.1699             -0.018034402
684962184254.4686             0.0020070472
684963161348.7672             0.0049379948
684964138443.0659             0.05886903
684965115537.3645             0.047752343
684966092631.6632             0.05481448
684967069725.9618             0.02882617
684968046820.2604             -0.010672711
684969023914.5591             -0.011331297
684970001008.8577             0.056297336
684970978103.1564             0.06942658
684971955197.455              0.047489796
684972932291.7537             0.025549423
684973909386.0522             -0.014271067
684974886480.351              -0.031127373
684975863574.6495             -0.019177279
684976840668.9481             0.037866578
684977817763.2468             -0.023429133
684978794857.5454             0.049203258
684979771951.8441             -0.031698115
684980749046.1427             -0.07808799
684981726140.4414             -0.08943188
684982703234.74               -0.0051009543
684983680329.0386             0.04440462
684984657423.3373             0.028859679
684985634517.6359             -0.05676088
684986611611.9346             0.0021642721
684987588706.2332             -0.0031323228
684988565800.5319             0.042869706
684989542894.8304             -0.017531076
684990519989.1292             -0.01780721
684991497083.4277             -0.05031813
684992474177.7263             -0.004800822
684993451272.025              0.019404426
684994428366.3236             0.011228585
684995405460.6223             0.06690928
684996382554.9209             -0.044891335
684997359649.2196             0.05587322
684998336743.5182             0.11416712
684999313837.8168             -0.00053927355
685000290932.1155             0.00878627
685001268026.4141             0.008460888
685002245120.7128             -0.010298282
685003222215.0114             0.0044402517
685004199309.31               -0.016700992
685005176403.6086             0.0094174575
685006153497.9073             -0.05277161
685007130592.2059             -0.035221603
685008107686.5045             0.03553253
685009084780.8032             0.034610108
685010061875.1018             0.015153758
685011038969.4005             0.044891145
685012016063.6991             0.09497345
685012993157.9978             -0.010687353
685013970252.2964             0.031115828
685014947346.595              0.079084024
685015924440.8937             -0.051124107
685016901535.1923             -0.07704902
685017878629.491              0.005917304
685018855723.7896             -0.039122738
685019832818.0883             0.0042909742
685020809912.3868             0.034002315
685021787006.6855             -0.0023532365
685022764100.9841             -0.032657202
685023741195.2827             -0.03042067
685024718289.5814             0.06654294
685025695383.88               0.015092731
685026672478.1787             -0.061454583
685027649572.4773             -0.034778245
685028626666.776              -0.022226674
685029603761.0746             -0.020702258
685030580855.3733             0.021089142
685031557949.6719             0.057984978
685032535043.9705             -0.0063572577
685033512138.2692             -0.0074047446
685034489232.5677             0.040557086
685035466326.8665             0.07733897
685036443421.165              0.09921797
685037420515.4637             -0.00485541
685038397609.7623             0.030393288
685039374704.0609             0.022406422
685040351798.3596             0.028184323
685041328892.6582             0.008705799
685042305986.9569             -0.020000989
685043283081.2555             0.051201094
685044260175.5542             0.029781407
685045237269.8528             -0.033423483
685046214364.1515             -0.09358361
685047191458.4501             -0.017486533
685048168552.7487             -0.055696607
685049145647.0474             0.048962776
685050122741.346              0.038711738
685051099835.6447             0.033293325
685052076929.9432             -0.0092619965
685053054024.242              0.035700794
685054031118.5405             0.00017404226
685055008212.8391             -0.048143253
685055985307.1378             -0.094722696
685056962401.4364             -0.023785848
685057939495.7351             0.02469039
685058916590.0337             -0.074515134
685059893684.3324             -0.076944456
685060870778.631              -0.04296325
685061847872.9297             -0.04758397
685062824967.2283             -0.046584137
685063802061.5269             0.0077291625
685064779155.8256             0.024478463
685065756250.1241             0.0376289
685066733344.4229             0.01905212
685067710438.7214             0.04341633
685068687533.0201             0.053353775
685069664627.3187             0.018299516
685070641721.6173             0.037746906
685071618815.916              0.03134824
685072595910.2146             0.011193541
685073573004.5133             -0.036680188
685074550098.8119             -0.022681983
685075527193.1106             0.011776608
685076504287.4092             0.02611358
685077481381.7079             0.015213685
685078458476.0065             0.010890664
685079435570.305              0.040131576
685080412664.6038             0.023645049
685081389758.9023             -0.003859105
685082366853.201              0.039280035
685083343947.4996             0.07963202
685084321041.7983             0.03231296
685085298136.0969             -0.041543107
685086275230.3955             0.018990949
685087252324.6942             0.015576705
685088229418.9928             -0.038670644
685089206513.2915             -0.0389224
685090183607.5901             -0.042940177
685091160701.8888             -0.04754835
685092137796.1874             -0.033548575
685093114890.4861             -0.02105098
685094091984.7847             -0.011237735
685095069079.0833             0.002809534
685096046173.382              0.053832363
685097023267.6805             -0.018288115
685098000361.9792             0.02756785
685098977456.2778             0.060321245
685099954550.5765             0.033898503
685100931644.8751             0.035268262
685101908739.1737             0.041448712
685102885833.4724             0.029498806
685103862927.771              0.06108372
685104840022.0697             0.031945862
685105817116.3683             -0.0016532924
685106794210.667              0.04774631
685107771304.9656             0.016228566
685108748399.2643             -0.033007495
685109725493.5629             -0.07827342
685110702587.8615             -0.021862766
685111679682.1602             0.014727493
685112656776.4587             0.0720827
685113633870.7574             0.019342517
685114610965.056              0.03602358
685115588059.3547             -0.05765543
685116565153.6533             -0.025630027
685117542247.9519             0.023275688
685118519342.2506             0.05740782
685119496436.5492             0.02135063
685120473530.8479             -0.01414992
685121450625.1465             -0.010344478
685122427719.4452             -0.01467494
685123404813.7438             -0.002190048
685124381908.0425             0.038098846
685125359002.3411             0.054369766
685126336096.6396             0.051682744
685127313190.9384             0.018300094
685128290285.2369             0.027118115
685129267379.5356             0.03073979
685130244473.8342             0.009682546
685131221568.1329             0.014527634
685132198662.4315             0.014735587
685133175756.7302             -0.019721553
685134152851.0288             0.018195486
685135129945.3274             -0.004843689
685136107039.6261             -0.00033270055
685137084133.9247             0.02496534
685138061228.2234             0.055568136
685139038322.522              0.046742342
685140015416.8207             -0.056055497
685140992511.1193             -0.08330373
685141969605.4178             -0.06346203
685142946699.7166             -0.003509922
685143923794.0151             -0.026178451
685144900888.3138             -0.019179584
685145877982.6124             -0.02619534
685146855076.9111             -0.0015916717
685147832171.2097             0.0018395982
685148809265.5084             0.04466865
685149786359.807              0.03507543
685150763454.1056             -0.009710603
685151740548.4043             0.033830497
685152717642.7029             -0.017232856
685153694737.0016             0.061325245
685154671831.3002             0.03139497
685155648925.5989             -0.01131173
685156626019.8975             -0.07005567
685157603114.196              -0.03493402
685158580208.4948             -0.0022173878
685159557302.7933             -0.009622391
685160534397.092              0.0035115283
685161511491.3906             -0.0063494234
685162488585.6893             0.033570576
685163465679.9879             0.04755451
685164442774.2866             0.054565903
685165419868.5852             -0.025288178
685166396962.8838             -0.039580528
685167374057.1825             -0.041936
685168351151.4811             -0.0340389
685169328245.7798             0.048032954
685170305340.0784             -0.014591946
685171282434.3771             0.026324011
685172259528.6757             0.033825763
685173236622.9742             0.0061869267
685174213717.273              -0.017810017
685175190811.5715             -0.01032425
685176167905.8702             -0.06862735
685177145000.1688             -0.0152861
685178122094.4675             -0.013229726
685179099188.7661             -0.007868724
685180076283.0648             -0.017246699
685181053377.3634             0.047514256
685182030471.662              0.012332452
685183007565.9607             0.011403519
685183984660.2593             0.01745049
685184961754.558              -0.03651775
685185938848.8566             -0.096977845
685186915943.1553             -0.03476231
685187893037.4539             -0.009098053
685188870131.7524             0.0008100403
685189847226.0511             0.009141841
685190824320.3497             0.014629626
685191801414.6484             -0.024480378
685192778508.947              0.036218055
685193755603.2457             -0.021232989
685194732697.5443             0.040202096
685195709791.843              -0.021372985
685196686886.1416             -0.040463362
685197663980.4402             -0.0054328497
685198641074.7389             -0.048535295
685199618169.0375             -0.003998135
685200595263.3362             0.03047212
685201572357.6348             -0.032940328
685202549451.9335             -0.008559299
685203526546.232              -0.0105586015
685204503640.5306             0.039026365
685205480734.8293             0.02780221
685206457829.1279             0.013563411
685207434923.4266             0.03092653
685208412017.7252             0.06024631
685209389112.0239             0.06698731
685210366206.3225             0.05642878
685211343300.6212             0.09354345
685212320394.9198             0.09688172
685213297489.2184             0.04286667
685214274583.5171             0.024690403
685215251677.8157             0.04057682
685216228772.1144             0.031190742
685217205866.413              -0.021526808
685218182960.7117             -0.013443225
685219160055.0103             0.031885743
685220137149.3088             -0.07320595
685221114243.6075             0.03312988
685222091337.9061             0.02405135
685223068432.2048             -0.034951985
685224045526.5034             -0.05142833
685225022620.8021             -0.014910593
685225999715.1007             0.014251744
685226976809.3994             -0.0070410953
685227953903.698              0.017313667
685228930997.9966             -0.003055261
685229908092.2953             -0.023149231
685230885186.5939             -0.070986085
685231862280.8926             -0.03680431
685232839375.1912             -0.05513726
685233816469.4899             -0.00067098386
685234793563.7885             -0.021309575
685235770658.087              -0.11001186
685236747752.3857             -0.052743006
685237724846.6843             -0.0068025207
685238701940.983              0.017937789
685239679035.2816             -0.037949633
685240656129.5803             -0.028172445
685241633223.8789             0.059268076
685242610318.1776             0.0020918257
685243587412.4762             -0.013254564
685244564506.7748             0.039863255
685245541601.0735             -0.0033714673
685246518695.3721             -0.048836965
685247495789.6708             -0.0209822
685248472883.9694             0.017247926
685249449978.2681             0.009343006
685250427072.5667             0.026125172
685251404166.8654             -0.0036136773
685252381261.164              -0.014658172
685253358355.4625             0.009466326
685254335449.7612             0.057884745
685255312544.0598             0.09165343
685256289638.3585             0.014757998
685257266732.6571             0.013287627
685258243826.9558             -0.035728727
685259220921.2544             0.017253961
685260198015.553              0.0125878
685261175109.8517             -0.04243689
685262152204.1503             -0.01947612
685263129298.449              -0.029076302
685264106392.7476             -0.047079913
685265083487.0463             -0.0147262355
685266060581.3448             0.016719153
685267037675.6436             -0.027483338
685268014769.9421             -0.009438371
685268991864.2407             0.01368575
685269968958.5394             -0.00063863024
685270946052.838              0.0059488653
685271923147.1367             0.05861182
685272900241.4353             0.064305104
685273877335.734              0.09270759
685274854430.0326             0.03433386
685275831524.3312             -0.0013563951
685276808618.6299             -0.005704025
685277785712.9285             0.0054460405
685278762807.2272             0.020260531
685279739901.5258             0.03372791
685280716995.8245             0.06757021
685281694090.123              -0.029374523
685282671184.4218             0.029480223
685283648278.7203             0.005776132
685284625373.0189             -0.037211195
685285602467.3176             0.05089506
685286579561.6162             0.01688978
685287556655.9149             0.097940676
685288533750.2135             0.04974127
685289510844.5122             0.040183254
685290487938.8108             0.029140858
685291465033.1094             0.027941748
685292442127.4081             -0.019546835
685293419221.7067             -0.028021475
685294396316.0054             0.02209828
685295373410.304              0.026129209
685296350504.6027             -0.045900255
685297327598.9012             -0.04877737
685298304693.2                -0.034948334
685299281787.4985             0.041648634
685300258881.7971             -0.0058055595
685301235976.0958             0.025735704
685302213070.3944             0.022243282
685303190164.6931             -0.02749307
685304167258.9917             -0.07104323
685305144353.2904             -0.019991547
685306121447.589              -0.0154844755
685307098541.8876             -0.05445197
685308075636.1863             -0.0044383765
685309052730.4849             0.001022075
685310029824.7836             0.043573577
685311006919.0822             0.076310545
685311984013.3809             0.0096208835
685312961107.6794             -0.045904517
685313938201.9781             -0.056211352
685314915296.2767             0.009452698
685315892390.5753             0.022572363
685316869484.874              -0.0063197184
685317846579.1726             0.0033640815
685318823673.4713             -0.0019545502
685319800767.7699             0.016869716
685320777862.0686             0.015620031
685321754956.3672             -0.0048168716
685322732050.6658             0.016112303
685323709144.9645             0.028133322
685324686239.2631             0.0014718872
685325663333.5618             -0.037332345
685326640427.8604             -0.048323743
685327617522.159              -0.005461184
685328594616.4576             0.04697556
685329571710.7563             0.03534994
685330548805.0549             0.01493063
685331525899.3535             0.0073837335
685332502993.6522             0.0149239935
685333480087.9508             0.024359463
685334457182.2495             -0.018316435
685335434276.5481             -0.04225101
685336411370.8468             0.010810303
685337388465.1454             0.031192228
685338365559.444              0.046656467
685339342653.7427             0.018409286
685340319748.0413             -0.02763157
685341296842.34               -0.029062113
685342273936.6385             0.010676732
685343251030.9373             -0.042841278
685344228125.2358             0.028621107
685345205219.5345             0.0040054964
685346182313.8331             -0.0017509712
685347159408.1317             -0.014644634
685348136502.4304             0.0008455342
685349113596.729              -0.015560302
685350090691.0277             0.050479066
685351067785.3263             0.051498715
685352044879.625              0.02001297
685353021973.9236             0.033610754
685353999068.2223             0.038336672
685354976162.5209             -0.038702946
685355953256.8195             -0.041806385
685356930351.1182             -0.0037601844
685357907445.4167             0.031539246
685358884539.7155             -0.062652074
685359861634.014              -0.01748767
685360838728.3127             0.03056412
685361815822.6113             -0.0015654017
685362792916.9099             0.015246737
685363770011.2086             0.0064069633
685364747105.5072             -0.008202013
685365724199.8059             0.053280562
685366701294.1045             0.005090325
685367678388.4032             -0.029098503
685368655482.7018             0.03375266
685369632577.0005             0.013702974
685370609671.2991             0.03697778
685371586765.5977             0.012120749
685372563859.8964             -0.012688547
685373540954.195              -0.08904611
685374518048.4937             -0.053046606
685375495142.7922             -0.04472754
685376472237.091              -0.011233783
685377449331.3895             -0.04748524
685378426425.6881             -0.015410935
685379403519.9868             -0.059521534
685380380614.2854             -0.016863652
685381357708.5841             0.012492532
685382334802.8827             0.023518566
685383311897.1814             -0.0128066605
685384288991.48               -0.024198089
685385266085.7787             0.014528607
685386243180.0773             0.06960543
685387220274.3759             0.05412994
685388197368.6746             0.011143451
685389174462.9731             0.034921296
685390151557.2719             -0.0077495347
685391128651.5704             -0.01688263
685392105745.8691             -0.0519313
685393082840.1677             -0.002111735
685394059934.4663             0.022590747
685395037028.765              -0.026829287
685396014123.0636             -0.016990433
685396991217.3623             -0.016699255
685397968311.6609             -0.011115172
685398945405.9596             0.05698709
685399922500.2582             0.019022357
685400899594.5569             0.032976888
685401876688.8555             0.05363114
685402853783.154              -0.0036580455
685403830877.4528             0.033984017
685404807971.7513             -0.0121281445
685405785066.05               -0.059981156
685406762160.3486             -0.07151907
685407739254.6473             -0.00013524805
685408716348.9459             -0.005051948
685409693443.2445             0.0032236588
685410670537.5432             0.019525763
685411647631.8418             -0.025381332
685412624726.1405             -0.03624558
685413601820.4391             0.032683965
685414578914.7378             0.023040947
685415556009.0364             0.026382592
685416533103.3351             -0.02878926
685417510197.6337             0.019650795
685418487291.9323             0.061399
685419464386.231              -0.028494
685420441480.5295             -0.06109857
685421418574.8282             -0.039939392
685422395669.1268             0.032342296
685423372763.4255             -0.011497692
685424349857.7241             -0.030096138
685425326952.0227             -0.013359589
685426304046.3214             -0.032094106
685427281140.62               -0.040899877
685428258234.9187             -0.035517856
685429235329.2173             0.015547398
685430212423.516              -0.014473628
685431189517.8146             0.017059365
685432166612.1133             -0.004581072
685433143706.4119             -0.024339909
685434120800.7104             -0.059161216
685435097895.0092             -0.087871276
685436074989.3077             0.027305238
685437052083.6064             -0.033642713
685438029177.905              -0.0589104
685439006272.2037             -0.039964702
685439983366.5023             -0.054021366
685440960460.8009             -0.019128792
685441937555.0996             -0.008876241
685442914649.3982             0.008485697
685443891743.6969             0.012663041
685444868837.9955             0.021877578
685445845932.2942             -0.029183285
685446823026.5928             0.014926903
685447800120.8915             0.047409564
685448777215.1901             0.047054425
685449754309.4886             0.0015224314
685450731403.7874             0.004198126
685451708498.0859             0.015194018
685452685592.3846             0.026784074
685453662686.6832             -0.03547582
685454639780.9819             -0.01734996
685455616875.2805             -0.0399832
685456593969.5791             0.017641116
685457571063.8778             -0.0019222057
685458548158.1764             0.03517044
685459525252.4751             0.017317085
685460502346.7737             0.053852275
685461479441.0724             -0.03392789
685462456535.371              -0.014144291
685463433629.6697             0.036442954
685464410723.9683             0.041102376
685465387818.2668             0.09134275
685466364912.5656             0.080607004
685467342006.8641             0.016524829
685468319101.1628             -0.051802315
685469296195.4614             -0.020363562
685470273289.7601             -0.008736298
685471250384.0587             -0.06696928
685472227478.3574             -0.037226688
685473204572.656              0.0064508417
685474181666.9546             -0.04844976
685475158761.2533             0.010418249
685476135855.5519             -0.01878891
685477112949.8506             -0.017953357
685478090044.1492             -0.014060378
685479067138.4479             0.054444812
685480044232.7465             0.019471204
685481021327.045              -0.0030155054
685481998421.3438             0.0009173256
685482975515.6423             -0.015533405
685483952609.941              -0.036291193
685484929704.2396             -0.021153146
685485906798.5383             -0.00032261954
685486883892.8369             0.014322
685487860987.1356             0.014481333
685488838081.4342             -0.013560131
685489815175.7328             -0.056902487
685490792270.0315             -0.07503533
685491769364.3301             -0.06534248
685492746458.6288             -0.018724684
685493723552.9274             0.05238184
685494700647.2261             0.04994184
685495677741.5247             0.0316608
685496654835.8232             0.014497752
685497631930.122              0.038520712
685498609024.4205             0.026225038
685499586118.7192             0.06400876
685500563213.0178             0.048867445
685501540307.3165             -0.011304751
685502517401.6151             -0.07851533
685503494495.9138             -0.06879886
685504471590.2124             -0.017101003
685505448684.511              0.020215703
685506425778.8097             0.039756462
685507402873.1083             0.017091302
685508379967.407              -0.09204199
685509357061.7056             0.02439044
685510334156.0043             -0.015220093
685511311250.3029             -0.044669356
685512288344.6014             -0.018043803
685513265438.9001             0.017554522
685514242533.1987             0.008071948
685515219627.4974             -0.040477976
685516196721.796              -0.0248856
685517173816.0947             0.02966949
685518150910.3933             0.0401059
685519128004.692              -0.02279034
685520105098.9906             0.012454463
685521082193.2892             0.08696164
685522059287.5879             0.017540066
685523036381.8865             -0.019590912
685524013476.1852             -0.0072351606
685524990570.4838             -0.01296935
685525967664.7825             0.054203164
685526944759.081              -0.04308289
685527921853.3796             -0.023628717
685528898947.6783             0.004669176
685529876041.9769             0.021563424
685530853136.2756             -0.023879416
685531830230.5742             -0.041651353
685532807324.8729             -0.07749581
685533784419.1715             -0.018739838
685534761513.4702             -0.003466029
685535738607.7688             -0.027292686
685536715702.0674             -0.028439054
685537692796.3661             0.009671178
685538669890.6647             0.060186855
685539646984.9634             0.022538621
685540624079.262              -0.04863737
685541601173.5607             0.003118701
685542578267.8593             0.035148256
685543555362.1578             0.015962064
685544532456.4565             0.0013930486
685545509550.7551             0.077853285
685546486645.0538             0.08722148
685547463739.3524             0.07914959
685548440833.6511             0.06202572
685549417927.9497             0.074324414
685550395022.2484             -0.011240468
685551372116.547              0.018000478
685552349210.8456             0.049182437
685553326305.1443             0.019500908
685554303399.4429             -0.04469383
685555280493.7416             -0.06689227
685556257588.0402             -0.13819437
685557234682.3389             -0.06651549
685558211776.6375             -0.051917206
685559188870.936              0.032998465
685560165965.2347             0.056324538
685561143059.5333             0.007672132
685562120153.832              0.04069456
685563097248.1306             -0.018230421
685564074342.4293             0.017177857
685565051436.7279             0.06775631
685566028531.0266             0.031260688
685567005625.3252             0.05713192
685567982719.6238             0.012178364
685568959813.9225             -0.026558852
685569936908.2211             -0.04306496
685570914002.5198             -0.017060172
685571891096.8184             -0.040348727
685572868191.1171             0.0019971216
685573845285.4156             0.058663983
685574822379.7144             0.00018134936
685575799474.013              0.0035682423
685576776568.3115             0.024873702
685577753662.6102             0.0022502167
685578730756.9088             0.0316489
685579707851.2075             0.02299669
685580684945.5061             -0.050824888
685581662039.8048             -0.014859325
685582639134.1034             -0.044211585
685583616228.402              -0.034022056
685584593322.7007             -0.04145314
685585570416.9993             0.0046574115
685586547511.298              0.0017239794
685587524605.5966             0.005574577
685588501699.8953             0.040570296
685589478794.1938             0.011713823
685590455888.4926             0.004880298
685591432982.7911             0.024339402
685592410077.0897             -0.0021663723
685593387171.3884             -0.08845256
685594364265.687              -0.06594081
685595341359.9857             -0.014364659
685596318454.2843             0.016390689
685597295548.583              -0.0014588083
685598272642.8816             0.020820588
685599249737.1802             -0.014883031
685600226831.4789             -0.0089658415
685601203925.7775             0.012551626
685602181020.0762             -0.002727635
685603158114.3748             0.043426152
685604135208.6735             0.058771998
685605112302.972              -0.00523395
685606089397.2708             0.028022926
685607066491.5693             0.02413565
685608043585.8679             0.044043556
685609020680.1666             0.014050964
685609997774.4652             -0.03039665
685610974868.7639             0.050007917
685611951963.0625             0.030015
685612929057.3612             -0.01940176
685613906151.6598             0.003970676
685614883245.9584             -0.032669455
685615860340.2571             -0.032221437
685616837434.5557             0.0025011604
685617814528.8544             0.043396305
685618791623.153              0.0047536115
685619768717.4517             -0.051268566
685620745811.7502             -0.024944404
685621722906.049              -0.010270505
685622700000.3475             -0.021160569
685623677094.6461             -0.029990464
685624654188.9448             -0.04194219
685625631283.2434             -0.005489239
685626608377.5421             0.048469063
685627585471.8407             0.087215774
685628562566.1394             -0.012148
685629539660.438              -0.016488746
685630516754.7366             0.0016364498
685631493849.0353             0.03339669
685632470943.3339             0.003231515
685633448037.6326             -0.037298806
685634425131.9312             0.040746067
685635402226.2299             -0.041330636
685636379320.5284             0.0055104536
685637356414.8271             0.015157497
685638333509.1257             -0.004754147
685639310603.4243             -0.034145873
685640287697.723              -0.043065816
685641264792.0216             -0.005281424
685642241886.3203             0.05408875
685643218980.6189             0.080421224
685644196074.9176             -0.0007940454
685645173169.2162             0.010667387
685646150263.5148             -0.008095428
685647127357.8135             0.03822748
685648104452.112              0.013735927
685649081546.4108             -0.00318467
685650058640.7094             0.039523818
685651035735.008              -0.016088352
685652012829.3066             -0.012576637
685652989923.6053             0.06082778
685653967017.9039             -0.008154258
685654944112.2025             -0.03913235
685655921206.5012             0.009992609
685656898300.7998             0.08535581
685657875395.0985             0.07404919
685658852489.3971             -0.0068082856
685659829583.6958             -0.016698591
685660806677.9944             0.017219394
685661783772.293              0.007315009
685662760866.5917             -0.016068093
685663737960.8903             -0.039456088
685664715055.189              0.0035128444
685665692149.4875             -0.042457715
685666669243.7863             -0.030123534
685667646338.0848             -0.0600892
685668623432.3835             -0.06445747
685669600526.6821             -0.031521816
685670577620.9807             0.0170244
685671554715.2794             -0.022122266
685672531809.578              -0.05484696
685673508903.8767             -0.040266674
685674485998.1753             -0.026452456
685675463092.474              0.0014530154
685676440186.7726             -0.02427631
685677417281.0712             -0.066624776
685678394375.3699             0.030487195
685679371469.6685             0.0631001
685680348563.9672             0.050982047
685681325658.2657             0.050224565
685682302752.5645             0.030826133
685683279846.863              0.05047781
685684256941.1617             0.02650775
685685234035.4603             -0.015768133
685686211129.7589             -0.028096246
685687188224.0576             -0.017925115
685688165318.3562             -0.016230186
685689142412.6549             0.013673953
685690119506.9535             0.040041853
685691096601.2522             0.0040476015
685692073695.5508             0.012144481
685693050789.8495             -0.021241277
685694027884.1481             -0.019450445
685695004978.4467             -0.022262739
685695982072.7454             0.039700124
685696959167.044              0.04197123
685697936261.3427             -0.018562775
685698913355.6412             0.002739168
685699890449.94               0.08282246
685700867544.2385             0.0138669675
685701844638.5371             -0.037723154
685702821732.8358             0.024053006
685703798827.1344             -0.015785009
685704775921.4331             0.003249948
685705753015.7317             0.0765391
685706730110.0304             0.00047725238
685707707204.329              0.019740082
685708684298.6277             0.0014151357
685709661392.9263             0.0072778473
685710638487.2249             0.05238542
685711615581.5236             -0.065284066
685712592675.8221             0.0003627867
685713569770.1208             0.02956181
685714546864.4194             0.05817503
685715523958.7181             0.041216616
685716501053.0167             0.0032466855
685717478147.3153             0.007298486
685718455241.614              0.002514473
685719432335.9126             -0.031273413
685720409430.2113             -0.038932677
685721386524.5099             -0.009481871
685722363618.8086             -0.045923438
685723340713.1072             0.0014028857
685724317807.4059             0.031826418
685725294901.7045             0.06179681
685726271996.003              -0.023394013
685727249090.3018             -0.026688118
685728226184.6003             0.034684837
685729203278.899              0.034123123
685730180373.1976             -0.020605111
685731157467.4963             -0.013662959
685732134561.7949             0.057343844
685733111656.0935             0.01307901
685734088750.3922             -0.023445152
685735065844.6908             -0.026839176
685736042938.9895             0.018687164
685737020033.2881             -0.02075311
685737997127.5868             -0.046952393
685738974221.8854             -0.040295567
685739951316.1841             0.032251786
685740928410.4827             -0.034804367
685741905504.7812             -0.0020898525
685742882599.08               -0.027846415
685743859693.3785             0.054579053
685744836787.6772             0.024558574
685745813881.9758             0.02059043
685746790976.2745             -0.05656594
685747768070.5731             -0.035969842
685748745164.8717             -0.058322076
685749722259.1704             0.0008244085
685750699353.469              0.045098633
685751676447.7677             0.13170798
685752653542.0663             0.033394944
685753630636.365              -0.005566583
685754607730.6636             -0.028094823
685755584824.9623             0.017544586
685756561919.2609             -0.04578059
685757539013.5594             0.009266047
685758516107.8582             0.008523003
685759493202.1567             0.00438039
685760470296.4554             -0.0411744
685761447390.754              -0.03763221
685762424485.0527             -0.038893197
685763401579.3513             0.006044584
685764378673.6499             -0.031480838
685765355767.9486             -0.008272903
685766332862.2472             0.02361179
685767309956.5459             0.0589011
685768287050.8445             -0.045349076
685769264145.1432             -0.047770463
685770241239.4418             0.0067566596
685771218333.7405             -0.024625495
685772195428.0391             -0.051628817
685773172522.3376             -0.04052246
685774149616.6364             0.031830046
685775126710.9349             0.011791458
685776103805.2336             -0.012249006
685777080899.5322             -0.034652937
685778057993.8309             -0.023343747
685779035088.1295             -0.007278249
685780012182.4281             -0.00068235066
685780989276.7268             -0.015218504
685781966371.0254             -0.060769357
685782943465.3241             -0.07794795
685783920559.6227             -0.01642728
685784897653.9214             -0.04510563
685785874748.22               -0.01191134
685786851842.5187             0.021139909
685787828936.8173             -0.042245008
685788806031.1158             -0.007135717
685789783125.4146             0.014648452
685790760219.7131             0.02702792
685791737314.0118             -0.039290365
685792714408.3104             -0.033462685
685793691502.6091             -0.046079177
685794668596.9077             -0.042986847
685795645691.2064             -0.010248548
685796622785.505              0.05973607
685797599879.8036             0.020682527
685798576974.1023             0.0012001678
685799554068.4009             0.04910382
685800531162.6996             0.08910631
685801508256.9982             0.08240077
685802485351.2969             0.006471251
685803462445.5955             0.0034974057
685804439539.894              0.07436421
685805416634.1927             0.048736032
685806393728.4913             -0.011080316
685807370822.79               0.010756597
685808347917.0886             0.0529607
685809325011.3873             -0.0105711045
685810302105.6859             -0.002990936
685811279199.9846             0.029646691
685812256294.2832             0.021534324
685813233388.5818             -0.0028726133
685814210482.8805             0.012982624
685815187577.1791             0.039301224
685816164671.4778             -0.028480215
685817141765.7764             -0.09053613
685818118860.0751             -0.016163386
685819095954.3737             -0.036257368
685820073048.6722             0.0006941101
685821050142.971              0.035671495
685822027237.2695             0.029591598
685823004331.5682             0.06989865
685823981425.8668             0.021079129
685824958520.1655             0.046544064
685825935614.4641             0.024905197
685826912708.7628             0.016539672
685827889803.0614             0.043390315
685828866897.36               0.06994546
685829843991.6587             0.02384914
685830821085.9573             0.071106836
685831798180.256              0.08370988
685832775274.5546             -0.023159126
685833752368.8533             -0.019941665
685834729463.1519             0.070457906
685835706557.4504             0.04637112
685836683651.7491             -0.01098288
685837660746.0477             -0.028128618
685838637840.3464             0.026689447
685839614934.645              0.07269372
685840592028.9437             0.046283394
685841569123.2423             -0.048506785
685842546217.541              -0.026559351
685843523311.8396             0.044866987
685844500406.1382             0.06837392
685845477500.4369             0.04215506
685846454594.7355             0.101951554
685847431689.0342             0.018155487
685848408783.3328             -0.018116454
685849385877.6315             0.01812943
685850362971.93               -0.026277546
685851340066.2286             -0.00024149373
685852317160.5273             0.020173494
685853294254.8259             0.005877925
685854271349.1246             -0.022781432
685855248443.4232             -0.005546403
685856225537.7219             -0.027643966
685857202632.0205             -0.050164912
685858179726.3192             -0.03726205
685859156820.6178             -0.06040956
685860133914.9164             -0.033904552
685861111009.2151             0.0109704025
685862088103.5137             -0.040099837
685863065197.8124             0.0013743677
685864042292.111              -0.014170169
685865019386.4097             -0.06914701
685865996480.7083             0.033519115
685866973575.0068             0.0141487215
685867950669.3055             -0.06392901
685868927763.6041             -0.029307947
685869904857.9028             0.0036474331
685870881952.2014             0.009848985
685871859046.5001             -0.04771312
685872836140.7987             -0.051143546
685873813235.0974             0.036024597
685874790329.396              0.07668833
685875767423.6946             0.061264258
685876744517.9933             0.01958784
685877721612.2919             -0.00036875586
685878698706.5906             0.0003995658
685879675800.8892             -0.004847148
685880652895.1879             -0.03178972
685881629989.4865             -0.0285153
685882607083.785              -0.008136089
685883584178.0837             0.041793436
685884561272.3823             0.014624514
685885538366.681              0.004685772
685886515460.9796             -0.012295281
685887492555.2783             -0.05591594
685888469649.5769             -0.0077044885
685889446743.8756             -0.01404829
685890423838.1742             0.0040303264
685891400932.4728             0.063188374
685892378026.7715             0.08231853
685893355121.0701             0.06988988
685894332215.3688             0.008422343
685895309309.6674             -0.07508312
685896286403.9661             0.003706478
685897263498.2646             0.034367707
685898240592.5632             -0.006864804
685899217686.8619             -0.02739115
685900194781.1605             -0.024608023
685901171875.4592             0.051272757
685902148969.7578             0.007505061
685903126064.0565             0.010504233
685904103158.3551             0.01764973
685905080252.6538             0.009660497
685906057346.9524             0.032728456
685907034441.251              -0.04441396
685908011535.5497             -0.014123845
685908988629.8483             6.190854e-05
685909965724.147              0.02161484
685910942818.4456             0.053207535
685911919912.7443             0.04222
685912897007.0428             0.020793458
685913874101.3416             0.024590854
685914851195.6401             0.0064681447
685915828289.9387             -0.019561253
685916805384.2374             -0.03369491
685917782478.536              0.029883979
685918759572.8347             0.04626522
685919736667.1333             -0.002167972
685920713761.432              -0.043632593
685921690855.7306             0.036760382
685922667950.0292             -0.0035621093
685923645044.3279             -0.00841201
685924622138.6265             0.01873103
685925599232.9252             -0.033954848
685926576327.2238             -0.046975743
685927553421.5225             0.022250101
685928530515.821              0.083619274
685929507610.1198             0.056328885
685930484704.4183             0.0046085543
685931461798.7169             -0.013167878
685932438893.0156             -0.051422913
685933415987.3142             -0.043066304
685934393081.6129             -0.0754148
685935370175.9115             -0.024934297
685936347270.2102             0.028605467
685937324364.5088             -0.001012481
685938301458.8074             -0.0025031043
685939278553.1061             0.0066080354
685940255647.4047             0.06738717
685941232741.7034             0.06293209
685942209836.002              0.03528664
685943186930.3007             0.05467396
685944164024.5992             0.04744616
685945141118.898              0.010295758
685946118213.1965             -0.023030085
685947095307.4951             0.012175335
685948072401.7938             0.018877292
685949049496.0924             -0.020347085
685950026590.3911             -0.0014889997
685951003684.6897             0.032857493
685951980778.9884             0.050902463
685952957873.287              -0.0021419865
685953934967.5856             -0.020651618
685954912061.8843             0.012181621
685955889156.1829             0.009578181
685956866250.4816             -0.04110424
685957843344.7802             -0.039089125
685958820439.0789             -0.018600801
685959797533.3774             -0.0086010555
685960774627.6761             0.01795771
685961751721.9747             0.055428598
685962728816.2733             -0.050159965
685963705910.572              -0.043405432
685964683004.8706             0.028865408
685965660099.1693             -0.012775117
685966637193.4679             0.03182741
685967614287.7666             0.0005557611
685968591382.0652             -0.015938593
685969568476.3638             -0.019986462
685970545570.6625             -0.01285369
685971522664.961              -0.006159325
685972499759.2598             0.08190401
685973476853.5583             0.041580386
685974453947.857              0.0053486405
685975431042.1556             0.020825999
685976408136.4543             -0.031455472
685977385230.7529             -0.05143685
685978362325.0515             0.013055285
685979339419.3502             -0.0380295
685980316513.6488             0.044516105
685981293607.9475             0.07945948
685982270702.2461             0.06462113
685983247796.5448             0.030762892
685984224890.8434             -0.051138632
685985201985.142              -0.042918995
685986179079.4407             -0.024665859
685987156173.7393             0.0043970775
685988133268.038              0.055023775
685989110362.3365             0.01642604
685990087456.6353             -0.03610458
685991064550.9338             -0.003949296
685992041645.2325             -0.01769458
685993018739.5311             0.0046748705
685993995833.8297             -0.02653889
685994972928.1284             0.075413
685995950022.427              0.019712657
685996927116.7257             0.01228149
685997904211.0243             -0.029197996
685998881305.323              0.02573165
685999858399.6216             -0.0049520326
686000835493.9202             0.014760886
686001812588.2189             -0.0046200934
686002789682.5175             -0.0079671275
686003766776.8162             0.038637344
686004743871.1147             0.052895382
686005720965.4135             0.014112322
686006698059.712              -0.01548743
686007675154.0107             0.023593312
686008652248.3093             0.028436905
686009629342.6079             0.03337764
686010606436.9066             -0.10922252
686011583531.2052             -0.10453256
686012560625.5039             -0.09501023
686013537719.8025             -0.018983122
686014514814.1012             0.0015370477
686015491908.3998             0.029500473
686016469002.6985             0.0776497
686017446096.9971             -0.0012147039
686018423191.2957             -0.028880902
686019400285.5944             -0.04282648
686020377379.893              -0.016559161
686021354474.1917             -0.008958592
686022331568.4902             0.06494108
686023308662.789              0.06178215
686024285757.0875             0.03403228
686025262851.3861             -0.052942056
686026239945.6848             0.0041094082
686027217039.9834             0.046118062
686028194134.2821             0.011926663
686029171228.5807             0.04123711
686030148322.8794             0.044865184
686031125417.178              0.03140939
686032102511.4767             -0.013616645
686033079605.7753             -0.008048264
686034056700.0739             -0.051655926
686035033794.3726             -0.03778642
686036010888.6711             -0.00095360284
686036987982.9698             0.02006885
686037965077.2684             0.089877084
686038942171.5671             0.090691626
686039919265.8657             0.07518259
686040896360.1643             0.0290259
686041873454.463              -0.033575773
686042850548.7616             -0.05963625
686043827643.0603             0.025345812
686044804737.3589             0.014789909
686045781831.6576             -0.0545696
686046758925.9562             -0.015170323
686047736020.2549             -0.008512106
686048713114.5535             -0.031276297
686049690208.852              0.0062847026
686050667303.1508             0.002986493
686051644397.4493             -0.03947208
686052621491.748              0.008940508
686053598586.0466             -0.017408326
686054575680.3453             -0.021496758
686055552774.6439             0.035274256
686056529868.9425             0.017217975
686057506963.2412             0.07002294
686058484057.5398             0.033913817
686059461151.8385             0.04126813
686060438246.1371             0.08013452
686061415340.4358             0.03540197
686062392434.7344             -0.02517368
686063369529.0331             0.02335515
686064346623.3317             0.02111544
686065323717.6302             -0.008936741
686066300811.929              -0.008585421
686067277906.2275             -0.0029993395
686068255000.5262             -0.027738988
686069232094.8248             0.02211052
686070209189.1235             0.03958278
686071186283.4221             0.017604975
686072163377.7207             0.014810356
686073140472.0194             0.07257063
686074117566.318              0.059411556
686075094660.6167             0.042060837
686076071754.9153             -0.031457208
686077048849.214              0.027399732
686078025943.5126             0.0403432
686079003037.8113             0.017460575
686079980132.1099             -0.013149738
686080957226.4084             0.019271087
686081934320.7072             -0.027983392
686082911415.0057             -0.08500788
686083888509.3044             -0.045908388
686084865603.603              -0.03844497
686085842697.9017             0.0030113023
686086819792.2003             0.012539915
686087796886.4989             -0.0061119944
686088773980.7976             0.02919155
686089751075.0962             0.011565331
686090728169.3949             0.020229716
686091705263.6935             0.017149221
686092682357.9922             -0.0685827
686093659452.2908             -0.014356151
686094636546.5895             0.023668544
686095613640.8881             -0.009374863
686096590735.1866             -0.030384675
686097567829.4854             0.016832892
686098544923.7839             0.043298207
686099522018.0826             0.07543496
686100499112.3812             -0.04364087
686101476206.6799             -0.042667355
686102453300.9785             -0.029694231
686103430395.2771             0.0646891
686104407489.5758             -0.045447733
686105384583.8744             0.000355905
686106361678.1731             -0.016352553
686107338772.4717             0.04842352
686108315866.7704             -0.017782517
686109292961.069              -0.035019528
686110270055.3677             0.03839082
686111247149.6663             0.053590633
686112224243.9648             0.075430535
686113201338.2635             0.0596035
686114178432.5621             0.056836538
686115155526.8608             0.043380905
686116132621.1594             0.016323913
686117109715.4581             0.043599803
686118086809.7567             -0.0079150535
686119063904.0553             0.03698197
686120040998.354              0.06752403
686121018092.6526             -0.009212161
686121995186.9513             0.056306597
686122972281.2499             0.037443824
686123949375.5486             0.020117061
686124926469.8472             0.030997846
686125903564.1459             -0.022591794
686126880658.4445             -0.06464437
686127857752.743              -0.081908084
686128834847.0417             0.008210458
686129811941.3403             0.009750524
686130789035.639              -0.021887835
686131766129.9376             -0.03378529
686132743224.2363             0.000547525
686133720318.5349             -0.017322326
686134697412.8336             0.050290987
686135674507.1322             -0.024290478
686136651601.4308             -0.03845068
686137628695.7295             -0.06345139
686138605790.0281             -0.02921709
686139582884.3268             -0.000111876034
686140559978.6254             0.024383629
686141537072.9241             -0.0011348391
686142514167.2227             0.020085635
686143491261.5212             0.06892105
686144468355.82               0.05698442
686145445450.1185             0.05266059
686146422544.4172             0.00611176
686147399638.7158             0.053096656
686148376733.0145             -0.010251484
686149353827.3131             -0.037512228
686150330921.6118             -0.004789624
686151308015.9104             0.009916746
686152285110.209              0.076304466
686153262204.5077             0.066415
686154239298.8063             0.03921177
686155216393.105              0.025455525
686156193487.4036             0.033444762
686157170581.7023             0.03086243
686158147676.0009             -0.03538252
686159124770.2994             -0.042128246
686160101864.5981             0.012328685
686161078958.8967             0.031432346
686162056053.1954             -0.047872745
686163033147.494              -0.007767252
686164010241.7927             -0.015603165
686164987336.0913             -0.01633379
686165964430.39               -0.02486666
686166941524.6886             0.03854366
686167918618.9872             0.060886294
686168895713.2859             0.009371172
686169872807.5845             -0.050183862
686170849901.8832             0.04551405
686171826996.1818             0.03503519
686172804090.4805             0.042059824
686173781184.779              0.029721202
686174758279.0776             -0.021664422
686175735373.3763             0.027620116
686176712467.6749             0.0074496493
686177689561.9736             0.013547229
686178666656.2722             -0.023678036
686179643750.5709             -0.04350403
686180620844.8695             0.01645289
686181597939.1682             0.03793711
686182575033.4668             0.0031115126
686183552127.7654             0.015886724
686184529222.0641             -0.007476178
686185506316.3627             0.015385684
686186483410.6614             0.010097212
686187460504.96               -0.022631736
686188437599.2587             -0.0017623341
686189414693.5573             0.036553986
686190391787.8558             0.0037978713
686191368882.1545             -0.013681266
686192345976.4531             0.013846442
686193323070.7518             0.04535304
686194300165.0504             -0.044121765
686195277259.3491             -0.0021670451
686196254353.6477             0.043847464
686197231447.9464             0.045749225
686198208542.245              -0.007732091
686199185636.5436             0.00050124095
686200162730.8423             0.021273606
686201139825.1409             -0.020051429
686202116919.4396             0.03044093
686203094013.7382             0.028196162
686204071108.0369             -0.044372246
686205048202.3354             -0.019002628
686206025296.634              -0.015561614
686207002390.9327             0.03247066
686207979485.2313             -0.0026213042
686208956579.53               -0.021105347
686209933673.8286             0.005513211
686210910768.1273             0.009105453
686211887862.4259             0.039723657
686212864956.7246             0.023140397
686213842051.0232             -0.00322512
686214819145.3218             -0.0011990913
686215796239.6205             -0.01439962
686216773333.9191             -0.032088052
686217750428.2178             0.0012301818
686218727522.5164             0.06859335
686219704616.8151             0.015991598
686220681711.1136             0.0033536374
686221658805.4122             0.051405657
686222635899.7109             -0.028842714
686223612994.0095             -0.0019747745
686224590088.3082             -0.012859901
686225567182.6068             0.030141046
686226544276.9055             -0.0055900794
686227521371.2041             -0.007633373
686228498465.5028             0.035559654
686229475559.8014             0.043548148
686230452654.1                0.032470454
686231429748.3987             0.03789303
686232406842.6973             0.072840184
686233383936.996              0.03394286
686234361031.2946             -0.028662853
686235338125.5933             0.0074488604
686236315219.8918             0.04951206
686237292314.1906             0.067025185
686238269408.4891             0.010947415
686239246502.7877             -0.0005714474
686240223597.0864             0.050187077
686241200691.385              -0.0050537465
686242177785.6837             0.03048677
686243154879.9823             0.062942885
686244131974.281              0.060175158
686245109068.5796             0.058113914
686246086162.8782             0.009493495
686247063257.1769             -0.011989481
686248040351.4755             0.045565534
686249017445.7742             0.05138956
686249994540.0728             -0.00618759
686250971634.3715             -0.023776317
686251948728.67               0.012724504
686252925822.9688             0.048052847
686253902917.2673             0.074907385
686254880011.5659             0.022273462
686255857105.8646             -0.009437255
686256834200.1632             0.037067007
686257811294.4619             0.027091509
686258788388.7605             0.025389144
686259765483.0592             0.025070898
686260742577.3578             0.036180243
686261719671.6564             0.013345884
686262696765.9551             -0.009807832
686263673860.2537             0.04965399
686264650954.5524             0.0426986
686265628048.851              0.056247067
686266605143.1497             0.029432332
686267582237.4482             -0.02560105
686268559331.747              0.03646027
686269536426.0455             0.030149473
686270513520.3441             -0.009229931
686271490614.6428             0.00753907
686272467708.9414             -0.024657622
686273444803.2401             0.02568943
686274421897.5387             0.04668111
686275398991.8374             0.05595675
686276376086.136              0.022539178
686277353180.4346             -0.010299355
686278330274.7333             -0.04263718
686279307369.0319             0.014403424
686280284463.3306             0.062652975
686281261557.6292             0.089460365
686282238651.9279             0.036932472
686283215746.2264             0.07480666
686284192840.5251             0.089486845
686285169934.8237             0.05368259
686286147029.1223             -0.039260525
686287124123.421              0.026646102
686288101217.7196             0.03499665
686289078312.0183             0.050967615
686290055406.3169             0.095336154
686291032500.6156             0.0079862485
686292009594.9142             0.011327322
686292986689.2128             0.0036537857
686293963783.5115             -0.033678193
686294940877.81               0.035059836
686295917972.1088             0.0048038685
686296895066.4073             0.052088454
686297872160.706              0.08377129
686298849255.0046             0.025477653
686299826349.3033             0.050947048
686300803443.6019             0.07146711
686301780537.9005             0.054832917
686302757632.1992             -0.00056334824
686303734726.4978             -0.0044249194
686304711820.7965             0.09609541
686305688915.0951             -0.001514066
686306666009.3938             0.014714154
686307643103.6924             0.045983028
686308620197.991              0.04041757
686309597292.2897             5.7604408e-05
686310574386.5883             -0.06693028
686311551480.887              -0.007990433
686312528575.1855             0.061116405
686313505669.4843             -0.03764595
686314482763.7828             -0.043755442
686315459858.0815             0.03237455
686316436952.3801             -0.0010497514
686317414046.6787             0.027664496
686318391140.9774             0.048572898
686319368235.276              0.03403463
686320345329.5747             0.01471389
686321322423.8733             0.06974903
686322299518.172              0.028175803
686323276612.4706             -0.012649771
686324253706.7692             0.01992143
686325230801.0679             0.0071282145
686326207895.3665             0.06442414
686327184989.6652             0.013110097
686328162083.9637             -0.0052337353
686329139178.2625             -0.01178589
686330116272.561              0.009411329
686331093366.8597             -0.0006090253
686331100153.9                -0.044217262
686332070461.1583             -0.019124793
686332077248.2986             -0.033290338
686333047555.4569             0.02197518
686333054342.6971             -0.036569983
686334024649.7556             0.0136100985
686334031437.0957             -0.0046203025
686335001744.0542             0.06953596
686335008531.4941             0.018275183
686335978838.3529             0.042493325
686335985625.8927             0.04096029
686336955932.6515             0.029732237
686336962720.2913             0.08125741
686337933026.9502             0.07897975
686337939814.6898             0.06137147
686338910121.2488             0.015544099
686338916909.0884             0.12239235
686339887215.5474             0.056296203
686339894003.4869             0.051298067
686340864309.8461             0.0785881
686340871097.8855             0.025040831
686341841404.1447             0.052788507
686341848192.284              -0.018344054
686342818498.4434             0.05224846
686342825286.6825             0.012297345
686343795592.742              0.045591798
686343802381.081              0.0077268425
686344772687.0406             0.0066983346
686344779475.4796             -0.04828909
686345749781.3392             -0.044036705
686345756569.8782             -0.07457435
686346726875.638              -0.04574556
686346733664.2767             -0.0077953935
686347703969.9365             -0.0035629754
686347710758.6753             -0.02132675
686348681064.2351             0.006325721
686348687853.0739             0.0003458282
686349658158.5338             -0.011156691
686349664947.4723             -0.023139726
686350635252.8324             -0.048818823
686350642041.8708             -0.049652133
686351612347.1311             -0.057124853
686351619136.2694             0.0034859455
686352589441.4297             -0.028178638
686352596230.668              0.014369941
686353566535.7284             -0.020882772
686353573325.0665             0.019557174
686354543630.027              0.07180247
686354550419.4651             0.04014052
686355520724.3257             0.04173823
686355527513.8636             0.018553048
686356497818.6243             -0.028367056
686356504608.2621             0.013149945
686357474912.9229             0.0014668861
686357481702.6606             -0.033284117
686358452007.2216             -0.004071641
686358458797.0592             0.054936226
686359429101.5201             0.048737843
686359435891.4578             0.014956509
686360406195.8188             0.018169733
686360412985.8563             -0.05712634
686361383290.1174             -0.024149276
686361390080.2549             -0.043779757
686362360384.4161             0.021787982
686362367174.6534             -0.017914096
686363337478.7147             0.011256424
686363344269.052              0.016267886
686364314573.0133             0.07112827
686364321363.4504             0.051788654
686365291667.312              0.08803073
686365298457.849              0.0012477244
686366268761.6106             -0.004329405
686366275552.2476             0.0066911755
686367245855.9093             -0.04493252
686367252646.6461             0.015288298
686368222950.2079             -0.012791907
686368229741.0447             0.016647233
686369200044.5066             0.03859339
686369206835.4432             0.007982884
686370177138.8052             0.017613376
686370183929.8418             0.04620817
686371154233.1039             0.022881396
686371161024.2402             0.041329715
686372131327.4025             0.039705433
686372138118.6388             0.07124535
686373108421.701              0.12542447
686373115213.0374             -0.021967562
686374085515.9998             0.049319997
686374092307.4359             -0.008495297
686375062610.2983             0.026012905
686375069401.8345             0.015058241
686376039704.597              0.053134266
686376046496.233              0.00054351555
686377016798.8956             -0.012672962
686377023590.6316             0.028502593
686377993893.1943             0.022857904
686378000685.0302             0.0098057985
686378970987.4929             0.0011518513
686378977779.4286             0.021609649
686379948081.7915             0.03383943
686379954873.8271             0.02358861
686380925176.0902             0.009506886
686380931968.2257             -0.011412253
686381902270.3888             -0.008204372
686381909062.6243             0.009419196
686382879364.6875             -0.0054269843
686382886157.0228             0.031254694
686383856458.9861             0.044344686
686383863251.4214             -0.015493049
686384833553.2848             0.08392161
686384840345.82               -0.024671983
686385810647.5834             -0.02759423
686385817440.2184             0.006381271
686386787741.8821             -0.043874115
686386794534.617              0.014244441
686387764836.1807             -0.044077132
686387771629.0155             -0.005893813
686388741930.4792             0.027864154
686388748723.4141             0.007692606
686389719024.778              0.014357951
686389725817.8126             -0.024809927
686390696119.0765             0.02437416
686390702912.2112             -0.017609823
686391673213.3752             0.014367727
686391680006.6097             -0.029071538
686392650307.6738             0.034844965
686392657101.0083             -0.01269939
686393627401.9725             0.030811958
686393634195.4067             -0.010224967
686394604496.2711             -0.008406272
686394611289.8053             0.01685624
686395581590.5697             0.0070098476
686395588384.2039             -0.017670074
686396558684.8684             -0.016051358
686396565478.6024             0.007493751
686397535779.167              0.038837276
686397542573.001              0.041593272
686398512873.4657             0.045966584
686398519667.3995             -0.002749321
686399489967.7643             0.00904822
686399496761.7981             0.0028355292
686400467062.063              0.032707058
686400473856.1965             -0.018531773
686401444156.3616             -0.026892845
686401450950.5951             -0.01504954
686402421250.6603             -0.00021257115
686402428044.9937             -0.026162216
686403398344.9589             0.03291767
686403405139.3922             0.018795636
686404375439.2574             0.046115693
686404382233.7908             0.08227502
686405352533.5562             0.048190434
686405359328.1893             0.038135298
686406329627.8547             0.023099257
686406336422.5879             -0.01097711
686407306722.1534             0.04096354
686407313516.9863             0.0018210264
686408283816.452              0.07466179
686408290611.3849             -0.02598644
686409260910.7507             0.035853226
686409267705.7834             0.025561774
686410238005.0493             0.04325984
686410244800.182              0.055692296
686411215099.3479             0.04890427
686411221894.5806             0.005484247
686412192193.6466             0.060399137
686412198988.9791             0.035486884
686413169287.9452             0.016591322
686413176083.3777             0.036176372
686414146382.2439             -0.01637193
686414153177.7762             0.020700205
686415123476.5425             0.019395938
686415130272.1747             0.009226101
686416100570.8412             -0.014326328
686416107366.5732             -0.034696598
686417077665.1398             -0.04559486
686417084460.9718             0.0018425996
686418054759.4385             0.003985819
686418061555.3704             -0.010487372
686419031853.737              0.0010007847
686419038649.7689             -0.044830974
686420008948.0356             -0.072388254
686420015744.1675             0.03612892
686420986042.3344             -0.011308477
686420992838.566              -0.01248274
686421963136.6329             0.030794103
686421969932.9645             -0.019066308
686422940230.9316             0.01780871
686422947027.363              0.02084772
686423917325.2302             -0.00962494
686423924121.7616             0.016223494
686424894419.5289             -0.03499312
686424901216.1602             0.020274144
686425871513.8275             -0.02428546
686425878310.5587             0.066724114
686426848608.1261             0.07496456
686426855404.9573             0.05981568
686427825702.4248             0.08072699
686427832499.3558             -0.026121283
686428802796.7234             -0.009873889
686428809593.7544             -0.0026138893
686429779891.0221             0.019769551
686429786688.1528             0.025866255
686430756985.3207             0.02745567
686430763782.5514             -0.060062394
686431734079.6194             0.02408095
686431740876.95               -0.03694119
686432711173.918              -0.018503696
686432717971.3485             -0.026571853
686433688268.2167             0.02207176
686433695065.7471             0.0479733
686434665362.5153             0.009883671
686434672160.1456             -0.008154457
686435642456.8138             0.036110923
686435649254.5442             -0.008427016
686436619551.1125             -0.009068418
686436626348.9426             -0.037784822
686437596645.4111             -0.0018339391
686437603443.3412             -0.077105604
686438573739.7098             -0.06637546
686438580537.7397             -0.06596846
686439550834.0084             -0.037128706
686439557632.1383             -0.06544821
686440527928.3071             0.026407076
686440534726.5369             -0.02963316
686441505022.6057             0.042779613
686441511820.9354             0.017452829
686442482116.9043             0.037048593
686442488915.334              0.0046987436
686443459211.203              -0.013675287
686443466009.7324             -0.043631643
686444436305.5016             -0.052046962
686444443104.131              -0.018214367
686445413399.8003             -0.009150874
686445420198.5295             -0.0084752655
686446390494.0989             0.0026166171
686446397292.9281             0.024136111
686447367588.3976             0.005766119
686447374387.3267             0.038741343
686448344682.6962             0.042269826
686448351481.7252             0.038699437
686449321776.9949             0.034592707
686449328576.1238             0.008369858
686450298871.2935             0.07783803
686450305670.5223             0.018492224
686451282764.9208             0.006027476
686452259859.3193             0.018721232
686453236953.7179             0.009357208
686454214048.1165             0.051234215
686455191142.515              0.04496326
686456168236.9136             -0.0058988286
686457145331.3121             -0.013074972
686458122425.7106             0.030214058
686459099520.1091             0.08422777
686460076614.5077             0.0062996233
686461053708.9062             -0.038965017
686462030803.3048             0.020335902
686463007897.7034             0.07603343
686463984992.1019             0.06694361
686464962086.5005             -0.0038909789
686465939180.8989             0.020765334
686466916275.2975             -0.019577272
686467893369.696              -0.0054151667
686468870464.0946             -0.035140682
686469847558.4932             -0.008280096
686470824652.8917             0.02328672
686471801747.2903             0.010346694
686472778841.6887             0.018260855
686473755936.0873             0.020872047
686474733030.4858             -0.02476511
686475710124.8844             0.02936872
686476687219.283              0.04188022
686477664313.6815             0.031165682
686478641408.0801             0.034754127
686479618502.4786             0.0747073
686480595596.8771             0.018484956
686481572691.2756             -0.045014795
686482549785.6742             -0.00060892635
686483526880.0728             0.027925683
686484503974.4713             0.0047532343
686485481068.8699             0.030426065
686486458163.2684             -0.026572458
686487435257.6669             -0.02515907
686488412352.0654             -0.008856936
686489389446.464              -0.024694927
686490366540.8625             -0.041589487
686491343635.2611             -0.05716565
686492320729.6597             -0.006831739
686493297824.0582             -0.059513994
686494274918.4567             -0.048392043
686495252012.8552             0.010960779
686496229107.2538             0.032684106
686497206201.6523             0.051582083
686498183296.0509             -0.024161264
686499160390.4495             0.026042538
686500137484.848              0.022074532
686501114579.2466             -0.010422555
686502091673.645              0.08740514
686503068768.0436             0.10379949
686504045862.4421             0.01583222
686505022956.8407             0.053858865
686506000051.2393             0.08391372
686506977145.6378             -0.008211597
686507954240.0364             -0.0073707514
686508931334.4348             -0.015362061
686509908428.8334             0.041321594
686510885523.2319             0.061868835
686511862617.6305             -0.024650097
686512839712.029              0.0018356905
686513816806.4276             0.09599518
686514793900.8262             0.12975529
686515770995.2247             0.06350336
686516748089.6232             0.011400278
686517725184.0217             0.0024434535
686518702278.4203             -0.042656954
686519679372.8188             -0.017391704
686520656467.2174             0.05113932
686521633561.616              0.07750636
686522610656.0145             0.043381684
686523587750.413              -0.020650081
686524564844.8115             -0.06344643
686525541939.2101             0.045453813
686526519033.6086             0.039044727
686527496128.0072             0.025715223
686528473222.4058             0.030073553
686529450316.8043             -0.00026970246
686530427411.2028             -0.034995314
686531404505.6013             -0.027940104
686532381599.9999             -0.028319618
686533358694.3984             -0.03806939
686534335788.797              -0.115712464
686535312883.1956             -0.07630696
686536289977.5941             -0.053349532
686537267071.9927             -0.03235635
686538244166.3911             -0.005212862
686539221260.7897             -0.0014545948
686540198355.1882             -0.04827352
686541175449.5868             -0.051852744
686542152543.9854             -0.06281931
686543129638.3839             -0.04811193
686544106732.7825             -0.04996112
686545083827.1809             -0.026160236
686546060921.5795             0.03155692
686547038015.978              -0.030938694
686548015110.3766             -0.0020466293
686548992204.7751             -0.008708096
686549969299.1737             0.0114117935
686550946393.5723             -0.009844493
686551923487.9708             -0.0033083272
686552900582.3693             0.031831473
686553877676.7678             0.0346268
686554854771.1664             -0.029358683
686555831865.565              -0.07076837
686556808959.9635             -0.092611395
686557786054.362              0.023463698
686558763148.7606             0.023406008
686559740243.159              -0.048976462
686560717337.5576             0.019922104
686561694431.9562             0.027513167
686562671526.3547             0.014320495
686563648620.7533             -0.008678583
686564625715.1519             -0.026182136
686565602809.5504             -0.010594963
686566579903.9489             0.04632496
686567556998.3474             0.042697676
686568534092.746              -0.06522225
686569511187.1445             -0.057830248
686570488281.5431             -0.06431413
686571465375.9417             0.014296622
686572442470.3402             -0.0315111
686573419564.7388             0.049253315
686574396659.1372             -0.006568137
686575373753.5358             -0.014880177
686576350847.9343             -0.016172126
686577327942.3329             -0.030767776
686578305036.7314             0.047837455
686579282131.13               0.044013243
686580259225.5286             0.03342807
686581236319.927              0.028948916
686582213414.3256             -0.00049019983
686583190508.7241             -0.044245236
686584167603.1227             -0.020236481
686585144697.5212             -0.032779466
686586121791.9198             0.045701977
686587098886.3184             -0.00015952441
686588075980.7169             -0.0618656
686589053075.1154             -0.0731804
686590030169.5139             -0.07244136
686591007263.9125             -0.10922356
686591984358.311              -0.02175208
686592961452.7096             0.07219652
686593938547.1082             -0.027604243
686594915641.5067             -0.047537062
686595892735.9052             -0.05259469
686596869830.3037             -0.0046336097
686597846924.7023             -0.019781033
686598824019.1008             0.008656996
686599801113.4994             -0.02327746
686600778207.898              -0.03430532
686601755302.2965             -0.02737365
686602732396.6951             0.008928748
686603709491.0935             0.06724489
686604686585.4921             0.008912703
686605663679.8906             -0.051871028
686606640774.2892             -0.03284571
686607617868.6877             0.029369313
686608594963.0863             0.0077780234
686609572057.4849             0.0111268135
686610549151.8833             0.02034104
686611526246.2819             0.060491722
686612503340.6804             0.0032065827
686613480435.079              -0.0133418655
686614457529.4775             -0.012265389
686615434623.8761             -0.016653884
686616411718.2747             0.00596311
686617388812.6731             0.03037783
686618365907.0717             -0.020747054
686619343001.4702             -0.04571081
686620320095.8688             0.036059666
686621297190.2673             0.07772839
686622274284.6659             0.006938146
686623251379.0645             0.014588314
686624228473.463              -0.036136996
686625205567.8615             -0.032206528
686626182662.26               -0.06471252
686627159756.6586             -0.066505305
686628136851.0571             -0.08496962
686629113945.4557             0.0026428087
686630091039.8542             0.035152294
686631068134.2528             0.05484176
686632045228.6512             -0.054450795
686633022323.0498             -0.043306865
686633999417.4484             -0.051210437
686634976511.8469             -0.012525263
686635953606.2455             -0.012517417
686636930700.644              0.013872441
686637907795.0426             -0.032899525
686638884889.4412             -0.016193608
686639861983.8396             0.015353151
686640839078.2382             0.069393076
686641816172.6367             0.05035066
686642793267.0353             -0.046185132
686643770361.4338             0.039638393
686644747455.8324             0.01754133
686645724550.231              -0.035626538
686646701644.6294             -0.03145718
686647678739.028              -0.008198893
686648655833.4265             0.026892154
686649632927.8251             0.037574638
686650610022.2236             -0.032267522
686651587116.6222             -0.030913534
686652564211.0208             0.030360144
686653541305.4192             0.04545602
686654518399.8177             -0.0023321935
686655495494.2163             -0.0024956767
686656472588.6149             -0.036336508
686657449683.0134             -0.012962073
686658426777.412              -0.021872208
686659403871.8105             -0.11373972
686660380966.2091             -0.04653883
686661358060.6075             0.017890455
686662335155.0061             0.05407623
686663312249.4047             0.037031032
686664289343.8032             0.03254822
686665266438.2018             0.09135959
686666243532.6003             0.059609864
686667220626.9989             0.048057366
686668197721.3973             0.041794732
686669174815.7959             -0.024805158
686670151910.1945             -0.03383722
686671129004.593              -0.0027411445
686672106098.9916             0.031920485
686673083193.3901             0.039159387
686674060287.7887             0.050578404
686675037382.1873             0.04771648
686676014476.5857             -0.03585516
686676991570.9843             -0.046945695
686677968665.3828             0.043464255
686678945759.7814             0.0102210045
686679922854.1799             -0.004345806
686680899948.5785             -0.0044079614
686681877042.977              0.013210491
686682854137.3755             -0.018473363
686683831231.774              -0.05078637
686684808326.1726             0.0021426731
686685785420.5712             -0.04291034
686686762514.9697             -0.05277674
686687739609.3683             -0.07191487
686688716703.7668             -0.033836577
686689693798.1654             -0.023247832
686690670892.5638             0.04220543
686691647986.9624             -0.014192322
686692625081.361              -0.05385766
686693602175.7595             0.014681533
686694579270.1581             -0.007978032
686695556364.5566             -0.08386779
686696533458.9552             0.0556892
686697510553.3536             0.0004243484
686698487647.7522             -0.031641483
686699464742.1508             -0.023736048
686700441836.5493             -0.033916704
686701418930.9479             -0.059960496
686702396025.3464             -0.03560513
686703373119.745              -0.0012633194
686704350214.1434             0.056498468
686705327308.542              0.041544493
686706304402.9406             0.028630437
686707281497.3391             -0.010494325
686708258591.7377             -0.01266265
686709235686.1362             -0.038807847
686710212780.5348             -0.05049721
686711189874.9333             -0.10891343
686712166969.3318             -0.028293692
686713144063.7303             -0.03353844
686714121158.1289             -0.08020228
686715098252.5275             -0.03314815
686716075346.926              0.030744748
686717052441.3246             0.018542169
686718029535.7231             0.010260161
686719006630.1216             0.005481497
686719983724.5201             0.04570711
686720960818.9187             0.02042926
686721937913.3173             0.002536292
686722915007.7158             -0.0157773
686723892102.1144             -0.011871388
686724869196.513              0.055473752
686725846290.9115             -0.016726878
686726823385.3099             0.0033676727
686727800479.7085             -0.036430426
686728777574.107              0.04361243
686729754668.5056             0.079264425
686730731762.9042             0.035770833
686731708857.3027             0.034052048
686732685951.7013             0.06877865
686733663046.0997             0.06295014
686734640140.4983             0.023247337
686735617234.8969             0.059832204
686736594329.2954             0.041509207
686737571423.694              -0.027686436
686738548518.0925             -0.0018778619
686739525612.4911             -0.05331737
686740502706.8895             -0.0053066257
686741479801.2881             0.0889575
686742456895.6866             -0.0039723143
686743433990.0852             0.0018793856
686744411084.4838             -0.0076074465
686745388178.8823             0.005609254
686746365273.2809             0.026890386
686747342367.6794             0.00077503244
686748319462.0779             0.0008147651
686749296556.4764             -0.022610523
686750273650.875              0.0010130935
686751250745.2736             -0.011034573
686752227839.6721             0.003963555
686753204934.0707             0.022083662
686754182028.4692             -0.0170597
686755159122.8677             0.046339214
686756136217.2662             0.07791493
686757113311.6648             0.0127350995
686758090406.0634             0.01774525
686759067500.4619             -0.043674514
686760044594.8605             -0.008144877
686761021689.259              -0.025927396
686761998783.6576             -0.07211502
686762975878.056              -0.068635784
686763952972.4546             -0.0116122365
686764930066.8531             0.02129414
686765907161.2517             -0.07475361
686766884255.6503             -0.058986653
686767861350.0488             -0.028032864
686768838444.4474             0.03184202
686769815538.8458             0.010980042
686770792633.2444             0.01621593
686771769727.643              -0.009107392
686772746822.0415             0.02596422
686773723916.4401             0.055400353
686774701010.8386             0.053116135
686775678105.2372             -0.055128496
686776655199.6357             0.0028476948
686777632294.0342             0.042036917
686778609388.4327             0.012085466
686779586482.8313             0.02649314
686780563577.2299             0.009537644
686781540671.6284             -0.0039578145
686782517766.027              0.047621824
686783494860.4255             0.031191066
686784471954.824              0.021530805
686785449049.2225             0.062881514
686786426143.6211             0.050349496
686787403238.0197             -0.002743721
686788380332.4182             -0.04501527
686789357426.8168             -0.052158527
686790334521.2153             -0.08243599
686791311615.6138             -0.04443275
686792288710.0123             -0.043368384
686793265804.4109             -0.0049950397
686794242898.8094             -0.0021712354
686795219993.208              0.00031098214
686796197087.6066             0.03464132
686797174182.0051             0.030566564
686798151276.4037             0.023148138
686799128370.8021             -0.05380809
686800105465.2007             -0.0017351857
686801082559.5992             -0.017720515
686802059653.9978             -0.025526652
686803036748.3964             0.087025896
686804013842.7949             0.052850083
686804990937.1935             0.060344663
686805968031.5919             0.019395964
686806945125.9905             0.03966019
686807922220.389              0.006875661
686808899314.7876             0.01432112
686809876409.1862             0.015116899
686810853503.5847             0.070903756
686811830597.9833             0.12615405
686812807692.3818             0.05841279
686813784786.7803             0.017027747
686814761881.1788             0.023400787
686815738975.5774             0.020085279
686816716069.976              -0.051722016
686817693164.3745             -0.07492968
686818670258.7731             -0.055894695
686819647353.1716             0.08864156
686820624447.5701             0.038263667
686821601541.9686             -0.025927104
686822578636.3672             0.0030182386
686823555730.7657             -0.07099151
686824532825.1643             0.012282461
686825509919.5629             0.010940842
686826487013.9614             0.0779655
686827464108.3599             0.047904667
686828441202.7584             0.046838127
686829418297.157              0.012600204
686830395391.5555             0.044179924
686831372485.9541             0.051868044
686832349580.3527             0.036905147
686833326674.7512             -0.0014954254
686834303769.1498             0.008899473
686835280863.5482             -0.010299022
686836257957.9468             -0.013584029
686837235052.3453             -0.002161285
686838212146.7439             0.0011755
686839189241.1425             0.008352618
686840166335.541              0.0013408549
686841143429.9396             0.03091696
686842120524.338              -0.05208029
686843097618.7366             -0.04872044
686844074713.1351             -0.03152556
686845051807.5337             -0.029966075
686846028901.9323             0.004404654
686847005996.3308             0.00037944652
686847983090.7294             0.019106943
686848960185.1279             -0.062539816
686849937279.5264             -0.027933963
686850914373.9249             -0.018895388
686851891468.3235             -0.0116602015
686852868562.722              -0.062115207
686853845657.1206             0.09982091
686854822751.5192             0.03422147
686855799845.9177             -0.06578401
686856776940.3162             -0.011881013
686857754034.7147             0.06446552
686858731129.1133             0.048264205
686859708223.5118             0.017892078
686860685317.9104             -0.002516243
686861662412.309              0.09745164
686862639506.7075             0.11308845
686863616601.106              0.012353886
686864593695.5045             -0.02946675
686865570789.9031             -0.049776603
686866547884.3016             -0.003586359
686867524978.7002             -0.031128803
686868502073.0988             0.043154314
686869479167.4973             0.034766793
686870456261.8959             -0.093872786
686871433356.2943             -0.062388595
686872410450.6929             0.05676619
686873387545.0914             -0.018047377
686874364639.49               0.03190067
686875341733.8885             -0.0067174635
686876318828.2871             -0.03072404
686877295922.6857             -0.023704158
686878273017.0841             -0.02537852
686879250111.4827             -0.040443424
686880227205.8812             -0.086877726
686881204300.2798             -0.020502076
686882181394.6783             -0.032478556
686883158489.0769             -0.06313151
686884135583.4755             -0.055369988
686885112677.874              0.024393003
686886089772.2725             0.007891694
686887066866.671              0.051967178
686888043961.0696             -0.07300976
686889021055.4681             -0.01787716
686889998149.8667             0.04131045
686890975244.2653             0.034201372
686891952338.6638             -0.00977871
686892929433.0623             0.0026177221
686893906527.4608             0.0067051197
686894883621.8594             -0.059220858
686895860716.2579             -0.08578663
686896837810.6565             -0.035828337
686897814905.055              -0.049736593
686898791999.4536             -0.090868555
686899769093.8522             -0.007168454
686900746188.2506             -0.03280633
686901723282.6492             -0.018199008
686902700377.0477             -0.004326067
686903677471.4463             -0.015664877
686904654565.8448             -0.010128764
686905631660.2434             -0.002097774
686906608754.642              -0.026507441
686907585849.0404             -0.05391307
686908562943.439              -0.057988435
686909540037.8375             0.007102738
686910517132.2361             -0.004478877
686911494226.6346             -0.024068002
686912471321.0332             -0.0012506751
686913448415.4318             -0.020827273
686914425509.8302             -0.060038384
686915402604.2288             -0.083639435
686916379698.6273             -0.057304304
686917356793.0259             -0.061952088
686918333887.4244             0.017887805
686919310981.823              -0.00060529204
686920288076.2216             -0.07097704
686921265170.6201             -0.05608564
686922242265.0186             -0.0071317423
686923219359.4171             -0.01238321
686924196453.8157             -0.011400346
686925173548.2142             -0.043301813
686926150642.6128             -0.056477364
686927127737.0114             0.033889458
686928104831.4099             -0.012788201
686929081925.8083             -0.020224726
686930059020.2069             -0.017109191
686931036114.6055             -0.0033724094
686932013209.004              0.027703557
686932990303.4026             -0.008773647
686933967397.8011             0.04047998
686934944492.1997             0.036385234
686935921586.5983             0.031018928
686936898680.9967             -0.01621871
686937875775.3953             -0.027507799
686938852869.7938             0.03549756
686939829964.1924             0.07620809
686940807058.591              0.024913218
686941784152.9895             -0.04458577
686942761247.3881             -0.032327708
686943738341.7865             -0.041622844
686944715436.185              -0.0062099486
686945692530.5836             0.007325043
686946669624.9822             -0.04754126
686947646719.3807             0.026617642
686948623813.7793             0.04817479
686949600908.1779             0.05369675
686950578002.5763             0.039414447
686951555096.9749             -0.024269901
686952532191.3734             -0.020557193
686953509285.772              -0.01798353
686954486380.1705             -0.021581613
686955463474.5691             -0.047574148
686956440568.9677             -0.0034929502
686957417663.3662             0.06939099
686958394757.7646             0.013099375
686959371852.1632             0.01647004
686960348946.5618             0.041988235
686961326040.9603             -0.0028605335
686962303135.3589             0.015354917
686963280229.7574             -0.0649565
686964257324.156              -0.05673566
686965234418.5544             0.0045337887
686966211512.953              -0.009510729
686967188607.3516             0.032745805
686968165701.7501             0.043087527
686969142796.1487             -0.031433094
686970119890.5472             -0.05011441
686971096984.9458             -0.02228859
686972074079.3444             -0.05023355
686973051173.7428             0.016549291
686974028268.1414             0.01675875
686975005362.5399             0.003244253
686975982456.9385             -0.0071455776
686976959551.337              0.00897591
686977936645.7356             0.005916029
686978913740.1342             -0.058825944
686979890834.5326             -0.012501218
686980867928.9312             -0.051306106
686981845023.3297             -0.026107766
686982822117.7283             0.048237275
686983799212.1268             0.038101844
686984776306.5254             0.042841025
686985753400.924              0.055844452
686986730495.3225             -0.0459224
686987707589.721              -0.008829413
686988684684.1195             -0.016352568
686989661778.5181             -0.06506285
686990638872.9166             -0.01223081
686991615967.3152             -0.06748458
686992593061.7137             -0.044493604
686993570156.1123             -0.044961058
686994547250.5107             -0.018135594
686995524344.9093             0.014601234
686996501439.3079             0.0046506682
686997478533.7064             -0.0037260852
686998455628.105              -0.063802846
686999432722.5035             0.007451378
687000409816.9021             0.032977886
687001386911.3005             -0.029656498
687002364005.6991             -0.02197543
687003341100.0977             -0.016976403
687004318194.4962             -0.014406253
687005295288.8948             0.02963565
687006272383.2933             0.003471264
687007249477.6919             0.05009645
687008226572.0905             0.06566553
687009203666.4889             0.030905196
687010180760.8875             -0.014431382
687011157855.286              -0.03344882
687012134949.6846             -0.012582266
687013112044.0831             0.029363193
687014089138.4817             0.02679129
687015066232.8802             0.0063222866
687016043327.2787             -0.020273665
687017020421.6772             -0.05305906
687017997516.0758             0.013051809
687018974610.4744             0.015191353
687019951704.8729             -0.0051696626
687020928799.2715             -0.04034324
687021905893.67               -0.014079548
687022882988.0686             -0.025534786
687023860082.467              -0.04211458
687024837176.8656             -0.048561092
687025814271.2642             0.100785434
687026791365.6627             0.05122216
687027768460.0613             9.486203e-06
687028745554.4598             0.035660077
687029722648.8584             0.02450805
687030699743.2568             -0.010299847
687031676837.6554             0.0045905537
687032653932.054              0.04673562
687033631026.4525             -0.025671817
687034608120.8511             -0.016544014
687035585215.2496             0.01649357
687036562309.6482             0.0630609
687037539404.0466             0.025256261
687038516498.4452             -0.07331936
687039493592.8438             -0.029235668
687040470687.2423             -0.0046645505
687041447781.6409             -0.0037152492
687042424876.0394             -0.04942664
687043401970.438              -0.025299389
687044379064.8365             -0.05194113
687045356159.235              -0.041879572
687046333253.6335             0.01806841
687047310348.0321             0.00078946224
687048287442.4307             0.019657236
687049264536.8292             0.10481209
687050241631.2278             0.10933291
687051218725.6263             0.08052117
687052195820.0248             0.037231356
687053172914.4233             0.015469571
687054150008.8219             -0.010233296
687055127103.2205             -0.09918502
687056104197.619              -0.051636957
687057081292.0176             0.014203635
687058058386.4161             0.02274638
687059035480.8147             0.059101976
687060012575.2131             0.038786855
687060989669.6117             0.03578203
687061966764.0103             -0.004358745
687062943858.4088             -0.0070607476
687063920952.8074             0.0049922294
687064898047.2059             0.03393639
687065875141.6045             0.032889284
687066852236.0029             0.042473733
687067829330.4015             0.026625557
687068806424.8                -0.0069062086
687069783519.1986             -0.034305084
687070760613.5972             -0.043873712
687071737707.9957             -0.03767814
687072714802.3943             0.009808391
687073691896.7928             -0.025724579
687074668991.1913             0.025042789
687075646085.5898             -0.011227923
687076623179.9884             0.004301068
687077600274.387              -0.017512105
687078577368.7855             0.0025783111
687079554463.1841             -0.020050254
687080531557.5826             0.055999145
687081508651.9811             0.08019651
687082485746.3796             0.063141406
687083462840.7782             0.0036323026
687084439935.1768             0.013313557
687085417029.5753             0.014727416
687086394123.9739             -0.03655201
687087371218.3724             -0.048282165
687088348312.7709             -0.03806039
687089325407.1694             -0.011465859
687090302501.568              -0.030296955
687091279595.9666             0.064303316
687092256690.3651             -0.017963372
687093233784.7637             -0.033547282
687094210879.1622             -0.07192727
687095187973.5608             -0.0731417
687096165067.9592             -0.031301845
687097142162.3578             0.0069236387
687098119256.7563             -0.022788532
687099096351.1549             0.0001787772
687100073445.5535             0.010124276
687101050539.952              0.028306313
687102027634.3506             -0.01158034
687103004728.749              -0.009203124
687103981823.1476             0.026160343
687104958917.5461             0.00078992086
687105936011.9447             0.036864407
687106913106.3433             0.0090596555
687107890200.7418             -0.00501373
687108867295.1404             -0.03148757
687109844389.539              0.014002758
687110821483.9374             -0.021831524
687111798578.3359             0.027825221
687112775672.7345             0.08800663
687113752767.133              0.012493841
687114729861.5316             0.034526642
687115706955.9302             -0.0021159658
687116684050.3287             -0.0037487054
687117661144.7272             0.06567962
687118638239.1257             -0.03788457
687119615333.5243             -0.06278888
687120592427.9229             -0.041948717
687121569522.3214             0.0011236393
687122546616.72               0.046222776
687123523711.1185             0.032397944
687124500805.517              0.056670822
687125477899.9155             0.044468578
687126454994.3141             0.013353433
687127432088.7126             0.03408265
687128409183.1112             -0.020725444
687129386277.5098             -0.02340388
687130363371.9083             -0.051504277
687131340466.3069             0.0008006726
687132317560.7053             0.037173174
687133294655.1039             0.017539507
687134271749.5024             0.020926552
687135248843.901              -0.017724846
687136225938.2996             -0.02349533
687137203032.6981             -0.0128583945
687138180127.0967             -0.0060430705
687139157221.4951             0.05683677
687140134315.8937             0.01924914
687141111410.2922             -0.021064451
687142088504.6908             -0.023966618
687143065599.0894             0.012641476
687144042693.4879             0.028788473
687145019787.8865             0.017589236
687145996882.285              -0.010407225
687146973976.6835             0.042704612
687147951071.082              0.029290356
687148928165.4806             0.0017775084
687149905259.8792             -0.00027545047
687150882354.2777             -0.015857937
687151859448.6763             -0.0026904128
687152836543.0748             -0.027733695
687153813637.4733             -0.09139695
687154790731.8718             -0.041064765
687155767826.2704             0.017597968
687156744920.669              0.02770565
687157722015.0675             0.07391771
687158699109.4661             0.085776344
687159676203.8646             -0.0072843945
687160653298.2631             -0.0058561866
687161630392.6616             -0.045297768
687162607487.0602             -0.047497556
687163584581.4587             -0.102475785
687164561675.8573             -0.030461721
687165538770.2559             -0.042335745
687166515864.6544             0.0006613579
687167492959.053              -0.021710418
687168470053.4514             0.023247933
687169447147.85               0.015519946
687170424242.2485             -0.004247237
687171401336.6471             0.017379792
687172378431.0457             0.018936383
687173355525.4442             -0.044821173
687174332619.8428             -0.021464977
687175309714.2412             -0.019194214
687176286808.6398             0.0035759748
687177263903.0383             0.0066345036
687178240997.4369             -0.022398861
687179218091.8354             0.029331602
687180195186.234              -0.018106734
687181172280.6326             -0.014795946
687182149375.0311             -0.039833162
687183126469.4296             -0.0376741
687184103563.8281             -0.017296446
687185080658.2267             0.031491738
687186057752.6252             0.04494364
687187034847.0238             0.0259714
687188011941.4224             0.0039779427
687188989035.8209             0.0040647727
687189966130.2194             0.011795978
687190943224.6179             -0.0015107675
687191920319.0165             0.007517082
687192897413.415              -0.063986294
687193874507.8136             -0.0059570335
687194851602.2122             0.11879131
687195828696.6107             0.09231976
687196805791.0093             0.042527605
687197782885.4077             0.015492301
687198759979.8063             -0.005506767
687199737074.2048             -0.010740429
687200714168.6034             0.00690289
687201691263.002              -0.05825998
687202668357.4005             -0.035245307
687203645451.7991             -0.019421402
687204622546.1975             0.00913144
687205599640.5961             -0.0068129306
687206576734.9946             0.07015953
687207553829.3932             0.040354274
687208530923.7917             0.027318358
687209508018.1903             -5.4226042e-05
687210485112.5889             -0.058896016
687211462206.9873             -0.013339946
687212439301.3859             0.047370702
687213416395.7844             0.011273774
687214393490.183              0.010517819
687215370584.5815             -0.0038617335
687216347678.9801             -0.046108518
687217324773.3787             -0.022782128
687218301867.7772             0.040311974
687219278962.1757             -0.03425144
687220256056.5742             -0.029484008
687221233150.9728             -0.016565373
687222210245.3713             0.004168725
687223187339.7699             -0.011554309
687224164434.1685             0.020848025
687225141528.567              0.06626656
687226118622.9655             0.020212999
687227095717.364              0.06468164
687228072811.7626             0.03767473
687229049906.1611             0.049402278
687230027000.5597             0.014464267
687231004094.9583             -0.017336432
687231981189.3568             0.007807058
687232958283.7554             -0.028845817
687233935378.1538             0.021049716
687234912472.5524             0.041268524
687235889566.9509             -0.033735454
687236866661.3495             0.030848332
687237843755.748              0.013657286
687238820850.1466             0.010519921
687239797944.5452             -0.00045717452
687240775038.9436             0.0229879
687241752133.3422             0.050104782
687242729227.7407             0.028036641
687243706322.1393             0.035200622
687244683416.5378             0.009722715
687245660510.9364             -0.078375116
687246637605.335              -0.009536805
687247614699.7334             -0.017988665
687248591794.132              0.019620776
687249568888.5305             0.011046745
687250545982.9291             -0.047325
687251523077.3276             -0.09621653
687252500171.7262             -0.094867975
687253477266.1248             -0.0108283395
687254454360.5233             -0.013359333
687255431454.9218             -0.03755153
687256408549.3203             -0.012060794
687257385643.7189             0.022973333
687258362738.1174             -0.010094187
687259339832.516              -0.04253027
687260316926.9146             -0.075595565
687261294021.3131             -0.04228849
687262271115.7115             0.00257632
687263248210.1101             -0.026581379
687264225304.5087             -0.077918634
687265202398.9072             -0.027410725
687266179493.3058             -0.004740495
687267156587.7043             -0.051631816
687268133682.1029             -0.077586375
687269110776.5015             0.009967058
687270087870.8999             0.07716644
687271064965.2985             -0.014200301
687272042059.697              0.0177568
687273019154.0956             0.08054494
687273996248.4941             0.026027963
687274973342.8927             0.0152653195
687275950437.2913             -0.035838675
687276927531.6897             0.0310527
687277904626.0883             0.037913203
687278881720.4868             0.056674734
687279858814.8854             0.048879586
687280835909.2839             -0.036011558
687281813003.6825             -0.06491942
687282790098.081              0.0028526303
687283767192.4796             -0.003260216
687284744286.878              -0.023990767
687285721381.2766             -0.039958667
687286698475.6752             -0.045627788
687287675570.0737             -0.016940074
687288652664.4723             -0.023022158
687289629758.8708             -0.019099962
687290606853.2694             0.0136812385
687291583947.6678             -0.038882557
687292561042.0664             -0.035898548
687293538136.465              0.0918472
687294515230.8635             0.036459237
687295492325.2621             -0.009988543
687296469419.6606             -0.01950265
687297446514.0592             0.027201017
687298423608.4576             0.017055335
687299400702.8562             -0.039872117
687300377797.2548             -0.044207804
687301354891.6533             0.029593471
687302331986.0519             -0.021678371
687303309080.4504             -0.036291827
687304286174.849              -0.0023247846
687305263269.2476             0.003495461
687306240363.646              0.08003771
687307217458.0446             0.041799966
687308194552.4431             -0.018600993
687309171646.8417             -0.015681442
687310148741.2402             0.007759678
687311125835.6388             -0.058518775
687312102930.0374             -0.0042754007
687313080024.4358             -0.021519432
687314057118.8344             -0.04810353
687315034213.2329             0.041166116
687316011307.6315             -0.013450384
687316988402.03               0.033687986
687317965496.4286             -0.0123593
687318942590.8271             -0.036087856
687319919685.2257             -0.00894766
687320896779.6241             -0.023212234
687321873874.0227             -0.009617085
687322850968.4213             0.00902405
687323828062.8198             -0.025129445
687324805157.2184             -0.01648902
687325782251.617              -0.06447699
687326759346.0155             -0.037250385
687327736440.414              0.014978595
687328713534.8125             -0.007263411
687329690629.211              -0.0048094047
687330667723.6096             0.04389874
687331644818.0082             0.0070309034
687332621912.4067             0.0031327053
687333599006.8053             0.08176619
687334576101.2037             0.07447118
687335553195.6023             -0.00083247566
687336530290.0009             0.011415599
687337507384.3994             0.01430404
687338484478.798              0.08177673
687339461573.1965             -0.015874475
687340438667.5951             -0.0031599745
687341415761.9937             0.03532492
687342392856.3921             0.064031936
687343369950.7906             0.028506368
687344347045.1892             -0.012262116
687345324139.5878             -0.0014687735
687346301233.9863             -0.023464577
687347278328.3849             -0.014587349
687348255422.7834             0.04118009
687349232517.1819             -0.0030684236
687350209611.5804             -0.03440876
687351186705.979              -0.047596145
687352163800.3776             -0.044895448
687353140894.7761             0.046645653
687354117989.1747             0.011813998
687355095083.5732             0.07881923
687356072177.9718             0.026938006
687357049272.3702             0.09222971
687358026366.7688             0.1432444
687359003461.1674             0.13875441
687359980555.5659             0.07965984
687360957649.9645             -0.03267336
687361934744.363              -0.039502434
687362911838.7616             0.0041169226
687363888933.16               -0.0574046
687364866027.5586             0.030900616
687365843121.9572             0.045999475
687366820216.3557             -0.004082863
687367797310.7543             0.026469471
687368774405.1528             0.029397301
687369751499.5514             -0.06468023
687370728593.95               -0.04826957
687371705688.3484             -0.0614294
687372682782.747              -0.018006742
687373659877.1455             0.02911927
687374636971.5441             -0.0038701687
687375614065.9426             -0.0030235194
687376591160.3412             -0.031379733
687377568254.7397             -0.039434705
687378545349.1382             0.028675534
687379522443.5367             -0.03305904
687380499537.9353             -0.04053156
687381476632.3339             -0.027041541
687382453726.7324             -0.044333484
687383430821.131              -0.040616043
687384407915.5295             0.030074289
687385385009.928              -0.016386848
687386362104.3265             -0.030190814
687387339198.7251             0.075905085
687388316293.1237             0.0699394
687389293387.5222             0.020539042
687390270481.9208             0.033156034
687391247576.3193             0.091684826
687392224670.7179             0.10152335
687393201765.1163             0.03375052
687394178859.5149             0.027031202
687395155953.9135             -0.04989118
687396133048.312              0.0022021905
687397110142.7106             -0.0136196995
687398087237.1091             0.010971773
687399064331.5077             -0.008014434
687400041425.9061             0.019464022
687401018520.3047             0.0639451
687401995614.7032             0.0035911328
687402972709.1018             -0.0055699893
687403949803.5004             -0.0075933076
687404926897.8989             -0.032321256
687405903992.2975             -0.055323195
687406881086.696              -0.023418821
687407858181.0945             -0.05731889
687408835275.493              -0.026838176
687409812369.8916             -0.0028076197
687410789464.2902             -0.025591753
687411766558.6887             -0.002490722
687412743653.0873             0.12483407
687413720747.4858             0.05016795
687414697841.8843             -0.00434592
687415674936.2828             -0.0035685853
687416652030.6814             -0.023180868
687417629125.08               -0.0136948
687418606219.4785             0.00019733736
687419583313.8771             0.037882317
687420560408.2756             -0.047933564
687421537502.6741             -0.0148462085
687422514597.0726             0.04591296
687423491691.4712             0.047266074
687424468785.8698             0.08266998
687425445880.2683             0.085685
687426422974.6669             0.038774945
687427400069.0654             0.03406976
687428377163.464              0.03826448
687429354257.8624             0.042541776
687430331352.261              0.0024731292
687431308446.6595             -0.010546865
687432285541.0581             0.016923962
687433262635.4567             0.07010117
687434239729.8552             0.019168485
687435216824.2538             0.029406665
687436193918.6522             -0.013347264
687437171013.0508             -0.018688755
687438148107.4493             0.034734014
687439125201.8479             -0.0048710844
687440102296.2465             0.06437841
687441079390.645              0.039378397
687442056485.0436             0.030738823
687443033579.4421             -0.013557683
687444010673.8406             0.021764442
687444987768.2391             0.06980852
687445964862.6377             0.038861565
687446941957.0363             0.009115635
687447919051.4348             0.025301697
687448896145.8334             0.05183167
687449873240.2319             0.06772599
687450850334.6304             -0.036987
687451827429.0289             -0.03229845
687452804523.4275             -0.005176812
687453781617.826              0.006443388
687454758712.2246             -0.023791289
687455735806.6232             -0.012493261
687456712901.0217             0.029432887
687457689995.4202             0.0029495193
687458667089.8187             0.049114753
687459644184.2173             0.00060857955
687460621278.6158             0.040287882
687461598373.0144             0.057124343
687462575467.413              0.056717988
687463552561.8115             0.020124154
687464529656.2101             -0.039790772
687465506750.6085             -0.05895236
687466483845.0071             -0.03711723
687467460939.4056             0.004715224
687468438033.8042             0.0048336266
687469415128.2028             0.03956361
687470392222.6013             0.028437704
687471369316.9999             0.018051269
687472346411.3983             0.032013576
687473323505.7969             -0.0022678245
687474300600.1954             -0.037140448
687475277694.594              -0.057305314
687476254788.9926             -0.03591468
687477231883.3911             0.034441285
687478208977.7897             0.047919426
687479186072.1882             -0.070761114
687480163166.5867             -0.07773151
687481140260.9852             -0.0062516923
687482117355.3838             -0.038612217
687483094449.7823             -0.014727731
687484071544.1809             -0.007743708
687485048638.5795             0.028694913
687486025732.978              0.05753034
687487002827.3765             0.020826949
687487979921.775              0.047230773
687488957016.1736             0.036781896
687489934110.5721             -0.014069411
687490911204.9707             0.014894777
687491888299.3693             -0.019196967
687492865393.7678             -0.0626089
687493842488.1664             -0.075441934
687494819582.5648             -0.030465642
687495796676.9634             -0.038821116
687496773771.3619             0.0014569117
687497750865.7605             -0.0055535533
687498727960.159              -0.0069296123
687499705054.5576             -0.03493674
687500682148.9562             -0.036041815
687501659243.3546             -0.009134017
687502636337.7532             -0.011476341
687503613432.1517             0.012393073
687504590526.5503             -0.007373162
687505567620.9489             0.06261501
687506544715.3474             0.008823207
687507521809.746              -0.043070804
687508498904.1444             -0.0036608998
687509475998.543              -0.0009609313
687510453092.9415             0.00124606
687511430187.3401             0.052893918
687512407281.7386             -0.0006899327
687513384376.1372             0.021612173
687514361470.5358             0.0018418716
687515338564.9343             -0.020370396
687516315659.3328             -0.034245037
687517292753.7313             0.009599489
687518269848.1299             -0.046335984
687519246942.5284             -0.002579773
687520224036.927              0.028552912
687521201131.3256             -0.03656735
687522178225.7241             -0.0390132
687523155320.1226             -0.09293051
687524132414.5211             -0.068983234
687525109508.9197             -0.0041832514
687526086603.3182             0.035268873
687527063697.7168             -0.0012792435
687528040792.1154             -0.0024555281
687529017886.5139             -0.025280947
687529994980.9125             -0.029487796
687530972075.3109             -0.027916787
687531949169.7095             0.013573495
687532926264.108              -0.0659285
687533903358.5066             0.020500207
687534880452.9052             0.054256383
687535857547.3037             -0.010309668
687536834641.7023             -0.034564704
687537811736.1007             -0.01847372
687538788830.4993             0.06061468
687539765924.8978             0.03178
687540743019.2964             -0.033104546
687541720113.695              -0.06807787
687542697208.0935             -0.039166313
687543674302.4921             0.0069066184
687544651396.8905             0.05123136
687545628491.2891             0.060381632
687546605585.6876             0.044059623
687547582680.0862             -0.0019131199
687548559774.4847             0.012224279
687549536868.8833             0.034240235
687550513963.2819             0.038932994
687551491057.6804             -0.008219867
687552468152.0789             -0.033835847
687553445246.4774             -0.011907668
687554422340.876              -0.015472932
687555399435.2745             -0.0697746
687556376529.6731             -0.046548557
687557353624.0717             0.028628848
687558330718.4702             0.038823985
687559307812.8687             0.061806384
687560284907.2672             0.089630865
687561262001.6658             0.039870337
687562239096.0643             -0.025855105
687563216190.4629             -0.02678669
687564193284.8615             -0.042392593
687565170379.26               -0.016347053
687566147473.6586             -0.026758095
687567124568.057              0.004897161
687568101662.4556             0.058227375
687569078756.8541             0.15881367
687570055851.2527             0.15249369
687571032945.6512             0.0965405
687572010040.0498             0.07248256
687572987134.4484             -0.03984264
687573964228.8468             -0.014447085
687574941323.2454             0.035394657
687575918417.6439             -0.015691595
687576895512.0425             0.039303567
687577872606.441              0.036858927
687578849700.8396             0.026340686
687579826795.2382             0.005351762
687580803889.6367             0.0621256
687581780984.0352             0.017097533
687582758078.4337             0.00033910896
687583735172.8323             0.027514359
687584712267.2308             0.049705848
687585689361.6294             0.098373376
687586666456.028              0.064169385
687587643550.4265             0.08990151
687588620644.825              0.010582845
687589597739.2235             -0.040159993
687590574833.6221             -0.0031618872
687591551928.0206             0.010295154
687592529022.4192             0.013031884
687593506116.8177             0.028564785
687594483211.2163             0.009495372
687595460305.6147             0.0012517472
687596437400.0133             -0.029797178
687597414494.4119             0.015231096
687598391588.8104             -0.017466247
687599368683.209              0.049979035
687600345777.6075             0.040349483
687601322872.0061             0.026731621
687602299966.4047             -0.039383665
687603277060.8031             -0.024913138
687604254155.2017             -0.0012272572
687605231249.6002             -0.03993382
687606208343.9988             -0.0024499095
687607185438.3973             0.024995502
687608162532.7959             0.02190537
687609139627.1945             -0.02340374
687610116721.5929             -0.03203822
687611093815.9915             -0.01842997
687612070910.39               -0.036602143
687613048004.7886             -0.036729038
687614025099.1871             -0.03396006
687615002193.5857             -0.016969156
687615979287.9843             -0.005794546
687616956382.3828             -0.059248757
687617933476.7812             -0.051004793
687618910571.1798             0.008411779
687619887665.5784             0.04553192
687620864759.9769             0.013375821
687621841854.3755             -0.015317705
687622818948.774              -0.056324735
687623796043.1726             0.0510317
687624773137.571              0.06416406
687625750231.9696             -0.012697738
687626727326.3682             -0.011171884
687627704420.7667             -0.0069000255
687628681515.1653             0.031055938
687629658609.5638             0.048591662
687630635703.9624             0.015416915
687631612798.3608             -0.052522425
687632589892.7594             0.0030264733
687633566987.158              0.042261492
687634544081.5565             0.04416972
687635521175.9551             0.04241933
687636498270.3536             0.08322004
687637475364.7522             0.042559423
687638452459.1508             0.029579118
687639429553.5492             0.019357001
687640406647.9478             0.054474704
687641383742.3463             0.04424808
687642360836.7449             0.08746968
687643337931.1434             0.047388602
687644315025.542              -0.04002038
687645292119.9406             -0.058587387
687646269214.339              -0.030314706
687647246308.7375             0.011992939
687648223403.1361             0.040995292
687649200497.5347             0.05155938
687650177591.9332             0.0030579327
687651154686.3318             0.10095363
687652131780.7303             0.012275062
687653108875.1289             0.0015678008
687654085969.5273             -0.03253427
687655063063.9259             -0.02761289
687656040158.3245             -0.025526172
687657017252.723              -0.040473945
687657994347.1216             0.0039104014
687658971441.5201             0.008601968
687659948535.9187             0.052659832
687660925630.3171             0.063083805
687661902724.7157             -0.009122029
687662879819.1143             0.022856444
687663856913.5128             -0.0024234592
687664834007.9114             0.06598249
687665811102.3099             0.018424867
687666788196.7085             0.013547397
687667765291.107              0.014053554
687668742385.5055             0.05376261
687669719479.904              0.022649376
687670696574.3026             -0.014149712
687671673668.7012             0.014675872
687672650763.0997             -0.0036737365
687673627857.4983             -0.02522416
687674604951.8969             -0.016808502
687675582046.2953             -0.0064106924
687676559140.6938             0.022374168
687677536235.0924             -0.025194366
687678513329.491              -0.08605062
687679490423.8895             -0.021533228
687680467518.2881             -0.10976678
687681444612.6866             -0.019844705
687682421707.0851             0.008601684
687683398801.4836             0.01405231
687684375895.8822             -0.0024375126
687685352990.2808             -0.013999733
687686330084.6793             0.007728733
687687307179.0779             0.08189862
687688284273.4764             0.055434886
687689261367.875              0.013313728
687690238462.2734             -0.0009675444
687691215556.672              -0.041407418
687692192651.0706             0.07322198
687693169745.4691             0.086647406
687694146839.8677             0.00043416664
687695123934.2662             -0.063883685
687696101028.6648             0.02593407
687697078123.0632             0.04958005
687698055217.4618             -0.035705794
687699032311.8604             -0.0063776816
687700009406.2589             -0.022323336
687700986500.6575             -0.050778348
687701963595.056              -0.11987272
687702940689.4546             -0.032381848
687703917783.8531             -0.027994828
687704894878.2516             -0.057629667
687705871972.6501             -0.0037732183
687706849067.0487             0.06477601
687707826161.4473             0.011807301
687708803255.8458             0.003420027
687709780350.2444             0.02350824
687710757444.643              0.05049615
687711734539.0414             0.0007856709
687712711633.44               -0.003163023
687713688727.8385             -0.026439581
687714665822.237              -0.027629126
687715642916.6356             -0.041440982
687716620011.0342             0.002425022
687717597105.4327             0.014476945
687718574199.8312             -0.02865844
687719551294.2297             -0.02311716
687720528388.6283             -0.029508585
687721505483.0269             0.0065934453
687722482577.4254             0.036389936
687723459671.824              0.06774284
687724436766.2225             -0.0020037042
687725413860.6211             -0.029227903
687726390955.0195             -0.08624411
687727368049.4181             -0.058039226
687728345143.8167             -0.0074002165
687729322238.2152             0.019096963
687730299332.6138             -0.007361153
687731276427.0123             -0.005275371
687732253521.4109             -0.02016337
687733230615.8093             0.05014636
687734207710.2079             0.0672806
687735184804.6064             -0.019165285
687736161899.005              -0.023964634
687737138993.4036             -0.040839534
687738116087.8021             -0.05258075
687739093182.2007             0.012955402
687740070276.5992             -0.009669746
687741047370.9977             -0.018189184
687742024465.3962             -0.015447965
687743001559.7948             -0.021392923
687743978654.1934             0.023086494
687744955748.5919             0.03255089
687745932842.9905             0.025375698
687746909937.389              -0.014998566
687747887031.7875             0.033175025
687748864126.186              -0.018249776
687749841220.5846             -0.11010352
687750818314.9832             0.0021370817
687751795409.3817             0.006067988
687752772503.7803             0.012319737
687753749598.1788             0.06145602
687754726692.5774             -0.0040996177
687755703786.9758             -0.013272269
687756680881.3744             -0.024159513
687757657975.773              -0.034188244
687758635070.1715             0.011114339
687759612164.5701             -0.00096998597
687760589258.9686             -0.021433879
687761566353.3672             0.046715043
687762543447.7656             0.005539031
687763520542.1642             -0.003732952
687764497636.5627             0.05286402
687765474730.9613             0.097341426
687766451825.3599             0.052141253
687767428919.7584             -0.0017974627
687768406014.157              0.048248164
687769383108.5554             0.023891829
687770360202.954              -0.028337637
687771337297.3525             0.0006541841
687772314391.7511             0.018265208
687773291486.1497             0.015701322
687774268580.5482             -0.0033483428
687775245674.9468             0.06773777
687776222769.3453             0.06807957
687777199863.7438             0.026749087
687778176958.1423             -0.022617145
687779154052.5409             0.02303493
687780131146.9395             0.010348491
687781108241.338              0.0010703873
687782085335.7366             0.01034392
687783062430.1351             0.009290837
687784039524.5336             -0.004924237
687785016618.9321             -0.030826757
687785993713.3307             -0.021079032
687786970807.7292             -0.008987772
687787947902.1278             0.044067003
687788924996.5264             0.028847737
687789902090.9249             -0.0050475295
687790879185.3235             -0.02422617
687791856279.7219             -0.025238292
687792833374.1205             -0.052644283
687793810468.519              -0.052928947
687794787562.9176             -0.00091194606
687795764657.3162             -0.0064094146
687796741751.7147             -0.04817165
687797718846.1133             0.02184582
687798695940.5117             -0.0071531516
687799673034.9103             0.036469538
687800650129.3088             0.0070503
687801627223.7074             -8.7192486e-05
687802604318.106              0.0018615987
687803581412.5045             -0.013617651
687804558506.9031             -0.05097542
687805535601.3015             -0.033058044
687806512695.7001             -0.045194633
687807489790.0986             -0.009559235
687808466884.4972             0.030808523
687809443978.8958             0.02836374
687810421073.2943             0.024113696
687811398167.6929             -0.08942419
687812375262.0914             -0.07512206
687813352356.4899             -0.035970125
687814329450.8884             0.049398974
687815306545.287              0.017822366
687816283639.6855             -0.017446265
687817260734.0841             0.026609365
687818237828.4827             0.02532891
687819214922.8812             -0.055491365
687820192017.2797             -0.017396688
687821169111.6782             -0.021582387
687822146206.0768             -0.0039379303
687823123300.4753             -0.025582021
687824100394.8739             -0.028446663
687825077489.2725             -0.012450312
687826054583.671              0.0004202612
687827031678.0696             0.013734625
687828008772.468              -0.022553291
687828985866.8666             0.04856417
687829962961.2651             0.011529215
687830940055.6637             0.038339157
687831917150.0623             -0.018439276
687832894244.4608             -0.011776393
687833871338.8594             -0.010797962
687834848433.2578             -0.02289966
687835825527.6564             -0.051373594
687836802622.0549             -0.029027889
687837779716.4535             -0.050115965
687838756810.852              0.030132277
687839733905.2506             0.014927455
687840710999.6492             -0.040026788
687841688094.0476             -0.072773434
687842665188.4462             -0.040050182
687843642282.8447             0.022494847
687844619377.2433             0.03938129
687845596471.6418             0.03775115
687846573566.0404             0.0022067993
687847550660.439              -0.059735056
687848527754.8375             -0.045400977
687849504849.236              -0.027352879
687850481943.6345             -0.008082549
687851459038.0331             -0.07108777
687852436132.4316             -0.02004749
687853413226.8302             0.048694294
687854390321.2288             -0.043750558
687855367415.6273             -0.026640074
687856344510.0258             -0.040446304
687857321604.4243             0.014255745
687858298698.8229             0.025508497
687859275793.2214             0.057796825
687860252887.62               -0.025814567
687861229982.0186             -0.04211496
687862207076.4171             -0.00369972
687863184170.8157             -0.028071674
687864161265.2141             -0.04025922
687865138359.6127             -0.0465842
687866115454.0112             -0.042053368
687867092548.4098             -0.029011395
687868069642.8083             -0.0032408212
687869046737.2069             0.024923753
687870023831.6055             0.006072251
687871000926.0039             0.06392602
687871978020.4025             -0.03860497
687872955114.801              0.048257787
687873932209.1996             0.08723768
687874909303.5981             0.079332255
687875886397.9967             -0.024140298
687876863492.3953             -0.07828925
687877840586.7938             -0.056764532
687878817681.1923             0.036113285
687879794775.5908             0.037309702
687880771869.9894             0.027001802
687881748964.388              0.036482986
687882726058.7865             -0.04073601
687883703153.185              0.027465785
687884680247.5836             0.021095376
687885657341.982              -0.010146441
687886634436.3806             -0.0650995
687887611530.7792             0.0002203129
687888588625.1777             -0.012836937
687889565719.5763             -0.02232255
687890542813.9749             0.05781856
687891519908.3734             -0.026287507
687892497002.7719             0.037794687
687893474097.1704             -0.009287827
687894451191.569              -0.10187268
687895428285.9675             -0.042585026
687896405380.3661             0.015027008
687897382474.7646             -0.029877702
687898359569.1632             -0.032999214
687899336663.5618             -0.084266946
687900313757.9602             0.03344846
687901290852.3588             -0.0003436347
687902267946.7573             0.0117054535
687903245041.1559             0.020261332
687904222135.5544             -0.012489195
687905199229.953              -0.023804987
687906176324.3516             -0.0047436957
687907153418.75               -0.037601568
687908130513.1486             -0.039604757
687909107607.5471             0.033682354
687910084701.9457             0.033464905
687911061796.3442             0.015462163
687912038890.7428             -0.008918222
687913015985.1414             -0.022681868
687913993079.5399             0.053045057
687914970173.9384             0.031365175
687915947268.3369             0.03527853
687916924362.7355             -0.040762484
687917901457.134              -0.055249553
687918878551.5326             -0.03060911
687919855645.9312             -0.04904868
687920832740.3297             -0.041753978
687921809834.7281             0.0015625266
687922786929.1267             0.0057181735
687923764023.5253             -0.015963875
687924741117.9238             0.032604326
687925718212.3224             0.014844483
687926695306.721              -0.004342346
687927672401.1195             -0.045881677
687928649495.518              -0.024906164
687929626589.9165             0.04625423
687930603684.3151             0.01871165
687931580778.7136             -0.02188184
687932557873.1122             0.0700036
687933534967.5107             0.030794071
687934512061.9093             -0.02749151
687935489156.3079             -0.03249423
687936466250.7063             -0.04137683
687937443345.1049             -0.048639834
687938420439.5034             -0.0015651863
687939397533.902              0.02631275
687940374628.3005             0.030299306
687941351722.6991             -0.02379573
687942328817.0977             -0.0017531344
687943305911.4961             0.0041906144
687944283005.8947             -0.0021295429
687945260100.2932             -0.016343763
687946237194.6918             -0.010683021
687947214289.0903             -0.04082077
687948191383.4889             0.016110826
687949168477.8875             -0.013789922
687950145572.286              -0.065936275
687951122666.6844             0.031275716
687952099761.083              0.007595227
687953076855.4816             0.025913218
687954053949.8801             0.010340126
687955031044.2787             -0.038929615
687956008138.6772             -0.04021231
687956985233.0758             0.014746765
687957962327.4742             -0.0100338245
687958939421.8728             -0.05881745
687959916516.2714             -0.029572593
687960893610.6699             0.015208827
687961870705.0685             0.07025411
687962847799.467              0.017487373
687963824893.8656             0.0070627565
687964801988.2642             0.026923409
687965779082.6626             0.022123443
687966756177.0612             0.045077153
687967733271.4597             -0.00011151251
687968710365.8583             -0.012552297
687969687460.2568             -0.008529343
687970664554.6554             0.048551098
687971641649.054              0.032530118
687972618743.4524             -0.016232686
687973595837.851              -0.0759182
687974572932.2495             -0.062228486
687975550026.6481             -0.020379422
687976527121.0466             -0.003620841
687977504215.4452             0.049189296
687978481309.8438             0.0129957525
687979458404.2422             -0.027303956
687980435498.6407             -0.091274984
687981412593.0393             -0.04371812
687982389687.4379             -0.01180412
687983366781.8364             0.041223016
687984343876.235              0.0033803622
687985320970.6335             0.0039553544
687986298065.0321             -0.020872239
687987275159.4305             -0.032334846
687988252253.8291             -0.033679083
687989229348.2277             0.00022326401
687990206442.6262             0.021420263
687991183537.0248             0.014922415
687992160631.4233             0.034213085
687993137725.8219             0.020903595
687994114820.2203             -0.025832368
687995091914.6189             0.032383982
687996069009.0175             0.021101328
687997046103.416              0.0031608585
687998023197.8146             0.038173594
687999000292.2131             0.054465715
687999977386.6117             0.038695835
688000954481.0103             -0.0016607783
688001931575.4087             0.046319705
688002908669.8073             0.055557635
688003885764.2058             0.05648394
688004862858.6044             -0.016330505
688005839953.0029             0.00644075
688006817047.4015             0.050681252
688007794141.8                0.046243064
688008771236.1985             0.013976268
688009748330.597              -0.01228621
688010725424.9956             -0.0067335106
688011702519.3942             0.03073603
688012679613.7927             0.0034194656
688013656708.1913             0.022098484
688014633802.5898             -0.005623492
688015610896.9883             -0.033123337
688016587991.3868             0.021525916
688017565085.7854             -0.052391615
688018542180.184              -0.040123068
688019519274.5825             0.013328061
688020496368.9811             -0.042652644
688021473463.3796             -0.037116226
688022450557.7782             -0.061730623
688023427652.1766             -0.0751226
688024404746.5752             0.0041759135
688025381840.9738             0.048630595
688026358935.3723             0.032642234
688027336029.7709             0.005551922
688028313124.1694             -0.020275967
688029290218.568              -0.0053959196
688030267312.9664             -0.041959904
688031244407.365              -0.025801659
688032221501.7635             -0.004285726
688033198596.1621             -0.032509692
688034175690.5607             0.03935198
688035152784.9592             0.033074062
688036129879.3578             0.003672252
688037106973.7563             -0.0070431605
688038084068.1548             -0.013980458
688039061162.5533             -0.052033447
688039083245.5                -0.04135693
688040038256.9519             -0.013905795
688040060339.8988             -0.01823099
688041015351.3505             0.03105089
688041037434.2976             -0.06052066
688041992445.749              -0.0369411
688042014528.6964             0.048718445
688042969540.1476             -0.022726566
688042991623.0951             -0.045448963
688043946634.5461             -0.03697777
688043968717.4939             -0.11337055
688044923728.9446             -0.0013788288
688044945811.8927             0.02588721
688045900823.3431             0.075970605
688045922906.2915             0.018719202
688046877917.7417             0.029040521
688046900000.6903             -0.016689353
688047855012.1403             -0.017328601
688047877095.0891             0.004409393
688048832106.5388             -0.0017533606
688048854189.4879             0.043804593
688049809200.9374             -0.0004221075
688049831283.8867             0.016984338
688050786295.3359             0.028947635
688050808378.2854             0.017666249
688051763389.7344             -0.0068348525
688051785472.6842             -0.018562041
688052740484.1329             -0.04535536
688052762567.083              0.012988781
688053717578.5315             -0.036830552
688053739661.4818             -0.011540014
688054694672.93               -0.03502546
688054716755.8806             -0.036112487
688055671767.3286             -0.032975644
688055693850.2794             -0.00062811247
688056648861.7272             -0.03364772
688056670944.6782             0.018692173
688057625956.1257             0.022119408
688057648039.0769             0.022227129
688058603050.5243             0.033716623
688058625133.4757             -0.049446225
688059580144.9227             -0.0336067
688059602227.8745             -0.03401844
688060557239.3213             -0.0018848242
688060579322.2733             -0.021548754
688061534333.7198             0.030364992
688061556416.6721             0.047535367
688062511428.1184             0.03476806
688062533511.0709             0.0032812033
688063488522.517              -0.04693658
688063510605.4697             0.024629695
688064465616.9155             -0.01684855
688064487699.8685             0.065089434
688065442711.3141             0.02262095
688065464794.2672             0.01791689
688066419805.7125             -0.01325868
688066441888.666              -0.018412812
688067396900.1111             -0.053382847
688067418983.0648             -0.028967103
688068373994.5096             -0.03756522
688068396077.4636             -0.082774706
688069351088.9082             -0.026017018
688069373171.8624             0.014086486
688070328183.3068             0.042519934
688070350266.2612             0.045516774
688071305277.7053             0.0503131
688071327360.66               0.04018161
688072282372.1039             -0.01904265
688072304455.0587             -0.03049118
688073259466.5024             -0.02746783
688073281549.4575             -0.004242924
688074236560.9009             0.010793639
688074258643.8563             0.008282615
688075213655.2994             -0.048388336
688075235738.2551             -0.023646204
688076190749.698              -0.012977721
688076212832.6539             -0.001835621
688077167844.0966             0.045677423
688077189927.0527             0.01911098
688078144938.4951             0.04182026
688078167021.4515             0.0007628229
688079122032.8937             -0.012418815
688079144115.8503             0.015916498
688080099127.2922             0.004746105
688080121210.249              0.037086442
688081076221.6907             0.021463335
688081098304.6478             0.032271758
688082053316.0892             -0.003115124
688082075399.0466             0.01402532
688083030410.4878             -0.007017293
688083052493.4454             0.02356844
688084007504.8864             0.019050276
688084029587.8442             0.02730021
688084984599.2849             0.018453222
688085006682.243              0.015758885
688085961693.6835             0.04786406
688085983776.6418             0.027861904
688086938788.082              0.007026722
688086960871.0405             0.03566477
688087915882.4806             -0.010884551
688087937965.4393             0.05574862
688088892976.879              0.005415988
688088915059.8381             0.03813584
688089870071.2776             0.012209488
688089892154.2369             -0.054985724
688090847165.6761             -0.037927363
688090869248.6357             -0.002821721
688091824260.0747             -0.028234025
688091846343.0345             -0.03753833
688092801354.4733             -0.025530605
688092823437.4333             0.016077172
688093778448.8718             0.05924951
688093800531.8322             -0.03450301
688094755543.2704             -0.040466055
688094777626.2308             -0.029259486
688095732637.6688             -0.050202075
688095754720.6296             0.019603234
688096709732.0674             -0.001994166
688096731815.0284             0.01973447
688097686826.466              -0.047475398
688097708909.4272             0.019198958
688098663920.8645             -0.036807336
688098686003.826              0.07023682
688099641015.2631             0.06060558
688099663098.2249             0.05448316
688100618109.6616             0.028003538
688100640192.6237             -0.033563837
688101595204.0602             -0.04821629
688101617287.0223             -0.024548054
688102572298.4586             -0.036467243
688102594381.4211             -0.05213809
688103549392.8572             -0.05134499
688103571475.82               0.030520832
688104526487.2557             0.016377375
688104548570.2188             0.037641916
688105503581.6543             -0.0061764205
688105525664.6176             -0.060384866
688106480676.0529             -0.05845104
688106502759.0164             -0.00027894287
688107457770.4514             0.01878518
688107479853.4152             -0.017027684
688108434864.85               -0.02415196
688108456947.814              -0.05846975
688109411959.2485             -0.04409243
688109434042.2126             -0.05408712
688110389053.647              -0.07252341
688110411136.6115             -0.03905575
688111366148.0455             -0.04673539
688111388231.0103             0.01410003
688112343242.4441             0.03474711
688112365325.409              0.060844358
688113320336.8427             0.025454223
688113342419.8079             -0.003240113
688114297431.2412             -0.0118039055
688114319514.2067             -0.0022171747
688115274525.6398             -0.037974186
688115296608.6055             -0.03626813
688116251620.0383             -0.09181928
688116273703.0042             -0.020166168
688117228714.4368             0.006835436
688117250797.403              -0.019098978
688118205808.8353             -0.022771139
688118227891.8018             0.04388523
688119182903.2339             0.028549286
688119204986.2006             0.028121423
688120159997.6324             0.025855565
688120182080.5994             0.06214486
688121137092.031              0.043205105
688121159174.9982             0.0045229006
688122114186.4296             0.011331837
688122136269.397              -0.048685037
688123091280.8281             -0.068656415
688123113363.7958             -0.053812414
688124068375.2267             -0.12922546
688124090458.1945             0.028806211
688125045469.6251             -0.020887792
688125067552.5933             0.0055227214
688126022564.0237             -0.006720774
688126044646.9921             -0.06307297
688126999658.4222             -0.058555964
688127021741.3909             -0.050267763
688127976752.8208             -0.06002094
688127998835.7897             0.03249593
688128953847.2194             0.012683902
688128975930.1885             0.033806592
688129930941.6179             0.013605647
688129953024.5873             0.06812754
688130908036.0165             0.03979025
688130930118.986              0.004708916
688131885130.4149             0.03678902
688131907213.3848             0.042200457
688132862224.8135             0.046527848
688132884307.7836             0.015921729
688133839319.212              0.025676422
688133861402.1824             -0.029652009
688134816413.6106             -0.0053899265
688134838496.5812             -0.027174978
688135793508.0092             -0.011594846
688135815590.98               -0.04354315
688136770602.4077             0.0010215497
688136792685.3788             0.025286404
688137747696.8063             0.028130079
688137769779.7776             -0.0046814834
688138724791.2047             -0.028176041
688138746874.1763             0.015482909
688139701885.6033             -0.050585218
688139723968.5751             0.02055808
688140678980.0018             -0.0042587235
688140701062.9739             -0.015602963
688141656074.4004             -0.004675429
688141678157.3727             -0.06135869
688142633168.799              -0.08524101
688142655251.7715             0.025515195
688143610263.1975             -0.035655558
688143632346.1703             0.03132337
688144587357.5961             -0.0020321074
688144609440.5691             -0.10494843
688145564451.9946             -0.053949684
688145586534.9678             -0.06426981
688146541546.3931             -0.04693035
688146563629.3666             0.03814686
688147518640.7916             0.021787602
688147540723.7654             -0.004338929
688148495735.1902             -0.021073846
688148517818.1642             0.045314115
688149472829.5887             0.013481556
688149494912.563              0.048880212
688150449923.9873             -0.03275022
688150472006.9618             0.03990495
688151427018.3859             -0.0045171715
688151449101.3606             0.02351596
688152404112.7844             0.033722214
688152426195.7594             0.030915784
688153381207.1829             0.032945663
688153403290.1581             -0.041299816
688154358301.5814             0.03029298
688154380384.5569             0.023416793
688155335395.98               0.00869879
688155357478.9557             0.012101541
688156312490.3785             -0.02868312
688156334573.3545             -0.0049080476
688157289584.7771             -0.025406534
688157311667.7533             -0.038240843
688158266679.1757             -0.025354149
688158288762.1521             -0.008985437
688159243773.5742             -0.042316947
688159265856.5509             -0.0016461737
688160220867.9728             -0.032042515
688160242950.9496             0.05308636
688161197962.3712             -0.0011207224
688161220045.3484             0.027738485
688162175056.7698             -0.02208342
688162197139.7472             -0.040147137
688163152151.1683             -0.04855666
688163174234.146              -0.041038886
688164129245.5669             -0.026548153
688164151328.5448             -0.049482647
688165106339.9655             -0.005784668
688165128422.9436             0.025563339
688166083434.364              0.001209046
688166105517.3424             0.04278461
688167060528.7626             -0.017249878
688167082611.7412             -0.01827028
688168037623.161              -0.023956815
688168059706.1399             0.0019031479
688169014717.5596             -0.0063419295
688169036800.5387             -0.057442065
688169991811.9581             -0.07362637
688170013894.9375             -0.038958438
688170968906.3567             -0.04244371
688170990989.3363             0.030393979
688171946000.7552             -0.00973357
688171968083.7351             0.04720109
688172923095.1538             0.053257257
688172945178.1339             -0.01677272
688173900189.5524             -0.0037884198
688173922272.5327             0.037804347
688174877283.9509             0.04349388
688174899366.9314             0.005498431
688175854378.3494             0.021595133
688175876461.3302             0.023202738
688176831472.7479             0.021983823
688176853555.729              0.06823647
688177808567.1465             0.07037028
688177830650.1278             0.074489094
688178785661.545              0.08812506
688178807744.5266             0.01016076
688179762755.9436             -0.0074169147
688179784838.9254             -0.030929565
688180739850.3422             -0.027953848
688180761933.3242             0.06348243
688181716944.7407             0.027681759
688181739027.723              0.07598247
688182694039.1392             0.06247916
688182716122.1217             0.046365056
688183671133.5377             0.042480126
688183693216.5205             0.083210625
688184648227.9363             0.064327076
688184670310.9193             0.007955506
688185625322.3348             -0.01142028
688185647405.3181             0.025068069
688186602416.7334             -0.04384758
688186624499.7169             -0.039330423
688187579511.132              -0.065497495
688187601594.1157             -0.014303485
688188556605.5305             -0.014395046
688188578688.5145             -0.009127801
688189533699.929              -0.01890255
688189555782.9132             0.036986105
688190510794.3275             0.068501666
688190532877.312              0.05298335
688191487888.7261             0.07544503
688191509971.7108             0.027919665
688192464983.1246             0.037257027
688192487066.1096             -0.03529509
688193442077.5232             0.006567274
688193464160.5084             -0.06011023
688194419171.9218             -0.07948752
688194441254.9072             -0.02930723
688195396266.3203             -0.022166952
688195418349.306              0.0059543187
688196373360.7189             -0.040750723
688196395443.7048             -0.0334955
688197350455.1173             -0.038024712
688197372538.1035             0.05996577
688198327549.5159             0.057155423
688198349632.5023             0.021269359
688199304643.9144             0.049734928
688199326726.9011             0.00946541
688200281738.313              -0.022707757
688200303821.2999             0.019064311
688201280915.6987             -0.0076882066
688202258010.0975             0.056502752
688203235104.4963             -0.028578619
688204212198.895              -0.04996404
688205189293.2938             0.01455048
688206166387.6926             0.024490712
688207143482.0914             -0.016959582
688208120576.4902             -0.00901631
688209097670.889              0.010272236
688210074765.2878             -0.0029041478
688211051859.6866             -0.0006871736
688212028954.0853             0.013262153
688213006048.4841             0.015401459
688213983142.8829             0.026496213
688214960237.2817             0.04294236
688215937331.6805             0.009192295
688216914426.0793             0.014055684
688217891520.4781             0.06391799
688218868614.8768             0.07352152
688219845709.2756             0.05153087
688220822803.6744             -0.040843595
688221799898.0732             -0.031637985
688222776992.472              -0.00013282165
688223754086.8708             -0.04051093
688224731181.2697             0.014756524
688225708275.6685             0.03375405
688226685370.0671             0.04790401
688227662464.466              0.022060428
688228639558.8647             0.017372701
688229616653.2635             0.033332855
688230593747.6624             -0.014396056
688231570842.0612             0.016723676
688232547936.46               0.017654814
688233525030.8586             0.011436604
688234502125.2574             0.021540023
688235479219.6562             -0.03504496
688236456314.055              -0.038690228
688237433408.4539             -0.019178137
688238410502.8527             -0.0030061584
688239387597.2515             0.09136534
688240364691.6503             0.030800689
688241341786.049              -0.02484143
688242318880.4478             0.006753391
688243295974.8466             0.023711165
688244273069.2454             -0.022247536
688245250163.6442             0.06948983
688246227258.043              0.008607256
688247204352.4418             -0.024467167
688248181446.8405             0.05576895
688249158541.2393             0.04912277
688250135635.6381             0.035745136
688251112730.0369             0.016066983
688252089824.4357             -0.0042376444
688253066918.8345             -0.035771757
688254044013.2333             0.002418292
688255021107.6321             0.06182936
688255998202.0308             0.032390658
688256975296.4296             0.06329886
688257952390.8284             0.052662354
688258929485.2272             0.0013095463
688259906579.626              0.058488443
688260883674.0248             0.01676167
688261860768.4236             0.007336103
688262837862.8223             -0.022175645
688263814957.2211             0.029724535
688264792051.6199             -0.015688967
688265769146.0187             0.023760265
688266746240.4175             -0.033872806
688267723334.8163             0.0021233966
688268700429.2151             0.021431621
688269677523.6139             0.008604597
688270654618.0126             -0.0509594
688271631712.4114             -0.040356606
688272608806.8102             -0.00039786147
688273585901.209              -0.025137268
688274562995.6078             -0.007904654
688275540090.0066             0.06422984
688276517184.4054             0.06281578
688277494278.8041             -0.055083036
688278471373.2029             -0.021265231
688279448467.6017             0.00048484106
688280425562.0005             -0.068635665
688281402656.3993             0.006702328
688282379750.7981             -0.02569158
688283356845.1969             -0.032365955
688284333939.5957             -0.036195915
688285311033.9944             0.029848281
688286288128.3932             -0.028326457
688287265222.792              -0.018877454
688288242317.1908             0.0084668
688289219411.5896             -0.06340623
688290196505.9884             -0.11516462
688291173600.3872             0.0024726551
688292150694.7859             0.02203444
688293127789.1847             0.02261095
688294104883.5835             0.090310216
688295081977.9823             -0.015689423
688296059072.3811             -0.058277246
688297036166.7799             -0.023564968
688298013261.1787             -0.01192162
688298990355.5775             0.09627848
688299967449.9762             0.047481176
688300944544.375              0.018764947
688301921638.7738             0.09144122
688302898733.1726             0.03045434
688303875827.5714             0.047596354
688304852921.9702             0.0647574
688305830016.369              -0.009137998
688306807110.7677             -0.04258848
688307784205.1665             -0.08344137
688308761299.5653             -0.043715
688309738393.9641             0.010025119
688310715488.3629             0.056960396
688311692582.7617             0.028773611
688312669677.1605             -0.03428752
688313646771.5593             0.006460707
688314623865.958              -0.0016165692
688315600960.3568             -0.04398147
688316578054.7556             -0.06361605
688317555149.1544             -0.09103122
688318532243.5532             -0.029379481
688319509337.952              -0.0021574085
688320486432.3508             -0.04087378
688321463526.7495             -0.015420389
688322440621.1483             -0.00097222504
688323417715.5471             0.0046016104
688324394809.9459             -0.00240766
688325371904.3447             -0.022020869
688326348998.7435             0.019054221
688327326093.1423             0.0051042014
688328303187.5411             -0.0148877995
688329280281.9398             -0.045661226
688330257376.3386             -0.0076003033
688331234470.7374             -0.036116723
688332211565.1362             -0.00976337
688333188659.535              0.03953482
688334165753.9338             0.020813672
688335142848.3326             -0.025754536
688336119942.7313             -0.02448591
688337097037.1301             -0.042666767
688338074131.5289             -0.005677429
688339051225.9277             -0.03978708
688340028320.3265             -0.10969455
688341005414.7253             0.052323367
688341982509.1241             0.1627531
688342959603.523              0.10259613
688343936697.9216             0.030809388
688344913792.3204             0.0027520102
688345890886.7192             -0.035323203
688346867981.118              -0.088338785
688347845075.5168             -0.06024091
688348822169.9156             0.040409997
688349799264.3145             0.036148366
688350776358.7131             -0.010148514
688351753453.1119             0.006217964
688352730547.5107             0.006490019
688353707641.9095             0.0522107
688354684736.3083             0.101786196
688355661830.7072             0.06561875
688356638925.106              -0.026035873
688357616019.5048             0.0024952057
688358593113.9034             -0.042497735
688359570208.3022             -0.0042371266
688360547302.701              0.11280237
688361524397.0999             0.0282063
688362501491.4987             -0.09035146
688363478585.8975             -0.05283716
688364455680.2963             0.027143143
688365432774.695              0.07076112
688366409869.0938             0.07480055
688367386963.4926             0.063803494
688368364057.8914             0.09533856
688369341152.2902             -0.0016871666
688370318246.689              0.02425203
688371295341.0878             0.048042983
688372272435.4866             0.040151823
688373249529.8853             -0.01108171
688374226624.284              -0.035553295
688375203718.6829             -0.013375273
688376180813.0817             0.044205245
688377157907.4805             0.009837465
688378135001.8793             -0.0029756767
688379112096.2781             0.018558204
688380089190.6768             0.0575782
688381066285.0756             -0.024255646
688382043379.4744             -0.05440308
688383020473.8732             -0.055571716
688383997568.272              -0.028996235
688384974662.6708             -0.061576948
688385951757.0696             -0.030616269
688386928851.4684             0.007242074
688387905945.8671             0.010679888
688388883040.2659             0.030605357
688389860134.6647             0.052355975
688390837229.0635             -0.008999777
688391814323.4623             -0.03394416
688392791417.8611             -0.074090876
688393768512.2599             -0.02238464
688394745606.6586             -0.013625556
688395722701.0574             -0.035328824
688396699795.4562             -0.028627746
688397676889.855              0.04231247
688398653984.2538             0.023888502
688399631078.6526             -0.025880111
688400608173.0514             -0.061692737
688401585267.4502             -0.043111105
688402562361.8489             0.045768194
688403539456.2477             -0.039822496
688404516550.6465             -0.038308673
688405493645.0453             -0.028878642
688406470739.4441             0.0886574
688407447833.8429             0.05649104
688408424928.2417             -0.053981364
688409402022.6404             -0.029997528
688410379117.0392             -0.008287714
688411356211.438              0.07991073
688412333305.8368             0.09123718
688413310400.2356             0.02467117
688414287494.6344             0.042095646
688415264589.0332             -0.0071431817
688416241683.432              -0.05438165
688417218777.8307             -0.04602919
688418195872.2295             -0.0028860848
688419172966.6283             -0.047727466
688420150061.0271             -0.0305316
688421127155.4259             -0.020867277
688422104249.8247             0.016059602
688423081344.2235             0.04967516
688424058438.6222             0.05402009
688425035533.021              0.047732003
688426012627.4198             -0.0020445825
688426989721.8186             -0.023257961
688427966816.2174             -0.031902846
688428943910.6162             -0.05675398
688429921005.015              -0.011336682
688430898099.4138             -0.0008613686
688431875193.8125             0.031847477
688432852288.2113             -0.016724437
688433829382.6101             0.010550652
688434806477.0089             -0.015798619
688435783571.4077             -0.023302164
688436760665.8065             0.015547975
688437737760.2053             0.021565702
688438714854.604              0.01974454
688439691949.0028             0.05416872
688440669043.4016             -0.0119073335
688441646137.8004             -0.030658584
688442623232.1992             -0.00040348643
688443600326.598              0.039536037
688444577420.9968             0.011559728
688445554515.3956             0.028032705
688446531609.7943             -0.030877145
688447508704.1931             -0.048130237
688448485798.5919             -0.02326257
688449462892.9907             -0.006619028
688450439987.3895             -0.025219446
688451417081.7883             -0.084281825
688452394176.1871             -0.030668482
688453371270.5858             -0.023122959
688454348364.9846             -0.023635104
688455325459.3834             -0.02268174
688456302553.7822             0.013485939
688457279648.181              0.013118653
688458256742.5798             -0.052631903
688459233836.9786             -0.09174658
688460210931.3774             -0.0016290471
688461188025.7761             0.06745231
688462165120.1749             0.07927911
688463142214.5737             0.028655307
688464119308.9725             -0.009014631
688465096403.3713             0.0095633445
688466073497.7701             0.004212265
688467050592.169              0.0058245193
688468027686.5676             -0.043173842
688469004780.9664             -0.023503052
688469981875.3652             0.058533605
688470958969.764              -0.0013079698
688471936064.1628             -0.077888615
688472913158.5616             -0.014147817
688473890252.9604             -0.00676176
688474867347.3593             -0.0014866088
688475844441.7579             0.03041691
688476821536.1567             0.095736265
688477798630.5555             0.100711614
688478775724.9543             0.003360849
688479752819.3531             0.024675982
688480729913.752              0.01204644
688481707008.1508             0.03817459
688482684102.5494             -0.07009933
688483661196.9482             -0.1008007
688484638291.347              0.027147163
688485615385.7458             0.04679083
688486592480.1447             -0.017244559
688487569574.5435             0.008914702
688488546668.9423             0.031519514
688489523763.3411             -0.002385712
688490500857.7397             0.075825304
688491477952.1385             0.063586734
688492455046.5374             0.07901743
688493432140.9362             -0.029234223
688494409235.335              -0.054711528
688495386329.7338             -0.055662405
688496363424.1326             0.012907559
688497340518.5312             0.02892605
688498317612.93               0.05960193
688499294707.3289             -0.047618654
688500271801.7277             -0.022470528
688501248896.1265             0.00851881
688502225990.5253             0.020146115
688503203084.9241             0.028059531
688504180179.3229             0.056471687
688505157273.7216             0.05201208
688506134368.1204             -0.020552026
688507111462.5192             0.014766493
688508088556.918              -0.05739697
688509065651.3168             -0.010388319
688510042745.7156             0.021562006
688511019840.1144             0.1108983
688511996934.5131             0.041965075
688512974028.9119             0.023960507
688513951123.3107             0.00934884
688514928217.7095             -0.017038878
688515905312.1083             -0.017941656
688516882406.5071             -0.020878686
688517859500.9059             -0.0073102387
688518836595.3047             0.037214052
688519813689.7034             -0.02714035
688520790784.1022             -0.0062172962
688521767878.501              -0.00279627
688522744972.8998             -0.039395574
688523722067.2986             -0.035857722
688524699161.6974             -0.008389642
688525676256.0962             0.006626666
688526653350.4949             0.00036141148
688527630444.8937             -0.052395876
688528607539.2925             -0.0012130802
688529584633.6913             0.0023520144
688530561728.0901             -0.019663308
688531538822.4889             0.0740196
688532515916.8877             0.060945172
688533493011.2865             0.02870275
688534470105.6852             -0.048889864
688535447200.084              0.009927007
688536424294.4828             -0.026963757
688537401388.8816             -0.02259452
688538378483.2804             -0.008678644
688539355577.6792             0.07717076
688540332672.078              -0.0028813414
688541309766.4767             -0.0093578035
688542286860.8755             0.038146615
688543263955.2743             -0.018141603
688544241049.6731             -0.007425938
688545218144.0719             -0.02207685
688546195238.4707             -0.029587738
688547172332.8695             -0.05464795
688548149427.2683             -0.02317475
688549126521.667              0.03771736
688550103616.0658             0.002707468
688551080710.4646             -0.011012864
688552057804.8634             -0.0053580115
688553034899.2622             -0.017701538
688554011993.661              -0.031936254
688554989088.0598             0.016478207
688555966182.4585             -0.0029996298
688556943276.8573             -0.025688777
688557920371.2561             -0.014178076
688558897465.6549             -0.0013411979
688559874560.0537             0.037021853
688560851654.4525             0.06193677
688561828748.8513             -0.020836659
688562805843.2501             -0.0061911223
688563782937.6488             0.02773681
688564760032.0476             -0.05697748
688565737126.4464             0.040567927
688566714220.8452             -0.027783599
688567691315.244              -0.038789645
688568668409.6428             -0.03930459
688569645504.0416             0.0070823915
688570622598.4403             -0.035128314
688571599692.8391             -0.035992656
688572576787.2379             0.000691412
688573553881.6367             0.022997309
688574530976.0355             0.03291821
688575508070.4343             0.0074009732
688576485164.8331             -0.0046977825
688577462259.2319             -0.018016329
688578439353.6306             -0.017554913
688579416448.0294             -0.020062657
688580393542.4282             0.026258932
688581370636.827              0.018640297
688582347731.2258             -0.010514824
688583324825.6246             -0.0017609596
688584301920.0234             -0.0067468947
688585279014.4221             0.02280789
688586256108.8209             0.009078772
688587233203.2197             -0.0067371232
688588210297.6185             0.020809816
688589187392.0173             -0.012477662
688590164486.4161             0.044353634
688591141580.815              -0.054994877
688592118675.2137             0.026603268
688593095769.6124             0.0142624
688594072864.0112             -0.0065448354
688595049958.41               -0.013858395
688596027052.8088             -0.019632002
688597004147.2076             -0.039810456
688597981241.6064             -0.0006520607
688598958336.0052             -0.03385353
688599935430.4039             0.018751968
688600912524.8027             -0.0043865815
688601889619.2015             0.008136699
688602866713.6003             0.0061041815
688603843807.9991             0.017189872
688604820902.398              0.009281036
688605797996.7968             0.03545552
688606775091.1956             0.050160125
688607752185.5942             0.028503403
688608729279.993              -0.04929306
688609706374.3918             -0.043079995
688610683468.7906             -0.047970273
688611660563.1895             -0.05717064
688612637657.5883             -0.027361965
688613614751.987              -0.037079178
688614591846.3857             0.06138856
688615568940.7845             -0.012060443
688616546035.1833             0.02715169
688617523129.5822             0.02024899
688618500223.981              -0.10137271
688619477318.3798             -0.048296146
688620454412.7786             0.050260082
688621431507.1774             0.057750594
688622408601.576              0.054259807
688623385695.9749             0.077041686
688624362790.3737             -0.04294033
688625339884.7725             -0.0073895366
688626316979.1713             0.0628347
688627294073.5701             0.05216285
688628271167.9689             -0.017596988
688629248262.3676             -0.060054775
688630225356.7664             -0.011962098
688631202451.1652             0.0437505
688632179545.564              0.0073794643
688633156639.9628             0.011256818
688634133734.3616             -0.030739136
688635110828.7604             -0.060852826
688636087923.1592             -0.014896588
688637065017.5579             -0.017708424
688638042111.9567             0.024187028
688639019206.3555             0.04052395
688639996300.7543             0.016646517
688640973395.1531             -0.038298093
688641950489.5519             -0.00026017762
688642927583.9507             0.0024535242
688643904678.3494             -0.016686568
688644881772.7482             0.0061658495
688645858867.147              0.04171405
688646835961.5458             -0.041245967
688647813055.9446             -0.06039357
688648790150.3434             -0.05833131
688649767244.7422             -0.053366993
688650744339.141              -0.08622011
688651721433.5397             -0.030836724
688652698527.9385             0.04542372
688653675622.3373             0.009661039
688654652716.7361             -0.008713539
688655629811.1349             0.028145151
688656606905.5337             0.059128635
688657583999.9325             0.015107295
688658561094.3312             0.01301504
688659538188.73               -0.0039154426
688660515283.1288             -0.05046493
688661492377.5276             -0.08484252
688662469471.9264             0.010102225
688663446566.3252             0.025190366
688664423660.724              0.038702797
688665400755.1228             -0.032849573
688666377849.5215             -0.01580562
688667354943.9203             0.011301534
688668332038.3191             -0.038983483
688669309132.7179             -0.09004423
688670286227.1167             -0.08960385
688671263321.5155             -0.0006864177
688672240415.9143             0.04114726
688673217510.313              0.039489638
688674194604.7118             -0.0024429972
688675171699.1106             -0.03385038
688676148793.5094             0.028268404
688677125887.9082             -0.002724509
688678102982.307              0.03842304
688679080076.7058             -0.017007388
688680057171.1046             -0.02962874
688681034265.5033             -0.01848986
688682011359.9021             0.0041849716
688682988454.3009             0.06707029
688683965548.6997             0.01716944
688684942643.0985             0.030457584
688685919737.4973             0.04055315
688686896831.8961             0.058785576
688687873926.2948             0.10733903
688688851020.6936             0.04898048
688689828115.0924             -0.020174492
688690805209.4912             0.01967691
688691782303.89               -0.03194717
688692759398.2888             -0.03497541
688693736492.6876             -0.0073865238
688694713587.0864             0.01666904
688695690681.4851             0.008834471
688696667775.8839             0.0069006276
688697644870.2827             -0.02806314
688698621964.6815             0.0021211645
688699599059.0803             -0.012243763
688700576153.4791             -0.005080685
688701553247.8779             -0.065755315
688702530342.2766             -0.08294049
688703507436.6754             0.012278756
688704484531.0742             0.021110674
688705461625.473              0.021254223
688706438719.8718             -0.035316207
688707415814.2706             0.0496205
688708392908.6694             0.0008453447
688709370003.0682             0.06177896
688710347097.4669             0.033671252
688711324191.8657             0.025002971
688712301286.2645             0.053459063
688713278380.6633             0.07414387
688714255475.0621             -0.024334664
688715232569.4609             0.008948586
688716209663.8597             -0.021020371
688717186758.2584             -0.027489318
688718163852.6572             -0.0020597952
688719140947.056              0.029688016
688720118041.4548             0.027293691
688721095135.8536             -0.02864395
688722072230.2524             -0.06942999
688723049324.6512             -0.03965908
688724026419.05               -0.0035399063
688725003513.4487             -0.06762135
688725980607.8475             -0.023770632
688726957702.2463             0.0003961785
688727934796.6451             0.02915379
688728911891.044              0.023470595
688729888985.4427             0.06329822
688730866079.8416             0.01245425
688731843174.2402             -0.031572662
688732820268.639              0.004707848
688733797363.0378             0.02057356
688734774457.4366             0.02501063
688735751551.8354             -0.042558167
688736728646.2343             0.014360815
688737705740.633              -0.017342724
688738682835.0319             -0.030086683
688739659929.4305             -0.04201142
688740637023.8293             -0.07194353
688741614118.2281             -0.007532782
688742591212.627              0.03680137
688743568307.0258             0.07869882
688744545401.4246             0.07504362
688745522495.8234             0.03220349
688746499590.222              -0.043517757
688747476684.6208             -0.030433558
688748453779.0197             -0.061351113
688749430873.4185             -0.096628435
688750407967.8173             -0.061214697
688751385062.2161             0.0073327483
688752362156.6149             0.115159996
688753339251.0137             0.021722274
688754316345.4124             0.0060277325
688755293439.8112             -0.02298694
688756270534.21               -0.015824964
688757247628.6088             0.005438151
688758224723.0076             0.02946082
688759201817.4064             0.03353913
688760178911.8052             0.0592167
688761156006.2039             0.00593002
688762133100.6027             0.027570708
688763110195.0015             0.09414598
688764087289.4003             0.053210624
688765064383.7991             0.025082441
688766041478.1979             0.030209223
688767018572.5967             -0.010815668
688767995666.9955             0.043011256
688768972761.3942             0.012296573
688769949855.793              -0.06413522
688770926950.1918             -0.0058940505
688771904044.5906             -0.02751786
688772881138.9894             -0.040022675
688773858233.3882             -0.017566724
688774835327.787              -0.09117861
688775812422.1857             -0.070221074
688776789516.5845             0.016592026
688777766610.9833             -0.013677375
688778743705.3821             -0.0073284665
688779720799.7809             -0.016676081
688780697894.1797             -0.016783776
688781674988.5785             -0.005971519
688782652082.9773             0.013816213
688783629177.376              -0.05167935
688784606271.7748             -0.035983633
688785583366.1736             -0.07213042
688786560460.5724             -0.082078844
688787537554.9712             -0.0023431699
688788514649.37               -0.053933427
688789491743.7688             -0.02986416
688790468838.1675             0.013940415
688791445932.5663             0.06770889
688792423026.9651             0.014914837
688793400121.3639             0.0053798333
688794377215.7627             0.012223569
688795354310.1615             0.017712371
688796331404.5603             0.061588623
688797308498.9591             0.07312582
688798285593.3578             0.0025272444
688799262687.7566             0.007983387
688800239782.1554             0.005542801
688801216876.5542             -0.07859042
688802193970.953              -0.01914997
688803171065.3518             0.015347432
688804148159.7506             0.033949364
688805125254.1493             0.02355251
688806102348.5481             0.036218904
688807079442.9469             0.053219955
688808056537.3457             -0.024125399
688809033631.7445             0.025262866
688810010726.1433             0.01763734
688810987820.5421             -0.027448718
688811964914.9409             -0.010404032
688812942009.3396             0.000659954
688813919103.7384             -0.058154702
688814896198.1372             0.009604919
688815873292.536              0.0135217905
688816850386.9348             0.02228905
688817827481.3336             0.014743883
688818804575.7324             -0.020187464
688819781670.1311             0.023477048
688820758764.5299             -0.06877275
688821735858.9287             -0.016955527
688822712953.3275             -0.024005812
688823690047.7263             0.10220041
688824667142.1251             0.038057666
688825644236.5239             0.010398109
688826621330.9227             -0.016854074
688827598425.3214             0.04110728
688828575519.7202             0.012912098
688829552614.119              -0.04819801
688830529708.5178             -0.06414578
688831506802.9166             -0.0605715
688832483897.3154             -0.09905952
688833460991.7142             -0.06506164
688834438086.1129             -0.03718002
688835415180.5117             0.006472277
688836392274.9105             0.011165153
688837369369.3093             -0.05214744
688838346463.7081             -0.038649566
688839323558.1069             0.035147145
688840300652.5057             0.043404873
688841277746.9045             0.04141326
688842254841.3032             0.033984024
688843231935.702              0.03152048
688844209030.1008             0.056217995
688845186124.4996             -0.0075346823
688846163218.8984             0.0004754592
688847140313.2972             0.008622193
688848117407.696              0.020417139
688849094502.0947             0.026283383
688850071596.4935             0.03701818
688851048690.8923             0.03981538
688852025785.2911             0.011224986
688853002879.69               0.000544791
688853979974.0887             0.01752489
688854957068.4875             0.07101147
688855934162.8864             -0.029111926
688856911257.285              -0.06741354
688857888351.6838             -0.07627336
688858865446.0826             -0.031439673
688859842540.4814             0.007329128
688860819634.8802             0.020043306
688861796729.279              -0.0031691827
688862773823.6779             -0.04239264
688863750918.0765             -0.01839634
688864728012.4753             0.12354784
688865705106.8741             0.04130286
688866682201.273              0.032293368
688867659295.6718             0.09234042
688868636390.0706             -0.030834407
688869613484.4694             0.005628636
688870590578.8682             -0.04410653
688871567673.2668             -0.06382857
688872544767.6656             0.06074223
688873521862.0645             0.012712513
688874498956.4633             0.03497358
688875476050.862              -0.0021590437
688876453145.2609             0.07668728
688877430239.6597             0.05841174
688878407334.0583             0.057392552
688879384428.4572             -0.048400924
688880361522.856              -0.030245895
688881338617.2548             -0.0053714276
688882315711.6536             0.026626067
688883292806.0524             0.017724775
688884269900.4512             0.056451414
688885246994.85               0.02053419
688886224089.2487             -0.05008712
688887201183.6475             -0.02815467
688888178278.0463             0.033818834
688889155372.4451             -0.059614755
688890132466.8439             0.027941843
688891109561.2427             -0.018313661
688892086655.6415             0.021662625
688893063750.0402             0.0029717714
688894040844.439              -0.027287407
688895017938.8378             -0.051763386
688895995033.2366             -0.0609217
688896972127.6354             0.026621815
688897949222.0342             0.07517551
688898926316.433              -0.0197766
688899903410.8318             -0.01077884
688900880505.2305             0.038842566
688901857599.6293             0.053339142
688902834694.0281             0.028117504
688903811788.4269             0.013810898
688904788882.8257             0.00061007886
688905765977.2245             0.014515417
688906743071.6233             -0.007010544
688907720166.022              -0.004138053
688908697260.4208             0.00016132956
688909674354.8196             -0.045407113
688910651449.2184             -0.046289038
688911628543.6172             -0.0021303871
688912605638.016              0.04753312
688913582732.4148             0.04564859
688914559826.8136             -0.019116249
688915536921.2123             0.028826162
688916514015.6111             -0.046153095
688917491110.0099             -0.033224355
688918468204.4087             -0.03136076
688919445298.8075             -0.011747975
688920422393.2063             -0.018316379
688921399487.6051             0.014541862
688922376582.0038             0.008951714
688923353676.4026             -0.032944266
688924330770.8014             -0.0074623544
688925307865.2002             -0.063587226
688926284959.599              -0.11012463
688927262053.9978             0.036825698
688928239148.3966             -0.017521795
688929216242.7954             -0.11956655
688930193337.1941             0.021957157
688931170431.5929             0.0447876
688932147525.9917             -0.035960056
688933124620.3905             -0.024159105
688934101714.7893             0.014202715
688935078809.1881             -0.02927622
688936055903.5869             -0.00059409905
688937032997.9856             -0.018856559
688938010092.3844             -0.07735938
688938987186.7832             -0.07170651
688939964281.182              0.008300714
688940941375.5808             -0.016772958
688941918469.9796             -0.0058695083
688942895564.3784             0.030967962
688943872658.7772             -0.023351988
688944849753.1759             -0.030125633
688945826847.5747             -0.09590242
688946803941.9735             0.0025364843
688947781036.3723             0.07279712
688948758130.7711             0.07574756
688949735225.1699             0.067624934
688950712319.5687             0.036399893
688951689413.9674             -0.065780595
688952666508.3662             -0.047459055
688953643602.765              -0.03286465
688954620697.1638             -0.0056904177
688955597791.5626             -0.039983574
688956574885.9614             0.027697237
688957551980.3602             -0.025351457
688958529074.759              -0.0449773
688959506169.1577             -0.0039639585
688960483263.5565             -0.046885863
688961460357.9553             0.035035975
688962437452.3541             0.03957076
688963414546.7529             0.068037696
688964391641.1517             0.04096602
688965368735.5505             0.023429165
688966345829.9492             -0.012763183
688967322924.348              0.0070243026
688968300018.7468             0.025558967
688969277113.1456             -0.0015267056
688970254207.5444             0.01106269
688971231301.9432             -0.09702546
688972208396.342              -0.083368815
688973185490.7408             0.07668086
688974162585.1395             -0.020579154
688975139679.5383             0.011324765
688976116773.9371             0.04334509
688977093868.3359             -0.01503991
688978070962.7347             -0.015569876
688979048057.1335             0.01189455
688980025151.5323             -0.006209848
688981002245.9312             -0.009864484
688981979340.3298             -0.07626542
688982956434.7286             -0.044096157
688983933529.1274             0.02190379
688984910623.5262             0.06832815
688985887717.925              0.112448394
688986864812.3239             0.07832717
688987841906.7227             0.06836446
688988819001.1213             0.00482324
688989796095.5201             -0.0627988
688990773189.919              -0.08831848
688991750284.3177             -0.07520853
688992727378.7166             0.023694089
688993704473.1154             -0.012579823
688994681567.5142             -0.020238372
688995658661.9128             0.036759257
688996635756.3116             0.0044532837
688997612850.7104             -0.0064678006
688998589945.1093             -0.016168997
688999567039.508              -0.036384933
689000544133.9069             -0.010456419
689001521228.3057             0.014759578
689002498322.7045             0.05199331
689003475417.1031             -0.032829102
689004452511.502              -0.002666087
689005429605.9008             -0.029369641
689006406700.2996             -0.06519096
689007383794.6984             -0.032823943
689008360889.0972             0.06313617
689009337983.496              -0.005752911
689010315077.8948             -0.019019611
689011292172.2935             0.055726476
689012269266.6923             0.02068176
689013246361.0911             -0.0027768363
689014223455.4899             0.06943581
689015200549.8887             0.05600784
689016177644.2875             0.0055958885
689017154738.6863             0.01470747
689018131833.085              0.014464366
689019108927.4838             -0.031408433
689020086021.8826             0.0013249124
689021063116.2814             0.04202083
689022040210.6802             0.008629117
689023017305.079              0.00015584473
689023994399.4778             -0.059421096
689024971493.8766             -0.041524142
689025948588.2753             -0.027147569
689026925682.6741             -0.05778031
689027902777.0729             -0.046841618
689028879871.4717             -0.058948427
689029856965.8705             -0.019324021
689030834060.2693             0.013509903
689031811154.6681             -0.009017523
689032788249.0668             0.05528069
689033765343.4656             0.02463619
689034742437.8644             -0.06491488
689035719532.2632             -0.028102979
689036696626.662              0.03218343
689037673721.0608             0.030788463
689038650815.4596             0.036620215
689039627909.8584             -0.018329147
689040605004.2571             -0.015304168
689041582098.6559             -0.011002713
689042559193.0547             0.042278513
689043536287.4535             -0.043721758
689044513381.8523             -0.05079054
689045490476.2511             -0.014630573
689046467570.6499             -0.006351661
689047444665.0486             -0.07597754
689048421759.4474             -0.03783134
689049398853.8462             0.10717044
689050375948.245              0.015428848
689051353042.6438             0.0514262
689052330137.0426             0.02209138
689053307231.4414             -0.010449738
689054284325.8402             0.017668873
689055261420.2389             -0.038091227
689056238514.6377             -0.05853911
689057215609.0365             -0.02262357
689058192703.4353             -0.020442283
689059169797.8341             0.016553039
689060146892.2329             0.027031988
689061123986.6317             0.0025006789
689062101081.0304             0.020836405
689063078175.4292             0.018204318
689064055269.828              -0.030384282
689065032364.2268             0.010233114
689066009458.6256             -0.008756434
689066986553.0244             0.017486913
689067963647.4232             -0.051867273
689068940741.822              0.030205093
689069917836.2207             0.073043704
689070894930.6195             0.095806986
689071872025.0183             0.048086576
689072849119.4171             0.019638028
689073826213.8159             -0.018644799
689074803308.2147             -0.01613737
689075780402.6135             -0.04964049
689076757497.0122             -0.023765044
689077734591.411              -0.0032283983
689078711685.8098             -0.044011705
689079688780.2086             -0.06585568
689080665874.6074             0.013106344
689081642969.0062             0.03535008
689082620063.405              0.02924312
689083597157.8038             -0.0040482213
689084574252.2025             0.027558478
689085551346.6013             0.026344072
689086528441.0001             0.0003929827
689087505535.3989             0.07497959
689088482629.7977             -0.009668084
689089459724.1965             -0.028606473
689090436818.5953             -0.06670825
689091413912.994              0.050695162
689092391007.3928             0.0027189055
689093368101.7916             -0.008340268
689094345196.1904             -0.014129118
689095322290.5892             -0.023151048
689096299384.988              -0.0020375364
689097276479.3868             -0.007232593
689098253573.7856             -0.022914818
689099230668.1843             -0.035510544
689100207762.5831             -0.057697017
689101184856.9819             -0.0243319
689102161951.3807             -0.07142311
689103139045.7795             -0.064660415
689104116140.1783             0.019906333
689105093234.5771             0.040391672
689106070328.9758             -0.02929118
689107047423.3746             -0.016231932
689108024517.7734             0.005060753
689109001612.1722             0.062159196
689109978706.571              0.06419213
689110955800.9698             -0.011059041
689111932895.3687             -0.037312325
689112909989.7675             0.054986008
689113887084.1661             0.0027483255
689114864178.565              -0.05898628
689115841272.9637             0.040393203
689116818367.3625             0.01599274
689117795461.7614             0.038206644
689118772556.1602             -0.1033888
689119749650.559              -0.014401913
689120726744.9576             0.06283982
689121703839.3564             0.022742722
689122680933.7552             -0.022090696
689123658028.154              0.083007164
689124635122.5529             0.04659418
689125612216.9517             0.0120772505
689126589311.3505             0.07113715
689127566405.7493             0.049215708
689128543500.148              0.010258228
689129520594.5468             -0.031838067
689130497688.9456             -0.0380812
689131474783.3444             -0.0342304
689132451877.7432             -0.07423396
689133428972.142              -0.019778585
689134406066.5408             -0.00024454008
689135383160.9395             0.001623712
689136360255.3383             0.0100800935
689137337349.737              0.0073303753
689138314444.1359             -0.025239378
689139291538.5347             0.09428079
689140268632.9335             0.07001094
689141245727.3323             0.09899297
689142222821.7311             0.005042926
689143199916.1298             -0.06913028
689144177010.5286             -0.027238647
689145154104.9274             0.07634625
689146131199.3262             0.08571192
689147108293.725              0.047727797
689148085388.1238             0.044679664
689149062482.5226             0.054076824
689150039576.9213             0.024009503
689151016671.3201             0.017940965
689151993765.7189             -0.040300336
689152970860.1177             -0.012875831
689153947954.5165             -0.003520488
689154925048.9153             0.014644085
689155902143.3141             -0.034331985
689156879237.7129             -0.037839543
689157856332.1116             0.02739759
689158833426.5104             0.0429648
689159810520.9092             0.0062780627
689160787615.308              -0.023345986
689161764709.7068             0.024766311
689162741804.1056             0.01356953
689163718898.5044             0.01669427
689164695992.9031             0.017068958
689165673087.3019             0.039961085
689166650181.7007             0.034456216
689167627276.0995             -0.016446462
689168604370.4983             0.019540165
689169581464.8971             0.03898726
689170558559.2959             0.068783075
689171535653.6947             0.04962801
689172512748.0934             0.01595163
689173489842.4922             -0.022193648
689174466936.891              -0.017228585
689175444031.2898             -0.00474104
689176421125.6886             0.015545369
689177398220.0874             -0.017512394
689178375314.4862             -0.003775937
689179352408.8849             0.035729565
689180329503.2837             0.01826491
689181306597.6825             0.013405856
689182283692.0813             -0.043382615
689183260786.4801             -0.04321087
689184237880.8789             0.026646277
689185214975.2777             0.06352761
689186192069.6765             -0.011445687
689187169164.0752             0.010373223
689188146258.474              -0.01243148
689189123352.8728             0.011606976
689190100447.2716             0.034617133
689191077541.6704             0.049179003
689192054636.0692             0.055447716
689193031730.468              0.049540713
689194008824.8667             0.015852842
689194985919.2655             -0.021418806
689195963013.6643             0.11154817
689196940108.0631             0.099266775
689197917202.4619             0.018486211
689198894296.8607             0.044393886
689199871391.2595             0.01987641
689200848485.6583             0.0018156564
689201825580.057              0.020179782
689202802674.4558             -0.006748654
689203779768.8546             0.027996631
689204756863.2534             -0.015850514
689205733957.6522             -0.04837829
689206711052.051              -0.03051462
689207688146.4498             -0.0044627287
689208665240.8485             -0.021816019
689209642335.2473             -0.04168692
689210619429.6461             0.043562178
689211596524.0449             0.05095851
689212573618.4437             0.0131367445
689213550712.8425             -0.015912281
689214527807.2413             -0.03364221
689215504901.6401             0.054538444
689216481996.0388             0.061226524
689217459090.4376             -0.07748511
689218436184.8364             0.012016079
689219413279.2352             0.068646714
689220390373.634              0.08011449
689221367468.0328             -0.013714324
689222344562.4316             -0.03348545
689223321656.8303             -0.05335118
689224298751.2291             -0.04975639
689225275845.6279             -0.06294126
689226252940.0267             -0.034396946
689227230034.4255             -0.039158408
689228207128.8243             0.0077733197
689229184223.2231             0.054026935
689230161317.622              -0.010206845
689231138412.0206             -0.025126193
689232115506.4194             -0.07680783
689233092600.8182             -0.04578612
689234069695.217              -0.00041513488
689235046789.6158             0.06688943
689236023884.0146             0.08002962
689237000978.4135             0.029048532
689237978072.8121             -0.11304603
689238955167.2109             -0.030596565
689239932261.6097             0.038954254
689240909356.0085             0.067131124
689241886450.4073             0.04507109
689242863544.8062             0.016946051
689243840639.205              0.04625196
689244817733.6038             -0.031538468
689245794828.0024             -0.035788186
689246771922.4012             0.0076672593
689247749016.8                0.01992964
689248726111.1989             0.009678635
689249703205.5977             0.010420068
689250680299.9965             -0.04053936
689251657394.3953             0.0057257456
689252634488.794              -0.053182933
689253611583.1927             0.020425037
689254588677.5916             0.119709395
689255565771.9904             0.111349516
689256542866.3892             0.023681326
689257519960.788              -0.030994944
689258497055.1868             -0.009529987
689259474149.5856             -0.049464196
689260451243.9843             -0.024651779
689261428338.383              -0.035464797
689262405432.7819             0.039002493
689263382527.1807             0.03952353
689264359621.5795             0.05090705
689265336715.9783             0.059373166
689266313810.3771             0.021152636
689267290904.7758             -0.0014207192
689268267999.1746             -0.03605415
689269245093.5734             0.024830174
689270222187.9722             0.027940655
689271199282.371              -0.04929544
689272176376.7698             0.032380596
689273153471.1686             0.0062882984
689274130565.5674             0.04815073
689275107659.9661             0.034332857
689276084754.3649             -0.08394814
689277061848.7637             -0.07970183
689278038943.1625             -0.03844887
689279016037.5613             -0.0759295
689279993131.9601             0.0203245
689280970226.3589             0.042276204
689281947320.7576             -0.005162156
689282924415.1564             0.0077961804
689283901509.5552             0.0014174102
689284878603.954              0.06922318
689285855698.3528             0.072239794
689286832792.7516             0.06559365
689287809887.1504             0.009957757
689288786981.5492             0.030527383
689289764075.9479             -0.052677095
689290741170.3467             -0.030702937
689291718264.7455             -0.017387712
689292695359.1443             -0.061575472
689293672453.5431             0.014775903
689294649547.9419             0.047113765
689295626642.3407             0.056087196
689296603736.7394             -0.077164315
689297580831.1382             0.014396143
689298557925.537              0.008842043
689299535019.9358             0.07166198
689300512114.3346             0.037000913
689301489208.7334             -0.09643586
689302466303.1322             -0.10960383
689303443397.531              -0.06195788
689304420491.9297             0.036079347
689305397586.3285             0.05178038
689306374680.7273             0.04335792
689307351775.1261             -0.0070689716
689308328869.5249             -0.04409433
689309305963.9237             -0.024101883
689310283058.3225             -0.04734986
689311260152.7212             -0.0323664
689312237247.12               -0.050225686
689313214341.5188             -0.05108956
689314191435.9176             0.0076633147
689315168530.3164             0.0558948
689316145624.7152             0.055322114
689317122719.114              0.027649438
689318099813.5128             -0.022667719
689319076907.9115             -0.046891697
689320054002.3103             -0.030503014
689321031096.7091             0.04940017
689322008191.1079             0.05204035
689322985285.5067             0.041093938
689323962379.9055             0.03350773
689324939474.3043             0.09521974
689325916568.703              0.18079087
689326893663.1018             0.08692317
689327870757.5006             0.019307923
689328847851.8994             0.048577126
689329824946.2982             0.006315811
689330802040.697              -0.014349284
689331779135.0958             -0.046636995
689332756229.4946             0.04921164
689333733323.8933             0.051157217
689334710418.2921             0.008703408
689335687512.6909             0.020248253
689336664607.0897             0.015751753
689337641701.4885             -0.05096421
689338618795.8873             -0.0060618687
689339595890.2861             -0.05670288
689340572984.6848             -0.055881243
689341550079.0836             0.019758081
689342527173.4824             0.033154536
689343504267.8812             0.024074228
689344481362.28               0.029518932
689345458456.6788             0.028942062
689346435551.0776             -0.053708382
689347412645.4764             -0.0027505138
689348389739.8751             -0.022772295
689349366834.2739             -0.04782942
689350343928.6727             0.020386735
689351321023.0715             -0.09743896
689352298117.4703             0.006622737
689353275211.8691             0.008442298
689354252306.268              0.050815754
689355229400.6666             0.07629755
689356206495.0654             0.006366728
689357183589.4642             0.031268142
689358160683.863              0.06527857
689359137778.2618             0.020256998
689360114872.6606             -0.055196945
689361091967.0594             -0.09024018
689362069061.4583             0.03621204
689363046155.8569             0.04848461
689364023250.2557             -0.0038457906
689365000344.6545             0.0700354
689365977439.0533             0.002134176
689366954533.4521             -0.0031249626
689367931627.851              0.006565621
689368908722.2498             -0.061516676
689369885816.6484             0.06953079
689370862911.0472             0.04631313
689371840005.446              0.059212077
689372817099.8448             0.02275941
689373794194.2437             -0.020902578
689374771288.6425             -0.022470843
689375748383.0413             -0.055077955
689376725477.4401             0.0038147818
689377702571.8387             0.040025838
689378679666.2375             -0.016177822
689379656760.6364             -0.000593654
689380633855.0352             -0.04396925
689381610949.434              -0.06741547
689382588043.8328             -0.07563059
689383565138.2316             -0.047420956
689384542232.6302             0.031247232
689385519327.029              0.07239724
689386496421.4279             0.046924807
689387473515.8267             0.048204325
689388450610.2255             -0.016955309
689389427704.6243             0.020523448
689390404799.0231             0.07863294
689391381893.4219             0.057928316
689392358987.8206             0.013708978
689393336082.2194             0.039937735
689394313176.6182             0.018012656
689395290271.017              0.053554866
689396267365.4158             0.07870467
689397244459.8146             0.016154781
689398221554.2134             0.0013479104
689399198648.612              -0.08120521
689400175743.0109             -0.009133309
689401152837.4097             0.059576206
689402129931.8085             -0.004032005
689403107026.2073             0.006199845
689404084120.6061             0.039067764
689405061215.0049             0.018237084
689406038309.4037             0.0052334676
689407015403.8024             0.018591527
689407992498.2012             0.013017206
689408969592.6                -0.07285697
689409946686.9988             -0.092346266
689410923781.3976             -0.13037515
689411900875.7964             -0.018349638
689412877970.1952             0.020175472
689413855064.5939             0.05048255
689414832158.9927             0.08525189
689415809253.3915             0.03643172
689416786347.7903             0.015286565
689417763442.1891             0.019953933
689418740536.5879             0.041276354
689419717630.9867             0.041282125
689420694725.3855             -0.011901293
689421671819.7842             0.006508571
689422648914.183              0.0065156613
689423626008.5818             -0.008037489
689424603102.9806             0.07011942
689425580197.3794             0.06598821
689426557291.7782             0.0013631927
689427534386.177              -0.0107086385
689428511480.5757             -0.0600293
689429488574.9745             -0.053127035
689430465669.3733             -0.029646786
689431442763.7721             -0.002712348
689432419858.1709             -0.0012902198
689433396952.5697             0.03059078
689434374046.9685             0.033095676
689435351141.3673             -0.0015404052
689436328235.766              -0.016178964
689437305330.1648             -0.05873936
689438282424.5636             0.06070087
689439259518.9624             0.08199035
689440236613.3612             0.014664324
689441213707.76               -0.053311888
689442190802.1588             -0.054994054
689443167896.5575             -0.035890874
689444144990.9563             -0.054657627
689445122085.3551             0.010125766
689446099179.7539             -0.007909133
689447076274.1527             -0.10499119
689448053368.5515             -0.014919719
689449030462.9503             0.022352284
689450007557.3491             0.036795557
689450984651.7478             0.015027499
689451961746.1466             0.014319527
689452938840.5454             -0.00057317177
689453915934.9442             -0.05773179
689454893029.343              -0.060781706
689455870123.7418             -0.052071583
689456847218.1406             -0.004783789
689457824312.5393             -0.027644306
689458801406.9381             -0.0007543031
689459778501.3369             -0.00065007753
689460755595.7357             -0.0022453715
689461732690.1345             0.01232085
689462709784.5333             0.0036555436
689463686878.9321             -0.024215525
689464663973.3309             -0.0015375802
689465641067.7296             -0.018880108
689466618162.1284             0.026626544
689467595256.5272             -0.004286495
689468572350.926              -0.019753264
689469549445.3248             0.006879182
689470526539.7236             -0.0055680033
689471503634.1224             -0.037579045
689472480728.5211             0.0224068
689473457822.9199             0.055787295
689474434917.3187             0.043505188
689475412011.7175             -0.030259734
689476389106.1163             -0.019611724
689477366200.5151             -0.05338608
689478343294.914              -0.033119414
689479320389.3127             -0.02569707
689480297483.7114             0.051814836
689481274578.1102             0.115383066
689482251672.509              -0.067781664
689483228766.9078             -0.07685511
689484205861.3066             0.031886883
689485182955.7054             -0.027799005
689486160050.1042             0.004054588
689487137144.5029             -0.040296275
689488114238.9017             -0.014996514
689489091333.3005             0.0029249073
689490068427.6993             -0.00097089744
689491045522.0981             0.0050630635
689492022616.497              -0.03382042
689492999710.8958             -0.06308123
689493976805.2946             -0.071488425
689494953899.6932             -0.033394434
689495930994.092              -0.041281965
689496908088.4908             0.0071782693
689497885182.8896             -0.07713207
689498862277.2885             -0.0677179
689499839371.6873             0.04941409
689500816466.086              0.04680969
689501793560.4847             -0.026785657
689502770654.8835             -0.0701209
689503747749.2823             -0.024701128
689504724843.6812             -0.020898616
689505701938.08               0.006471187
689506679032.4788             0.025710396
689507656126.8776             0.06350508
689508633221.2764             0.021494132
689509610315.675              0.014025055
689510587410.0739             0.044401404
689511564504.4727             0.060610242
689512541598.8715             0.07473127
689513518693.2703             0.012845226
689514495787.6691             -0.0028009692
689515472882.0679             -0.031651232
689516449976.4666             0.021772953
689517427070.8654             -0.0036306442
689518404165.2642             -0.02198661
689519381259.663              -0.01661521
689520358354.0618             0.037243284
689521335448.4606             -0.0314776
689522312542.8594             -0.06525128
689523289637.2582             -0.02886284
689524266731.6569             -0.05203001
689525243826.0557             -0.05754729
689526220920.4545             -0.0025711227
689527198014.8533             -0.055590864
689528175109.2521             -0.034273658
689529152203.6509             -0.028428234
689530129298.0497             -0.04857014
689531106392.4484             -0.047553416
689532083486.8472             -0.011102797
689533060581.246              0.037459265
689534037675.6448             0.024088366
689535014770.0436             -0.032725513
689535991864.4424             -0.022953456
689536968958.8412             -0.0062261587
689537946053.24               -0.012105283
689538923147.6387             -0.038251918
689539900242.0375             -0.045833908
689540877336.4363             0.0024563915
689541854430.8351             0.036877535
689542831525.2339             0.039516777
689543808619.6327             0.05917967
689544785714.0315             -0.027662082
689545762808.4302             -0.061409965
689546739902.829              0.050001286
689547716997.2278             0.06451909
689548694091.6266             0.026805414
689549671186.0254             0.10538007
689550648280.4242             0.100842744
689551625374.823              0.011322458
689552602469.2218             -0.0793673
689553579563.6205             -0.054927867
689554556658.0193             -0.01295321
689555533752.4181             0.069263436
689556510846.8169             0.04554227
689557487941.2157             0.049326494
689558465035.6145             0.036266927
689559442130.0133             0.009818605
689560419224.412              0.0067908913
689561396318.8108             0.015699325
689562373413.2096             -0.005997816
689563350507.6084             -0.04021346
689564327602.0072             -0.009136575
689565304696.406              0.037605084
689566281790.8048             0.022329064
689567258885.2036             -0.04939998
689568235979.6023             -0.00013073614
689569213074.0011             0.030991266
689570190168.3999             0.05010002
689571167262.7987             0.110031486
689572144357.1975             0.033011243
689573121451.5963             -0.008612822
689574098545.9951             -0.001146974
689575075640.3938             -0.02067324
689576052734.7926             -0.07074684
689577029829.1914             0.036583785
689578006923.5902             0.018039715
689578984017.989              0.0011075067
689579961112.3878             0.0020972711
689580938206.7866             0.026331227
689581915301.1854             0.029360792
689582892395.5841             0.05706173
689583869489.9829             0.06740156
689584846584.3817             0.060302585
689585823678.7805             -0.02367823
689586800773.1793             -0.018668028
689587777867.5781             -0.056081146
689588754961.9769             -0.0565237
689589732056.3756             -0.009272546
689590709150.7744             -0.07049808
689591686245.1732             -0.012835016
689592663339.572              -0.027046774
689593640433.9708             0.028682794
689594617528.3696             0.04742557
689595594622.7684             0.0063682757
689596571717.1672             0.014312332
689597548811.5659             -0.0056801043
689598525905.9647             -0.023514962
689599503000.3635             -0.034878626
689600480094.7623             0.0006282979
689601457189.1611             0.016498111
689602434283.5599             -0.036376454
689603411377.9587             0.042493492
689604388472.3574             0.007904292
689605365566.7562             0.058179855
689606342661.155              0.06460281
689607319755.5538             0.03510333
689608296849.9526             0.04935042
689609273944.3514             0.058892623
689610251038.7502             0.020707881
689611228133.149              0.011051371
689612205227.5477             -0.0044089626
689613182321.9465             -0.022517381
689614159416.3453             -0.030402033
689615136510.7441             -0.02883571
689616113605.143              -0.03214288
689617090699.5417             -0.01066007
689618067793.9406             -0.015013539
689619044888.3392             -0.06939407
689620021982.738              0.0034651349
689620999077.1368             0.05889269
689621976171.5356             0.031856947
689622953265.9344             -0.038609445
689623930360.3333             -0.03554011
689624907454.732              0.01579914
689625884549.1309             0.0278241
689626861643.5295             -0.022567922
689627838737.9283             0.003342158
689628815832.3271             -0.06920185
689629792926.726              -0.00054086884
689630770021.1248             0.024031635
689631747115.5236             0.0028167402
689632724209.9224             -0.066113286
689633701304.321              -0.07109873
689634678398.7198             0.0012949955
689635655493.1187             -0.002184941
689636632587.5175             -0.030056233
689637609681.9163             -0.011537324
689638586776.3151             -0.011502538
689639563870.7139             0.06096684
689640540965.1127             0.008636759
689641518059.5114             -0.06547375
689642495153.9102             -0.006615863
689643472248.309              0.00069272786
689644449342.7078             0.0056636278
689645426437.1066             0.049744572
689646403531.5054             0.0034364043
689647380625.9042             -0.06253871
689648357720.3029             0.039339557
689649334814.7017             0.03185468
689650311909.1005             0.011361338
689651289003.4993             -0.007135222
689652266097.8981             0.039344657
689653243192.2969             0.020503921
689654220286.6957             -0.015112866
689655197381.0945             0.02065731
689656174475.4932             -0.011813667
689657151569.892              -0.016733628
689658128664.2908             -0.03674888
689659105758.6896             -0.045898754
689660082853.0884             0.008296298
689661059947.4872             0.016214384
689662037041.886              -0.037229683
689663014136.2847             0.009137587
689663991230.6835             -0.037127055
689664968325.0823             -0.057393253
689665945419.4811             -0.08926572
689666922513.8799             -0.03843962
689667899608.2787             0.053145017
689668876702.6775             -0.009860586
689669853797.0763             -0.05324125
689670830891.475              0.0147542935
689671807985.8738             -0.032552388
689672785080.2726             0.021488858
689673762174.6714             0.022077532
689674739269.0702             0.016325362
689675716363.469              0.050438974
689676693457.8678             -0.008176909
689677670552.2665             -0.031353038
689678647646.6653             0.020882534
689679624741.0641             -0.018746937
689680601835.4629             -0.031449314
689681578929.8617             0.00797838
689682556024.2605             0.028475532
689683533118.6593             0.00052108424
689684510213.0581             0.03900265
689685487307.4568             0.040526856
689686464401.8556             0.055338115
689687441496.2544             0.0013627763
689688418590.6532             0.015624582
689689395685.052              -0.00403847
689690372779.4508             -0.068881735
689691349873.8496             -0.026556017
689692326968.2483             0.009744574
689693304062.6471             0.047437448
689694281157.0459             0.040776223
689695258251.4447             0.062993035
689696235345.8435             -0.0104437545
689697212440.2423             -0.0027810512
689698189534.6411             -0.018412951
689699166629.0399             -0.056100145
689700143723.4386             -0.025899425
689701120817.8374             -0.042727012
689702097912.2362             0.014972226
689703075006.635              0.04209383
689704052101.0338             0.028800715
689705029195.4326             -0.020618135
689706006289.8314             0.006132435
689706983384.2301             -0.049945172
689707960478.6289             -0.017059758
689708937573.0277             -0.04416989
689709914667.4265             -0.06657363
689710891761.8253             -0.089636795
689711868856.2241             -0.07067216
689712845950.6229             -0.0048032887
689713823045.0217             -0.022315333
689714800139.4204             -0.0455135
689715777233.8192             0.01800606
689716754328.218              0.01406596
689717731422.6168             -0.07135686
689718708517.0156             -0.013031689
689719685611.4144             0.007516531
689720662705.8132             -0.019649591
689721639800.2119             -0.012458726
689722616894.6107             -0.016991407
689723593989.0095             -0.027760152
689724571083.4083             0.029892394
689725548177.8071             0.018229185
689726525272.2059             -0.00011984685
689727502366.6047             0.022764219
689728479461.0035             -0.015385436
689729456555.4022             -0.076796204
689730433649.801              -0.028590314
689731410744.1998             -0.011226235
689732387838.5986             -0.04222619
689733364932.9974             -0.05118963
689734342027.3962             -0.018440146
689735319121.795              0.046130564
689736296216.1937             0.07072885
689737273310.5925             0.028677981
689738250404.9913             -0.054371424
689739227499.3901             -0.074351706
689740204593.789              -0.0021859074
689741181688.1877             -0.021948984
689742158782.5865             -0.022193596
689743135876.9854             0.013934468
689744112971.384              -0.021116288
689745090065.7828             0.0056718653
689746067160.1816             0.060671695
689747044254.5804             -0.011382964
689748021348.9792             0.00477083
689748998443.378              0.031672336
689749975537.7769             0.0060198633
689750952632.1755             -0.024020655
689751929726.5743             0.059112027
689752906820.9731             0.011663838
689753883915.372              -0.023482604
689754861009.7708             0.041008625
689755838104.1696             -0.04131852
689756815198.5684             -0.070777535
689757792292.9672             0.017144127
689758769387.3658             -0.067249514
689759746481.7646             -0.058823176
689760723576.1635             -0.009752144
689761700670.5623             -0.000931021
689762677764.961              0.02624676
689763654859.3599             0.02649106
689764631953.7587             -0.025659079
689765609048.1573             -0.041687805
689766586142.5562             -0.03699461
689767563236.955              0.010761531
689768540331.3538             -0.018106319
689769517425.7526             -0.02550575
689770494520.1514             0.009397937
689771471614.5502             0.11404611
689772448708.949              0.038533214
689773425803.3477             0.0068095345
689774402897.7465             0.029902335
689775379992.1453             0.011917449
689776357086.5441             0.022584604
689777334180.9429             -0.0216239
689778311275.3417             -0.08291685
689779288369.7405             -0.07331173
689780265464.1392             0.031932365
689781242558.538              -0.010324864
689782219652.9368             0.021670152
689783196747.3356             0.00038258263
689784173841.7344             0.07363246
689785150936.1332             -0.0030080564
689786128030.532              0.021754064
689787105124.9308             -0.009709992
689788082219.3295             0.03246169
689789059313.7283             0.017854184
689789065921.4                -0.021742363
689790036408.1271             -0.007024089
689790043015.8987             0.05186881
689791013502.5259             0.06329102
689791020110.3975             -0.041916385
689791990596.9247             -0.01195738
689791997204.8961             0.05757206
689792967691.3235             -0.0031366032
689792974299.3948             0.07340382
689793944785.7223             0.009292007
689793951393.8934             0.024335995
689794921880.121              -0.04175378
689794928488.3922             0.009989662
689795898974.5198             0.006750438
689795905582.8909             0.041910194
689796876068.9186             0.059026398
689796882677.3895             0.050680507
689797853163.3174             0.019440826
689797859771.8883             0.06279454
689798830257.7162             0.00792448
689798836866.387              0.06512268
689799807352.115              0.0194951
689799813960.8856             0.031618994
689800784446.5138             0.023566678
689800791055.3844             0.047755945
689801761540.9126             0.013340442
689801768149.883              -0.0034152446
689802738635.3113             0.013498065
689802745244.3817             0.04147401
689803715729.7101             0.061249904
689803722338.8804             -0.021578325
689804692824.1089             -0.031172441
689804699433.3792             -0.059098415
689805669918.5077             -0.01830173
689805676527.8778             -0.061556134
689806647012.9065             -0.04241105
689806653622.3765             0.013858871
689807624107.3053             0.0037787524
689807630716.8752             -0.028362427
689808601201.7041             -0.008153378
689808607811.3739             0.00021772042
689809578296.1028             0.05247684
689809584905.8726             0.019538118
689810555390.5016             0.046856303
689810562000.3712             0.0076632006
689811532484.9004             -0.017893782
689811539094.87               0.059289683
689812509579.2992             0.016733337
689812516189.3687             0.1049987
689813486673.698              0.06273736
689813493283.8673             0.028345792
689814463768.0968             -0.019555245
689814470378.3661             -0.047251943
689815440862.4956             -0.032214675
689815447472.8647             0.04385487
689816417956.8944             0.0127968155
689816424567.3634             -0.031351585
689817395051.2931             -0.042559266
689817401661.8622             -0.06511131
689818372145.6919             -0.05330034
689818378756.3608             0.035182778
689819349240.0907             0.085707024
689819355850.8595             0.00677174
689820326334.4895             0.001342451
689820332945.3582             0.07444264
689821303428.8883             0.05236445
689821310039.8569             0.07402606
689822280523.2871             0.08303802
689822287134.3556             -0.0033152918
689823257617.6859             0.017773662
689823264228.8542             0.058449257
689824234712.0846             -0.013067874
689824241323.353              -0.01973571
689825211806.4834             -0.06180566
689825218417.8517             -0.034796707
689826188900.8822             -0.069264375
689826195512.3503             -0.034657232
689827165995.281              -0.018905465
689827172606.849              -0.03157825
689828143089.6798             -0.015574371
689828149701.3478             0.014182079
689829120184.0786             0.07928567
689829126795.8464             0.071241036
689830097278.4774             0.08322242
689830103890.3451             0.16679853
689831074372.8762             0.11316697
689831080984.8439             0.1333734
689832051467.2749             0.058590055
689832058079.3425             0.09995183
689833028561.6737             0.025649237
689833035173.8412             0.032308754
689834005656.0725             0.0050068097
689834012268.34               -0.07263803
689834982750.4713             -0.042279214
689834989362.8386             -0.08643624
689835959844.8701             -0.080045864
689835966457.3373             -0.07538298
689836936939.2689             -0.095357545
689836943551.8359             0.00020271195
689837914033.6677             -0.021802466
689837920646.3347             0.041284353
689838891128.0664             0.06594408
689838897740.8334             0.05189179
689839868222.4652             0.06175632
689839874835.332              0.041421257
689840845316.864              0.0017606162
689840851929.8308             0.008345836
689841822411.2628             -0.040790513
689841829024.3295             0.076350644
689842799505.6616             0.039597064
689842806118.8281             0.03431314
689843776600.0604             -0.019066954
689843783213.3268             -0.016766187
689844753694.4592             -0.052231494
689844760307.8256             0.015157079
689845730788.858              -0.022714213
689845737402.3242             0.009206582
689846707883.2567             0.029196236
689846714496.8229             0.02647584
689847684977.6555             -0.040833525
689847691591.3217             0.09391695
689848662072.0543             0.049448516
689848668685.8203             0.053909864
689849639166.4531             0.004279298
689849645780.319              -0.010108613
689850616260.8519             0.0071092444
689850622874.8177             -0.03520006
689851593355.2507             -0.029013282
689851599969.3164             -0.05921295
689852570449.6495             -0.06945216
689852577063.8151             0.027263904
689853547544.0482             0.027304953
689853554158.3137             0.041514598
689854524638.447              0.038723912
689854531252.8125             -0.008352382
689855501732.8458             -0.0058485325
689855508347.3112             -0.033435207
689856478827.2446             -0.030407138
689856485441.8098             0.004523987
689857455921.6434             -0.0035666786
689857462536.3086             -0.05298505
689858433016.0422             -0.07142265
689858439630.8073             -0.058680728
689859410110.441              -0.08809153
689859416725.3059             -0.078143105
689860387204.8398             -0.09442097
689860393819.8046             -0.011172366
689861364299.2385             -0.019360531
689861370914.3033             0.019523164
689862341393.6373             -0.021801213
689862348008.802              0.00395846
689863318488.0361             -0.028924307
689863325103.3007             -0.015463987
689864295582.4349             0.0044006454
689864302197.7994             -0.045544565
689865272676.8337             -0.0127488
689865279292.2981             -0.07949331
689866249771.2325             -0.074252576
689866256386.7968             -0.045243703
689867226865.6313             -0.056663983
689867233481.2955             0.06530394
689868203960.03               0.046481915
689868210575.7942             0.044174876
689869181054.4288             0.022886215
689869187670.2928             -0.009411263
689870158148.8276             -0.035941787
689870164764.7915             0.011106844
689871135243.2264             -0.062146805
689871141859.2903             0.08791658
689872112337.6252             0.009810283
689872118953.789              0.09075118
689873089432.024              -0.009602351
689873096048.2876             -0.020122316
689874066526.4229             -0.010519089
689874073142.7864             -0.038211286
689875043620.8217             -0.024979832
689875050237.285              -0.008122794
689876020715.2203             -0.0066722296
689876027331.7837             -0.035421565
689876997809.6191             -0.019778216
689877004426.2823             -0.027915297
689877974904.018              -0.05130165
689877981520.7811             -0.043190517
689878951998.4167             -0.021422438
689878958615.2798             -0.07227119
689879929092.8156             -0.06947285
689879935709.7784             -0.011978619
689880906187.2144             -0.00082174997
689880912804.2772             0.0130202845
689881883281.6132             0.013478405
689881889898.7759             0.013519798
689882860376.0118             -0.0017698756
689882866993.2745             0.014560066
689883837470.4106             -0.013077309
689883844087.7733             0.011660553
689884814564.8094             0.026212968
689884821182.272              -0.0078801885
689885791659.2083             0.0038061945
689885798276.7706             -0.034259416
689886768753.607              -0.033984352
689886775371.2693             -0.03450234
689887745848.0059             -0.032764446
689887752465.7681             0.033583194
689888722942.4047             -0.014805444
689888729560.2667             0.042051066
689889700036.8035             0.022331763
689889706654.7654             0.053770278
689890677131.2021             0.021979649
689890683749.2642             -0.040367723
689891654225.601              -0.057977404
689891660843.7628             0.036812738
689892631319.9998             -0.023065679
689892637938.2615             0.054891888
689893608414.3986             0.020058716
689893615032.7601             0.034013875
689894585508.7974             -0.029461695
689894592127.2589             0.02791541
689895562603.1962             0.014326109
689895569221.7576             0.015928453
689896539697.595              0.03476891
689896546316.2562             -0.031213116
689897516791.9937             -0.039537642
689897523410.755              -0.074494325
689898493886.3925             -0.065806866
689898500505.2537             0.07300593
689899470980.7913             0.030153774
689899477599.7523             0.013832765
689900448075.1901             0.012646983
689900454694.2511             0.0139852455
689901425169.5889             0.00018481025
689901431788.7498             -0.020296149
689902402263.9877             -0.062372375
689902408883.2484             0.009719489
689903379358.3865             -0.07219801
689903385977.7471             0.0079427855
689904356452.7853             0.015032277
689904363072.2458             -0.0007902727
689905333547.184              0.0061137755
689905340166.7445             0.044825207
689906310641.5828             0.046193317
689906317261.2432             -0.036731113
689907287735.9816             -0.044686094
689907294355.742              -0.05122469
689908264830.3804             0.020741383
689908271450.2406             0.014447346
689909248544.7393             0.010108877
689910225639.2379             0.02083138
689911202733.7367             0.039244696
689912179828.2354             0.028462408
689913156922.734              0.049477413
689914134017.2328             0.11635014
689915111111.7314             0.052139252
689916088206.2301             0.016592966
689917065300.7289             -0.013163662
689918042395.2275             0.03804502
689919019489.7262             -0.05336792
689919996584.2249             -0.09568419
689920973678.7236             -0.022739613
689921950773.2223             0.06612055
689922927867.721              0.09635511
689923904962.2197             0.043047704
689924882056.7184             0.013498083
689925859151.217              0.0018824177
689926836245.7157             0.011929993
689927813340.2145             0.050300643
689928790434.7131             0.032401953
689929767529.2118             -0.046412688
689930744623.7106             -0.066475846
689931721718.2092             -0.05081666
689932698812.7079             0.0025113947
689933675907.2067             0.082815975
689934653001.7053             0.111947365
689935630096.204              0.017441183
689936607190.7026             -0.024297783
689937584285.2014             0.019483121
689938561379.7001             0.04349761
689939538474.1987             0.09541515
689940515568.6975             0.11557884
689941492663.1962             0.08457217
689942469757.6948             -0.049858097
689943446852.1935             0.005418631
689944423946.6923             0.0003155225
689945401041.1909             -0.04420572
689946378135.6896             0.001412296
689947355230.1884             0.014581914
689948332324.687              -0.023214815
689949309419.1857             0.0006513794
689950286513.6844             0.06255207
689951263608.1831             0.014281643
689952240702.6818             -0.011972309
689953217797.1804             -0.077123515
689954194891.6792             0.0035738035
689955171986.1779             0.012279663
689956149080.6765             -0.0019310784
689957126175.1753             0.018941365
689958103269.674              0.013889951
689959080364.1726             0.021949966
689960057458.6714             0.019859722
689961034553.17               -0.012233758
689962011647.6687             0.03004422
689962988742.1674             0.034128174
689963965836.6661             0.078339495
689964942931.1648             0.051102635
689965920025.6635             0.05762582
689966897120.1622             -0.016990673
689967874214.6609             -0.019346967
689968851309.1595             -0.018564392
689969828403.6582             0.017417658
689970805498.157              0.048454285
689971782592.6556             0.041605193
689972759687.1543             0.031997528
689973736781.6531             0.0024098363
689974713876.1517             -0.02277266
689975690970.6504             -0.041120917
689976668065.1492             -0.011972252
689977645159.6478             0.03273298
689978622254.1465             -0.019272007
689979599348.6451             -0.041854925
689980576443.1439             -0.021161877
689981553537.6426             0.038730115
689982530632.1412             0.04032821
689983507726.64               0.06952032
689984484821.1387             0.028711427
689985461915.6373             0.01272732
689986439010.136              -0.01526798
689987416104.6348             -0.051480684
689988393199.1334             -0.03129531
689989370293.6321             -0.0006151356
689990347388.1309             -0.024028983
689991324482.6295             -0.044289295
689992301577.1282             -0.045548767
689993278671.627              -0.01621722
689994255766.1256             0.07523504
689995232860.6243             0.008558336
689996209955.1229             -0.03757085
689997187049.6217             0.030098686
689998164144.1204             -0.04130668
689999141238.619              -0.046288885
690000118333.1178             -0.010518323
690001095427.6165             -0.00081696955
690002072522.1151             0.013762376
690003049616.6138             -0.02744276
690004026711.1125             -0.10031955
690005003805.6112             -0.061653767
690005980900.1099             -0.012360191
690006957994.6086             0.030219119
690007935089.1073             -0.029041195
690008912183.606              -0.054184847
690009889278.1047             0.08045132
690010866372.6034             -0.03775956
690011843467.102              -0.022997335
690012820561.6007             0.010846258
690013797656.0995             -0.013444566
690014774750.5981             0.0429533
690015751845.0968             0.05310764
690016728939.5956             -0.07967482
690017706034.0942             -0.08572998
690018683128.5929             -0.013907303
690019660223.0916             0.029945606
690020637317.5903             0.039300494
690021614412.089              -0.02350808
690022591506.5876             -0.0023158905
690023568601.0864             0.021777024
690024545695.5851             -0.02544629
690025522790.0837             0.019000592
690026499884.5825             0.009774461
690027476979.0812             -0.029534828
690028454073.5798             0.025480177
690029431168.0785             -0.031535853
690030408262.5773             -0.025637783
690031385357.0759             -0.0014452828
690032362451.5746             0.0024167167
690033339546.0734             0.05362265
690034316640.572              -0.035310794
690035293735.0707             -0.055534683
690036270829.5693             -0.07856001
690037247924.0681             -0.030358335
690038225018.5668             0.090388626
690039202113.0654             0.10810286
690040179207.5642             -0.0031906194
690041156302.0629             -0.009409742
690042133396.5615             0.014101423
690043110491.0603             0.028019281
690044087585.559              -0.013795274
690045064680.0576             0.032813974
690046041774.5563             -0.037201688
690047018869.055              -0.000458742
690047995963.5537             -0.02726723
690048973058.0524             -0.006234168
690049950152.5511             -0.008920933
690050927247.0498             0.00769085
690051904341.5485             0.03368347
690052881436.0471             -0.0009920667
690053858530.5459             -0.034415253
690054835625.0446             0.055260357
690055812719.5432             0.06802173
690056789814.042              -0.020307366
690057766908.5406             0.032517422
690058744003.0393             0.032116093
690059721097.5381             0.064784415
690060698192.0367             -0.005255056
690061675286.5354             -0.03754124
690062652381.034              -0.058904774
690063629475.5328             -0.02996397
690064606570.0315             -0.015941529
690065583664.5302             0.0024052167
690066560759.0289             0.039113022
690067537853.5276             0.059689917
690068514948.0262             0.09772226
690069492042.5249             0.023604717
690070469137.0237             0.01201448
690071446231.5223             0.008289239
690072423326.021              0.04936815
690073400420.5198             0.08287046
690074377515.0184             0.06662477
690075354609.5171             0.002824588
690076331704.0159             -0.009473572
690077308798.5145             -0.007691589
690078285893.0132             -0.05507462
690079262987.5118             0.022870336
690080240082.0106             0.05932768
690081217176.5093             -0.022601027
690082194271.0079             -0.02492245
690083171365.5067             0.021167047
690084148460.0054             0.029673973
690085125554.504              0.013657134
690086102649.0027             -0.046686217
690087079743.5015             0.05172613
690088056838.0001             0.044597182
690089033932.4988             0.04279314
690090011026.9976             -0.02959786
690090988121.4962             -0.09307581
690091965215.9949             -0.06496889
690092942310.4937             -0.040302794
690093919404.9923             -0.007373182
690094896499.491              0.006671845
690095873593.9896             0.035958186
690096850688.4884             0.037278358
690097827782.987              -0.02025064
690098804877.4857             0.017888302
690099781971.9845             0.114128724
690100759066.4832             0.03951965
690101736160.9818             -0.028138572
690102713255.4805             0.014522246
690103690349.9792             0.014673196
690104667444.4779             0.066299744
690105644538.9766             0.059334993
690106621633.4753             0.0062266286
690107598727.974              0.07815796
690108575822.4727             0.0317699
690109552916.9714             0.023479173
690110530011.4701             0.0020396065
690111507105.9688             -0.014004647
690112484200.4674             -0.09195885
690113461294.9662             -0.057585478
690114438389.4648             -0.009512518
690115415483.9635             -0.064081766
690116392578.4623             -0.04487717
690117369672.9609             -0.045407694
690118346767.4596             -0.0670348
690119323861.9583             0.011168378
690120300956.457              0.0023789874
690121278050.9557             -0.0351184
690122255145.4543             -0.005074489
690123232239.9531             -0.010208478
690124209334.4518             0.04389918
690125186428.9504             -0.026432667
690126163523.4492             -0.045649722
690127140617.9479             -0.034929395
690128117712.4465             0.015847372
690129094806.9452             -0.006126709
690130071901.444              0.01788023
690131048995.9426             0.08661893
690132026090.4413             -0.027390331
690133003184.9401             -0.08056891
690133980279.4387             -0.028078606
690134957373.9374             -0.04460266
690135934468.436              -0.038076125
690136911562.9348             -0.06750953
690137888657.4335             -0.012196653
690138865751.9321             0.072724216
690139842846.4309             0.023277044
690140819940.9296             0.008340428
690141797035.4282             -0.03626072
690142774129.927              0.01615952
690143751224.4257             -0.02564612
690144728318.9243             -0.021377157
690145705413.423              -0.027404467
690146682507.9218             0.03418307
690147659602.4204             0.020585097
690148636696.9191             -0.023617286
690149613791.4178             0.011077386
690150590885.9165             0.07095814
690151567980.4152             -0.016613698
690152545074.9138             0.008729033
690153522169.4126             0.048067484
690154499263.9113             0.09717511
690155476358.4099             -0.025624977
690156453452.9087             0.0043943273
690157430547.4073             -0.03782764
690158407641.906              0.0032274579
690159384736.4048             0.08923778
690160361830.9034             0.09988692
690161338925.4021             0.098888844
690162316019.9008             0.08985802
690163293114.3995             0.10204307
690164270208.8982             0.04116523
690165247303.3969             0.1361331
690166224397.8956             0.0613513
690167201492.3943             0.09247542
690168178586.893              0.075505756
690169155681.3916             0.04554659
690170132775.8904             0.12705304
690171109870.389              0.043044597
690172086964.8877             -0.014242305
690173064059.3865             0.07309953
690174041153.8851             0.043440916
690175018248.3838             0.0030119147
690175995342.8826             0.039289925
690176972437.3812             0.14646876
690177949531.8799             0.053613916
690178926626.3785             0.013613678
690179903720.8773             -0.0013988395
690180880815.376              0.029176878
690181857909.8746             0.100055315
690182835004.3734             0.096889995
690183812098.8721             0.037649382
690184789193.3707             0.10748386
690185766287.8694             0.06300726
690186743382.3682             0.033019263
690187720476.8668             0.13102466
690188697571.3655             0.090838514
690189674665.8643             0.05837083
690190651760.3629             0.09314939
690191628854.8616             0.16207601
690192605949.3604             0.12527648
690193583043.859              0.16568244
690194560138.3577             0.0880825
690195537232.8563             0.15357183
690196514327.3551             0.17570746
690197491421.8538             0.0915049
690198468516.3524             0.07523838
690199445610.8512             0.12010057
690200422705.3499             0.16299577
690201399799.8485             0.12384763
690202376894.3472             0.10820174
690203353988.846              0.15908593
690204331083.3446             0.13935
690205308177.8433             0.1640957
690206285272.342              0.16005492
690207262366.8407             0.15322042
690208239461.3394             0.13175972
690209216555.8381             0.19317007
690210193650.3368             0.22386977
690211170744.8354             0.1589606
690212147839.3341             0.20467713
690213124933.8329             0.14562342
690214102028.3315             0.13474067
690215079122.8302             0.20065856
690216056217.329              0.23013076
690217033311.8276             0.28856778
690218010406.3263             0.22716358
690218987500.825              0.1843237
690219964595.3237             0.22024588
690220941689.8224             0.23661943
690221918784.321              0.2027392
690222895878.8198             0.26165625
690223872973.3185             0.27454913
690224850067.8171             0.22822985
690225827162.3159             0.2420408
690226804256.8146             0.27533394
690227781351.3132             0.32901046
690228758445.8119             0.27610907
690229735540.3107             0.27018768
690230712634.8093             0.21735615
690231689729.308              0.20724767
690232666823.8068             0.25644594
690233643918.3054             0.30114663
690234621012.8041             0.25924453
690235598107.3027             0.32756236
690236575201.8015             0.40346533
690237552296.3002             0.34733245
690238529390.7988             0.26884633
690239506485.2976             0.3162765
690240483579.7963             0.32016206
690241460674.2949             0.27668348
690242437768.7937             0.33212152
690243414863.2924             0.34475395
690244391957.791              0.36004227
690245369052.2897             0.4586362
690246346146.7885             0.44764122
690247323241.2871             0.4140834
690248300335.7858             0.38677195
690249277430.2845             0.49598706
690250254524.7832             0.44906092
690251231619.2819             0.42757502
690252208713.7805             0.5040669
690253185808.2793             0.45703548
690254162902.778              0.51144767
690255139997.2766             0.49038503
690256117091.7754             0.53064656
690257094186.274              0.61472774
690258071280.7727             0.42650324
690259048375.2715             0.61084235
690260025469.7701             0.52556366
690261002564.2688             0.57675874
690261979658.7675             0.5902553
690262956753.2662             0.5538425
690263933847.7649             0.6186354
690264910942.2635             0.5578129
690265888036.7623             0.55947286
690266865131.261              0.561968
690267842225.7596             0.5738719
690268819320.2584             0.6612521
690269796414.7571             0.70265114
690270773509.2557             0.6753104
690271750603.7544             0.6840051
690272727698.2532             0.6644981
690273704792.7518             0.66368634
690274681887.2505             0.7438149
690275658981.7493             0.6757348
690276636076.2479             0.7151893
690277613170.7466             0.77848285
690278590265.2452             0.71496457
690279567359.744              0.6613876
690280544454.2427             0.71876234
690281521548.7413             0.7460988
690282498643.2401             0.7727842
690283475737.7388             0.757056
690284452832.2374             0.7242771
690285429926.7362             0.7783954
690286407021.2349             0.7197291
690287384115.7335             0.7747428
690288361210.2322             0.82971543
690289338304.731              0.8487878
690290315399.2296             0.9240751
690291292493.7283             0.87470555
690292269588.227              0.8530038
690293246682.7257             0.9214178
690294223777.2244             0.813985
690295200871.723              0.8282489
690296177966.2218             0.85164845
690297155060.7205             0.8961848
690298132155.2191             0.85871637
690299109249.7179             0.90204483
690300086344.2166             0.92855895
690301063438.7152             0.93477744
690302040533.214              0.8939973
690303017627.7126             0.98234165
690303994722.2113             0.9442324
690304971816.71               0.87967527
690305948911.2087             0.8331923
690306926005.7074             0.88846064
690307903100.206              0.9141795
690308880194.7048             0.90031713
690309857289.2035             0.96454835
690310834383.7021             0.9449714
690311811478.2008             0.9309711
690312788572.6996             1.0336814
690313765667.1982             1.0261906
690314742761.6969             0.86966324
690315719856.1957             0.96865207
690316696950.6943             1.0181559
690317674045.193              0.879529
690318651139.6918             0.9665752
690319628234.1904             0.8759311
690320605328.6891             0.94478333
690321582423.1877             0.98837304
690322559517.6865             0.8533251
690323536612.1852             0.8841492
690324513706.6838             0.9958364
690325490801.1826             0.9576785
690326467895.6813             1.0090306
690327444990.1799             0.9584008
690328422084.6786             0.9679369
690329399179.1774             0.9697763
690330376273.676              0.9170564
690331353368.1747             0.93295246
690332330462.6735             0.9116867
690333307557.1721             0.9629847
690334284651.6708             0.9716107
690335261746.1696             0.95770186
690336238840.6682             0.95638174
690337215935.1669             0.8868533
690338193029.6655             0.9514333
690339170124.1643             1.0166985
690340147218.663              1.01833
690341124313.1616             0.94724613
690342101407.6604             0.965159
690343078502.159              0.97629416
690344055596.6577             0.98307234
690345032691.1564             0.9999743
690346009785.6552             0.8928084
690346986880.1538             0.91674584
690347963974.6525             0.87880206
690348941069.1512             0.9129207
690349918163.6499             0.89323264
690350895258.1486             0.87150055
690351872352.6473             0.96037453
690352849447.146              0.96686554
690353826541.6447             0.93710643
690354803636.1433             0.85679
690355780730.6421             0.84102917
690356757825.1407             0.8661508
690357734919.6394             0.8525501
690358712014.1382             0.8532603
690359689108.6368             0.94677913
690360666203.1355             0.94550717
690361643297.6342             0.8980301
690362620392.1329             0.8518382
690363597486.6316             0.8100203
690364574581.1302             0.88500094
690365551675.629              0.9562981
690366528770.1277             0.8791577
690367505864.6263             0.8196937
690368482959.1251             0.77277213
690369460053.6238             0.9019866
690370437148.1224             0.8543818
690371414242.6211             0.80391324
690372391337.1199             0.84621316
690373368431.6185             0.88243383
690374345526.1172             0.7979457
690375322620.616              0.83570385
690376299715.1146             0.8840499
690377276809.6133             0.79369783
690378253904.1119             0.8077842
690379230998.6107             0.786087
690380208093.1094             0.78677255
690381185187.608              0.7292804
690382162282.1068             0.8355493
690383139376.6055             0.9364198
690384116471.1041             0.827515
690385093565.6029             0.82641226
690386070660.1016             0.8264815
690387047754.6002             0.7937011
690388024849.0989             0.7806295
690389001943.5977             0.7548355
690389979038.0963             0.7841705
690390956132.595              0.78527385
690391933227.0938             0.8963137
690392910321.5924             0.8067692
690393887416.0911             0.81008196
690394864510.5897             0.6920915
690395841605.0885             0.7573607
690396818699.5872             0.6758598
690397795794.0858             0.71578074
690398772888.5846             0.7359777
690399749983.0833             0.825834
690400727077.5819             0.7428307
690401704172.0807             0.80113655
690402681266.5793             0.8263412
690403658361.078              0.77545506
690404635455.5767             0.7363038
690405612550.0754             0.7652009
690406589644.5741             0.7417966
690407566739.0728             0.6660656
690408543833.5715             0.6716623
690409520928.0702             0.7382835
690410498022.5688             0.7339107
690411475117.0675             0.66281915
690412452211.5663             0.6961293
690413429306.065              0.68678385
690414406400.5636             0.5972839
690415383495.0624             0.62033653
690416360589.561              0.70571434
690417337684.0597             0.6536124
690418314778.5585             0.70634717
690419291873.0571             0.66514117
690420268967.5558             0.72024065
690421246062.0544             0.7163725
690422223156.5532             0.67205584
690423200251.0519             0.65738726
690424177345.5505             0.67840225
690425154440.0493             0.6193299
690426131534.548              0.63703334
690427108629.0466             0.6619351
690428085723.5453             0.5920053
690429062818.0441             0.60410386
690430039912.5427             0.6405468
690431017007.0414             0.5214153
690431994101.5402             0.5832191
690432971196.0388             0.6186571
690433948290.5375             0.53654885
690434925385.0363             0.6144064
690435902479.5349             0.581543
690436879574.0336             0.53000104
690437856668.5322             0.44356987
690438833763.031              0.553771
690439810857.5297             0.55063456
690440787952.0283             0.57142353
690441765046.5271             0.5228071
690442742141.0258             0.5021576
690443719235.5244             0.5158502
690444696330.0231             0.58436835
690445673424.5219             0.6245221
690446650519.0205             0.47678915
690447627613.5192             0.5301169
690448604708.018              0.4971056
690449581802.5166             0.55833894
690450558897.0153             0.5227769
690451535991.514              0.46931493
690452513086.0127             0.44747046
690453490180.5114             0.42999318
690454467275.01               0.4809156
690455444369.5088             0.5077419
690456421464.0074             0.54392517
690457398558.5061             0.43145418
690458375653.0049             0.39394268
690459352747.5035             0.4015439
690460329842.0022             0.45184976
690461306936.5009             0.45616266
690462284030.9996             0.42176053
690463261125.4983             0.40924636
690464238219.997              0.42559734
690465215314.4957             0.34655625
690466192408.9944             0.32510075
690467169503.493              0.39826506
690468146597.9918             0.36920953
690469123692.4905             0.3745238
690470100786.9891             0.43412048
690471077881.4878             0.33426258
690472054975.9866             0.34020254
690473032070.4852             0.39955568
690474009164.9839             0.36574483
690474986259.4827             0.44858265
690475963353.9813             0.35595122
690476940448.48               0.3285758
690477917542.9786             0.29978058
690478894637.4774             0.33769786
690479871731.9761             0.33706972
690480848826.4747             0.36444926
690481825920.9735             0.2888864
690482803015.4722             0.33219412
690483780109.9708             0.35958222
690484757204.4696             0.31738552
690485734298.9683             0.34618056
690486711393.4669             0.43777362
690487688487.9656             0.4506474
690488665582.4644             0.33207807
690489642676.963              0.3682168
690490619771.4617             0.3242034
690491596865.9604             0.32736972
690492573960.4591             0.2919972
690493551054.9578             0.40239018
690494528149.4564             0.41686416
690495505243.9552             0.2875088
690496482338.4539             0.31806058
690497459432.9525             0.31918052
690498436527.4513             0.26306137
690499413621.95               0.29289678
690500390716.4486             0.32341406
690501367810.9474             0.2977414
690502344905.446              0.2702533
690503321999.9447             0.30254108
690504299094.4434             0.3311377
690505276188.9421             0.35296494
690506253283.4408             0.31953755
690507230377.9395             0.27494276
690508207472.4382             0.3324351
690509184566.9369             0.26120332
690510161661.4355             0.18610494
690511138755.9342             0.25109926
690512115850.433              0.25925836
690513092944.9316             0.29176992
690514070039.4303             0.22560358
690515047133.9291             0.2443418
690516024228.4277             0.22346127
690517001322.9264             0.29884917
690517978417.4252             0.2505688
690518955511.9238             0.16894484
690519932606.4225             0.24393754
690520909700.9211             0.26494822
690521886795.4199             0.2731163
690522863889.9186             0.22543027
690523840984.4172             0.25776815
690524818078.916              0.26174214
690525795173.4147             0.22977397
690526772267.9133             0.23295742
690527749362.412              0.19271976
690528726456.9108             0.18947187
690529703551.4094             0.28526294
690530680645.9081             0.20948482
690531657740.4069             0.1603581
690532634834.9055             0.19680971
690533611929.4042             0.25538108
690534589023.903              0.1760061
690535566118.4016             0.17366268
690536543212.9003             0.17185602
690537520307.3989             0.22855157
690538497401.8977             0.20322317
690539474496.3964             0.16721217
690540451590.895              0.22021247
690541428685.3938             0.208152
690542405779.8925             0.12143675
690543382874.3911             0.21454765
690544359968.8898             0.28349504
690545337063.3885             0.23515418
690546314157.8872             0.12464281
690547291252.3859             0.1730803
690548268346.8846             0.3061518
690549245441.3833             0.22701743
690550222535.882              0.17513612
690551199630.3807             0.19959268
690552176724.8794             0.1217115
690553153819.378              0.17571956
690554130913.8767             0.20274507
690555108008.3755             0.2548096
690556085102.8741             0.17571062
690557062197.3728             0.12809712
690558039291.8716             0.17230715
690559016386.3702             0.18005691
690559993480.8689             0.15663084
690560970575.3676             0.19862558
690561947669.8663             0.23422672
690562924764.365              0.21272235
690563901858.8636             0.18333632
690564878953.3624             0.09664337
690565856047.8611             0.14663619
690566833142.3597             0.15917648
690567810236.8585             0.116211146
690568787331.3572             0.10906164
690569764425.8558             0.17423815
690570741520.3545             0.2112955
690571718614.8533             0.21921238
690572695709.3519             0.13021728
690573672803.8506             0.07165357
690574649898.3494             0.1196925
690575626992.848              0.17558634
690576604087.3467             0.14194034
690577581181.8455             0.16294095
690578558276.3441             0.11400771
690579535370.8428             0.09600531
690580512465.3414             0.13700236
690581489559.8402             0.14874744
690582466654.3389             0.25334555
690583443748.8375             0.16183317
690584420843.3363             0.09082638
690585397937.835              0.11716135
690586375032.3336             0.0712111
690587352126.8323             0.1397362
690588329221.331              0.17532119
690589306315.8297             0.1552341
690590283410.3284             0.10110097
690591260504.8271             0.117825754
690592237599.3258             0.12943736
690593214693.8245             0.08338775
690594191788.3232             0.08238218
690595168882.8219             0.1088659
690596145977.3206             0.114298455
690597123071.8192             0.054670542
690598100166.318              0.060696784
690599077260.8167             0.08012564
690600054355.3153             0.062067185
690601031449.8141             0.052136444
690602008544.3127             0.084657416
690602985638.8114             0.06933225
690603962733.31               0.11681539
690604939827.8088             0.0838321
690605916922.3075             0.14544906
690606894016.8062             0.12673852
690607871111.3049             0.12489401
690608848205.8036             0.13871981
690609825300.3022             0.12588018
690610802394.801              0.081287816
690611779489.2997             0.07608081
690612756583.7983             0.0533501
690613733678.297              0.08184729
690614710772.7958             0.021971643
690615687867.2944             0.09847306
690616664961.7931             0.12061044
690617642056.2919             0.03493372
690618619150.7905             0.02208654
690619596245.2892             0.03393644
690620573339.7878             0.046784993
690621550434.2866             0.10166325
690622527528.7853             0.06128712
690623504623.2839             0.079084694
690624481717.7827             0.08057773
690625458812.2814             0.047621444
690626435906.78               0.033940427
690627413001.2788             0.02439799
690628390095.7775             0.08689639
690629367190.2761             0.06441768
690630344284.7748             0.120102584
690631321379.2736             0.05052545
690632298473.7722             0.07905348
690633275568.2709             0.06668753
690634252662.7697             -0.009954806
690635229757.2683             -0.0015673449
690636206851.767              0.050577134
690637183946.2656             0.044498526
690638161040.7644             0.039115127
690639138135.2631             0.052223306
690640115229.7617             0.056694847
690641092324.2605             0.05396833
690642069418.7592             -0.0012474224
690643046513.2578             0.027742036
690644023607.7566             0.07144195
690645000702.2552             0.10351825
690645977796.7539             0.052014824
690646954891.2526             0.010780504
690647931985.7513             0.018179445
690648909080.25               0.051121376
690649886174.7487             0.0037070084
690650863269.2474             0.032056388
690651840363.7461             0.08363845
690652817458.2448             0.031238697
690653794552.7434             -0.0009824828
690654771647.2422             0.035184126
690655748741.7408             0.024875497
690656725836.2395             0.03026262
690657702930.7383             -4.3187378e-05
690658680025.2369             0.050363723
690659657119.7356             0.16282967
690660634214.2344             0.101124406
690661611308.733              0.041618824
690662588403.2317             0.05033652
690663565497.7303             0.009211951
690664542592.2291             0.04436496
690665519686.7278             -0.010694533
690666496781.2264             0.042015392
690667473875.7252             0.09961682
690668450970.2239             0.026445309
690669428064.7225             -0.021789525
690670405159.2212             -0.012877735
690671382253.72               0.05403736
690672359348.2186             0.010283682
690673336442.7173             0.0019104298
690674313537.2161             0.03357221
690675290631.7147             0.026472224
690676267726.2134             -0.017156309
690677244820.7122             -0.0052648494
690678221915.2108             0.056008015
690679199009.7095             -0.02584767
690680176104.2081             -0.004410362
690681153198.7069             -0.047674917
690682130293.2056             -0.02794136
690683107387.7042             -0.0020036248
690684084482.203              0.024504058
690685061576.7017             0.049429
690686038671.2003             0.0041887662
690687015765.699              0.028342618
690687992860.1978             0.006587513
690688969954.6964             -0.036565714
690689947049.1951             -0.04167624
690690924143.6938             0.027116584
690691901238.1925             0.010393081
690692878332.6912             -0.020150874
690693855427.19               0.026320422
690694832521.6886             0.011807016
690695809616.1873             0.05975557
690696786710.6859             -0.018593328
690697763805.1847             0.05070273
690698740899.6833             -0.0077953897
690699717994.182              -0.03110937
690700695088.6808             0.034636524
690701672183.1794             0.03405515
690702649277.6781             -0.0014025436
690703626372.1768             -0.035521913
690704603466.6755             -0.02731489
690705580561.1742             0.073361635
690706557655.6729             0.03467818
690707534750.1716             -0.0041670646
690708511844.6703             -0.03241152
690709488939.169              0.02792757
690710466033.6677             0.019065518
690711443128.1664             0.023039639
690712420222.665              0.026305672
690713397317.1637             0.059309993
690714374411.6625             0.043609444
690715351506.1611             -0.015719997
690716328600.6598             0.009179681
690717305695.1586             0.018705247
690718282789.6572             0.0360135
690719259884.1559             0.021440675
690720236978.6545             -0.01549903
690721214073.1533             0.01640584
690722191167.652              0.005151233
690723168262.1506             -0.0039483225
690724145356.6494             0.03389264
690725122451.1481             0.045398332
690726099545.6467             0.0025756077
690727076640.1455             0.039029226
690728053734.6442             0.08425114
690729030829.1428             0.044491734
690730007923.6415             0.069371596
690730985018.1403             0.02256444
690731962112.6389             -0.00029328326
690732939207.1376             0.01839613
690733916301.6364             0.015422338
690734893396.135              0.009404011
690735870490.6337             -0.053451695
690736847585.1323             -0.014898063
690737824679.6311             -0.044947565
690738801774.1298             0.031905603
690739778868.6284             -0.033550035
690740755963.1272             0.0009929909
690741733057.6259             -0.013199862
690742710152.1245             -0.030621413
690743687246.6233             0.012121987
690744664341.122              -0.03545539
690745641435.6206             -0.0070454916
690746618530.1193             0.09826939
690747595624.618              0.020988964
690748572719.1167             -0.059645116
690749549813.6154             -0.03561521
690750526908.1141             -0.0052743047
690751504002.6128             -0.0092411125
690752481097.1115             -0.003257264
690753458191.6101             0.013143323
690754435286.1089             0.059167698
690755412380.6075             0.015674295
690756389475.1062             0.045169424
690757366569.605              0.050457627
690758343664.1036             -0.037933815
690759320758.6023             0.05609923
690760297853.1011             0.017520687
690761274947.5997             -0.016456291
690762252042.0984             -0.015151373
690763229136.597              -0.016087176
690764206231.0958             0.0794194
690765183325.5945             0.06136379
690766160420.0931             -0.04736557
690767137514.5919             -0.061104447
690768114609.0906             0.04891633
690769091703.5892             0.08310197
690770068798.0879             0.061149195
690771045892.5867             0.027202424
690772022987.0853             0.0025728645
690773000081.584              -0.0057876236
690773977176.0828             -0.050853513
690774954270.5814             -0.026954554
690775931365.0801             -0.020926002
690776908459.5789             -0.026790911
690777885554.0775             -0.032132164
690778862648.5762             0.091926254
690779839743.0748             0.010007122
690780816837.5736             0.0045267907
690781793932.0723             -0.0005246859
690782771026.5709             -0.0046710977
690783748121.0697             0.05632343
690784725215.5684             0.045265976
690785702310.067              0.04623722
690786679404.5657             0.06401351
690787656499.0645             0.013329987
690788633593.5631             -0.015304102
690789610688.0618             0.01888102
690790587782.5605             0.021855788
690791564877.0592             0.04363404
690792541971.5579             -0.029771512
690793519066.0566             -0.006632725
690794496160.5553             -0.02522826
690795473255.054              -0.045786332
690796450349.5526             -0.051467832
690797427444.0514             -0.006225311
690798404538.55               0.027244337
690799381633.0487             -0.01592952
690800358727.5475             0.009517677
690801335822.0461             -0.010266226
690802312916.5448             -0.0027927307
690803290011.0435             0.028914472
690804267105.5422             0.008386618
690805244200.0409             -0.059271846
690806221294.5396             0.010125499
690807198389.0383             -0.03610548
690808175483.537              -0.015801772
690809152578.0356             0.06766735
690810129672.5344             -0.0027040285
690811106767.0331             -0.00519233
690812083861.5317             0.027987432
690813060956.0304             -0.0066353595
690814038050.5292             0.029166441
690815015145.0278             0.0057764174
690815992239.5265             0.03540015
690816969334.0253             -0.039765738
690817946428.5239             -0.04374615
690818923523.0226             -0.0011085033
690819900617.5212             0.023754157
690820877712.02               -0.0046399166
690821854806.5187             -0.062048383
690822831901.0173             -0.002367023
690823808995.5161             0.0618143
690824786090.0148             0.03348035
690825763184.5134             0.044443846
690826740279.0122             0.09082319
690827717373.5109             -0.025097428
690828694468.0095             -0.037368663
690829671562.5082             -0.007547705
690830648657.007              0.043586675
690831625751.5056             -0.03466058
690832602846.0043             0.035535477
690833579940.503              -0.037787132
690834557035.0017             -0.0031355883
690835534129.5004             0.037017565
690836511223.999              0.06942749
690837488318.4978             0.08302257
690838465412.9965             0.048428573
690839442507.4951             0.0053074863
690840419601.9939             -0.059582014
690841396696.4926             -0.0008142785
690842373790.9912             -0.013374002
690843350885.49               0.029566517
690844327979.9886             0.024520239
690845305074.4873             -0.04722
690846282168.986              -0.009754034
690847259263.4847             0.057491425
690848236357.9834             0.005623109
690849213452.482              -0.09113439
690850190546.9808             -0.019463662
690851167641.4795             0.05734428
690852144735.9781             0.026363516
690853121830.4768             0.018135155
690854098924.9756             -0.015227828
690855076019.4742             0.027164085
690856053113.9729             -0.02050262
690857030208.4717             -0.011232231
690858007302.9703             -0.030787654
690858984397.469              -0.029562734
690859961491.9678             0.01649563
690860938586.4664             0.0144065255
690861915680.9651             0.03962404
690862892775.4637             0.019065667
690863869869.9625             -0.07147495
690864846964.4612             -0.05895572
690865824058.9598             0.012105822
690866801153.4586             0.057044595
690867778247.9573             -0.00290311
690868755342.4559             -0.065290265
690869732436.9546             -0.041759852
690870709531.4534             0.01987941
690871686625.952              -0.030592231
690872663720.4507             0.030475704
690873640814.9495             0.04752512
690874617909.4481             -0.056990214
690875595003.9468             -0.058699828
690876572098.4456             -0.03970198
690877549192.9442             -0.02816911
690878526287.4429             0.0014993519
690879503381.9415             0.048853014
690880480476.4403             -0.002727451
690881457570.939              0.005237232
690882434665.4376             -0.014685559
690883411759.9364             -0.018061027
690884388854.435              0.04655293
690885365948.9337             0.07928832
690886343043.4325             0.05853667
690887320137.9312             0.04781533
690888297232.4298             0.025071366
690889274326.9285             0.06627388
690890251421.4272             -0.006595717
690891228515.9259             0.023381451
690892205610.4246             0.05420475
690893182704.9233             0.054483913
690894159799.422              0.06741455
690895136893.9207             0.0073259277
690896113988.4193             -0.03798071
690897091082.9181             -0.006862567
690898068177.4167             0.067715295
690899045271.9154             0.0095072435
690900022366.4142             -0.03836065
690900999460.9128             -0.039450336
690901976555.4115             -0.001683287
690902953649.9103             0.005315532
690903930744.4089             0.030513953
690904907838.9076             0.05924785
690905884933.4062             -0.006642463
690906862027.905              -0.0011036523
690907839122.4037             -0.03452728
690908816216.9023             0.027962167
690909793311.4011             -0.037932456
690910770405.8998             -0.067520104
690911747500.3984             0.034461144
690912724594.8971             -0.0034036872
690913701689.3959             -0.018286362
690914678783.8945             -0.079725586
690915655878.3932             -0.054834425
690916632972.892              -0.013286823
690917610067.3906             -0.0031851663
690918587161.8893             0.0048111994
690919564256.3881             -0.04596923
690920541350.8867             -0.011478126
690921518445.3854             -0.04315031
690922495539.884              -0.030085716
690923472634.3828             0.029198542
690924449728.8815             0.038076058
690925426823.3801             0.013649424
690926403917.8789             -0.03223984
690927381012.3776             0.014331381
690928358106.8762             0.069986
690929335201.3749             0.049078744
690930312295.8737             -0.024944058
690931289390.3723             -0.051858563
690932266484.871              -0.07076031
690933243579.3698             -0.060110804
690934220673.8684             -0.087331235
690935197768.3671             0.0031692758
690936174862.8658             -0.01632827
690937151957.3645             0.060421757
690938129051.8632             0.079503916
690939106146.3618             0.03667643
690940083240.8606             -0.054990377
690941060335.3593             -0.046880513
690942037429.8579             -0.030672615
690943014524.3567             -0.035813745
690943991618.8553             -0.0026693314
690944968713.354              0.0013363279
690945945807.8527             -3.065208e-07
690946922902.3514             -0.0018740472
690947899996.8501             0.0035209577
690948877091.3488             0.008082438
690949854185.8475             -0.005828347
690950831280.3462             0.017779028
690951808374.8448             -0.011052082
690952785469.3436             0.01149728
690953762563.8423             0.04815276
690954739658.341              0.058086924
690955716752.8396             -0.017910851
690956693847.3384             -0.00821444
690957670941.837              0.018692706
690958648036.3357             0.0030283073
690959625130.8345             -0.030472301
690960602225.3331             -0.062600635
690961579319.8318             -0.14536461
690962556414.3304             -0.04001452
690963533508.8292             -0.0138157215
690964510603.3279             -0.01352584
690965487697.8265             -0.049614955
690966464792.3253             -0.055056684
690967441886.824              -0.028549992
690968418981.3226             0.028112901
690969396075.8214             0.07664345
690970373170.3201             0.077572614
690971350264.8187             0.062418442
690972327359.3174             -0.02612902
690973304453.8162             -0.06636942
690974281548.3148             0.024935683
690975258642.8135             0.022417968
690976235737.3123             0.051301673
690977212831.8109             0.04727644
690978189926.3096             -0.02479659
690979167020.8082             0.04857762
690980144115.307              0.0035388416
690981121209.8057             -0.013591724
690982098304.3043             -0.012743877
690983075398.8031             -0.005932748
690984052493.3018             0.0634446
690985029587.8004             0.06486606
690986006682.2992             -0.040182233
690986983776.7979             -0.058900416
690987960871.2965             0.06034416
690988937965.7952             0.07952748
690989915060.294              -0.0005177211
690990892154.7926             -0.053460997
690991869249.2913             -0.09011364
690992846343.79               -0.02934635
690993823438.2887             -0.017956944
690994800532.7874             -0.0048334626
690995777627.286              -0.052664887
690996754721.7848             -0.003941612
690997731816.2834             -0.023664063
690998708910.7821             0.04277756
690999686005.2809             0.0017824254
691000663099.7795             0.056664303
691001640194.2782             0.04804942
691002617288.777              0.010506364
691003594383.2756             -0.03870338
691004571477.7743             0.02161249
691005548572.273              0.022093695
691006525666.7717             0.045343455
691007502761.2704             0.016849088
691008479855.769              0.03910636
691009456950.2678             0.029438239
691010434044.7665             -0.033804595
691011411139.2651             -0.004912217
691012388233.7638             0.053889886
691013365328.2626             0.0063899215
691014342422.7612             -0.04359464
691015319517.2599             -0.02569129
691016296611.7587             0.009139425
691017273706.2573             0.024630586
691018250800.756              0.029566294
691019227895.2548             0.009884224
691020204989.7534             -0.10039424
691021182084.2521             -0.01821763
691022159178.7507             0.0015303924
691023136273.2495             -0.04354541
691024113367.7482             -0.06631159
691025090462.2468             0.020155616
691026067556.7456             0.033493057
691027044651.2443             -0.012230258
691028021745.7429             0.07373811
691028998840.2416             -0.033553746
691029975934.7404             -0.04670825
691030953029.239              -0.06292792
691031930123.7377             -0.030343028
691032907218.2365             0.046700835
691033884312.7351             0.038418777
691034861407.2338             0.034845017
691035838501.7325             0.014646574
691036815596.2312             -0.007328664
691037792690.7299             -0.10674858
691038769785.2285             0.008556134
691039746879.7273             0.008777196
691040723974.226              -0.00033658766
691041701068.7246             -0.0053728237
691042678163.2234             0.041209597
691043655257.722              0.006960375
691044632352.2207             0.023633476
691045609446.7194             0.039265525
691046586541.2181             -0.018410584
691047563635.7168             -0.028252162
691048540730.2155             0.029956259
691049517824.7142             -0.014447129
691050494919.2129             -0.016641283
691051472013.7115             -0.014906494
691052449108.2103             0.020545749
691053426202.709              0.010995504
691054403297.2076             0.044010594
691055380391.7063             -0.04841712
691056357486.2051             0.021295268
691057334580.7037             0.021332907
691058311675.2024             -0.0075933193
691059288769.7012             0.027378494
691060265864.1998             0.054911323
691061242958.6985             -0.015624087
691062220053.1971             0.046131708
691063197147.6959             0.057319414
691064174242.1946             0.004227638
691065151336.6932             -0.10831179
691066128431.192              -0.04511655
691067105525.6907             0.077111565
691068082620.1893             0.07575572
691069059714.6881             -0.0016935784
691070036809.1868             0.050033998
691071013903.6854             0.043126237
691071990998.1841             -0.07663768
691072968092.6829             -0.0046184543
691073945187.1815             0.016072895
691074922281.6802             -0.025676336
691075899376.179              -0.058773626
691076876470.6776             -0.0007639765
691077853565.1763             0.06731379
691078830659.6749             0.0045050886
691079807754.1737             0.013171278
691080784848.6724             0.09245018
691081761943.171              -0.010605222
691082739037.6698             -0.003939189
691083716132.1685             0.0060078055
691084693226.6671             0.028128423
691085670321.1659             0.05546378
691086647415.6646             0.059548188
691087624510.1632             -0.03481294
691088601604.6619             0.0040641986
691089578699.1606             0.021480812
691090555793.6593             -0.05701105
691091532888.158              -0.025328487
691092509982.6567             0.05672534
691093487077.1554             0.05440369
691094464171.654              0.03563049
691095441266.1527             0.04461963
691096418360.6515             -0.033647366
691097395455.1501             -0.03562988
691098372549.6488             -0.04580429
691099349644.1476             -0.035276573
691100326738.6462             0.008692481
691101303833.1449             0.052951846
691102280927.6437             0.044602342
691103258022.1423             0.019289715
691104235116.641              0.059973862
691105212211.1396             0.052227896
691106189305.6384             0.04307172
691107166400.1371             -0.01737307
691108143494.6357             -0.028530125
691109120589.1345             -0.019057378
691110097683.6332             0.027445093
691111074778.1318             -0.019290363
691112051872.6305             -0.0034998062
691113028967.1293             -0.004438246
691114006061.6279             -0.028117634
691114983156.1266             -0.056961827
691115960250.6254             -0.01898609
691116937345.124              0.04237156
691117914439.6227             0.0013889694
691118891534.1215             0.0068788454
691119868628.6201             -0.03722273
691120845723.1188             -0.029180644
691121822817.6174             0.06386922
691122799912.1162             0.089432746
691123777006.6149             0.09831974
691124754101.1135             0.026585668
691125731195.6123             -0.036996033
691126708290.111              -0.016877936
691127685384.6096             0.022192415
691128662479.1083             0.05797976
691129639573.607              0.043392394
691130616668.1057             0.036619533
691131593762.6044             -0.04485714
691132570857.1031             -0.10593808
691133547951.6018             0.048101883
691134525046.1005             0.013455373
691135502140.5992             -0.028641606
691136479235.0979             -0.02296216
691137456329.5966             -0.11679538
691138433424.0952             -0.030954724
691139410518.594              0.0067606308
691140387613.0927             -0.036857665
691141364707.5913             -0.017888486
691142341802.0901             0.08336167
691143318896.5887             -0.0065681003
691144295991.0874             0.0015770189
691145273085.586              0.121472195
691146250180.0848             0.08829883
691147227274.5835             0.10091816
691148204369.0822             0.07520016
691149181463.5809             0.06928977
691150158558.0796             -0.039189693
691151135652.5782             -0.032399695
691152112747.077              -0.007814538
691153089841.5757             -0.0061853686
691154066936.0743             -0.016718494
691155044030.573              -0.06601932
691156021125.0718             -0.04558491
691156998219.5704             -0.0053530927
691157975314.0691             -0.005017713
691158952408.5679             0.06584481
691159929503.0665             0.04719191
691160906597.5652             -0.030312693
691161883692.0638             0.0007020791
691162860786.5626             0.0301944
691163837881.0613             0.02366697
691164814975.5599             -0.04542294
691165792070.0587             -0.028937781
691166769164.5574             -0.008741624
691167746259.056              0.047440723
691168723353.5548             0.002447581
691169700448.0535             -0.009953147
691170677542.5521             0.025743583
691171654637.0508             0.08350231
691172631731.5496             -0.01564948
691173608826.0482             0.0037974545
691174585920.5469             0.029356165
691175563015.0457             0.08758496
691176540109.5443             0.06771942
691177517204.043              0.015489028
691178494298.5416             0.019663593
691179471393.0404             -0.07924559
691180448487.5391             -0.07243627
691181425582.0377             -0.0031299335
691182402676.5365             -0.03118813
691183379771.0352             -0.00415743
691184356865.5338             -0.035669904
691185333960.0326             -0.055045888
691186311054.5312             -0.07592442
691187288149.0299             -0.0006409705
691188265243.5286             -0.0504394
691189242338.0273             0.011860876
691190219432.526              0.06157095
691191196527.0247             -0.009163188
691192173621.5234             0.03048212
691193150716.0221             -0.02229908
691194127810.5208             -0.10678233
691195104905.0195             0.020926444
691196081999.5182             0.09947901
691197059094.0168             0.039157853
691198036188.5155             0.015989713
691199013283.0143             0.010644765
691199990377.513              -0.07551109
691200967472.0116             0.0059912666
691201944566.5104             0.08520566
691202921661.009              0.060829364
691203898755.5077             0.019218666
691204875850.0063             -0.014461394
691205852944.5051             -0.04108303
691206830039.0038             0.030226214
691207807133.5024             -0.09884362
691208784228.0012             -0.03133422
691209761322.4999             0.053118374
691210738416.9985             -0.035199348
691211715511.4973             -0.07311435
691212692605.996              -0.008689209
691213669700.4946             0.035160214
691214646794.9933             0.050619237
691215623889.4921             0.09621962
691216600983.9907             -0.06400529
691217578078.4894             -0.049575474
691218555172.9882             0.051202293
691219532267.4868             -0.026702795
691220509361.9855             0.015390564
691221486456.4841             -0.021212079
691222463550.9829             0.027680334
691223440645.4816             0.05857169
691224417739.9802             0.03826291
691225394834.479              0.026210481
691226371928.9777             0.038200144
691227349023.4763             0.05792985
691228326117.9751             -0.03592276
691229303212.4738             -0.023101367
691230280306.9724             0.0015670884
691231257401.4711             -0.070307255
691232234495.9698             -0.060825054
691233211590.4685             -0.025927296
691234188684.9672             -0.041305937
691235165779.466              0.0007003299
691236142873.9646             0.06642324
691237119968.4633             -0.06383724
691238097062.9619             -0.08829788
691239074157.4607             -0.04054126
691240051251.9594             -0.05771573
691241028346.458              -0.08370798
691242005440.9568             -0.011244028
691242982535.4554             0.013843862
691243959629.9541             -0.03351674
691244936724.4529             -0.04738966
691245913818.9515             -0.09314292
691246890913.4502             -0.13190326
691247868007.9489             -0.007575849
691248845102.4476             0.05248124
691249822196.9463             0.032819
691250799291.445              0.045796674
691251776385.9437             0.02642383
691252753480.4424             -0.05565758
691253730574.941              -0.012593772
691254707669.4397             -0.020116748
691255684763.9385             0.010552789
691256661858.4371             -0.035139248
691257638952.9358             -0.00742055
691258616047.4346             0.11146375
691259593141.9332             0.07785705
691260570236.4319             0.018995339
691261547330.9307             -0.0031018772
691262524425.4293             -0.020800909
691263501519.928              -0.05081721
691264478614.4266             -0.02664566
691265455708.9254             -0.022833277
691266432803.4241             0.035442434
691267409897.9227             0.05343969
691268386992.4215             0.089725204
691269364086.9202             0.027205234
691270341181.4188             -0.042252246
691271318275.9175             -0.03128219
691272295370.4163             -0.06318113
691273272464.9149             -0.03349925
691274249559.4136             -0.053437073
691275226653.9124             -0.003387885
691276203748.411              -0.016339056
691277180842.9097             0.0025836513
691278157937.4084             0.06191134
691279135031.9071             -0.027722668
691280112126.4058             0.05746521
691281089220.9044             0.091305695
691282066315.4032             0.024867017
691283043409.9019             -0.075207494
691284020504.4005             0.008310422
691284997598.8993             0.046145234
691285974693.398              0.001875676
691286951787.8966             0.002678566
691287928882.3953             -0.019573614
691288905976.894              0.04634953
691289883071.3927             -0.016748765
691290860165.8914             0.008533864
691291837260.3901             -0.034136668
691292814354.8888             -0.0046470626
691293791449.3875             0.061000556
691294768543.8862             0.005222115
691295745638.3849             0.016601041
691296722732.8835             -0.026163487
691297699827.3822             0.013432633
691298676921.881              0.049524732
691299654016.3796             0.06093903
691300631110.8783             0.023724888
691301608205.3771             -0.057659052
691302585299.8757             -0.025714612
691303562394.3744             0.004895465
691304539488.873              0.010961397
691305516583.3718             -0.008824013
691306493677.8705             -0.023275983
691307470772.3691             0.03879249
691308447866.8679             0.040121485
691309424961.3666             -0.050404966
691310402055.8652             0.012447046
691311379150.364              0.005368246
691312356244.8627             -0.013041093
691313333339.3613             -0.013060423
691314310433.86               -0.040005628
691315287528.3588             -0.02799607
691316264622.8574             0.00089313585
691317241717.3561             -0.14322463
691318218811.8549             -0.0913708
691319195906.3535             -0.065527454
691320173000.8522             -0.047651745
691321150095.3508             0.001991244
691322127189.8496             0.06534384
691323104284.3483             0.05770618
691324081378.8469             -0.0976017
691325058473.3457             -0.057756614
691326035567.8444             -0.09352241
691327012662.343              0.026519425
691327989756.8418             0.0744482
691328966851.3405             0.05505921
691329943945.8391             0.02531268
691330921040.3378             0.04820049
691331898134.8365             -0.02532995
691332875229.3352             0.018603664
691333852323.8339             0.05136196
691334829418.3326             -0.022275016
691335806512.8313             -0.021258514
691336783607.33               -0.05404656
691337760701.8286             -0.07853759
691338737796.3274             0.034783654
691339714890.826              0.020262262
691340691985.3247             -0.014062023
691341669079.8235             -0.036111474
691342646174.3221             -0.010455622
691343623268.8208             0.0010781889
691344600363.3196             -0.06750693
691345577457.8182             -0.029263476
691346554552.3169             0.05325546
691347531646.8156             0.066142954
691348508741.3143             -0.028572084
691349485835.813              -0.0609528
691350462930.3116             0.004919411
691351440024.8104             0.042895004
691352417119.3091             0.15977798
691353394213.8077             0.11465989
691354371308.3064             0.066521466
691355348402.8052             -0.016164722
691356325497.3038             -0.008157044
691357302591.8025             -0.04333872
691358279686.3013             -0.0072382013
691359256780.7999             0.00025912918
691360233875.2986             0.05924331
691361210969.7974             0.08859964
691362188064.296              -0.011658893
691363165158.7947             0.010543575
691364142253.2933             -0.033035908
691365119347.7921             -0.03371032
691366096442.2908             -0.029650033
691367073536.7894             0.039661042
691368050631.2882             0.017427148
691369027725.7869             0.0349488
691370004820.2855             -0.022455707
691370981914.7842             0.013508832
691371959009.283              0.03750777
691372936103.7816             -0.09583368
691373913198.2803             -0.023725182
691374890292.779              -0.0058846897
691375867387.2777             -0.00033285737
691376844481.7764             -0.050955273
691377821576.2751             -0.06301333
691378798670.7738             -0.021994255
691379775765.2725             -0.013628499
691380752859.7711             -0.009977814
691381729954.2699             -0.04985355
691382707048.7686             -0.08218687
691383684143.2672             -0.039609924
691384661237.766              0.060733084
691385638332.2646             -0.023795446
691386615426.7633             0.015033385
691387592521.262              0.04775171
691388569615.7607             0.01643641
691389546710.2594             -0.043664787
691390523804.758              -0.11012013
691391500899.2568             -0.06178898
691392477993.7555             -0.015568877
691393455088.2542             -0.000858386
691394432182.7529             -0.022909146
691395409277.2516             -0.07285305
691396386371.7502             0.026449265
691397363466.2489             0.058046903
691398340560.7477             -0.04580455
691399317655.2463             0.016007612
691400294749.745              -0.05430101
691401271844.2438             -0.025428683
691402248938.7424             -0.005683422
691403226033.2411             0.020545656
691404203127.7397             0.035189446
691405180222.2385             0.122116975
691406157316.7372             0.11995922
691407134411.2358             0.028214373
691408111505.7346             0.072510906
691409088600.2333             -0.030560035
691410065694.7319             -0.08500293
691411042789.2307             -0.06494227
691412019883.7294             -0.0023091407
691412996978.228              0.016576998
691413974072.7267             0.0026745936
691414951167.2255             -0.027648019
691415928261.7241             -0.061354406
691416905356.2228             -0.022985771
691417882450.7216             0.026742801
691418859545.2202             -0.0059881313
691419836639.7189             0.027233997
691420813734.2175             -0.017097393
691421790828.7163             0.016210077
691422767923.215              0.0008956884
691423745017.7136             0.025993282
691424722112.2124             0.079650484
691425699206.711              0.026649175
691426676301.2097             -0.0009348136
691427653395.7085             -0.057727017
691428630490.2072             0.07706162
691429607584.7058             0.0077555547
691430584679.2045             0.004999609
691431561773.7032             -0.028786125
691432538868.2019             -0.009674291
691433515962.7006             -0.026249439
691434493057.1993             -0.024497636
691435470151.698              0.015315687
691436447246.1967             0.010893769
691437424340.6953             0.04330965
691438401435.1941             0.019796437
691439378529.6927             0.049345545
691440355624.1914             0.05162313
691441332718.6902             0.029909503
691442309813.1888             0.07158581
691443286907.6875             0.026607119
691444264002.1863             0.034397792
691445241096.6849             0.051427756
691446218191.1836             0.033297803
691447195285.6823             -0.027756134
691448172380.181              -0.09519187
691449149474.6797             -0.077196695
691450126569.1783             0.0070863506
691451103663.6771             -0.06903275
691452080758.1758             -0.058240652
691453057852.6744             0.047914032
691454034947.1731             0.06458241
691455012041.6719             0.08138381
691455989136.1705             0.04845732
691456966230.6692             0.02218222
691457943325.168              0.00605545
691458920419.6666             -0.03584033
691459897514.1653             0.01306694
691460874608.6641             0.015305932
691461851703.1627             -0.0055654137
691462828797.6614             -0.01640427
691463805892.16               -0.05782058
691464782986.6588             -0.01620757
691465760081.1575             -0.0009682084
691466737175.6561             0.0688237
691467714270.1549             0.056814034
691468691364.6536             -0.0409551
691469668459.1522             -0.0020784133
691470645553.6509             0.07774692
691471622648.1497             -0.0036479947
691472599742.6483             -0.03889682
691473576837.147              -0.03676414
691474553931.6458             0.032201566
691475531026.1444             0.099340335
691476508120.6431             0.059035122
691477485215.1418             0.012074977
691478462309.6405             -0.030327864
691479439404.1392             -0.026890408
691480416498.6378             -0.051909477
691481393593.1366             -0.05728104
691482370687.6353             -0.039729625
691483347782.1339             -0.039439335
691484324876.6327             -0.05120456
691485301971.1313             -0.0050197844
691486279065.63               -0.03140643
691487256160.1287             0.026244445
691488233254.6274             0.046320394
691489210349.1261             0.00811834
691490187443.6248             -0.045977496
691491164538.1235             -0.052728634
691492141632.6222             -0.020467144
691493118727.1208             -0.0019859816
691494095821.6196             -0.026281219
691495072916.1183             -0.08445319
691496050010.617              0.00905551
691497027105.1156             -0.01644084
691498004199.6144             -0.00036155258
691498981294.113              0.009194406
691499958388.6117             0.060950156
691500935483.1105             0.03180004
691501912577.6091             -0.06352784
691502889672.1078             0.00019474987
691503866766.6064             0.03091453
691504843861.1052             0.0198879
691505820955.6039             -0.034185108
691506798050.1025             -0.021380011
691507775144.6013             0.02046933
691508752239.1                0.0667954
691509729333.5986             0.07121606
691510706428.0974             -0.04347051
691511683522.5961             -0.06550138
691512660617.0947             -0.018318549
691513637711.5934             0.093906455
691514614806.0922             0.04716943
691515591900.5908             -0.006413451
691516568995.0895             0.025706526
691517546089.5883             0.054270327
691518523184.0869             0.03422946
691519500278.5856             0.07544651
691520477373.0844             0.057136994
691521454467.583              -0.0032961874
691522431562.0817             -0.03441121
691523408656.5803             0.0059223226
691524385751.0791             -0.02172936
691525362845.5778             -0.066158675
691526339940.0764             0.003279007
691527317034.5752             0.04239069
691528294129.0739             0.062885
691529271223.5725             -0.024662457
691530248318.0712             0.007814739
691531225412.57               0.020484652
691532202507.0686             -0.024899103
691533179601.5673             0.020615254
691534156696.066              -0.024791824
691535133790.5647             -0.010452642
691536110885.0634             -0.03119275
691537087979.5621             -0.0060200715
691538065074.0608             0.005376669
691539042168.5594             0.037375636
691540019263.0581             0.09821045
691540996357.5569             0.1325259
691541973452.0555             0.03797487
691542950546.5542             0.01678695
691543927641.053              -0.015539948
691544904735.5516             -0.036623925
691545881830.0503             -0.04391822
691546858924.549              -0.0619102
691547836019.0477             -0.02857499
691548813113.5464             0.011020685
691549790208.045              -0.03819368
691550767302.5438             0.014841345
691551744397.0425             0.054512605
691552721491.5411             -0.037288498
691553698586.0399             0.0053183427
691554675680.5386             0.14125
691555652775.0372             0.06750982
691556629869.5359             0.050623216
691557606964.0347             -0.012408667
691558584058.5333             0.05079939
691559561153.032              -0.0060966187
691560538247.5308             -0.049585216
691561515342.0294             -0.011045733
691562492436.5281             0.017641142
691563469531.0267             -0.065099716
691564446625.5255             -0.08971587
691565423720.0242             -0.011404304
691566400814.5228             -0.07041936
691567377909.0216             -0.014299458
691568355003.5203             0.053943925
691569332098.0189             0.009714861
691570309192.5177             -0.05960337
691571286287.0164             -0.031549305
691572263381.515              0.012827334
691573240476.0137             -0.06402119
691574217570.5125             -0.05060886
691575194665.0111             -0.035412677
691576171759.5098             -0.012770601
691577148854.0085             -0.0023513904
691578125948.5072             -0.0012487653
691579103043.0059             0.002790179
691580080137.5045             -0.0044689653
691581057232.0033             0.06543235
691582034326.502              0.03898998
691583011421.0006             0.022324113
691583988515.4994             -0.0001419385
691584965609.998              -0.0029055446
691585942704.4967             -0.07055739
691586919798.9955             0.055448227
691587896893.4941             0.03290574
691588873987.9928             0.098476425
691589851082.4915             -0.015841924
691590828176.9902             -0.071948804
691591805271.4889             0.02061829
691592782365.9875             0.089844644
691593759460.4863             0.10397335
691594736554.985              0.021812942
691595713649.4836             -0.009480493
691596690743.9823             -0.0004965461
691597667838.4811             -0.028304
691598644932.9797             0.0011923563
691599622027.4784             0.00660247
691600599121.9772             -0.022227777
691601576216.4758             -0.04311019
691602553310.9745             -0.051916644
691603530405.4733             -0.047798418
691604507499.9719             -0.083294235
691605484594.4706             -0.02860857
691606461688.9692             -0.06414103
691607438783.468              -0.0463073
691608415877.9667             -0.12456225
691609392972.4653             -0.055520635
691610370066.9641             -0.07254528
691611347161.4628             -0.0779859
691612324255.9614             0.006547767
691613301350.4601             0.006292114
691614278444.9589             -0.04742446
691615255539.4575             -0.026995936
691616232633.9562             -0.04227739
691617209728.455              -0.0568238
691618186822.9536             -0.038596023
691619163917.4523             -0.031002339
691620141011.951              0.008787783
691621118106.4497             0.005649863
691622095200.9484             0.09834784
691623072295.447              0.085560076
691624049389.9458             -0.02849884
691625026484.4445             -0.05165649
691626003578.9431             -0.046679392
691626980673.4419             -0.010172918
691627957767.9406             0.016959418
691628934862.4392             0.007512299
691629911956.9379             -0.028697532
691630889051.4366             -0.07566344
691631866145.9353             -0.09518729
691632843240.434              0.033490766
691633820334.9327             0.0408657
691634797429.4314             0.04183918
691635774523.93               0.032715697
691636751618.4288             0.0035963836
691637728712.9275             0.022478718
691638705807.4261             0.031326603
691639682901.9248             -0.05650547
691640659996.4236             0.0013678033
691641637090.9222             0.058225334
691642614185.4209             -0.012548877
691643591279.9197             0.027038967
691644568374.4183             -0.0022733142
691645545468.917              0.048458748
691646522563.4156             -0.038832925
691647499657.9144             -0.015707973
691648476752.4131             -0.019820498
691649453846.9117             0.03653734
691650430941.4105             0.021413751
691651408035.9092             0.013355625
691652385130.4078             -0.020895742
691653362224.9066             -0.10651038
691654339319.4053             -0.08498809
691655316413.9039             -0.06613732
691656293508.4026             -0.0007241687
691657270602.9014             0.079221986
691658247697.4                0.07158354
