414055982003.8                0.008286364
414056959059.0136             0.0028136633
414057936114.22723            8.687047e-05
414058913169.4408             -0.009901691
414059890224.6544             -0.012812447
414060867279.86804            -0.012367117
414061844335.08167            -0.037198257
414062821390.2953             -0.011633729
414063798445.5089             0.023196742
414064775500.7225             0.0053775
414065752555.9361             -0.002212274
414066729611.1497             -0.016639331
414067706666.36334            -0.0103375735
414068683721.57697            0.0018614655
414069660776.7905             -0.0036887722
414070637832.00415            0.007676587
414071614887.2178             0.011503586
414072591942.4314             0.009229983
414073568997.645              0.0079112835
414074546052.8586             -0.0069659585
414075523108.0722             -0.027430475
414076500163.2858             -0.0027923493
414077477218.49945            0.02326361
414078454273.7131             -0.00683409
414079431328.9267             -0.018758787
414080408384.14026            -0.019446705
414081385439.3539             -0.014029871
414082362494.5675             0.0024623016
414083339549.7811             -0.012502048
414084316604.99475            0.006426646
414085293660.2083             0.026855044
414086270715.42194            0.0019308251
414087247770.63556            -0.0031303503
414088224825.8492             0.015064142
414089201881.0628             0.013499605
414090178936.27637            -0.010750663
414091155991.49               0.017452009
414092133046.7036             -0.0087482
414093110101.91724            -0.0053041005
414094087157.13086            0.0013015273
414095064212.3445             -0.015198942
414096041267.55804            0.006008909
414097018322.77167            0.0041636648
414097995377.9853             0.0030180414
414098972433.1989             0.020141704
414099949488.41254            0.00637748
414100926543.6261             -0.0019202322
414101903598.8397             0.024777286
414102880654.05334            -0.00029004528
414103857709.26697            0.024229117
414104834764.4806             -0.0032402114
414105811819.6942             0.0047107297
414106788874.9078             0.01845697
414107765930.1214             0.0006101214
414108742985.335              -0.009411903
414109720040.54865            0.009052336
414110697095.76227            0.0068697454
414111674150.9758             -0.026163124
414112651206.18945            0.0003368206
414113628261.4031             -0.020349095
414114605316.6167             -0.00452557
414115582371.8303             -0.010189515
414116559427.0439             0.012696069
414117536482.2575             0.01203107
414118513537.4711             -0.0046610525
414119490592.68475            -0.022610711
414120467647.8984             -0.005486396
414121444703.112              0.01044628
414122421758.32556            0.00424837
414123398813.5392             -0.009110931
414124375868.7528             -0.0068014753
414125352923.96643            -0.0019922934
414126329979.18005            -0.018389143
414127307034.3936             -0.01963727
414128284089.60724            -0.0083989
414129261144.82086            -0.0017191195
414130238200.0345             -0.016164294
414131215255.2481             -0.018872023
414132192310.4617             -0.0024603116
414133169365.6753             0.0079334825
414134146420.8889             -0.004760301
414135123476.10254            -0.014322608
414136100531.31616            -0.003012343
414137077586.5298             -0.031077648
414138054641.74335            -0.0034302976
414139031696.957              0.0016307222
414140008752.1706             -0.013300377
414140985807.3842             -0.0056488947
414141962862.59784            0.02093704
414142939917.8114             -0.002241675
414143916973.025              -0.008286413
414144894028.23865            -0.015824853
414145871083.4523             -0.014540749
414146848138.6659             -0.0003947647
414147825193.87946            -0.0025975648
414148802249.0931             0.0064755343
414149779304.3067             -0.005544387
414150756359.5203             0.0047240457
414151733414.73395            0.012703323
414152710469.9476             0.014799766
414153687525.16113            0.009173638
414154664580.37476            0.0021855258
414155641635.5884             -0.019913645
414156618690.802              0.012316087
414157595746.0156             -0.0099523645
414158572801.2292             -0.0051933145
414159549856.4428             0.014647266
414160526911.65643            0.033653636
414161503966.87006            0.0331263
414162481022.0837             0.032572184
414163458077.2973             0.005598294
414164435132.51086            -0.016968092
414165412187.7245             -0.003980417
414166389242.9381             0.026073633
414167366298.15173            0.018165002
414168343353.36536            0.005592426
414169320408.5789             0.02525152
414170297463.79254            0.019879704
414171274519.00616            -0.0059736418
414172251574.2198             0.0036593797
414173228629.4334             0.019322256
414174205684.647              -0.045120355
414175182739.8606             -0.025974868
414176159795.0742             -0.02914344
414177136850.28784            -0.019387757
414178113905.50146            -0.0006675927
414179090960.7151             0.050683405
414180068015.92865            0.0028208704
414181045071.1423             0.01601735
414182022126.3559             0.015766986
414182999181.5695             -0.020957328
414183976236.78314            -0.007416032
414184953291.9967             0.020064276
414185930347.2103             -0.0067930985
414186907402.42395            -0.027413905
414187884457.6376             -0.0058566756
414188861512.8512             -0.013268653
414189838568.06476            -0.0031395215
414190815623.2784             -0.014780467
414191792678.492              0.01570087
414192769733.7056             -0.0065598567
414193746788.91925            0.0010431862
414194723844.1329             0.0012865938
414195700899.34644            -0.04182988
414196677954.56006            -0.024065236
414197655009.7737             -0.038663473
414198632064.9873             0.041795556
414199609120.2009             0.01549802
414200586175.4145             0.0051922053
414201563230.6281             0.03065645
414202540285.84174            -0.03515886
414203517341.05536            -0.022026027
414204494396.269              -0.023567876
414205471451.4826             -0.0113462815
414206448506.69617            -0.010737342
414207425561.9098             0.022852756
414208402617.1234             0.005817105
414209379672.33704            0.0035259149
414210356727.55066            0.009585025
414211333782.7642             -0.015777236
414212310837.97784            -0.012729046
414213287893.19147            0.0199746
414214264948.4051             -0.012219908
414215242003.6187             -0.04302899
414216219058.8323             -0.023480328
414217196114.0459             0.026439989
414218173169.2595             -0.03659789
414219150224.47314            0.016165737
414220127279.68677            0.020980591
414221104334.9004             0.01905305
414222081390.11395            -0.0014889918
414223058445.3276             0.00831038
414224035500.5412             -0.03388558
414225012555.7548             -0.035997227
414225989610.96844            -0.06272508
414226966666.182              -0.010862106
414227943721.3956             -0.021976491
414228920776.60925            0.02464349
414229897831.8229             0.03484999
414230874887.0365             0.013634606
414231851942.25006            0.01352805
414232828997.4637             0.020600796
414233806052.6773             -0.035908353
414234783107.8909             0.019161277
414235760163.10455            -0.0058681564
414236737218.3182             0.008739906
414237714273.53174            0.02043483
414238691328.74536            0.054127257
414239668383.959              0.06450143
414240645439.1726             0.07372755
414241622494.3862             0.014834357
414242599549.5998             -0.0062116347
414243576604.8134             -0.057017047
414244553660.02704            0.017242054
414245530715.24066            -0.018113827
414246507770.4543             -0.06786927
414247484825.66785            0.0971674
414248461880.8815             0.039553393
414249438936.0951             -0.03635342
414250415991.3087             -0.05143359
414251393046.52234            0.005498744
414252370101.73596            -0.0320715
414253347156.9495             -0.006524684
414254324212.16315            -0.056796003
414255301267.3768             -0.0033338026
414256278322.5904             -0.0023473008
414257255377.804              0.057026993
414258232433.0176             -0.025816618
414259209488.2312             -0.036501694
414260186543.4448             0.0038444235
414261163598.65845            0.013892897
414262140653.8721             0.050523635
414263117709.0857             0.003710487
414264094764.29926            0.003210061
414265071819.5129             0.021451963
414266048874.7265             0.034192316
414267025929.9401             0.013824583
414268002985.15375            0.01960951
414268980040.3673             -0.015012748
414269957095.58093            -0.005148778
414270934150.79456            0.009581241
414271911206.0082             0.0029148853
414272888261.2218             0.010912427
414273865316.43536            0.02523586
414274842371.649              0.0032010789
414275819426.8626             0.006263406
414276796482.07623            0.0104251485
414277773537.28986            0.023693373
414278750592.5035             -0.012595759
414279727647.71704            -0.021816391
414280704702.93066            -0.020018065
414281681758.1443             0.017939603
414282658813.3579             -0.021381434
414283635868.57153            0.0073985024
414284612923.7851             -0.04600291
414285589978.9987             -0.034418352
414286567034.21234            0.0082034245
414287544089.42596            0.014082882
414288521144.6396             -0.003613152
414289498199.85315            0.0025626735
414290475255.0668             0.014340664
414291452310.2804             -0.014324021
414292429365.494              -0.011860163
414293406420.70764            0.0254757
414294383475.92126            0.004260173
414295360531.1348             -0.026120827
414296337586.34845            -0.020056015
414297314641.5621             -0.026807992
414298291696.7757             -0.025517376
414299268751.9893             -0.034966312
414300245807.2029             -0.008804556
414301222862.4165             0.009040051
414302199917.6301             -0.00020772984
414303176972.84375            -0.0032444885
414304154028.0574             -0.025981328
414305131083.271              -0.0015078433
414306108138.48456            0.011615776
414307085193.6982             -0.0014090863
414308062248.9118             -0.013970084
414309039304.1254             -0.009344924
414310016359.33905            0.007047793
414310993414.5526             0.016709797
414311970469.76624            0.0051482557
414312947524.97986            0.007256904
414313924580.1935             0.013574622
414314901635.4071             -0.027590118
414315878690.62067            -0.025204381
414316855745.8343             -0.019752031
414317832801.0479             0.008644084
414318809856.26154            0.015037468
414319786911.47516            -0.026643937
414320763966.6888             -0.04376429
414321741021.90234            0.0026987318
414322718077.11597            0.017485833
414323695132.3296             -0.025034364
414324672187.5432             -0.006640032
414325649242.75684            -0.013898307
414326626297.9704             0.006008437
414327603353.184              -0.0056411694
414328580408.39764            -0.011294147
414329557463.61127            -0.01642855
414330534518.8249             -0.0063093835
414331511574.03845            -0.00021220208
414332488629.2521             0.011971519
414333465684.4657             0.010289857
414334442739.6793             -0.023277707
414335419794.89294            -0.023354424
414336396850.10657            -0.033596653
414337373905.3201             -0.018879747
414338350960.53375            -0.012663297
414339328015.7474             0.0024586394
414340305070.961              0.008114269
414341282126.1746             -0.005499846
414342259181.3882             0.009320389
414343236236.6018             -0.024962828
414344213291.8154             -0.013412374
414345190347.02905            0.01414653
414346167402.2427             0.010802641
414347144457.4563             -0.002559948
414348121512.66986            0.015186806
414349098567.8835             0.019857362
414350075623.0971             -0.0023423187
414351052678.3107             0.008264916
414352029733.52435            -0.019852797
414353006788.7379             0.004282508
414353983843.95154            -0.0051680147
414354960899.16516            0.009500392
414355937954.3788             0.001507153
414356915009.5924             0.008490398
414357892064.80597            -0.017296806
414358869120.0196             -0.0032194231
414359846175.2332             -0.01710372
414360823230.44684            0.0021663546
414361800285.66046            0.0036715243
414362777340.8741             -0.00714236
414363754396.08765            -0.010693853
414364731451.3013             -0.013009579
414365708506.5149             -0.008081017
414366685561.7285             0.0013554031
414367662616.94214            -0.022805138
414368639672.1557             0.016183916
414369616727.3693             0.009879047
414370593782.58295            0.00986814
414371570837.7966             -0.001228669
414372547893.0102             -0.0077492143
414373524948.22375            0.0126388045
414374502003.4374             0.0019970695
414375479058.651              0.0002860203
414376456113.8646             -0.012539859
414377433169.07825            0.0019106445
414378410224.2919             -0.007161093
414379387279.50543            0.009349954
414380364334.71906            0.0056045125
414381341389.9327             0.003270647
414382318445.1463             -0.018590579
414383295500.3599             -0.005738474
414384272555.5735             0.00933122
414385249610.7871             0.018681008
414386226666.00073            0.008455662
414387203721.21436            0.0057002106
414388180776.428              -0.008913096
414389157831.64154            -0.0084695965
414390134886.85516            -0.027653977
414391111942.0688             -0.010244432
414392088997.2824             0.014854916
414393066052.49603            -0.0014113546
414394043107.70966            -0.026119199
414395020162.9232             -0.0029459707
414395997218.13684            0.009182863
414396974273.35046            -0.006583787
414397951328.5641             -0.0149984015
414398928383.7777             0.009411729
414399905438.9913             0.012410607
414400882494.2049             -0.018241078
414401859549.4185             0.0002489034
414402836604.63214            0.0037533178
414403813659.84576            -0.027654933
414404790715.0594             -0.024549717
414405767770.27295            -0.025786651
414406744825.4866             0.0031038742
414407721880.7002             0.004918395
414408698935.9138             -0.00041493864
414409675991.12744            0.011656876
414410653046.341              -0.0013737463
414411630101.5546             -0.012221226
414412607156.76825            -0.017157746
414413584211.9819             -0.001841816
414414561267.1955             0.001350227
414415538322.40906            0.010393592
414416515377.6227             -0.010161339
414417492432.8363             -0.026357375
414418469488.0499             0.007392531
414419446543.26355            -0.007490151
414420423598.4772             -0.010010885
414421400653.69073            -0.0002050085
414422377708.90436            -0.004004657
414423354764.118              -0.02318773
414424331819.3316             -0.019118993
414425308874.5452             -0.028910892
414426285929.7588             -0.022789134
414427262984.9724             -0.012557646
414428240040.18604            -0.0020516082
414429217095.39966            -0.0060545234
414430194150.6133             -0.017979052
414431171205.82684            0.0095594
414432148261.04047            0.0138627635
414433125316.2541             -0.0028542217
414434102371.4677             -0.027088933
414435079426.68134            -0.020853387
414436056481.89496            -0.0010492805
414437033537.1085             0.02110186
414438010592.32214            0.01581308
414438987647.53577            -0.014749317
414439964702.7494             -0.019329693
414440941757.963              -0.007991763
414441918813.1766             -0.014974841
414442895868.3902             0.025046406
414443872923.6038             -0.008398415
414444849978.81744            -0.015044902
414445827034.03107            -0.028938174
414446804089.2447             -0.009347716
414447781144.45825            -0.010029347
414448758199.6719             -0.021273846
414449735254.8855             0.01736693
414450712310.0991             0.0032122587
414451689365.31274            -0.013903006
414452666420.5263             -0.012384778
414453643475.7399             0.0050325426
414454620530.95355            -0.010609322
414455597586.1672             0.0053850734
414456574641.3808             0.0043866653
414457551696.59436            -0.015136412
414458528751.808              -0.036917243
414459505807.0216             -0.039572928
414460482862.2352             0.0015094575
414461459917.44885            0.032896813
414462436972.6625             0.009040704
414463414027.87604            -0.036059994
414464391083.08966            0.00025186947
414465368138.3033             0.009675019
414466345193.5169             -0.006568158
414467322248.7305             -0.0021118068
414468299303.9441             0.0053028413
414469276359.1577             -0.0049401224
414470253414.37134            0.008238613
414471230469.58496            0.01006332
414472207524.7986             0.015259685
414473184580.01215            0.0042740493
414474161635.22577            0.008886698
414475138690.4394             0.018564181
414476115745.653              -0.0054063885
414477092800.86664            0.01245976
414478069856.08026            0.0035020527
414479046911.2938             0.004892751
414480023966.50745            0.017564125
414481001021.72107            -0.014305119
414481978076.9347             0.010168221
414482955132.1483             0.019701073
414483932187.3619             0.004311153
414484909242.5755             -0.0021983648
414485886297.7891             -0.008675866
414486863353.00275            -0.020511616
414487840408.2164             -0.004727202
414488817463.43               -0.013797566
414489794518.64355            -0.00043714736
414490771573.8572             0.024271868
414491748629.0708             0.0107135335
414492725684.2844             -0.0051729344
414493702739.49805            -0.0067051984
414494679794.7116             0.008327104
414495656849.92523            -0.022299154
414496633905.13885            0.013404751
414497610960.3525             0.018595098
414498588015.5661             0.0076057855
414499565070.77966            -0.027624827
414500542125.9933             -0.019550323
414501519181.2069             -0.023523338
414502496236.42053            -0.00221969
414503473291.63416            0.017612956
414504450346.8478             0.02210234
414505427402.06134            0.01944109
414506404457.27496            0.008554227
414507381512.4886             0.012936632
414508358567.7022             0.005035594
414509335622.91583            0.0048928964
414510312678.1294             -0.0020805004
414511289733.343              0.0023332594
414512266788.55664            0.019593364
414513243843.77026            0.0071791806
414514220898.9839             0.03031506
414515197954.19745            0.00829176
414516175009.4111             -0.004459781
414517152064.6247             -0.008808715
414518129119.8383             0.01436577
414519106175.05194            0.012946229
414520083230.26556            -0.002300756
414521060285.4791             -0.012645898
414522037340.69275            -0.0077033537
414523014395.9064             -0.005850118
414523991451.12               0.0011339821
414524968506.3336             -0.0031649196
414525945561.5472             -0.0036349262
414526922616.7608             0.00479235
414527899671.9744             0.003117091
414528876727.18805            0.0056959772
414529853782.4017             -0.0041131396
414530830837.61523            -0.006643735
414531807892.82886            0.005454244
414532784948.0425             -0.030311808
414533762003.2561             -0.0012997478
414534739058.4697             0.012338248
414535716113.68335            -0.008561658
414536693168.8969             -0.013276609
414537670224.11053            -0.016202632
414538647279.32416            0.015880164
414539624334.5378             -0.0138450535
414540601389.7514             -0.017805709
414541578444.96497            0.008697865
414542555500.1786             0.01579401
414543532555.3922             -0.018292142
414544509610.60583            0.0032815062
414545486665.81946            0.013037634
414546463721.0331             0.0068431348
414547440776.24664            -0.011098737
414548417831.46027            0.01592454
414549394886.6739             0.016647412
414550371941.8875             -0.0026235012
414551348997.10114            -0.008731813
414552326052.3147             -0.0030217106
414553303107.5283             -0.024118306
414554280162.74194            -0.021878524
414555257217.95557            0.009230012
414556234273.1692             0.022270015
414557211328.38275            0.0049098753
414558188383.5964             0.003787186
414559165438.81               0.006252976
414560142494.0236             -0.009484137
414561119549.23724            -0.015433997
414562096604.45087            -0.006911306
414563073659.6644             -0.0043767267
414564050714.87805            -0.024232695
414565027770.0917             -0.0017145519
414566004825.3053             -0.0021101767
414566981880.5189             0.0022166604
414567958935.7325             0.0034695163
414568935990.9461             -0.0109851705
414569913046.1597             -0.0052856477
414570890101.37335            -0.0044246134
414571867156.587              -0.0056773145
414572844211.80054            -0.023790255
414573821267.01416            -0.008028608
414574798322.2278             -0.024118345
414575775377.4414             -0.013154338
414576752432.655              -0.0030968608
414577729487.86865            -0.02539772
414578706543.0822             -0.030958094
414579683598.29584            -0.0014618353
414580660653.50946            -0.0039391667
414581637708.7231             0.018463094
414582614763.9367             -0.0036537491
414583591819.15027            -0.02042367
414584568874.3639             -0.014680167
414585545929.5775             -0.003205876
414586522984.79114            0.0009224601
414587500040.00476            0.027870664
414588477095.2184             0.016934892
414589454150.43195            0.0019274475
414590431205.64557            0.008797777
414591408260.8592             -0.023390012
414592385316.0728             -0.023128808
414593362371.28644            -0.0039244182
414594339426.5                0.020570617
414595316481.7136             0.01597461
414596293536.92725            0.017023493
414597270592.14087            0.017670127
414598247647.3545             -0.015985062
414599224702.56805            0.009234503
414600201757.7817             -0.013425973
414601178812.9953             -0.004376386
414602155868.2089             -0.005006767
414603132923.42255            0.00031454128
414604109978.63617            0.0051751807
414605087033.84973            -0.0029627683
414606064089.06335            -0.008641323
414607041144.277              -0.0024327768
414608018199.4906             0.0073342654
414608995254.7042             0.004977894
414609972309.9178             -0.007784798
414610949365.1314             -0.013862904
414611926420.34503            -0.017469056
414612903475.55865            -0.016859347
414613880530.7723             0.008268257
414614857585.98584            0.014845141
414615834641.19946            0.020311227
414616811696.4131             -0.01658866
414617788751.6267             -0.001607047
414618765806.84033            -0.015817128
414619742862.05396            -0.013671741
414620719917.2675             0.01228672
414621696972.48114            0.0072386144
414622674027.69476            0.007532853
414623651082.9084             0.0034472132
414624628138.122              -0.012021045
414625605193.3356             -0.0006144075
414626582248.5492             -0.013727561
414627559303.7628             -0.0050233733
414628536358.97644            0.00041159132
414629513414.19006            0.004855426
414630490469.4036             0.003351836
414631467524.61725            -0.008217034
414632444579.8309             -0.008124969
414633421635.0445             -2.8470413e-05
414634398690.2581             0.0011024838
414635375745.47174            -0.0076092854
414636352800.6853             0.0013439589
414637329855.8989             0.018227456
414638306911.11255            0.0045507965
414639283966.3262             -0.021210562
414640261021.5398             0.019423453
414641238076.75336            -0.010381842
414642215131.967              0.007758847
414643192187.1806             0.013456279
414644169242.3942             -5.7918154e-05
414645146297.60785            -0.0040928777
414646123352.8215             0.0010953511
414647100408.03503            0.006121767
414648077463.24866            0.0077813473
414649054518.4623             0.0110432785
414650031573.6759             0.033161912
414651008628.8895             0.0122317895
414651985684.1031             0.009020558
414652962739.3167             0.00016563878
414653939794.53033            -0.024029097
414654916849.74396            0.021805698
414655893904.9576             0.0058504436
414656870960.17114            0.006231272
414657848015.38477            0.0115472935
414658825070.5984             0.0056725577
414659802125.812              -0.005324546
414660779181.02563            -0.01584149
414661756236.23926            -0.00088598183
414662733291.4528             0.0051556146
414663710346.66644            0.015383118
414664687401.88007            -0.0023296913
414665664457.0937             -0.010479364
414666641512.3073             0.018415406
414667618567.5209             -0.0050556394
414668595622.7345             0.0035033063
414669572677.9481             0.0008149215
414670549733.16174            0.009838733
414671526788.37537            0.018616553
414672503843.5889             0.0053202347
414673480898.80255            -0.009203181
414674457954.0162             -0.005543888
414675435009.2298             0.010069081
414676412064.4434             0.012970068
414677389119.65704            -0.017832596
414678366174.8706             0.016928611
414679343230.0842             0.0048831427
414680320285.29785            0.013377046
414681297340.5115             0.023596432
414682274395.7251             0.0099390345
414683251450.93866            0.005547204
414684228506.1523             0.016677566
414685205561.3659             0.011879778
414686182616.5795             0.006113699
414687159671.79315            -0.008863396
414688136727.0068             -0.0009021923
414689113782.22034            -0.0041096564
414690090837.43396            0.002763201
414691067892.6476             -0.008776804
414692044947.8612             -0.019054504
414693022003.0748             -0.0017907297
414693999058.2884             -0.014482193
414694976113.502              -0.021859258
414695953168.71564            0.013233262
414696930223.92926            -0.015125101
414697907279.1429             -0.015874803
414698884334.35645            -0.010805362
414699861389.57007            0.0045260894
414700838444.7837             -0.0029185947
414701815499.9973             -0.004832226
414702792555.21094            -0.0011259255
414703769610.42456            -1.6931723e-05
414704746665.6381             -0.011658663
414705723720.85175            -0.015545916
414706700776.06537            0.01872075
414707677831.279              0.016819792
414708654886.4926             -0.004891403
414709631941.7062             0.005171768
414710608996.9198             -0.0056972187
414711586052.1334             -0.035651512
414712563107.34705            -0.00842455
414713540162.56067            -0.011724642
414714517217.77423            -0.032170054
414715494272.98785            -0.008574097
414716471328.2015             -0.015614002
414717448383.4151             -0.008640743
414718425438.6287             -0.009596695
414719402493.84235            0.009765536
414720379549.0559             -0.017204532
414721356604.26953            -0.0056846873
414722333659.48315            -0.009970347
414723310714.6968             -0.01804868
414724287769.9104             -0.0046202303
414725264825.12396            -0.0058329226
414726241880.3376             0.0019401041
414727218935.5512             -0.017535657
414728195990.76483            -0.017315904
414729173045.97845            -0.009870242
414730150101.1921             -0.005096727
414731127156.40564            0.0073089446
414732104211.61926            0.029675992
414733081266.8329             -0.021105576
414734058322.0465             -0.024918133
414735035377.26013            0.0072194873
414736012432.4737             -0.029308546
414736989487.6873             -0.002961257
414737966542.90094            0.012031079
414738943598.11456            0.0032680237
414739920653.3282             -0.010159949
414740897708.54175            -0.002524456
414741874763.7554             0.00081160694
414742851818.969              -0.01242873
414743828874.1826             0.012159161
414744805929.39624            0.012671733
414745782984.60986            0.0033529818
414746760039.8234             -0.0027398544
414747737095.03705            -0.0019751745
414748714150.2507             -0.0021065862
414749691205.4643             -0.015104281
414750668260.6779             0.008469795
414751645315.8915             0.0045490228
414752622371.1051             0.010079664
414753599426.3187             -0.0031109294
414754576481.53235            -0.0049276357
414755553536.746              0.00047643122
414756530591.95953            -0.0038646553
414757507647.17316            0.0023163168
414758484702.3868             0.012630937
414759461757.6004             0.022521345
414760438812.814              0.03451206
414761415868.02765            0.034808274
414762392923.2412             0.015719533
414763369978.45483            0.0027043675
414764347033.66846            -0.002007791
414765324088.8821             0.017386941
414766301144.0957             -0.0057352167
414767278199.30927            -0.010291626
414768255254.5229             -0.0025621527
414769232309.7365             -0.0064887973
414770209364.95013            -0.0058796
414771186420.16376            0.0011015289
414772163475.3773             0.00820729
414773140530.59094            0.011587851
414774117585.80457            -0.012762767
414775094641.0182             0.012213276
414776071696.2318             0.0067504942
414777048751.44543            0.0030136462
414778025806.659              0.0047809966
414779002861.8726             0.015239031
414779979917.08624            0.01883298
414780956972.29987            -0.014871683
414781934027.5135             0.012818951
414782911082.72705            0.0052922494
414783888137.9407             -0.0007232516
414784865193.1543             -0.0009073304
414785842248.3679             -0.018712284
414786819303.58154            -0.010995008
414787796358.79517            -0.00280763
414788773414.0087             0.008047336
414789750469.22235            0.014073608
414790727524.436              -0.005306852
414791704579.6496             -0.021047182
414792681634.8632             0.008403719
414793658690.0768             0.005476232
414794635745.2904             -0.0004988566
414795612800.504              0.0066966694
414796589855.71765            0.028725598
414797566910.9313             -0.0069071916
414798543966.14484            -0.002978311
414799521021.35846            -0.0020746556
414800498076.5721             -0.008972781
414801475131.7857             -0.01871644
414802452186.9993             -0.014856559
414803429242.21295            -0.00063887425
414804406297.4265             0.0045300284
414805383352.64014            -0.011899651
414806360407.85376            -0.010749629
414807337463.0674             -0.0046089357
414808314518.281              -0.0064535076
414809291573.49457            -0.01136989
414810268628.7082             -0.0032454259
414811245683.9218             0.0064628287
414812222739.13544            0.003602741
414813199794.34906            0.015976401
414814176849.5626             -0.00451344
414815153904.77625            -0.012079667
414816130959.98987            0.0029299029
414817108015.2035             -0.001004352
414818085070.4171             0.002091981
414819062125.63074            -0.01341557
414820039180.8443             0.007282939
414821016236.0579             -0.020230938
414821993291.27155            0.0034658068
414822970346.48517            -0.000663371
414823947401.6988             0.0060613495
414824924456.91235            -0.014034988
414825901512.126              -0.016715016
414826878567.3396             -0.0011244719
414827855622.5532             0.00090501085
414828832677.76685            -0.006550707
414829809732.98047            0.0032207954
414830786788.19403            0.013439244
414831763843.40765            0.002777291
414832740898.6213             0.00472778
414833717953.8349             0.015067145
414834695009.0485             0.024630874
414835672064.2621             0.0034119817
414836649119.4757             -0.004905077
414837626174.68933            -0.0012283352
414838603229.90295            0.024050063
414839580285.1166             -0.00467407
414840557340.33014            -0.018869217
414841534395.54376            -0.020575624
414842511450.7574             0.014516777
414843488505.971              0.026819192
414844465561.18463            -0.0042843358
414845442616.39825            -0.020800201
414846419671.6118             0.006371986
414847396726.82544            0.025637334
414848373782.03906            -0.0044999444
414849350837.2527             -0.0010413984
414850327892.4663             -0.008192106
414851304947.6799             0.01749682
414852282002.8935             -0.0012209708
414853259058.1071             0.0037890316
414854236113.32074            0.021157444
414855213168.53436            0.0065788897
414856190223.7479             -0.003200947
414857167278.96155            -0.017322144
414858144334.1752             0.021229776
414859121389.3888             -0.015520557
414860098444.6024             -0.019331925
414861075499.81604            -0.007308935
414862052555.0296             -0.008099134
414863029610.2432             -0.004138134
414864006665.45685            0.0013226963
414864983720.6705             0.0037038191
414865960775.8841             0.0121663185
414866937831.09766            0.0046052234
414867914886.3113             -0.0069645024
414868891941.5249             0.013030836
414869868996.7385             0.034376193
414870846051.95215            0.01822563
414871823107.1658             -0.0052655493
414872800162.37933            -0.012797616
414873777217.59296            -4.0635994e-05
414874754272.8066             0.004786223
414875731328.0202             0.004124116
414876708383.2338             -0.015675446
414877685438.4474             -0.023300048
414878662493.661              -0.0035841034
414879639548.87463            -0.0014270191
414880616604.08826            0.00207117
414881593659.3019             -0.004194442
414882570714.51544            -0.0010297052
414883547769.72906            0.009238204
414884524824.9427             0.012886526
414885501880.1563             0.0041504605
414886478935.36993            -0.0027949195
414887455990.58356            0.0070015593
414888433045.7971             -0.012775434
414889410101.01074            0.0067778514
414890387156.22437            0.019271288
414891364211.438              -0.0057759704
414892341266.6516             0.018931624
414893318321.8652             0.019821893
414894295377.0788             -0.018166065
414895272432.2924             -0.009891826
414896249487.50604            0.0267615
414897226542.71967            -0.019383581
414898203597.9332             -0.03213477
414899180653.14685            -0.012781032
414900157708.3605             0.015983604
414901134763.5741             0.001464079
414902111818.7877             -0.0030596438
414903088874.00134            -0.0069370316
414904065929.2149             -0.013928324
414905042984.4285             -0.015193371
414906020039.64215            -0.032040652
414906997094.8558             -0.006574104
414907974150.0694             0.023891097
414908951205.28296            0.036069117
414909928260.4966             0.016617646
414910905315.7102             0.004452405
414911882370.9238             0.008031121
414912859426.13745            -0.0055756243
414913836481.351              0.0059942356
414914813536.56464            0.012405955
414915790591.77826            -0.018102443
414916767646.9919             -0.010606404
414917744702.2055             -0.00667069
414918721757.4191             -0.017041693
414919698812.6327             0.004025592
414920675867.8463             0.00972027
414921652923.05994            -0.022244804
414922629978.27356            -0.011754639
414923607033.4872             -0.020403894
414924584088.70074            0.00019541687
414925561143.91437            0.0064209416
414926538199.128              -0.0036408931
414927515254.3416             -0.0047316113
414928492309.55524            -0.004760631
414929469364.76886            -0.026280304
414930446419.9824             -0.040258303
414931423475.19604            -0.029198574
414932400530.40967            -0.013977517
414933377585.6233             -0.012499386
414934354640.8369             0.0009396918
414935331696.0505             -0.008006113
414936308751.2641             -0.0022067747
414937285806.4777             0.0057404526
414938262861.69135            0.004399561
414939239916.90497            0.015341577
414940216972.1185             -0.008163942
414941194027.33215            -0.01454942
414942171082.5458             -0.009810222
414943148137.7594             -0.007104893
414944125192.973              0.0026142132
414945102248.18665            -0.005368552
414946079303.4002             -0.002792844
414947056358.61383            -0.0055516395
414948033413.82745            -0.004408189
414949010469.0411             0.010392695
414949987524.2547             -0.0012008506
414950964579.46826            0.0109306695
414951941634.6819             -0.001182653
414952918689.8955             -0.012506177
414953895745.10913            -0.0004084465
414954872800.32275            -0.016834382
414955849855.5363             -0.00148713
414956826910.74994            0.0022275916
414957803965.96356            0.005645831
414958781021.1772             -0.004530749
414959758076.3908             -0.01916101
414960735131.60443            0.003488632
414961712186.818              -0.00021764127
414962689242.0316             0.0008253572
414963666297.24524            0.004112077
414964643352.45886            -0.011800796
414965620407.6725             0.0062710084
414966597462.88605            0.007343201
414967574518.0997             0.0017156745
414968551573.3133             0.02079567
414969528628.5269             0.0070272135
414970505683.74054            -0.019537313
414971482738.95416            -0.0130630275
414972459794.1677             0.004312824
414973436849.38135            -0.0092785
414974413904.595              -0.000432928
414975390959.8086             0.015417808
414976368015.0222             -0.0055392524
414977345070.2358             -0.01735008
414978322125.4494             0.017583737
414979299180.663              0.028483318
414980276235.87665            0.017325198
414981253291.0903             -0.012895688
414982230346.30383            0.010271202
414983207401.51746            0.013108042
414984184456.7311             -0.01778715
414985161511.9447             -0.005057436
414986138567.1583             0.014036971
414987115622.37195            0.0137891015
414988092677.5855             -0.010859101
414989069732.79913            -0.0049947947
414990046788.01276            0.020213036
414991023843.2264             0.004093815
414992000898.44               -0.013859825
414992977953.65356            0.009057628
414993955008.8672             0.0074078995
414994932064.0808             -0.015436724
414995909119.29443            0.0026016734
414996886174.50806            -0.0009897692
414997863229.7216             -0.0036194972
414998840284.93524            -0.015774721
414999817340.14886            -0.028138397
415000794395.3625             -0.014839361
415001771450.5761             -0.007749249
415002748505.78973            -0.0077646165
415003725561.0033             -0.004599211
415004702616.2169             0.006653872
415005679671.43054            0.023899907
415006656726.64417            -0.003345618
415007633781.8578             -0.0030166619
415008610837.07135            -0.012659136
415009587892.285              0.0030953912
415010564947.4986             -0.028103443
415011542002.7122             0.0046825544
415012519057.92584            0.0069134175
415013496113.1394             0.0024701753
415014473168.353              0.004033309
415015450223.56665            0.010981551
415016427278.7803             -0.007981849
415017404333.9939             -0.013864338
415018381389.2075             -0.005221851
415019358444.4211             0.01870453
415020335499.6347             0.011038669
415021312554.8483             0.012580022
415022289610.06195            -0.0009780519
415023266665.2756             0.003844269
415024243720.48914            0.005805983
415025220775.70276            0.0067941523
415026197830.9164             0.009036444
415027174886.13               0.016523099
415028151941.3436             0.0057360516
415029128996.55725            0.007147971
415030106051.7708             0.027700197
415031083106.98444            0.019400196
415032060162.19806            0.010105473
415033037217.4117             0.0031869316
415034014272.6253             -0.014300194
415034991327.83887            0.015047492
415035968383.0525             0.008676173
415036945438.2661             -0.008994988
415037922493.47974            -0.031344075
415038899548.69336            -0.010439931
415039876603.9069             0.015780082
415040853659.12054            0.01074948
415041830714.33417            0.019276993
415042807769.5478             0.01625085
415043784824.7614             0.005158147
415044761879.97504            0.0003158465
415045738935.1886             0.003642854
415046715990.4022             -0.018980728
415047693045.61584            -0.035520833
415048670100.82947            -0.0024205025
415049647156.0431             -0.0055524944
415050624211.25665            -9.623517e-05
415051601266.4703             0.00027426396
415052578321.6839             0.027060898
415053555376.8975             0.010035837
415054532432.11115            -0.0019466667
415055509487.3247             0.0064574075
415056486542.5383             0.01786552
415057463597.75195            -0.0041333674
415058440652.9656             -0.004097281
415059417708.1792             -0.014155479
415060394763.3928             -0.032752417
415061371818.6064             0.01535985
415062348873.82               0.020347396
415063325929.0336             -0.0011741994
415064302984.24725            0.03316728
415065280039.4609             0.005688148
415066257094.67444            0.002377459
415067234149.88806            0.018632682
415068211205.1017             0.021648897
415069188260.3153             0.022064678
415070165315.52893            0.005292919
415071142370.74255            -0.016269313
415072119425.9561             0.01445072
415073096481.16974            0.0143325655
415074073536.38336            0.0043748496
415075050591.597              0.0100343665
415076027646.8106             0.015199438
415077004702.0242             0.023741623
415077981757.2378             0.053449314
415078958812.4514             0.0015216926
415079935867.66504            0.021049408
415080912922.87866            -0.007988156
415081889978.0922             -0.0051692342
415082867033.30585            -0.0017409083
415083844088.5195             -0.018786138
415084821143.7331             -0.009079057
415085798198.9467             0.010817857
415086775254.16034            0.03437537
415087752309.3739             0.024214584
415088729364.5875             0.014981281
415089706419.80115            0.013290164
415090683475.0148             0.013511314
415091660530.2284             -0.0005713722
415092637585.44196            -0.004467162
415093614640.6556             -0.0015078541
415094591695.8692             -0.025841447
415095568751.0828             -0.007498437
415096545806.29645            -0.017687283
415097522861.51               0.0069689527
415098499916.72363            -0.013804998
415099476971.93726            -0.023466248
415100454027.1509             0.01654836
415101431082.3645             -0.0019414556
415102408137.5781             -0.010128916
415103385192.7917             -0.022886511
415104362248.0053             -0.01741015
415105339303.21893            0.007731337
415106316358.43256            0.02447019
415107293413.6462             -0.019507756
415108270468.85974            -0.019562533
415109247524.07336            -0.010342234
415110224579.287              -0.011856331
415111201634.5006             0.005973195
415112178689.71423            0.0019630375
415113155744.92786            0.003563728
415114132800.1414             0.0069008404
415115109855.35504            0.005328078
415116086910.56866            0.02051037
415117063965.7823             -0.006877718
415118041020.9959             -0.0056611234
415119018076.2095             -0.020735374
415119995131.4231             -0.0037554759
415120972186.6367             -0.008069632
415121949241.85034            -0.0104033835
415122926297.06396            0.011530034
415123903352.2775             0.02555554
415124880407.49115            0.018319042
415125857462.7048             0.0047648195
415126834517.9184             0.012186677
415127811573.132              0.0016499743
415128788628.34564            0.018793453
415129765683.5592             0.009502602
415130742738.7728             -0.016527275
415131719793.98645            -0.0020342509
415132696849.2001             0.010493528
415133673904.4137             0.025962947
415134650959.62726            -0.0074760895
415135628014.8409             0.0030343332
415136605070.0545             0.0133030955
415137582125.2681             0.005106718
415138559180.48175            -0.0123751955
415139536235.6953             -0.005954334
415140513290.90894            0.0076521393
415141490346.12256            0.0058808764
415142467401.3362             -0.0103845615
415143444456.5498             0.0053259553
415144421511.7634             0.0120976325
415145398566.977              -0.018903252
415146375622.1906             0.009758281
415147352677.40424            0.015391026
415148329732.61786            0.009699615
415149306787.8315             0.0046853577
415150283843.04504            -0.017402243
415151260898.25867            -0.021132525
415152237953.4723             -0.000879664
415153215008.6859             0.010165357
415154192063.89954            -0.007809959
415155169119.1131             -0.014723382
415156146174.3267             -0.031132927
415157123229.54034            -0.019181024
415158100284.75397            -0.010084894
415159077339.9676             -0.011973546
415160054395.1812             -0.028867396
415161031450.3948             0.0008548435
415162008505.6084             -0.010858906
415162985560.822              -0.0061661527
415163962616.03564            -0.0031420295
415164939671.24927            0.0002140945
415165916726.4628             0.004792074
415166893781.67645            0.015033044
415167870836.8901             0.0021098612
415168847892.1037             0.0047887815
415169824947.3173             -0.018628052
415170802002.53094            -0.00090482103
415171779057.7445             0.007835645
415172756112.9581             -0.006203002
415173733168.17175            -0.009966204
415174710223.3854             -0.0071438
415175687278.599              0.0007600762
415176664333.81256            0.0004128794
415177641389.0262             -0.0030692143
415178618444.2398             -0.022192324
415179595499.4534             0.003922221
415180572554.66705            0.027016135
415181549609.8806             -0.0056973393
415182526665.09424            -0.01382763
415183503720.30786            -0.014349687
415184480775.5215             0.009653632
415185457830.7351             -0.025350962
415186434885.9487             0.0043149963
415187411941.1623             -0.011898336
415188388996.3759             -0.007405476
415189366051.58954            0.007466429
415190343106.80316            -0.018132947
415191320162.0168             -0.01968296
415192297217.23035            -0.005818035
415193274272.444              0.00624951
415194251327.6576             0.0017687745
415195228382.8712             -0.013398904
415196205438.08484            0.016220665
415197182493.2984             0.012793958
415198159548.512              0.006782518
415199136603.72565            0.031850535
415200113658.9393             0.004717345
415201090714.1529             0.0020095604
415202067769.3665             -0.008076548
415203044824.5801             -0.016414175
415204021879.7937             0.022248821
415204998935.0073             -0.0023942362
415205975990.22095            -0.008155475
415206953045.4346             0.0005862368
415207930100.64813            -0.009035658
415208907155.86176            -0.008673453
415209884211.0754             0.0045485725
415210861266.289              -0.017132534
415211838321.5026             -0.007490455
415212815376.71625            0.03230644
415213792431.9298             -0.0072843228
415214769487.14343            0.00519701
415215746542.35706            0.0018743075
415216723597.5707             0.023078257
415217700652.7843             -0.011966365
415218677707.99786            -0.00022763496
415219654763.2115             0.013406866
415220631818.4251             -0.013816651
415221608873.63873            -0.013369748
415222585928.85236            -0.008009368
415223562984.0659             -0.0028680533
415224540039.27954            0.010181266
415225517094.49316            0.0029043516
415226494149.7068             -0.01264852
415227471204.9204             -0.0026882587
415228448260.13403            -0.0012834739
415229425315.3476             -0.034239624
415230402370.5612             -0.009179652
415231379425.77484            -0.00050874223
415232356480.98846            -0.008562756
415233333536.2021             -0.0009709987
415234310591.41565            0.00496295
415235287646.6293             0.0023335326
415236264701.8429             -0.006564195
415237241757.0565             -0.01829374
415238218812.27014            0.00298392
415239195867.4837             -0.00065960805
415240172922.6973             -0.00516764
415241149977.91095            0.0064159622
415242127033.1246             0.011223399
415243104088.3382             0.013222311
415244081143.5518             0.006687491
415245058198.7654             0.024608348
415246035253.979              -0.0026152944
415247012309.1926             -0.006174122
415247989364.40625            -0.02348743
415248966419.6199             -0.010223899
415249943474.83344            0.015482791
415250920530.04706            -0.013249339
415251897585.2607             0.0020542939
415252874640.4743             -0.004038526
415253851695.6879             0.011456664
415254828750.9015             0.0035870008
415255805806.1151             -0.019330747
415256782861.32874            -0.00158506
415257759916.54236            0.004558152
415258736971.756              -0.008355914
415259714026.9696             -0.024270548
415260691082.18317            -0.019647958
415261668137.3968             0.0101652825
415262645192.6104             0.01367812
415263622247.82404            0.0007646919
415264599303.03766            -0.0053642667
415265576358.2512             -0.0062742345
415266553413.46484            0.0057404046
415267530468.67847            0.008950468
415268507523.8921             0.02132325
415269484579.1057             0.018727519
415270461634.31934            0.011982949
415271438689.5329             -0.013721613
415272415744.7465             0.007619795
415273392799.96014            -0.0037245792
415274369855.17377            -0.004990012
415275346910.3874             -0.0037796518
415276323965.60095            -0.012756848
415277301020.8146             -0.028747926
415278278076.0282             -0.009391237
415279255131.2418             0.007047655
415280232186.45544            0.032038108
415281209241.669              0.026663773
415282186296.8826             0.015576001
415283163352.09625            0.03205868
415284140407.3099             0.017816342
415285117462.5235             0.00158274
415286094517.7371             -0.008589393
415287071572.9507             -0.012143222
415288048628.1643             0.0069656656
415289025683.3779             -0.004507743
415290002738.59155            0.013207619
415290979793.8052             0.003655186
415291956849.01874            0.0075047673
415292933904.23236            0.015635777
415293910959.446              0.003029992
415294888014.6596             0.0059564337
415295865069.8732             -0.020272128
415296842125.0868             0.0031400202
415297819180.3004             0.019580228
415298796235.51404            0.024466297
415299773290.72766            0.018140078
415300750345.9413             -0.004786243
415301727401.1549             -0.02028181
415302704456.36847            -0.002060436
415303681511.5821             -0.00807631
415304658566.7957             -0.0061255824
415305635622.00934            -0.019316323
415306612677.22296            -0.030055646
415307589732.4365             -0.0002622138
415308566787.65015            0.010688283
415309543842.8638             0.018090913
415310520898.0774             0.005765974
415311497953.291              -0.0058982526
415312475008.50464            -0.015734784
415313452063.7182             -0.016336877
415314429118.9318             0.01489045
415315406174.14545            0.011572984
415316383229.3591             -0.0001740808
415317360284.5727             -0.0070488504
415318337339.78625            -0.0034490013
415319314394.9999             0.020231415
415320291450.2135             0.010290433
415321268505.4271             -0.007630169
415322245560.64075            0.0020943882
415323222615.8543             -0.01488059
415324199671.06793            -0.021293828
415325176726.28156            0.0048775245
415326153781.4952             -0.0009361134
415327130836.7088             -0.02191852
415328107891.9224             -0.008588805
415329084947.136              0.0049525523
415330062002.3496             0.009614161
415331039057.56323            -0.008327382
415332016112.77686            -0.032242153
415332993167.9905             -0.0065672374
415333970223.20404            0.021080008
415334947278.41766            -0.0025681837
415335924333.6313             0.018337118
415336901388.8449             0.0036655457
415337878444.05853            -0.0029593478
415338855499.2721             0.0023288666
415339832554.4857             -0.0011419774
415340809609.69934            -0.0020779928
415341786664.91296            0.007709228
415342763720.1266             0.0027223653
415343740775.3402             0.007251757
415344717830.5538             -0.0016877392
415345694885.7674             -0.003813134
415346671940.981              -0.020316195
415347648996.19464            -0.022904893
415348626051.40826            -0.018017083
415349603106.6218             -0.023211967
415350580161.83545            -0.018662903
415351557217.0491             -0.016442046
415352534272.2627             -0.016488466
415353511327.4763             0.0050432775
415354488382.68994            0.0062813563
415355465437.9035             0.023115532
415356442493.1171             0.026327899
415357419548.33075            -0.0010182125
415358396603.5444             0.0025357543
415359373658.758              0.0078009753
415360350713.97156            -0.017846761
415361327769.1852             -0.01418648
415362304824.3988             0.0055710063
415363281879.6124             0.003935448
415364258934.82605            0.0018131775
415365235990.0396             0.012012855
415366213045.25323            -0.0050220788
415367190100.46686            -0.0066071968
415368167155.6805             -0.006537183
415369144210.8941             0.02619431
415370121266.1077             -0.001834248
415371098321.3213             -0.001552271
415372075376.5349             -0.0011520633
415373052431.74854            -0.0010188125
415374029486.96216            -0.011071289
415375006542.1758             -0.008641626
415375983597.38934            0.03694106
415376960652.60297            0.018372307
415377937707.8166             0.021247018
415378914763.0302             0.007898377
415379891818.24384            -0.000559122
415380868873.4574             0.0128943585
415381845928.671              0.016786939
415382822983.88464            0.00086351053
415383800039.09827            -0.013171304
415384777094.3119             -0.021665536
415385754149.5255             -0.012179292
415386731204.7391             -0.021249136
415387708259.9527             -0.0121029215
415388685315.1663             -0.009219443
415389662370.37994            -0.010297857
415390639425.59357            0.0073045096
415391616480.8071             -0.00024148017
415392593536.02075            0.015100866
415393570591.2344             0.0022524502
415394547646.448              -0.010445097
415395524701.6616             -0.0089718085
415396501756.8752             0.022129895
415397478812.0888             0.0011916894
415398455867.3024             0.009971328
415399432922.51605            0.019955382
415400409977.7297             0.0040198825
415401387032.9433             0.0013794622
415402364088.15686            -0.012412239
415403341143.3705             -0.0034793732
415404318198.5841             0.00948441
415405295253.7977             0.0014416996
415406272309.01135            -0.0023269588
415407249364.2249             -0.000396276
415408226419.43854            0.0007652819
415409203474.65216            0.001833473
415410180529.8658             0.01727532
415411157585.0794             -0.0115903765
415412134640.293              -0.0043112207
415413111695.5066             -0.008154245
415414088750.7202             -0.017336844
415415065805.93384            0.0025449495
415416042861.14746            0.02260082
415417019916.3611             0.008023118
415417996971.57465            -0.008951979
415418974026.78827            -0.012353759
415419951082.0019             -0.004843098
415420928137.2155             0.0064849085
415421905192.42914            0.02723489
415422882247.6427             -0.00036518156
415423859302.8563             -0.010299238
415424836358.06995            0.02062933
415425813413.28357            0.006811392
415426790468.4972             -0.01679257
415427767523.7108             -0.013896075
415428744578.9244             -0.024308326
415429721634.138              -0.018234974
415430698689.3516             0.006557915
415431675744.56525            0.0010181856
415432652799.7789             0.014853007
415433629854.99243            0.015078017
415434606910.20605            0.00056914205
415435583965.4197             -0.0022262507
415436561020.6333             -0.016366253
415437538075.8469             -0.009645955
415438515131.0605             0.011193004
415439492186.2741             -0.0077218283
415440469241.48773            0.017710513
415441446296.70135            0.004210906
415442423351.915              0.008536554
415443400407.1286             -0.006968142
415444377462.34216            -0.0055875685
415445354517.5558             -0.004388506
415446331572.7694             0.012193863
415447308627.98303            -0.016770463
415448285683.19666            0.0023303805
415449262738.4102             0.0145133585
415450239793.62384            0.0029838337
415451216848.83746            0.007015709
415452193904.0511             0.036758054
415453170959.2647             0.016113501
415454148014.47833            0.004825067
415455125069.6919             -0.013453833
415456102124.9055             -0.023739204
415457079180.11914            -0.013204974
415458056235.33276            0.0050655794
415459033290.5464             0.0015839215
415460010345.75995            0.0075899772
415460987400.9736             -0.0013455645
415461964456.1872             0.006968676
415462941511.4008             -0.014246729
415463918566.61444            -0.005973348
415464895621.828              0.004796596
415465872677.0416             -0.007121946
415466849732.25525            -0.03203294
415467826787.4689             -0.006901443
415468803842.6825             0.0012210228
415469780897.8961             -0.015915368
415470757953.1097             -0.022568462
415471735008.3233             -0.020818861
415472712063.5369             -0.005405312
415473689118.75055            0.018031523
415474666173.9642             0.010989537
415475643229.17773            -0.023903525
415476620284.39136            0.014833052
415477597339.605              0.002365979
415478574394.8186             0.0056243604
415479551450.0322             -0.00546439
415480528505.2458             -0.0011651057
415481505560.4594             0.013810999
415482482615.67303            0.004935435
415483459670.88666            0.0046498855
415484436726.1003             0.016066361
415485413781.3139             -0.0095116915
415486390836.52747            -0.022226969
415487367891.7411             0.0035671885
415488344946.9547             -0.03171834
415489322002.16833            -0.0073998086
415490299057.38196            0.016565107
415491276112.5955             0.0039795157
415492253167.80914            0.006824295
415493230223.02277            -0.0005823321
415494207278.2364             -0.012163682
415495184333.45               0.011824722
415496161388.6636             -0.010003671
415497138443.8772             0.003849991
415498115499.0908             0.016402302
415499092554.30444            0.028655462
415500069609.51807            -0.0018780624
415501046664.7317             -0.0045939893
415502023719.94525            -0.0019443519
415503000775.1589             0.0038678932
415503977830.3725             -0.010812363
415504954885.5861             -0.008995261
415505931940.79974            -0.011772075
415506908996.0133             -0.0029200932
415507886051.2269             -0.007066916
415508863106.44055            -0.03405308
415509840161.6542             -0.005126315
415510817216.8678             0.012527508
415511794272.0814             0.005576967
415512771327.295              0.007730638
415513748382.5086             0.00092687126
415514725437.7222             -0.010408326
415515702492.93585            -0.008635027
415516679548.1495             -0.011977486
415517656603.36304            -0.019487415
415518633658.57666            0.0011916979
415519610713.7903             0.0055518816
415520587769.0039             0.0064793755
415521564824.2175             0.016880596
415522541879.4311             0.010501285
415523518934.6447             -0.013894667
415524495989.85834            -0.0046282914
415525473045.07196            -0.010899776
415526450100.2856             -0.0053281626
415527427155.4992             -0.0068457006
415528404210.71277            -0.00035416964
415529381265.9264             0.017480046
415530358321.14               0.033551842
415531335376.35364            0.015600951
415532312431.56726            -0.00211171
415533289486.7808             -0.009571652
415534266541.99445            -0.02347349
415535243597.20807            -0.006323553
415536220652.4217             -0.012855754
415537197707.6353             0.0038569355
415538174762.8489             -0.00898571
415539151818.0625             -0.03562129
415540128873.2761             0.007203655
415541105928.48975            -0.0037905164
415542082983.70337            0.0054005138
415543060038.917              -0.0045340913
415544037094.13055            0.022398245
415545014149.3442             0.033972304
415545991204.5578             0.0077647697
415546968259.7714             0.0029379614
415547945314.98505            0.031633407
415548922370.1986             0.029341446
415549899425.41223            0.017453633
415550876480.62585            0.009204985
415551853535.8395             0.011797831
415552830591.0531             0.009400391
415553807646.2667             0.0112707345
415554784701.4803             -0.0021668598
415555761756.6939             -0.014727765
415556738811.90753            -0.017162753
415557715867.12115            -0.0069720736
415558692922.3348             0.018962147
415559669977.54834            -0.01070845
415560647032.76196            0.01977069
415561624087.9756             -0.013646917
415562601143.1892             -0.023295088
415563578198.40283            -0.020346938
415564555253.6164             -0.011821406
415565532308.83               0.00434841
415566509364.04364            0.0073413644
415567486419.25726            0.009758981
415568463474.4709             0.0055542747
415569440529.6845             -0.022604005
415570417584.8981             -0.0015586265
415571394640.1117             -0.013407315
415572371695.3253             0.0004989877
415573348750.53894            0.017118111
415574325805.75256            0.0071202554
415575302860.9661             -0.0006723336
415576279916.17975            -0.010371595
415577256971.3934             0.0074900077
415578234026.607              0.015360502
415579211081.8206             0.02381155
415580188137.0342             -0.012339601
415581165192.2478             -0.024370732
415582142247.4614             0.0010522456
415583119302.67505            -0.013382926
415584096357.8887             -0.01392434
415585073413.1023             0.018265594
415586050468.31586            7.022871e-05
415587027523.5295             -0.02844597
415588004578.7431             -0.011416752
415588981633.9567             -0.01741418
415589958689.17035            -0.045565814
415590935744.3839             -0.0343496
415591912799.59753            -0.0075259507
415592889854.81116            0.0007035474
415593866910.0248             -0.012053843
415594843965.2384             0.0033393223
415595821020.452              0.019748531
415596798075.6656             -0.016919602
415597775130.8792             -0.006339241
415598752186.09283            0.0058372687
415599729241.30646            0.0025572293
415600706296.5201             -0.006540893
415601683351.73364            0.008852702
415602660406.94727            0.0062485877
415603637462.1609             0.015723249
415604614517.3745             0.00822899
415605591572.58813            -0.00070927263
415606568627.8017             -0.01362224
415607545683.0153             -0.006285173
415608522738.22894            -0.033052053
415609499793.44257            -0.020909365
415610476848.6562             0.01778101
415611453903.8698             -0.006660683
415612430959.0834             -0.017807918
415613408014.297              -0.00013851101
415614385069.5106             0.0028030297
415615362124.72424            -0.009874398
415616339179.93787            -0.024801193
415617316235.1514             -0.00740941
415618293290.36505            0.014406249
415619270345.5787             0.00056632556
415620247400.7923             0.011807844
415621224456.0059             0.021776902
415622201511.2195             0.012354747
415623178566.4331             0.0130905295
415624155621.6467             0.006191902
415625132676.86035            0.0132449195
415626109732.074              0.0075074313
415627086787.2876             -0.033940375
415628063842.50116            -0.01049253
415629040897.7148             -0.012787652
415630017952.9284             0.0028230518
415630995008.142              0.009322617
415631972063.35565            -0.01554173
415632949118.5692             0.0017377941
415633926173.78284            -0.010004797
415634903228.99646            -0.0050912197
415635880284.2101             0.013206905
415636857339.4237             0.008079621
415637834394.63727            -0.018502131
415638811449.8509             0.005974286
415639788505.0645             0.0053825728
415640765560.27814            0.0010368408
415641742615.49176            0.0037162174
415642719670.7054             -0.008134529
415643696725.91895            -0.008235708
415644673781.13257            -0.012174618
415645650836.3462             0.019522373
415646627891.5598             0.0016976293
415647604946.77344            0.014332918
415648582001.987              0.0013028451
415649559057.2006             0.0052854833
415650536112.41425            0.0013526214
415651513167.62787            -0.008467142
415652490222.8415             0.008958716
415653467278.0551             0.019287392
415654444333.2687             0.01187698
415655421388.4823             -0.006312352
415656398443.6959             -0.01840949
415657375498.90955            0.008810555
415658352554.12317            -0.00071884337
415659329609.33673            0.0057167993
415660306664.55035            -0.012630352
415661283719.764              -0.019004965
415662260774.9776             -0.022139506
415663237830.1912             0.02088102
415664214885.4048             0.030280467
415665191940.6184             0.0063305115
415666168995.83203            0.02929488
415667146051.04565            0.0050155977
415668123106.2593             0.0044009583
415669100161.4729             0.012002037
415670077216.68646            0.0136619015
415671054271.9001             0.0035426614
415672031327.1137             0.0006152015
415673008382.32733            0.0025293885
415673985437.54095            0.0139415
415674962492.7545             -0.018236086
415675939547.96814            -0.01001587
415676916603.18176            0.00055795955
415677893658.3954             -0.005553482
415678870713.609              -0.000565551
415679847768.8226             0.002940453
415680824824.0362             -0.01273859
415681801879.2498             -0.012906612
415682778934.46344            0.015261359
415683755989.67706            -0.0039320644
415684733044.8907             -0.0077253655
415685710100.10425            -0.017222181
415686687155.3179             -0.0035235013
415687664210.5315             0.0037093414
415688641265.7451             0.0037747654
415689618320.95874            0.010735454
415690595376.1723             0.006295603
415691572431.3859             0.0053763273
415692549486.59955            -0.0026536149
415693526541.8132             -0.0056880373
415694503597.0268             -0.025865486
415695480652.2404             -0.027943783
415696457707.454              0.025538877
415697434762.6676             0.024205161
415698411817.8812             -0.008668049
415699388873.09485            -0.0054555126
415700365928.3085             0.0088569205
415701342983.52203            0.00981862
415702320038.73566            -0.0051130136
415703297093.9493             -0.011422221
415704274149.1629             -0.0013173863
415705251204.3765             -0.025988141
415706228259.5901             -0.0029902358
415707205314.8037             0.0038974893
415708182370.01733            0.0039754333
415709159425.23096            0.004835211
415710136480.4446             0.015006019
415711113535.6582             0.012748437
415712090590.87177            0.004997713
415713067646.0854             -0.0025954072
415714044701.299              -0.0034993535
415715021756.51263            -0.019423824
415715998811.72626            -0.008762692
415716975866.9398             -0.00842987
415717952922.15344            6.578034e-05
415718929977.36707            0.0028638116
415719907032.5807             -0.002802813
415720884087.7943             0.015816448
415721861143.0079             0.011135208
415722838198.2215             -0.016691877
415723815253.4351             0.005733637
415724792308.64874            0.00032984352
415725769363.86237            -0.009017131
415726746419.076              0.0246211
415727723474.28955            0.023729486
415728700529.5032             -0.008720312
415729677584.7168             0.006173333
415730654639.9304             0.010508481
415731631695.14404            0.02854011
415732608750.3576             -0.003920605
415733585805.5712             0.0021739805
415734562860.78485            0.012033996
415735539915.9985             0.017027484
415736516971.2121             0.0012193983
415737494026.4257             0.023880128
415738471081.6393             -0.0014205773
415739448136.8529             0.013064182
415740425192.0665             0.0066176406
415741402247.28015            -0.011226198
415742379302.4938             0.0022648522
415743356357.70734            0.010525546
415744333412.92096            0.0013486401
415745310468.1346             -0.0013765376
415746287523.3482             -0.003847104
415747264578.5618             -0.007837809
415748241633.7754             -0.012011947
415749218688.989              -0.003523043
415750195744.20264            0.0010419429
415751172799.41626            -0.0025491882
415752149854.6299             0.009002788
415753126909.8435             0.011819918
415753799270.6                0.0008523934
415754103965.05707            -0.0068940674
415754776326.07935            -0.012194497
415755081020.2707             0.0028334851
415755753381.5587             -0.0007225838
415756058075.4843             -0.0060246633
415756730437.0381             0.003029909
415757035130.69794            -0.0022677393
415757707492.51746            0.0018537341
415758012185.91156            -0.024360245
415758684547.99677            0.0030228426
415758989241.1251             -0.01091451
415759661603.47614            0.0038707238
415759966296.33875            -0.015517373
415760638658.9555             0.024315407
415760943351.55237            0.012978247
415761615714.4349             0.022010257
415761920406.766              0.002896223
415762592769.91425            -0.0026925928
415762897461.9796             -0.0052710464
415763569825.3936             -0.0068141688
415763874517.1932             -0.01728854
415764546880.873              0.003722856
415764851572.4068             -0.0113084745
415765523936.35236            0.0126357805
415765828627.6204             0.0029856993
415766500991.8317             0.0017769177
415766805682.83405            0.024700496
415767478047.31104            0.020080002
415767782738.04767            0.0055362373
415768455102.7904             -0.0038400127
415768759793.2613             0.00901856
415769432158.2698             -0.012204973
415769736848.47485            -0.0013363786
415770409213.74915            0.0070167067
415770713903.6885             -0.013087705
415771386269.2285             -0.028169472
415771690958.9021             -0.0050891386
415772363324.7079             0.0005155129
415772668014.1157             -0.012081375
415773340380.18726            0.0040117987
415773645069.32935            0.0009136809
415774317435.6666             -0.027858337
415774622124.5429             -0.002932571
415775294491.14594            -0.055322763
415775599179.75653            -0.032709543
415776271546.6253             -0.020900209
415776576234.97015            -0.034012668
415777248602.1047             0.0047285245
415777553290.1838             -0.0015382853
415778225657.58405            0.004796159
415778530345.3974             -0.0004664367
415779202713.0634             0.0073471656
415779507400.61096            0.0023320136
415780179768.5428             -0.0049777543
415780484455.8246             0.015037808
415781156824.02216            -0.0051155956
415781461511.0382             -0.01638549
415782133879.5015             -0.009003149
415782438566.25183            -0.00096343807
415783110934.9809             -0.031490404
415783415621.46545            -0.029179126
415784087990.4602             -0.01496404
415784392676.6791             -0.019394044
415785065045.9396             -0.010323359
415785369731.89264            -0.012720523
415786042101.41895            -0.011019359
415786346787.10626            0.0060812463
415787019156.8983             -0.008835164
415787323842.3199             -0.016616026
415787996212.3777             0.011273869
415788300897.5335             0.0035088742
415788973267.85706            0.0040752003
415789277952.74713            0.005428764
415789950323.3364             0.02224976
415790255007.9607             0.014854804
415790927378.8158             0.009459924
415791232063.1743             0.024449777
415791904434.29517            -0.004234659
415792209118.38794            0.013425984
415792881489.7745             -0.0035825607
415793186173.60156            -0.00044212464
415793858545.25385            0.020134797
415794163228.8152             -0.0059094746
415794835600.7332             0.0120020835
415795140284.0288             0.02067662
415795812656.2126             -0.010742226
415796117339.2424             0.0011799439
415796789711.69196            -0.022816245
415797094394.456              -0.0028615142
415797766767.1713             0.010073179
415798071449.6696             -0.013139063
415798743822.6507             -0.006758658
415799048504.88324            0.008465075
415799720878.13007            -0.010698376
415800025560.09686            -0.005691176
415800697933.6094             0.0066272262
415801002615.3104             0.0019175351
415801674989.08875            0.0034389098
415801979670.52405            0.0039857747
415802652044.5681             0.003947718
415802956725.7377             0.0029178578
415803629100.0475             0.0073838984
415803933780.9513             0.00056369725
415804606155.52686            0.007952843
415804910836.1649             0.008049625
415805583211.0062             0.0044188295
415805887891.3785             0.010121275
415806560266.4856             -0.007386473
415806864946.5921             0.015814085
415807537321.96497            0.009456488
415807842001.8057             0.017715683
415808514377.44434            0.00059192645
415808819057.01935            0.015711835
415809491432.92365            0.010625342
415809796112.233              -0.010209232
415810468488.403              -0.014139072
415810773167.4466             0.0025446755
415811445543.8824             -0.014809326
415811750222.66016            -0.0002726886
415812422599.36176            -0.007174053
415812727277.8738             -0.0032336598
415813399654.8411             -0.013021518
415813704333.0874             -0.013934814
415814376710.3205             -0.014628835
415814681388.301              -0.011285859
415815353765.79987            -0.002934536
415815658443.51465            -0.005578731
415816330821.27924            0.022152616
415816635498.7282             -0.0040144846
415817307876.7586             0.014141297
415817612553.94183            0.0055816094
415818284932.2379             0.009401495
415818589609.15546            0.019246882
415819261987.7173             0.007791896
415819566664.3691             0.0064818393
415820239043.19666            0.021942867
415820543719.5827             0.031472936
415821216098.676              -0.01588926
415821520774.79626            0.012472446
415822193154.1554             -0.02165874
415822497830.0099             -0.0067921896
415823170209.63477            -0.02977673
415823474885.2235             -0.019504422
415824147265.11414            -0.01109852
415824451940.43713            -0.018972518
415825124320.5935             -0.0056914254
415825428995.65076            -0.017456928
415826101376.0728             0.014705071
415826406050.8644             0.011353941
415827078431.5522             0.02275344
415827383106.07794            0.01583468
415828055487.03156            -0.0032767428
415828360161.29156            0.0049066152
415829032542.5109             -0.013527284
415829337216.5052             -0.013116449
415830009597.9903             -0.0017984248
415830314271.7188             -0.012183358
415830986653.46967            0.023124257
415831291326.93243            0.015070416
415831963708.94904            0.0022027802
415832268382.146              0.03611259
415832940764.4284             -0.034648
415833245437.3596             -0.0053733042
415833917819.9078             -0.021840058
415834222492.57324            -0.03231681
415834894875.3871             0.007988944
415835199547.78687            0.0050519328
415835871930.86646            0.012256027
415836176603.0005             0.015497559
415836848986.3458             0.0056623784
415837153658.2141             0.0158897
415837826041.8252             -0.0010469018
415838130713.4277             0.008799596
415838803097.30457            0.020335823
415839107768.6413             -0.009185512
415839780152.78394            0.004173617
415840084823.8549             0.014677256
415840757208.2633             -0.021329917
415841061879.06854            -0.018551111
415841734263.7427             -0.009195534
415842038934.28217            -0.0009828337
415842711319.22205            -0.01046933
415843015989.4957             0.005255828
415843688374.70135            -0.0030911143
415843993044.70935            0.0076191383
415844665430.1807             0.021599354
415844970099.923              0.004813311
415845642485.6601             0.024735995
415845947155.1366             0.019162618
415846619541.13947            -0.007325086
415846924210.3502             0.013654565
415847596596.61884            0.003944525
415847901265.5638             0.0015361356
415848573652.0982             0.0073083774
415848878320.7774             0.022681825
415849550707.5776             0.012686096
415849855375.991              0.014818949
415850527763.05695            0.0015891959
415850832431.20465            0.009939727
415851504818.53625            -0.0050870595
415851809486.4183             -0.0123949265
415852481874.0156             -0.006625043
415852786541.6319             -0.00024681483
415853458929.495              -0.008674913
415853763596.84546            -0.008814587
415854435984.97437            0.016369581
415854740652.0591             0.009647844
415855413040.45374            -0.02642685
415855717707.2727             0.00041267907
415856390095.9331             -0.014608397
415856694762.4863             -0.02743988
415857367151.4125             0.015047699
415857671817.69995            0.00083993835
415858344206.89185            0.0454646
415858648872.9135             0.014522744
415859321262.3712             0.0067213452
415859625928.12714            0.041006602
415860298317.8505             -0.029615764
415860602983.34076            0.0036324246
415861275373.3299             0.014673417
415861580038.5544             0.00020520676
415862252428.80927            0.015628487
415862557093.768              0.005968752
415863229484.28864            -0.016341912
415863534148.98157            -0.017164536
415864206539.768              0.01150211
415864511204.1952             -0.019651476
415865183595.2474             -0.0032463644
415865488259.4088             0.01245476
415866160650.72675            -0.00751994
415866465314.62244            0.0064843963
415867137706.2061             -0.021516766
415867442369.83606            -0.0070767053
415868114761.6855             -0.009256185
415868419425.0497             -0.013840496
415869091817.1648             -0.018436566
415869396480.26324            -0.0020981391
415870068872.64417            -0.0009837482
415870373535.47687            -0.0063921288
415871045928.12354            -0.013679062
415871350590.6905             -0.0026424916
415872022983.6029             0.02388137
415872327645.9041             -0.011115831
415873000039.0823             0.027834646
415873304701.11774            0.019255625
415873977094.56165            0.0075049866
415874281756.3313             0.030647088
415874954150.041              0.0064826487
415875258811.5449             0.012569817
415875931205.5204             -0.003220212
415876235866.75854            -0.014832676
415876908260.9997             -0.011057357
415877212921.97217            -0.0019863725
415877885316.47906            0.006584272
415878189977.1858             -0.0040885606
415878862371.95844            0.010424732
415879167032.3994             0.016422378
415879839427.4378             0.009277927
415880144087.613              0.009902817
415880816482.9172             0.028504081
415881121142.8266             0.015806364
415881793538.39655            -0.015110084
415882098198.0402             0.0016023946
415882770593.8759             -0.013563614
415883075253.25385            -0.024439344
415883747649.3553             -0.012139926
415884052308.46747            -0.011318075
415884724704.83466            -0.006844917
415885029363.681              -0.017432349
415885701760.31396            -0.011946172
415886006418.89465            -0.024932213
415886678815.79333            -0.0013047032
415886983474.1083             -0.007060619
415887655871.2727             0.00046216472
415887960529.3219             0.00050069444
415888632926.7521             -0.000329774
415888937584.5355             0.0077636945
415889609982.23145            -0.00959889
415889914639.7491             -0.0010297231
415890587037.7108             -0.016025906
415890891694.9627             0.00403146
415891564093.1902             -0.024257738
415891868750.17633            0.0005646689
415892541148.66956            0.003019605
415892845805.38995            -0.0026497552
415893518204.1489             0.0043400973
415893822860.6036             0.00034991687
415894495259.62823            0.009551643
415894799915.8172             -0.011611179
415895472315.1076             -0.007417803
415895776971.03076            -0.006025538
415896449370.587              0.00612993
415896754026.2444             -0.000845613
415897426426.06635            0.0106697455
415897731081.458              -0.0024877503
415898403481.5457             0.018082788
415898708136.67163            -0.0038944536
415899380537.0251             0.015735907
415899685191.88525            0.014985982
415900357592.50446            -0.0071573416
415900662247.0988             -0.0096878
415901334647.9838             0.03474818
415901639302.31244            -0.00862392
415902311703.46313            -0.007484083
415902616357.52606            0.01541658
415903288758.9425             0.00090716686
415903593412.7397             -0.0038383938
415904265814.4219             -0.0035764666
415904570467.9533             0.011661126
415905242869.90125            0.0018223011
415905547523.1669             0.006535661
415906219925.3806             0.0068318527
415906524578.3805             -0.0038076106
415907196980.86               -0.006835976
415907501633.5941             0.0009082811
415908174036.33936            0.005491518
415908478688.80774            -0.0014861695
415909151091.8187             0.019015076
415909455744.02136            -0.0046217977
415910128147.2981             0.015402289
415910432799.235              0.031314753
415911105202.7774             0.012347722
415911409854.44855            0.024038473
415912082258.2568             0.024908165
415912386909.6622             0.008915106
415913059313.73615            0.038185865
415913363964.8758             0.029159155
415914036369.2155             0.016038453
415914341020.0894             0.03019522
415915013424.6949             0.00959824
415915318075.30304            0.006696999
415915990480.17426            0.0072007477
415916295130.5166             0.01415092
415916967535.6536             0.008538575
415917272185.7302             -0.006219091
415917944591.133              0.01615784
415918249240.94385            0.007838954
415918921646.61237            0.01851003
415919226296.1575             0.011171155
415919898702.0917             -0.00469651
415920203351.3711             0.016042847
415920875757.57104            0.013303988
415921180406.58466            0.0025481756
415921852813.0504             0.011176785
415922157461.7983             0.014042472
415922829868.5298             -0.015609443
415923134517.0119             -0.006177958
415923806924.00916            -0.007949649
415924111572.2255             -0.015954228
415924783979.4885             0.012319265
415925088627.43915            -0.0008061967
415925761034.9679             -0.0071322992
415926065682.6528             0.0073712463
415926738090.44727            -0.005336223
415927042737.86633            -0.007876009
415927715145.9266             0.015945615
415928019793.07996            0.0053244485
415928692201.40594            -0.005108783
415928996848.2936             0.009504431
415929669256.8853             -0.008996724
415930646312.3647             -0.010141588
415931623367.84406            0.0059831664
415932600423.3234             -0.017001713
415933577478.8028             -0.013175595
415934554534.28217            0.009289884
415935531589.76154            -0.0031707261
415936508645.24084            0.0028108826
415937485700.7202             0.0013982165
415938462756.1996             0.0007928833
415939439811.67896            -0.0007000608
415940416867.1583             -0.0151858805
415941393922.6377             -0.014042771
415942370978.11707            -0.001920051
415943348033.59644            0.0048954706
415944325089.0758             0.014912929
415945302144.5551             0.011571807
415946279200.0345             0.01124208
415947256255.51385            0.023034671
415948233310.9932             -0.009250597
415949210366.4726             -0.011714443
415950187421.95197            0.0069416636
415951164477.43134            0.002759565
415952141532.9107             -0.007686219
415953118588.39               0.008022119
415954095643.8694             0.0035451471
415955072699.34875            0.006913498
415956049754.8281             0.015591414
415957026810.3075             0.028666293
415958003865.78687            -0.0014225083
415958980921.26624            -0.00550241
415959957976.7456             0.006578945
415960935032.225              -0.017012687
415961912087.7043             0.002372599
415962889143.18365            -0.024823472
415963866198.663              -0.023152819
415964843254.1424             -0.008411368
415965820309.62177            -0.015841912
415966797365.10114            -0.012067704
415967774420.5805             -0.02166097
415968751476.0599             -0.005923305
415969728531.53925            -0.015998755
415970705587.01855            -0.035236087
415971682642.4979             -0.02433316
415972659697.9773             -0.001442939
415973636753.45667            0.0043112207
415974613808.93604            0.017496789
415975590864.4154             0.00040631683
415976567919.8948             0.0052239886
415977544975.37415            -0.0033361085
415978522030.85345            -0.015090313
415979499086.3328             0.016356139
415980476141.8122             0.031584643
415981453197.29156            -0.0047241426
415982430252.77094            -0.007531938
415983407308.2503             0.015119284
415984384363.7297             -0.0186168
415985361419.20905            -0.01817134
415986338474.6884             -0.030142358
415987315530.1677             -0.012404103
415988292585.6471             -0.014811077
415989269641.12646            -0.014383966
415990246696.60583            0.004751705
415991223752.0852             0.014955554
415992200807.5646             0.010098303
415993177863.04395            0.023908205
415994154918.5233             0.002766323
415995131974.0027             -0.008857479
415996109029.482              0.004578008
415997086084.96136            -0.009503693
415998063140.44073            0.017158732
415999040195.9201             0.0005602375
416000017251.3995             0.011323483
416000994306.87885            -0.0010376164
416001971362.3582             -0.01428491
416002948417.8376             0.008934872
416003925473.3169             0.029157992
416004902528.79626            0.018518476
416005879584.27563            0.027703382
416006856639.755              0.003884883
416007833695.2344             0.010050567
416008810750.71375            -0.019747533
416009787806.1931             -0.015013008
416010764861.6725             0.005940517
416011741917.15186            0.0047224103
416012718972.63116            0.016325388
416013696028.11053            -0.0084224045
416014673083.5899             0.008887681
416015650139.0693             -0.016154842
416016627194.54865            0.004404204
416017604250.028              -0.0036506054
416018581305.5074             0.0063287327
416019558360.98676            0.019492736
416020535416.4661             -0.007837905
416021512471.94543            -0.01258647
416022489527.4248             -0.018354183
416023466582.9042             0.0003574203
416024443638.38354            0.0059874207
416025420693.8629             0.011273346
416026397749.3423             0.01041689
416027374804.82166            -0.00079034443
416028351860.301              -0.005486084
416029328915.78033            0.0023183129
416030305971.2597             0.026800338
416031283026.7391             0.034042314
416032260082.21844            0.012805762
416033237137.6978             0.036390565
416034214193.1772             0.0133919185
416035191248.65656            -0.010975625
416036168304.1359             -0.018591784
416037145359.6153             0.0040628077
416038122415.0946             0.022238245
416039099470.574              0.0005850597
416040076526.05334            0.0044726534
416041053581.5327             -0.007838017
416042030637.0121             -0.0067500947
416043007692.49146            -0.010022798
416043984747.9708             -0.01662854
416044961803.4502             -0.027452815
416045938858.92957            0.010671041
416046915914.4089             0.03376071
416047892969.88824            -0.0056824093
416048870025.3676             -0.00508123
416049847080.847              0.029508825
416050824136.32635            -0.011726448
416051801191.8057             -0.001606211
416052778247.2851             0.01529367
416053755302.76447            -0.019361984
416054732358.2438             -0.0026292116
416055709413.72314            -0.0169212
416056686469.2025             -0.015303604
416057663524.6819             -0.01366212
416058640580.16125            -0.029404366
416059617635.6406             -0.012296239
416060594691.12               0.0018220837
416061571746.59937            0.011893017
416062548802.07874            0.010253973
416063525857.55804            0.005222435
416064502913.0374             0.0046180934
416065479968.5168             -0.005006552
416066457023.99615            -0.009471844
416067434079.4755             0.012712462
416068411134.9549             0.023894003
416069388190.43427            -0.010541635
416070365245.91364            0.0003813104
416071342301.393              -0.005201534
416072319356.8723             -0.036854506
416073296412.3517             -0.0017600488
416074273467.83105            0.0040049865
416075250523.3104             0.0032741665
416076227578.7898             -0.016440773
416077204634.26917            -0.019573988
416078181689.74854            0.015483587
416079158745.2279             0.0060758074
416080135800.7072             -0.0037500754
416081112856.1866             -0.018096646
416082089911.66595            -0.012440993
416083066967.1453             -0.0032737297
416084044022.6247             -0.0005973161
416085021078.10406            -0.0031193749
416085998133.58344            0.007518204
416086975189.0628             -0.0062152897
416087952244.5422             -0.014777221
416088929300.0215             -0.0035321356
416089906355.50085            0.011005118
416090883410.9802             -0.002660301
416091860466.4596             -0.020102507
416092837521.93896            -0.021346869
416093814577.41833            -0.009203137
416094791632.8977             -0.017790623
416095768688.3771             -0.000316342
416096745743.85645            0.017000442
416097722799.33575            -0.01696269
416098699854.8151             -0.014107115
416099676910.2945             -0.0031052711
416100653965.77386            0.0169794
416101631021.25323            0.01581863
416102608076.7326             0.009238556
416103585132.212              0.029954918
416104562187.69135            0.007361471
416105539243.17065            -0.0011691571
416106516298.65               -0.012854361
416107493354.1294             -0.0030301295
416108470409.60876            0.014572641
416109447465.08813            -0.0074647637
416110424520.5675             0.0019766388
416111401576.0469             0.010143689
416112378631.52625            0.004510589
416113355687.0056             -0.0042116838
416114332742.4849             0.020128483
416115309797.9643             -0.00027324303
416116286853.44366            -0.02280432
416117263908.92303            -0.01201825
416118240964.4024             -0.0145614445
416119218019.8818             -0.002039116
416120195075.36115            -0.032058716
416121172130.8405             0.00047634426
416122149186.3199             -0.0057041673
416123126241.7992             -0.007296055
416124103297.27856            0.0001735296
416125080352.75793            -0.0050710924
416126057408.2373             -0.0022561953
416127034463.7167             -0.024808377
416128011519.19604            -0.01826584
416128988574.6754             0.032150716
416129965630.1548             0.023754127
416130942685.6341             -0.00678763
416131919741.11346            0.004156161
416132896796.59283            -0.04642368
416133873852.0722             -0.024119703
416134850907.5516             -0.004036017
416135827963.03094            -0.0065472266
416136805018.5103             0.012499203
416137782073.9897             0.015673432
416138759129.46906            -0.0034865378
416139736184.94836            0.010509596
416140713240.42773            0.023050958
416141690295.9071             0.017797137
416142667351.3865             -0.0021829826
416143644406.86584            -0.008616956
416144621462.3452             -0.019174997
416145598517.8246             0.022757431
416146575573.30396            -0.010388756
416147552628.7833             -0.002437233
416148529684.26263            0.036109824
416149506739.742              0.016236132
416150483795.2214             -0.018417208
416151460850.70074            0.006427505
416152437906.1801             -0.0055616135
416153414961.6595             -0.015819047
416154392017.13885            -0.015958294
416155369072.6182             0.00031958413
416156346128.09753            -0.006436361
416157323183.5769             -0.023519827
416158300239.0563             -0.011518887
416159277294.53564            -0.012593572
416160254350.015              0.012182077
416161231405.4944             -0.0006437713
416162208460.97375            -0.0009655923
416163185516.4531             -0.014336274
416164162571.9325             0.019242551
416165139627.4118             0.03633706
416166116682.8912             0.043581154
416167093738.37054            0.02473171
416168070793.8499             0.004998503
416169047849.3293             0.008328306
416170024904.80865            0.0002210889
416171001960.288              0.01618585
416171979015.7674             0.011039427
416172956071.24677            0.0077554644
416173933126.7261             0.00310332
416174910182.20544            0.0034355943
416175887237.6848             0.0021341562
416176864293.1642             -0.015467534
416177841348.64355            -0.023899494
416178818404.1229             -0.0033802718
416179795459.6023             0.001171054
416180772515.08167            -0.005977412
416181749570.561              0.009210817
416182726626.04034            -0.0011905032
416183703681.5197             0.007108395
416184680736.9991             -0.004924774
416185657792.47845            0.0031461357
416186634847.9578             0.023032581
416187611903.4372             0.017561002
416188588958.91656            0.014837067
416189566014.39594            -0.009393987
416190543069.87524            -0.0038933728
416191520125.3546             0.009218104
416192497180.834              0.00081007497
416193474236.31335            0.01807701
416194451291.7927             -0.019845242
416195428347.2721             -0.029499892
416196405402.75146            0.021885747
416197382458.23083            0.02263267
416198359513.7102             0.004271506
416199336569.1895             -0.011678233
416200313624.6689             0.00082545157
416201290680.14825            -0.012411348
416202267735.6276             0.013969783
416203244791.107              0.036809307
416204221846.58636            0.01577052
416205198902.06573            -0.0029443863
416206175957.5451             -0.0055784932
416207153013.0244             0.013775498
416208130068.5038             0.0051370705
416209107123.98315            -0.009081175
416210084179.4625             -0.020203128
416211061234.9419             -0.042224374
416212038290.42126            -0.019862315
416213015345.90063            0.0242308
416213992401.38               -0.004155052
416214969456.8594             -0.0119021665
416215946512.3387             0.010858315
416216923567.81805            -0.005685937
416217900623.2974             0.005379732
416218877678.7768             -0.0012486117
416219854734.25616            -0.0031436635
416220831789.73553            -0.011887377
416221808845.2149             -0.0042048194
416222785900.6943             -0.029425347
416223762956.17365            0.008409386
416224740011.65295            0.013620069
416225717067.1323             -0.015245774
416226694122.6117             -0.012015655
416227671178.09106            0.0080963215
416228648233.57043            -0.017800618
416229625289.0498             -0.018021835
416230602344.5292             -0.016120553
416231579400.00854            0.005354828
416232556455.48785            0.008840593
416233533510.9672             -0.017640544
416234510566.4466             -0.031215783
416235487621.92596            0.0018931839
416236464677.40533            -0.023570849
416237441732.8847             0.009433544
416238418788.3641             -0.0029715295
416239395843.84344            -0.013566667
416240372899.3228             0.015951196
416241349954.8021             0.008471086
416242327010.2815             0.003587415
416243304065.76086            0.0028323086
416244281121.24023            0.00040988176
416245258176.7196             -0.0049352744
416246235232.199              -0.0034104038
416247212287.67834            0.02731338
416248189343.1577             0.005661018
416249166398.6371             0.005591416
416250143454.1164             0.0009370546
416251120509.59576            0.014670348
416252097565.07513            0.015427165
416253074620.5545             -0.02175476
416254051676.0339             -0.0063379155
416255028731.51324            -0.018004432
416256005786.9926             -0.0065722577
416256982842.472              -0.0134259835
416257959897.9513             0.0014847016
416258936953.43066            0.007012273
416259914008.91003            0.026482545
416260891064.3894             -0.01828284
416261868119.8688             -0.021093657
416262845175.34814            -2.5471358e-05
416263822230.8275             -0.0075477455
416264799286.3069             -0.019657107
416265776341.78625            0.0046862755
416266753397.26556            -0.0028842378
416267730452.74493            0.008664492
416268707508.2243             0.0028225873
416269684563.7037             -0.0090753995
416270661619.18304            0.017074088
416271638674.6624             0.020878257
416272615730.1418             -0.010450303
416273592785.62115            -0.02719854
416274569841.1005             -0.018149456
416275546896.57983            -0.037127633
416276523952.0592             -0.009494025
416277501007.5386             -0.020151872
416278478063.01794            0.00033185483
416279455118.4973             0.0035025352
416280432173.9767             0.020248825
416281409229.45605            -0.0026656215
416282386284.9354             0.014804148
416283363340.41473            -0.00088637887
416284340395.8941             -0.013183088
416285317451.3735             -0.0046246354
416286294506.85284            -0.009809578
416287271562.3322             -0.0035137574
416288248617.8116             0.00014426147
416289225673.29095            0.00066898315
416290202728.7703             0.013730089
416291179784.2497             -0.006856375
416292156839.729              0.0033557804
416293133895.2084             0.018257348
416294110950.68774            0.006651826
416295088006.1671             -0.039367776
416296065061.6465             -0.017323306
416297042117.12585            0.01709935
416298019172.6052             0.01888914
416298996228.0846             -0.0067015574
416299973283.56396            0.001308274
416300950339.0433             0.015620523
416301927394.52264            0.018844698
416302904450.002              0.009520153
416303881505.4814             -0.009792742
416304858560.96075            -0.021364879
416305835616.4401             -0.017592175
416306812671.9195             0.019680042
416307789727.39886            -0.020563664
416308766782.8782             -0.020262633
416309743838.35754            0.008204381
416310720893.8369             0.010534194
416311697949.3163             -0.015060733
416312675004.79565            -0.026924007
416313652060.275              -0.0010351342
416314629115.7544             -0.010915038
416315606171.23376            -0.008969628
416316583226.71313            0.0023301353
416317560282.19244            -0.009811627
416318537337.6718             -0.0008089304
416319514393.1512             0.013089085
416320491448.63055            0.0018388162
416321468504.1099             -0.008710729
416322445559.5893             -0.0018194676
416323422615.06866            0.0008721161
416324399670.54803            0.0113070635
416325376726.0274             -0.0023730134
416326353781.5067             -0.021003526
416327330836.9861             -0.011934153
416328307892.46545            0.0052605807
416329284947.9448             0.02233066
416330262003.4242             0.011438291
416331239058.90356            -0.00016594904
416332216114.38293            -0.0024001803
416333193169.8623             -0.010998367
416334170225.3416             -0.0009514639
416335147280.821              0.006369447
416336124336.30035            0.00062918547
416337101391.7797             -0.0042705555
416338078447.2591             -0.0053841225
416339055502.73846            0.021274427
416340032558.21783            -0.014945553
416341009613.6972             -0.03242108
416341986669.1766             -0.025911221
416342963724.6559             0.0006516817
416343940780.13525            0.019980602
416344917835.6146             0.012059558
416345894891.094              0.0031902052
416346871946.57336            -0.010059524
416347849002.05273            -0.016840398
416348826057.5321             -0.032090157
416349803113.0115             -0.004687596
416350780168.49084            0.016652485
416351757223.97015            -0.005672872
416352734279.4495             -0.016648436
416353711334.9289             -0.01053893
416354688390.40826            -0.00045668965
416355665445.88763            -0.0032873235
416356642501.367              -0.012573107
416357619556.8464             -0.019201253
416358596612.32574            -0.012529844
416359573667.80505            0.01616691
416360550723.2844             0.00049192127
416361527778.7638             -0.0027844997
416362504834.24316            -0.003455655
416363481889.72253            0.0011745399
416364458945.2019             -0.0026138495
416365436000.6813             -0.0015983745
416366413056.16064            -0.016111726
416367390111.64               -0.013919646
416368367167.1193             0.0083033815
416369344222.5987             0.0014659755
416370321278.07806            -0.025624607
416371298333.55743            -0.0060913097
416372275389.0368             0.022598742
416373252444.5162             0.0011122568
416374229499.99554            0.020701068
416375206555.4749             0.0040684207
416376183610.9543             0.0012507013
416377160666.4336             0.010792559
416378137721.91296            -0.0077287396
416379114777.39233            0.019025443
416380091832.8717             -0.003197939
416381068888.3511             -0.027051887
416382045943.83044            -0.023018239
416383022999.3098             -0.018325223
416384000054.7892             0.00989232
416384977110.2685             0.0051211426
416385954165.74786            0.004221395
416386931221.22723            -0.025326937
416387908276.7066             -0.019966722
416388885332.186              0.0069203493
416389862387.66534            -0.020917254
416390839443.1447             -0.014229847
416391816498.6241             -0.011115205
416392793554.10345            0.0032549433
416393770609.58276            -0.012495441
416394747665.06213            -0.0032507204
416395724720.5415             -0.000769428
416396701776.0209             0.0034338736
416397678831.50024            0.013688962
416398655886.9796             -0.005325592
416399632942.459              0.012350005
416400609997.93835            -0.001217658
416401587053.4177             -0.009153819
416402564108.89703            -0.014783756
416403541164.3764             -0.009929623
416404518219.8558             -0.006954184
416405495275.33514            0.005139641
416406472330.8145             -0.018801302
416407449386.2939             0.012940044
416408426441.77325            0.03109585
416409403497.2526             0.020036962
416410380552.73193            -0.008840942
416411357608.2113             0.0019017843
416412334663.6907             0.033156365
416413311719.17004            0.002230336
416414288774.6494             -0.017586045
416415265830.1288             -0.0029668089
416416242885.60815            -0.0051914407
416417219941.0875             -0.007917898
416418196996.5669             0.0012522562
416419174052.0462             -0.00022943543
416420151107.5256             0.02002179
416421128163.00494            0.005518516
416422105218.4843             0.022355333
416423082273.9637             0.012130925
416424059329.44305            0.016643308
416425036384.9224             0.019183392
416426013440.4018             0.007445183
416426990495.88116            0.019934814
416427967551.3605             0.012337261
416428944606.83984            0.0045722662
416429921662.3192             -0.0040893066
416430898717.7986             0.0044848123
416431875773.27795            0.005421553
416432852828.7573             -0.021439878
416433829884.2367             -0.0014782117
416434806939.71606            -0.013917169
416435783995.1954             0.006086493
416436761050.67474            0.0057985517
416437738106.1541             -0.004727026
416438715161.6335             -0.01608669
416439692217.11285            -0.011403084
416440669272.5922             -0.037658073
416441646328.0716             -0.003135545
416442623383.55096            -0.0047469707
416443600439.03033            0.0044170767
416444577494.50964            -0.014162889
416445554549.989              -0.008028707
416446531605.4684             -0.021145573
416447508660.94775            -0.006454415
416448485716.4271             -0.013335381
416449462771.9065             -0.013347191
416450439827.38586            0.0170221
416451416882.86523            0.010105972
416452393938.3446             -0.005954777
416453370993.8239             0.012936685
416454348049.3033             0.0063000834
416455325104.78265            0.014208316
416456302160.262              0.003816293
416457279215.7414             0.0060023726
416458256271.22076            -0.020322029
416459233326.70013            -0.016009182
416460210382.1795             -0.0031987736
416461187437.6588             -0.010869839
416462164493.1382             -0.0050462643
416463141548.61755            0.02347374
416464118604.0969             0.030796243
416465095659.5763             0.0063877627
416466072715.05566            0.010585864
416467049770.53503            -0.025150154
416468026826.0144             0.004075405
416469003881.4938             0.01805456
416469980936.9731             0.0016454615
416470957992.45245            -0.00033345696
416471935047.9318             0.0037826628
416472912103.4112             -0.0146883335
416473889158.89056            -0.0030107868
416474866214.36993            0.016119756
416475843269.8493             0.0071639293
416476820325.3287             -0.013001557
416477797380.80804            -0.008098126
416478774436.28735            -0.006585855
416479751491.7667             0.015080462
416480728547.2461             -0.014031265
416481705602.72546            0.0036990722
416482682658.20483            0.004820968
416483659713.6842             -0.0086512165
416484636769.1636             0.003554522
416485613824.64294            0.0022532083
416486590880.12225            0.002212448
416487567935.6016             0.017047465
416488544991.081              -0.006615558
416489522046.56036            -0.00856905
416490499102.03973            0.0026088585
416491476157.5191             0.0031144635
416492453212.9985             0.016916297
416493430268.47784            0.0038988548
416494407323.9572             0.0033634042
416495384379.4365             -0.0055007096
416496361434.9159             -0.0018892293
416497338490.39526            -0.0092340475
416498315545.87463            -0.010593828
416499292601.354              0.0009241366
416500269656.8334             0.02389331
416501246712.31274            -0.0020231172
416502223767.7921             -0.010357642
416503200823.2715             -0.0007864963
416504177878.7508             -0.0026960047
416505154934.23016            -0.011650319
416506131989.70953            0.0077955523
416507109045.1889             0.016736392
416508086100.6683             -0.005353625
416509063156.14764            -0.006039419
416510040211.627              0.027571993
416511017267.1064             0.030527193
416511994322.5857             0.018059544
416512971378.06506            0.004930742
416513948433.54443            0.011157998
416514925489.0238             0.0299696
416515902544.5032             0.026501821
416516879599.98254            0.0019798828
416517856655.4619             -0.0017835863
416518833710.9413             0.021624891
416519810766.42065            0.014575953
416520787821.89996            -0.003404387
416521764877.37933            0.00032327452
416522741932.8587             0.010060875
416523718988.3381             -0.019363275
416524696043.81744            0.014586066
416525673099.2968             0.011867558
416526650154.7762             0.012970966
416527627210.25555            -0.012200765
416528604265.7349             -0.0004314693
416529581321.21423            -0.006020034
416530558376.6936             0.0032854716
416531535432.173              -0.010723746
416532512487.65234            0.0027405603
416533489543.1317             0.012071768
416534466598.6111             0.001502514
416535443654.09045            0.011374058
416536420709.5698             0.009349545
416537397765.04913            0.00042694758
416538374820.5285             -0.00088342687
416539351876.0079             -0.008708455
416540328931.48724            -0.033073377
416541305986.9666             -0.00085021113
416542283042.446              -0.006333495
416543260097.92535            -0.017619653
416544237153.4047             -0.015781743
416545214208.8841             0.016072346
416546191264.3634             0.0014381579
416547168319.8428             0.00037529448
416548145375.32214            -0.010511244
416549122430.8015             -0.0012233007
416550099486.2809             0.017440392
416551076541.76025            0.007549036
416552053597.2396             -0.022409989
416553030652.719              -0.00041711977
416554007708.19836            0.010432894
416554984763.6777             0.015675299
416555961819.15704            0.0038014245
416556938874.6364             -0.014215013
416557915930.1158             -0.00050095527
416558892985.59515            -0.014641775
416559870041.0745             0.0031479727
416560847096.5539             0.008680152
416561824152.03326            -0.02452481
416562801207.5126             -0.006591591
416563778262.99194            -0.0016794935
416564755318.4713             -0.006782931
416565732373.9507             -0.019128043
416566709429.43005            0.01604028
416567686484.9094             0.004269584
416568663540.3888             0.0032404992
416569640595.86816            -0.017509453
416570617651.34753            -0.011665725
416571594706.82684            -0.007941794
416572571762.3062             0.017818816
416573548817.7856             0.0013036261
416574525873.26495            -0.016015168
416575502928.7443             0.003932285
416576479984.2237             0.016673826
416577457039.70306            0.010954611
416578434095.18243            -0.016846098
416579411150.6618             -0.032643918
416580388206.1411             -0.034215398
416581365261.6205             -0.002422221
416582342317.09985            -0.008627336
416583319372.5792             -0.014347727
416584296428.0586             -0.011134516
416585273483.53796            -0.013918215
416586250539.01733            0.005463979
416587227594.4967             0.00924883
416588204649.976              0.025682876
416589181705.4554             0.021129554
416590158760.93475            -0.021158298
416591135816.4141             -0.019264892
416592112871.8935             0.009454024
416593089927.37286            0.009795795
416594066982.85223            -0.008006431
416595044038.3316             -0.01040302
416596021093.811              -0.007612024
416596998149.2903             -0.008799549
416597975204.76965            -0.014013586
416598952260.249              -0.00674539
416599929315.7284             -0.019094393
416600906371.20776            -0.0060523762
416601883426.68713            0.0037691165
416602860482.1665             0.03147974
416603837537.6459             0.013195947
416604814593.12524            -0.00046965177
416605791648.60455            -0.0078968145
416606768704.0839             0.015580313
416607745759.5633             0.011570964
416608722815.04266            0.01059111
416609699870.52203            -0.019675745
416610676926.0014             -0.013369623
416611653981.4808             0.004623508
416612631036.96014            -0.032446407
416613608092.43945            -0.0072179213
416614585147.9188             0.007193159
416615562203.3982             0.01463584
416616539258.87756            -0.0044402597
416617516314.35693            0.004294649
416618493369.8363             0.026283467
416619470425.3157             0.007374492
416620447480.79504            0.008297578
416621424536.2744             0.0034240792
416622401591.7537             -0.03181171
416623378647.2331             -0.01640724
416624355702.71246            -0.0029825815
416625332758.19183            0.020043725
416626309813.6712             0.013740286
416627286869.1506             0.015953654
416628263924.62994            -0.002711251
416629240980.1093             -0.0046273232
416630218035.5887             -0.009393671
416631195091.068              -0.008401054
416632172146.54736            -0.022043878
416633149202.02673            -0.0053549274
416634126257.5061             -0.011917294
416635103312.9855             -0.008667144
416636080368.46484            0.019168582
416637057423.9442             -0.008556523
416638034479.4236             0.018195577
416639011534.9029             0.041565523
416639988590.38226            0.022934929
416640965645.86163            -0.0010332466
416641942701.341              -0.005217509
416642919756.8204             -0.018147524
416643896812.29974            -0.026035376
416644873867.7791             -0.0013933749
416645850923.2585             0.030135415
416646827978.73785            0.010153879
416647805034.21716            0.013938777
416648782089.69653            0.018053042
416649759145.1759             -0.021448648
416650736200.6553             0.01331451
416651713256.13464            0.009429787
416652690311.614              -0.017529221
416653667367.0934             -0.025350941
416654644422.57275            0.0015318111
416655621478.0521             0.03565133
416656598533.53143            0.024890516
416657575589.0108             0.0181023
416658552644.4902             0.0075175175
416659529699.96954            0.0043309336
416660506755.4489             0.017404718
416661483810.9283             0.019391766
416662460866.40765            -0.0020851027
416663437921.887              -0.011866358
416664414977.36633            -0.012971661
416665392032.8457             0.0024368435
416666369088.3251             0.002848339
416667346143.80444            0.008088066
416668323199.2838             -0.019249909
416669300254.7632             0.008918496
416670277310.24255            0.013584428
416671254365.7219             0.0064610885
416672231421.2013             0.023534201
416673208476.6806             0.004709492
416674185532.16               0.02420789
416675162587.63934            -0.01104044
416676139643.1187             -0.0021024738
416677116698.5981             0.009780135
416678093754.07745            -0.0075927926
416679070809.5568             -0.0032042556
416680047865.0362             0.019659389
416681024920.51556            0.009887654
416682001975.9949             -0.018078905
416682979031.47424            -0.0030329237
416683956086.9536             -0.009129509
416684933142.433              -0.015156228
416685910197.91235            -0.0024731942
416686887253.3917             -0.006605541
416687864308.8711             0.0038175816
416688841364.35046            -0.015943939
416689818419.82983            0.0025972016
416690795475.30914            0.0018550524
416691772530.7885             0.005338657
416692749586.2679             -0.0023213862
416693726641.74725            0.02418704
416694703697.2266             0.014721234
416695680752.706              -0.023046292
416696657808.18536            -0.016061557
416697634863.66473            -0.0010588563
416698611919.14404            -0.0114124715
416699588974.6234             -0.012712094
416700566030.1028             0.008889628
416701543085.58215            0.030613966
416702520141.0615             0.025586518
416703497196.5409             0.026586784
416704474252.02026            -0.0048263087
416705451307.49963            0.00483988
416706428362.979              -0.015696194
416707405418.4583             -0.018746013
416708382473.9377             -0.019592682
416709359529.41705            -0.0040518665
416710336584.8964             -0.004165975
416711313640.3758             -0.0028656174
416712290695.85516            0.0021654165
416713267751.33453            0.016717851
416714244806.8139             0.027414655
416715221862.2932             0.032858826
416716198917.7726             0.0068705482
416717175973.25195            0.0013196369
416718153028.7313             -0.011945384
416719130084.2107             -0.004289169
416720107139.69006            -0.006346899
416721084195.16943            0.0003754526
416722061250.6488             -0.015607697
416723038306.1282             -0.011537101
416724015361.6075             -0.00667634
416724992417.08685            0.0005793556
416725969472.5662             0.0037692052
416726946528.0456             -0.019577377
416727923583.52496            0.0062425365
416728900639.00433            0.0051114415
416729877694.4837             -0.0036071823
416730854749.9631             0.008831791
416731831805.44244            0.011157742
416732808860.92175            0.024902834
416733785916.4011             0.013907422
416734762971.8805             0.0045685316
416735740027.35986            0.004368072
416736717082.83923            -0.013448765
416737694138.3186             0.014737449
416738671193.798              0.009233449
416739648249.27734            0.00469093
416740625304.7567             -0.007318073
416741602360.236              0.0051096613
416742579415.7154             0.0073249275
416743556471.19476            0.01701111
416744533526.67413            0.00029077535
416745510582.1535             0.013693489
416746487637.6329             0.005809743
416747464693.11224            -0.011135972
416748441748.5916             0.0011459204
416749418804.0709             0.0051189982
416750395859.5503             0.01452668
416751372915.02966            -0.015173367
416752349970.50903            0.022199338
416753327025.9884             0.011294985
416754304081.4678             -0.026982442
416755281136.94714            -0.019120013
416756258192.4265             0.012428289
416757235247.9059             0.022171538
416758212303.3852             0.02019615
416759189358.86456            0.0074169068
416760166414.34393            0.011567575
416761143469.8233             0.016367156
416762120525.3027             -0.006269489
416763097580.78204            -0.028615067
416764074636.2614             -0.0121845445
416765051691.7408             -0.019160567
416766028747.22015            -0.02379423
416767005802.69946            0.00031968762
416767982858.17883            -0.010765728
416768959913.6582             0.0061403476
416769936969.1376             -0.0047754566
416770914024.61694            0.010422067
416771891080.0963             0.0034188763
416772868135.5757             0.012495469
416773845191.05505            0.01595642
416774822246.53436            -0.010062896
416775799302.01373            -0.022952598
416776776357.4931             -0.008987337
416777753412.9725             0.0021466445
416778730468.45184            -0.009996436
416779707523.9312             0.0075985
416780684579.4106             0.00013732881
416781661634.88995            0.0014192965
416782638690.3693             0.00065557635
416783615745.84863            0.0008449627
416784592801.328              -0.0020373096
416785569856.8074             0.00091372966
416786546912.28674            -0.016179314
416787523967.7661             -0.01989106
416788501023.2455             0.014493151
416789478078.72485            0.026932277
416790455134.2042             0.009957047
416791432189.6836             -0.0039151707
416792409245.1629             -0.006301903
416793386300.6423             -0.002335882
416794363356.12164            -0.023303078
416795340411.601              -0.00067032716
416796317467.0804             0.021744642
416797294522.55975            0.045794662
416798271578.0391             0.009221292
416799248633.5185             -0.009604054
416800225688.9978             0.017509893
416801202744.4772             -0.0034171059
416802179799.95654            -0.0017946255
416803156855.4359             -0.0005467092
416804133910.9153             0.00954083
416805110966.39465            0.02200612
416806088021.874              0.0036924689
416807065077.3534             -0.0041701877
416808042132.83276            0.0010906977
416809019188.3121             0.016498435
416809996243.79144            0.022889879
416810973299.2708             0.0018810129
416811950354.7502             -0.0152757345
416812927410.22955            -0.014109088
416813904465.7089             0.021938074
416814881521.1883             -0.010503806
416815858576.66766            -0.0022934214
416816835632.14703            0.003053022
416817812687.62634            0.011934598
416818789743.1057             -0.00030812222
416819766798.5851             -0.02270852
416820743854.06445            0.006256106
416821720909.5438             -0.02587043
416822697965.0232             0.0014674847
416823675020.50256            -0.01037135
416824652075.98193            -0.0024605345
416825629131.46124            -0.008053682
416826606186.9406             7.260106e-05
416827583242.42               0.0033679812
416828560297.89935            0.0016836774
416829537353.3787             0.00052307127
416830514408.8581             0.0017543989
416831491464.33746            -0.0026383053
416832468519.81683            0.010683545
416833445575.2962             0.038134206
416834422630.7755             0.022897549
416835399686.2549             0.0120140035
416836376741.73425            0.004251489
416837353797.2136             -0.0049325507
416838330852.693              -0.01820241
416839307908.17236            0.014049525
416840284963.65173            0.033452198
416841262019.1311             -0.02225103
416842239074.6105             -0.0056322343
416843216130.0898             0.004644
416844193185.56915            -0.04494551
416845170241.0485             -0.018262833
416846147296.5279             0.00089442654
416847124352.00726            -0.0005563069
416848101407.48663            0.0071943873
416849078462.966              0.00402286
416850055518.4454             0.0026811347
416851032573.9247             0.009731964
416852009629.40405            -0.012344438
416852986684.8834             -0.008718522
416853963740.3628             0.007242804
416854940795.84216            -0.0032005312
416855917851.32153            -0.014624779
416856894906.8009             -0.023118688
416857871962.2803             -0.0034453447
416858849017.75964            -0.010827942
416859826073.23895            0.019410368
416860803128.7183             0.019314075
416861780184.1977             0.009084485
416862757239.67706            -0.02070016
416863734295.15643            -0.0064894734
416864711350.6358             0.0011427015
416865688406.1152             -0.00019532681
416866665461.59454            -0.025730032
416867642517.0739             -0.016466264
416868619572.5532             0.0031042004
416869596628.0326             0.001411881
416870573683.51196            -0.014966734
416871550738.99133            -0.019669104
416872527794.4707             0.0050477
416873504849.9501             -0.009654404
416874481905.42944            0.002764741
416875458960.9088             0.020114154
416876436016.3881             0.009734673
416877413071.8675             0.0016137798
416878390127.34686            0.005352263
416879367182.82623            -0.005345866
416880344238.3056             -0.014925707
416881321293.785              0.00047016706
416882298349.26434            0.008689596
416883275404.7437             0.0058602924
416884252460.2231             0.00085520826
416885229515.7024             0.006235942
416886206571.18176            0.009294068
416887183626.66113            -0.01390271
416888160682.1405             0.010210248
416889137737.6199             0.012107616
416890114793.09924            -0.007026918
416891091848.5786             0.0047527184
416892068904.058              0.0046068537
416893045959.53735            -0.006493689
416894023015.01666            -0.005172295
416895000070.49603            0.021932578
416895977125.9754             0.0029554064
416896954181.4548             0.016170852
416897931236.93414            0.025036927
416898908292.4135             0.019852892
416899885347.8929             -0.018270839
416900862403.37225            -0.010104284
416901839458.85156            0.0036746939
416902816514.33093            0.004259012
416903793569.8103             0.024593016
416904770625.2897             0.005931008
416905747680.76904            0.027778182
416906724736.2484             0.008908686
416907701791.7278             0.013533865
416908678847.20715            0.003182304
416909655902.6865             -0.0012395089
416910632958.16583            0.020130754
416911610013.6452             0.011934088
416912587069.1246             0.0017426084
416913564124.60394            -0.004738085
416914541180.0833             0.0066148504
416915518235.5627             -0.011788659
416916495291.04205            -0.0014178429
416917472346.5214             -0.0066259014
416918449402.0008             -0.0007853515
416919426457.4801             0.0011931744
416920403512.9595             0.008123619
416921380568.43884            -0.016052743
416922357623.9182             -0.01177453
416923334679.3976             0.00991651
416924311734.87695            0.013294
416925288790.3563             0.009555791
416926265845.8357             0.0023346278
416927242901.315              0.007088047
416928219956.7944             -0.009323523
416929197012.27374            -0.00996478
416930174067.7531             -0.0144554265
416931151123.2325             -0.0004277629
416932128178.71185            -0.018183855
416933105234.1912             -0.0057862927
416934082289.6706             0.031717528
416935059345.14996            0.012886675
416936036400.6293             0.014842989
416937013456.10864            0.00084841077
416937990511.588              0.0018844894
416938967567.0674             0.0012307435
416939944622.54675            0.03057731
416940921678.0261             0.004382979
416941898733.5055             0.005125457
416942875788.98486            0.008613099
416943852844.46423            -0.014617224
416944829899.94354            -0.0023846568
416945806955.4229             0.011577301
416946784010.9023             -0.019831223
416947761066.38165            -0.008093221
416948738121.861              -0.0024827537
416949715177.3404             -0.0041171815
416950692232.81976            -0.01777692
416951669288.29913            0.018311026
416952646343.77844            0.021906352
416953623399.2578             -0.0069358796
416954600454.7372             0.006832369
416955577510.21655            0.017689787
416956554565.6959             0.036878873
416957531621.1753             0.014965225
416958508676.65466            0.003103146
416959485732.13403            -0.0029300046
416960462787.6134             0.006681506
416961439843.0927             -0.0026397256
416962416898.5721             0.008496252
416963393954.05145            0.037781313
416964371009.5308             0.004395746
416965348065.0102             0.016957931
416966325120.48956            -0.0076766745
416967302175.96893            0.0055077695
416968279231.4483             -0.013059492
416969256286.9277             -0.015770502
416970233342.407              -0.009061432
416971210397.88635            -0.014283491
416972187453.3657             -0.036140222
416973164508.8451             -0.030181332
416974141564.32446            -0.021016976
416975118619.80383            0.02099535
416976095675.2832             -0.0055175903
416977072730.7626             -0.02288524
416978049786.2419             -0.021161256
416979026841.72125            0.0030315174
416980003897.2006             -0.01239469
416980980952.68               0.0072088265
416981958008.15936            0.029043948
416982935063.63873            0.02804265
416983912119.1181             -0.00224052
416984889174.5975             -0.005955586
416985866230.07684            0.010415467
416986843285.55615            0.025599644
416987820341.0355             -0.0053999713
416988797396.5149             0.0097701885
416989774451.99426            0.009670165
416990751507.47363            0.0014320697
416991728562.953              -0.00973376
416992705618.4324             0.00481153
416993682673.91174            -0.014537727
416994659729.3911             0.014058989
416995636784.8704             -0.013944972
416996613840.3498             -0.039438378
416997590895.82916            -0.03865287
416998567951.30853            -0.007806417
416999545006.7879             -0.024868451
417000522062.2673             -0.01370288
417001499117.74664            -0.020212702
417002476173.226              0.0051504457
417003453228.7053             0.008075673
417004430284.1847             0.011886637
417005407339.66406            -0.005795473
417006384395.14343            -0.0058901915
417007361450.6228             0.0030891749
417008338506.1022             -0.013739201
417009315561.58154            -0.001990731
417010292617.0609             -0.009353272
417011269672.5403             -0.01682702
417012246728.0196             -0.0077367523
417013223783.49896            0.009960674
417014200838.97833            0.020761166
417015177894.4577             0.0076404116
417016154949.9371             -0.020903222
417017132005.41644            0.007489157
417018109060.8958             0.012073561
417019086116.3752             0.02500964
417020063171.85455            0.0058978377
417021040227.33386            0.011627601
417022017282.81323            -0.010063406
417022994338.2926             0.007409065
417023971393.772              0.0014241368
417024948449.25134            -0.015021929
417025925504.7307             0.006505085
417026902560.2101             -0.011383424
417027879615.68945            0.021797914
417028856671.16876            -0.02612584
417029833726.64813            -0.006940446
417030810782.1275             -0.00068808196
417031787837.6069             0.014714044
417032764893.08624            0.0068209856
417033741948.5656             0.0058612926
417034719004.045              0.008534978
417035696059.52435            0.018784693
417036673115.0037             -0.0052435743
417037650170.48303            -0.025284432
417038627225.9624             0.0012598529
417039604281.4418             0.008623025
417040581336.92114            0.0037013115
417041558392.4005             -0.015736878
417042535447.8799             0.008513452
417043512503.35925            0.00786276
417044489558.8386             -0.011351041
417045466614.318              -0.022390192
417046443669.7973             -0.023298029
417047420725.2767             -0.0024193677
417048397780.75604            -0.007851201
417049374836.2354             0.012633622
417050351891.7148             0.007925017
417051328947.19415            -0.0027003724
417052306002.6735             -0.00056545465
417053283058.1529             -0.0023519876
417054260113.6322             -0.0045028445
417055237169.1116             0.013908102
417056214224.59094            -0.007308436
417057191280.0703             -0.013962949
417058168335.5497             0.027546654
417059145391.02905            0.03841937
417060122446.5084             -0.017723007
417061099501.9878             -0.0049707526
417062076557.46716            0.0017245897
417063053612.9465             0.0032760452
417064030668.42584            -0.025101967
417065007723.9052             -0.008804537
417065984779.3846             0.010583479
417066961834.86395            0.01806548
417067938890.3433             -2.9375109e-05
417068915945.8227             -0.010533577
417069893001.30206            -0.0002889906
417070870056.78143            0.00095795473
417071847112.26074            -0.007309108
417072824167.7401             -0.00054468506
417073801223.2195             -0.02014483
417074778278.69885            0.02001384
417075755334.1782             0.019430341
417076732389.6576             0.010531073
417077709445.13696            -0.005006082
417078686500.61633            -0.004513216
417079663556.09564            -0.012172375
417080640611.575              -0.021126928
417081617667.0544             -0.0012285329
417082594722.53375            -0.017721694
417083571778.0131             -0.049160752
417084548833.4925             0.0054884357
417085525888.97186            0.004874165
417086502944.45123            -0.012979302
417087479999.9306             -0.017537484
417088457055.4099             -0.02942898
417089434110.8893             -0.025235228
417090411166.36865            0.0013001331
417091388221.848              0.037620243
417092365277.3274             -0.0009078543
417093342332.80676            0.0048886444
417094319388.28613            0.005411373
417095296443.7655             0.0020950052
417096273499.2449             -0.0067840805
417097250554.7242             0.0028915738
417098227610.20355            -0.0060470575
417099204665.6829             0.0013426458
417100181721.1623             -0.0069744117
417101158776.64166            -0.013912779
417102135832.12103            0.009939255
417103112887.6004             0.018690694
417104089943.0798             0.0057636723
417105066998.5591             0.012963924
417106044054.03845            0.0031260105
417107021109.5178             -0.004862732
417107998164.9972             0.0023649728
417108975220.47656            0.014352846
417109952275.95593            0.008935098
417110929331.4353             -0.008305332
417111906386.9147             0.0055898433
417112883442.39404            0.009358179
417113860497.87335            0.00572936
417114837553.3527             0.010234426
417115814608.8321             0.00478602
417116791664.31146            0.0068257754
417117768719.79083            0.00088464975
417118745775.2702             0.03568943
417119722830.7496             0.012007212
417120699886.22894            -0.0028398796
417121676941.7083             -0.016136479
417122653997.1876             -0.0147792455
417123631052.667              -0.0019723172
417124608108.14636            0.0010725717
417125585163.62573            -0.0022186222
417126562219.1051             0.005582196
417127539274.5845             0.0040587788
417128516330.06384            0.019556494
417129493385.5432             0.022234308
417130470441.0225             0.025712414
417131447496.5019             -0.0095511
417132424551.98126            0.005159672
417133401607.46063            0.018222548
417134378662.94               0.0064623794
417135355718.4194             0.00293589
417136332773.89874            0.0018650469
417137309829.3781             0.0035276841
417138286884.8575             0.01369996
417139263940.3368             -0.011836449
417140240995.81616            -0.015392828
417141218051.29553            0.028292736
417142195106.7749             0.0066797934
417143172162.2543             -0.016056547
417144149217.73364            -0.0066792495
417145126273.213              0.0077417158
417146103328.6924             -0.019993734
417147080384.17175            -0.022543218
417148057439.65106            0.007439135
417149034495.13043            0.0021461837
417150011550.6098             -0.001620869
417150988606.0892             0.009917151
417151965661.56854            -0.014882545
417152942717.0479             -0.0082169855
417153919772.5273             -0.018210465
417154896828.00665            -0.024406137
417155873883.48596            -0.0043050125
417156850938.96533            0.009683132
417157827994.4447             0.009979629
417158805049.9241             0.03440009
417159782105.40344            0.039369192
417160759160.8828             0.031083584
417161736216.3622             0.017091047
417162713271.84155            -0.0023178055
417163690327.3209             -0.025272362
417164667382.80023            -0.004649517
417165644438.2796             -0.007928457
417166621493.759              0.0062246914
417167598549.23834            -0.01376825
417168575604.7177             -0.020964498
417169552660.1971             -0.004420924
417170529715.67645            0.025342936
417171506771.1558             0.017097851
417172483826.6352             0.027037004
417173460882.1145             0.02620158
417174437937.5939             -0.0050821123
417175414993.07324            -0.021543914
417176392048.5526             -0.0326072
417177369104.032              -0.0074992143
417178346159.51135            -0.016610656
417179323214.9907             0.014693368
417180300270.4701             0.01391085
417181277325.9494             -0.0010105207
417182254381.4288             -0.00779074
417183231436.90814            -0.0025464406
417184208492.3875             -0.012621152
417185185547.8669             -0.0179199
417186162603.34625            0.013021297
417187139658.8256             0.04271281
417188116714.305              0.057109065
417189093769.78436            0.010780097
417190070825.2637             0.00358097
417191047880.74304            0.02219109
417192024936.2224             0.022758832
417193001991.7018             0.023260813
417193979047.18115            0.019525351
417194956102.6605             -0.0014963852
417195933158.1399             -0.0052351337
417196910213.61926            0.014790404
417197887269.09863            0.005464423
417198864324.57794            -0.0052286536
417199841380.0573             0.006965396
417200818435.5367             0.0075640455
417201795491.01605            0.014179825
417202772546.4954             -0.015650682
417203749601.9748             0.017770555
417204726657.45416            0.013720001
417205703712.93353            -0.0017036719
417206680768.41284            0.009814185
417207657823.8922             -0.0055253026
417208634879.3716             0.00044759118
417209611934.85095            -0.015375783
417210588990.3303             -0.013900845
417211566045.8097             -0.01364238
417212543101.28906            -0.0071909167
417213520156.76843            -0.010465069
417214497212.2478             0.005428587
417215474267.7271             0.030520549
417216451323.2065             0.021553371
417217428378.68585            0.0063329698
417218405434.1652             0.012194422
417219382489.6446             0.024931682
417220359545.12396            0.03169331
417221336600.60333            -0.0035523563
417222313656.0827             0.02127208
417223290711.5621             0.02401687
417224267767.0414             0.0012046118
417225244822.52075            0.009902965
417226221878.0001             -0.0041479594
417227198933.4795             -0.0072534345
417228175988.95886            0.0007646904
417229153044.43823            0.027841616
417230130099.9176             0.026031716
417231107155.397              0.015858388
417232084210.8763             -0.029299634
417233061266.35565            -0.00021184332
417234038321.835              0.0036313261
417235015377.3144             0.009185194
417235992432.79376            -0.00036613154
417236969488.27313            -0.00025226813
417237946543.7525             -0.015157099
417238923599.2319             -0.006713203
417239900654.71124            0.008127249
417240877710.19055            -0.010120225
417241854765.6699             -0.003917473
417242831821.1493             -0.010597182
417243808876.62866            -0.0128296735
417244785932.10803            -0.0038903828
417245762987.5874             0.012880201
417246740043.0668             0.0071930564
417247717098.54614            -0.0071241246
417248694154.0255             0.006157523
417249671209.5048             -0.005335998
417250648264.9842             -0.00018165998
417251625320.46356            0.044699565
417252602375.94293            0.048864804
417253579431.4223             0.011927011
417254556486.9017             -0.0076237055
417255533542.38104            0.012920067
417256510597.8604             -0.003247489
417257487653.3397             0.02637688
417258464708.8191             0.011907863
417259441764.29846            0.006772233
417260418819.77783            0.005659301
417261395875.2572             0.037854802
417262372930.7366             0.020982297
417263349986.21594            0.03251607
417264327041.6953             0.01680305
417265304097.1747             0.01822548
417266281152.654              0.009795225
417267258208.13336            -0.000603842
417268235263.61273            0.003646393
417269212319.0921             -0.0064850054
417270189374.5715             0.031273216
417271166430.05084            0.030526232
417272143485.5302             0.011067862
417273120541.0096             -0.0040138573
417274097596.48895            0.012462285
417275074651.96826            0.008949478
417276051707.44763            0.0018440764
417277028762.927              0.0023517136
417278005818.4064             0.028848143
417278982873.88574            0.023982735
417279959929.3651             0.010791678
417280936984.8445             -0.0245554
417281914040.32385            -0.009825359
417282891095.80316            0.003306001
417283868151.28253            -0.014944072
417284845206.7619             0.023921926
417285822262.2413             0.025146382
417286799317.72064            0.019482655
417287776373.2                -0.017304901
417288753428.6794             -0.008947679
417289730484.15875            -0.009986947
417290707539.6381             -0.010210303
417291684595.11743            0.024231631
417292661650.5968             -0.0032125735
417293638706.0762             -0.026411707
417294615761.55554            -0.023921572
417295592817.0349             0.02942056
417296569872.5143             0.038931787
417297546927.99365            -0.002350722
417298523983.473              -0.0132859275
417299501038.9524             -0.022686392
417300478094.4317             0.014269997
417301455149.9111             0.017104475
417302432205.39044            0.006989159
417303409260.8698             0.012566233
417304386316.3492             -0.0039685783
417305363371.82855            -0.024114355
417306340427.3079             -0.0016428432
417307317482.7873             0.0118800225
417308294538.2666             -0.008131453
417309271593.746              0.009681064
417310248649.22534            0.01685048
417311225704.7047             -0.0011934792
417312202760.1841             0.020813858
417313179815.66345            0.0042833565
417314156871.1428             -0.015432952
417315133926.6222             -0.0018428698
417316110982.10156            -0.0078834435
417317088037.5809             -0.03519542
417318065093.06024            -6.113688e-05
417319042148.5396             0.01115552
417320019204.019              -0.021106582
417320996259.49835            -0.011708195
417321973314.9777             -0.0036853254
417322950370.4571             -0.005979608
417323927425.93646            -0.012098767
417324904481.41583            -0.023089161
417325881536.89514            -0.020927813
417326858592.3745             -0.012777493
417327835647.8539             -0.01614423
417328812703.33325            0.0036486653
417329789758.8126             -0.003515193
417330766814.292              0.0026228451
417331743869.77136            0.003382167
417332720925.25073            0.0017682019
417333697980.73004            0.020555044
417334675036.2094             0.018760271
417335652091.6888             0.008942836
417336629147.16815            -0.025302246
417337606202.6475             0.0010267969
417338583258.1269             0.008221
417339560313.60626            0.0054310514
417340537369.08563            0.00088631216
417341514424.565              -0.011491887
417342491480.0443             -0.011020306
417343468535.5237             -0.01817945
417344445591.00305            -0.011601944
417345422646.4824             -0.0030955
417346399701.9618             0.026864894
417347376757.44116            0.020583011
417348353812.92053            0.020397577
417349330868.3999             0.018991418
417350307923.8793             0.001327537
417351284979.3586             0.007827373
417352262034.83795            0.018092113
417353239090.3173             -0.0028125574
417354216145.7967             -0.015535183
417355193201.27606            -0.013491699
417356170256.75543            -0.014172953
417357147312.2348             -0.0016024725
417358124367.7142             0.03172256
417359101423.1935             0.013035666
417360078478.67285            -0.010987215
417361055534.1522             0.0041870573
417362032589.6316             0.016185146
417363009645.11096            -0.012832635
417363986700.59033            -0.016571173
417364963756.0697             0.004886313
417365940811.5491             -0.016088698
417366917867.02844            0.011113867
417367894922.50775            0.00041059294
417368871977.9871             0.0052759186
417369849033.4665             0.003747234
417370826088.94586            -0.044392217
417371803144.42523            -0.009519178
417372780199.9046             0.004081924
417373757255.384              -0.027390776
417374734310.86334            -0.007202713
417375711366.3427             -0.019225713
417376688421.822              -0.01734816
417377665477.3014             -0.006928166
417378642532.78076            -0.0036196017
417379619588.26013            0.020356106
417380596643.7395             0.009601726
417381573699.2189             0.03527866
417382550754.69824            -0.010250305
417383527810.1776             0.010621618
417384504865.6569             0.013726321
417385481921.1363             0.007627777
417386458976.61566            0.02095691
417387436032.09503            0.029458199
417388413087.5744             -0.0062454324
417389390143.0538             -0.010350616
417390367198.53314            0.017487338
417391344254.0125             0.01712817
417392321309.4919             -0.010265984
417393298364.9712             -0.0058379727
417394275420.45056            -0.008715646
417395252475.92993            0.0021446424
417396229531.4093             -0.0049628494
417397206586.8887             -0.0027277872
417398183642.36804            0.013209153
417399160697.8474             0.023395155
417400137753.3268             -0.00088002527
417401114808.80615            -0.017146377
417402091864.28546            -0.0047982703
417403068919.76483            0.0055176914
417404045975.2442             0.012170103
417405023030.7236             -0.018691752
417406000086.20294            0.0061865076
417406977141.6823             -0.0020065475
417407954197.1617             6.545395e-05
417408931252.64105            -0.015537536
417409908308.12036            0.01893783
417410885363.59973            0.020781605
417411862419.0791             -0.014372451
417412839474.5585             -0.013823733
417413816530.03784            -0.00040653365
417414793585.5172             0.0030520854
417415770640.9966             0.007719049
417416747696.47595            0.0013240812
417417724751.9553             0.014945914
417418701807.43463            0.020461515
417419678862.914              0.0075736097
417420655918.3934             0.009292823
417421632973.87274            -0.01928466
417422610029.3521             -0.013419625
417423587084.8315             -0.017334266
417424564140.31085            -0.0087204175
417425541195.7902             0.031128818
417426518251.2696             0.016480012
417427495306.7489             0.009864274
417428472362.2283             -0.003360744
417429449417.70764            0.008037674
417430426473.187              0.0065603782
417431403528.6664             0.008496283
417432380584.14575            0.03190232
417433357639.6251             0.027803797
417434334695.1045             0.00020054156
417435311750.5838             -0.017488433
417436288806.0632             -0.028579624
417437265861.54254            0.008891664
417438242917.0219             0.014567478
417439219972.5013             0.015775401
417440197027.98065            -0.008478701
417441174083.46               0.0097104
417442151138.9394             0.00024133241
417443128194.41876            0.0054620504
417444105249.8981             -0.03147419
417445082305.37744            -0.02786512
417446059360.8568             -0.0037851585
417447036416.3362             0.01517238
417448013471.81555            0.020213908
417448990527.2949             0.012617361
417449967582.7743             0.024680478
417450944638.25366            0.004751495
417451921693.73303            0.00034005413
417452898749.21234            -0.0046737953
417453875804.6917             0.008000141
417454852860.1711             0.0013726671
417455829915.65045            -0.004954701
417456806971.1298             -0.003875572
417457784026.6092             -0.018351497
417458761082.08856            -0.009918763
417459738137.56793            0.0041765235
417460715193.04724            -0.013974084
417461692248.5266             -0.0020988998
417462669304.006              -0.009147299
417463646359.48535            -0.0065562623
417464623414.9647             -0.0026407675
417465600470.4441             -0.02184547
417466577525.92346            0.0007629849
417467554581.40283            -0.0037347286
417468531636.8822             0.0030689847
417469508692.3615             -0.01066983
417470485747.8409             0.0013247933
417471462803.32025            -0.0051997215
417472439858.7996             0.009541671
417473416914.279              0.005684978
417474393969.75836            0.009783979
417475371025.23773            0.015603497
417476348080.7171             0.018917475
417477325136.1965             -0.010218596
417478302191.6758             0.0032775407
417479279247.15515            0.008029839
417480256302.6345             9.095182e-05
417481233358.1139             -0.009632834
417482210413.59326            0.008973508
417483187469.07263            0.02186703
417484164524.552              0.009368541
417485141580.0314             -0.006769858
417486118635.5107             0.018280936
417487095690.99005            0.016513843
417488072746.4694             -0.007603412
417489049801.9488             0.0027129343
417490026857.42816            -0.010077848
417491003912.90753            0.0023148423
417491980968.3869             0.002020867
417492958023.8663             -0.02037671
417493935079.34564            0.0053327214
417494912134.82495            -0.01213904
417495889190.3043             -0.020066643
417496866245.7837             -0.006773768
417497843301.26306            -0.003929452
417498820356.74243            0.002591995
417499797412.2218             -0.01047722
417500774467.7012             0.004861881
417501751523.18054            0.0070179426
417502728578.6599             0.010395833
417503705634.1392             0.021643061
417504682689.6186             0.016258487
417505659745.09796            0.0062589026
417506636800.57733            0.009760037
417507613856.0567             0.010229719
417508590911.5361             0.030818308
417509567967.01544            0.035000503
417510545022.4948             0.029994132
417511522077.9741             0.026421176
417512499133.4535             0.014936946
417513476188.93286            0.018812342
417514453244.41223            0.007991429
417515430299.8916             0.027020846
417516407355.371              0.010420653
417517384410.85034            0.023126196
417518361466.3297             0.019634042
417519338521.8091             0.008256204
417520315577.2884             -0.008230234
417521292632.76776            0.0031756675
417522269688.24713            0.009117594
417523246743.7265             -0.005021747
417524223799.2059             -0.007299008
417525200854.68524            0.017277038
417526177910.1646             0.021134727
417527154965.644              -0.011592335
417528132021.12335            -0.031060698
417529109076.60266            -0.025725553
417530086132.08203            -0.031454828
417531063187.5614             -0.023979789
417532040243.0408             0.0022350885
417533017298.52014            0.024853166
417533994353.9995             0.020340288
417534971409.4789             0.004940605
417535948464.95825            -0.015840463
417536925520.43756            -0.010044013
417537902575.91693            0.0038325158
417538879631.3963             -0.015973784
417539856686.8757             -0.041775424
417540833742.35504            0.0015132478
417541810797.8344             -0.0026769652
417542787853.3138             -0.0070390925
417543764908.79315            -0.002662715
417544741964.2725             0.0038462465
417545719019.75183            0.023271976
417546696075.2312             -0.005935509
417547673130.7106             0.011963532
417548650186.18994            0.0075873556
417549627241.6693             0.008870616
417550604297.1487             0.015138062
417551581352.62805            0.02928425
417552558408.1074             0.008903195
417553535463.5868             -0.02054848
417554512519.0661             0.017857464
417555489574.5455             0.0086423205
417556466630.02484            0.015359178
417557443685.5042             0.011255669
417558420740.9836             0.01888887
417559397796.46295            0.001207506
417560374851.9423             -0.004388515
417561351907.4217             0.005495187
417562328962.901              0.029612537
417563306018.3804             0.006404087
417564283073.85974            -0.0019344103
417565260129.3391             -0.011412458
417566237184.8185             -0.014906304
417567214240.29785            0.03320913
417568191295.7772             0.023093471
417569168351.2566             0.0033997158
417570145406.73596            -0.016703244
417571122462.2153             0.013815377
417572099517.69464            -0.0019415352
417573076573.174              -0.0072624544
417574053628.6534             2.2601807e-05
417575030684.13275            0.009128878
417576007739.6121             -0.001694942
417576984795.0915             0.02147072
417577961850.57086            0.0020032066
417578938906.05023            0.02876052
417579915961.52954            0.015851105
417580893017.0089             0.014762475
417581870072.4883             0.028534843
417582847127.96765            0.009888573
417583824183.447              -0.0038859355
417584801238.9264             -0.007189136
417585778294.40576            -0.010269651
417586755349.88513            0.015498154
417587732405.36444            0.045619648
417588709460.8438             -0.0010877304
417589686516.3232             0.0027250801
417590663571.80255            0.018376978
417591640627.2819             0.018120589
417592617682.7613             0.00861215
417593594738.24066            0.0009813124
417594571793.72003            0.0064262645
417595548849.1994             -0.008925077
417596525904.6787             -0.0025547517
417597502960.1581             -0.016882341
417598480015.63745            -0.011051468
417599457071.1168             -0.011697198
417600434126.5962             -0.008579659
417601411182.07556            -0.010214456
417602388237.55493            0.009567039
417603365293.0343             0.014150771
417604342348.5137             0.040424135
417605319403.993              0.028764257
417606296459.47235            0.0063774744
417607273514.9517             -0.0042974465
417608250570.4311             0.016233293
417609227625.91046            -0.0025674736
417610204681.38983            0.00096702634
417611181736.8692             -0.008523663
417612158792.3486             -0.011022491
417613135847.8279             0.011188751
417614112903.30725            0.019569332
417615089958.7866             0.04344518
417616067014.266              0.04144518
417617044069.74536            0.017444227
417618021125.22473            -0.012473495
417618998180.7041             -0.015180519
417619975236.1835             -0.0016318919
417620952291.66284            -0.00039384057
417621929347.14215            0.00589855
417622906402.6215             0.0065254504
417623883458.1009             -0.013345607
417624860513.58026            -0.003697987
417625837569.05963            -0.012654083
426742854099.3                0.06674438
426743831287.32043            0.0031343044
426744808475.34094            -0.1615234
426745785663.3614             0.05716015
426746762851.38184            -0.015562517
426747740039.4023             -0.004438188
426748717227.4228             -0.045376092
426749694415.44324            0.103696644
426750671603.4637             -0.11590666
426751648791.48413            -0.10189991
426752625979.50464            0.0025725178
426753603167.5251             0.06643291
426754580355.54553            0.0747282
426755557543.566              0.08193496
426756534731.5865             0.115199454
426757511919.60693            -0.018497672
426758489107.6274             0.0019143637
426759466295.6478             -0.0088511985
426760443483.66833            -0.23771645
426761420671.6888             -0.088820666
426762397859.7092             -0.025252417
426763375047.7297             -0.11411722
426764352235.7502             -0.0711359
426765329423.7706             -0.04026189
426766306611.7911             0.0660424
426767283799.8116             0.024776455
426768260987.83203            0.026262542
426769238175.8525             -0.10591665
426770215363.8729             -0.2127162
426771192551.89343            -0.0067641335
426772169739.9139             0.00070408545
426773146927.9343             -0.01426016
426774124115.9548             -0.15782955
426775101303.9753             -0.045307603
426776078491.9957             0.02750707
426777055680.0162             -0.106159404
426778032868.0366             0.0032499072
426779010056.0571             -0.03339311
426779987244.0776             0.17190094
426780964432.098              -0.17482589
426781941620.11847            -0.08719678
426782918808.139              -0.12489037
426783895996.1594             0.009013645
426784873184.1799             0.00086011493
426785850372.2004             -0.14326045
426786827560.2208             -0.054430842
426787804748.2413             -0.01758086
426788781936.2617             0.09843423
426789759124.2822             0.028063728
426790736312.3027             0.07044682
426791713500.3231             0.09190959
426792690688.34357            -0.0546493
426793667876.3641             0.025267765
426794645064.3845             -0.085694075
426795622252.40497            0.05538091
426796599440.4254             0.0022718012
426797576628.4459             -0.028053164
426798553816.4664             0.050853763
426799531004.4868             0.07277174
426800508192.50726            0.026492812
426801485380.5278             -0.037966397
426802462568.5482             0.025991548
426803439756.56866            -0.08995651
426804416944.5891             -0.018574303
426805394132.6096             0.035070147
426806371320.63007            -0.0017180187
426807348508.6505             0.16165742
426808325696.671              0.06495632
426809302884.69147            0.061838355
426810280072.7119             0.005109366
426811257260.73236            0.04733863
426812234448.75287            -0.11052954
426813211636.7733             -0.044457756
426814188824.79376            0.022164134
426815166012.8142             -0.20511913
426816143200.8347             -0.24822165
426817120388.85516            -0.0022838218
426818097576.8756             0.027460866
426819074764.89606            -0.00212192
426820051952.91656            -0.09363412
426821029140.937              -0.0901128
426822006328.95746            -0.032787867
426822983516.9779             -0.02124193
426823960704.9984             -0.046994876
426824937893.01886            0.15561743
426825915081.0393             0.147514
426826892269.05975            0.13271694
426827869457.08026            0.034258656
426828846645.1007             0.027225671
426829823833.12115            0.015184689
426830801021.14166            0.05064459
426831778209.1621             -0.14567907
426832755397.18256            -0.030439468
426833732585.203              -0.028547674
426834709773.2235             0.075935036
426835686961.24396            0.06380941
426836664149.2644             0.15709014
426837641337.28485            -0.018781932
426838618525.30536            -0.11600599
426839595713.3258             -0.01799329
426840572901.34625            -0.065155976
426841550089.3667             -0.11002992
426842527277.3872             -0.07021854
426843504465.40765            -0.22693975
426844481653.4281             -0.111876994
426845458841.44855            -0.00067905086
426846436029.46906            0.06259662
426847413217.4895             0.006500865
426848390405.50995            -0.06973533
426849367593.53046            0.087809645
426850344781.5509             0.14582068
426851321969.57135            0.045565046
426852299157.5918             0.070413195
426853276345.6123             0.055072706
426854253533.63275            0.048748314
426855230721.6532             -0.020340256
426856207909.67365            -0.07868029
426857185097.69415            0.023642268
426858162285.7146             -0.0251018
426859139473.73505            -0.022856778
426860116661.7555             -0.025578823
426861093849.776              -0.0026843587
426862071037.79645            0.1016601
426863048225.8169             -0.07202973
426864025413.83734            -0.11942965
426865002601.85785            -0.112987034
426865979789.8783             -0.03415489
426866956977.89874            -0.04692041
426867934165.9192             -0.051478975
426868911353.9397             -0.16933471
426869888541.96014            -0.09921423
426870865729.9806             0.006884153
426871842918.0011             -0.0038515087
426872820106.02155            0.035898987
426873797294.042              0.08539938
426874774482.06244            0.026398018
426875751670.08295            -0.07117405
426876728858.1034             0.09978662
426877706046.12384            0.024447704
426878683234.1443             0.011560958
426879660422.1648             0.08599016
426880637610.18524            0.011638274
426881614798.2057             -0.01295358
426882591986.22614            -0.0018356191
426883569174.24664            0.06394072
426884546362.2671             0.08810108
426885523550.28754            -0.18797687
426886500738.308              -0.023398021
426887477926.3285             0.05852606
426888455114.34894            -0.01058755
426889432302.3694             0.019589696
426890409490.38983            -0.08289311
426891386678.41034            0.019396516
426892363866.4308             -0.06733051
426893341054.45123            0.008240306
426894318242.47174            0.1455869
426895295430.4922             -0.026158309
426896272618.51263            -0.07365731
426897249806.5331             -0.13336648
426898226994.5536             -0.14264113
426899204182.57404            -0.108338885
426900181370.5945             -0.010253633
426901158558.6149             0.072568536
426902135746.63544            0.023566756
426903112934.6559             0.05000971
426904090122.67633            -0.13049833
426905067310.6968             -0.11249523
426906044498.7173             0.02506187
426907021686.73773            0.016390515
426907998874.7582             -0.09324757
426908976062.7786             -0.07911276
426909953250.79913            0.05163564
426910930438.8196             -0.03688839
426911907626.84               0.03885646
426912884814.86053            0.012928236
426913862002.881              0.008832943
426914839190.9014             0.056647904
426915816378.9219             -0.049340807
426916793566.9424             -0.044892997
426917770754.9628             -0.016459731
426918747942.9833             0.076411046
426919725131.0037             0.12993896
426920702319.02423            0.05568889
426921679507.0447             -0.084865704
426922656695.0651             0.034970593
426923633883.0856             0.019615365
426924611071.1061             -0.12541813
426925588259.1265             -0.058973435
426926565447.147              -0.0036179323
426927542635.1674             -0.013642029
426928519823.1879             0.12984252
426929497011.2084             0.10822814
426930474199.2288             -0.04180733
426931451387.24927            -0.1407622
426932428575.2698             -0.1264839
426933405763.2902             0.05130612
426934382951.31067            0.1437758
426935360139.3312             -0.07173937
426936337327.3516             -0.08164206
426937314515.3721             0.034529455
426938291703.3925             0.13660075
426939268891.413              -0.005154694
426940246079.4335             0.018666605
426941223267.4539             0.10898733
426942200455.47437            -0.071713775
426943177643.4949             -0.16188234
426944154831.5153             -0.012416575
426945132019.53577            0.05423275
426946109207.5562             0.018839482
426947086395.5767             -0.07028174
426948063583.59717            -0.017959574
426949040771.6176             0.050864674
426950017959.63806            0.035302524
426950995147.65857            -0.004601447
426951972335.679              -0.11825992
426952949523.69946            0.015151652
426953926711.7199             -0.004141775
426954903899.7404             0.03683498
426955881087.76086            -0.09153748
426956858275.7813             0.004567626
426957835463.8018             0.08857465
426958812651.82227            0.06133925
426959789839.8427             -0.09143118
426960767027.86316            0.0015126964
426961744215.88367            0.10992517
426962721403.9041             0.06937977
426963698591.92456            -0.009059478
426964675779.945              0.051229864
426965652967.9655             0.014690047
426966630155.98596            0.002344595
426967607344.0064             -0.08731613
426968584532.02686            0.033159375
426969561720.04736            -0.04892776
426970538908.0678             0.11388749
426971516096.08826            0.107692055
426972493284.1087             -0.0843447
426973470472.1292             -0.14347912
426974447660.14966            0.03322614
426975424848.1701             0.0029398445
426976402036.19055            -0.028789937
426977379224.21106            -0.071466155
426978356412.2315             -0.045271453
426979333600.25195            -0.11321825
426980310788.27246            -0.015831158
426981287976.2929             -0.015174643
426982265164.31335            -0.02089826
426983242352.3338             -0.030186806
426984219540.3543             0.0064573763
426985196728.37476            -0.041940246
426986173916.3952             -0.22714944
426987151104.41565            -0.054895207
426988128292.43616            0.019461807
426989105480.4566             -0.018107284
426990082668.47705            0.06113341
426991059856.4975             0.083686955
426992037044.518              0.040064696
426993014232.53845            0.07215052
426993991420.5589             0.0955298
426994968608.57935            0.049218163
426995945796.59985            -0.0072510815
426996922984.6203             0.05609829
426997900172.64075            0.033317182
426998877360.66125            -0.052119922
426999854548.6817             0.00069967314
427000831736.70215            0.024674905
427001808924.7226             0.017942281
427002786112.7431             0.017075848
427003763300.76355            0.062204316
427004740488.784              -0.09514091
427005717676.80444            -0.074157685
427006694864.82495            0.10828162
427007672052.8454             0.048872657
427008649240.86584            -0.03928076
427009626428.8863             0.06387131
427010603616.9068             -0.046586234
427011580804.92725            -0.018906673
427012557992.9477             -0.04978979
427013535180.96814            -0.06316148
427014512368.98865            -0.06211543
427015489557.0091             -0.05233754
427016466745.02954            -0.055278245
427017443933.05               -0.07445992
427018421121.0705             -0.03963829
427019398309.09094            -0.05360159
427020375497.1114             -0.08692687
427021352685.1319             -0.04931218
427022329873.15234            0.08588465
427023307061.1728             0.04441224
427024284249.19324            0.04734717
427025261437.21375            -0.029601488
427026238625.2342             0.031499412
427027215813.25464            0.02013367
427028193001.2751             -0.020415744
427029170189.2956             -0.090015315
427030147377.31604            -0.050417434
427031124565.3365             -0.017220609
427032101753.35693            -0.025575273
427033078941.37744            -0.05209784
427034056129.3979             0.06053794
427035033317.41833            -0.004607792
427036010505.4388             -0.011996272
427036987693.4593             -0.037051976
427037964881.47974            -0.17778672
427038942069.5002             -0.0012245945
427039919257.5206             0.083862685
427040896445.54114            0.030764207
427041873633.5616             0.08969038
427042850821.58203            0.032147713
427043828009.60254            -0.13243753
427044805197.623              0.019200845
427045782385.64343            -0.03715446
427046759573.6639             0.033164714
427047736761.6844             0.11634339
427048713949.70483            0.06020637
427049691137.7253             -0.015433588
427050668325.7457             -0.06841423
427051645513.76624            -0.078601226
427052622701.7867             -0.11453895
427053599889.8071             -0.101539135
427054577077.8276             0.025763463
427055554265.8481             0.072361864
427056531453.8685             0.08309889
427057508641.889              0.013331039
427058485829.9094             0.04508991
427059463017.92993            0.026290856
427060440205.9504             -0.084202774
427061417393.9708             -0.025999445
427062394581.99133            0.008090594
427063371770.0118             0.0063772984
427064348958.0322             0.004333783
427065326146.0527             -0.022039166
427066303334.0732             -0.03529382
427067280522.0936             -0.010147779
427068257710.1141             0.026861742
427069234898.1345             -0.001508131
427070212086.155              0.003867949
427071189274.1755             0.13585281
427072166462.1959             0.0008117199
427073143650.2164             0.021705844
427074120838.2369             0.004699283
427075098026.2573             0.07248927
427076075214.2778             0.039670706
427077052402.2982             0.07564425
427078029590.3187             0.0041562817
427079006778.3392             0.016848821
427079983966.3596             -0.07517974
427080961154.38007            -0.02724807
427081938342.4006             -0.027245682
427082915530.421              0.018529234
427083892718.44147            -0.078556076
427084869906.462              -0.0142552685
427085847094.4824             -0.01121867
427086824282.50287            0.11298623
427087801470.5233             -0.012354447
427088778658.5438             -0.0015095763
427089755846.5643             -0.020533722
427090733034.5847             -0.12249393
427091710222.60516            -0.0019798747
427092687410.6257             0.03166291
427093664598.6461             -0.026230365
427094641786.66656            0.083368465
427095618974.687              0.040309608
427096596162.7075             -0.11524787
427097573350.72797            -0.15695107
427098550538.7484             0.020011192
427099527726.76886            0.07876468
427100504914.78937            0.014796065
427101482102.8098             0.026291693
427102459290.83026            -0.025084568
427103436478.8507             -0.045524623
427104413666.8712             -0.0062793335
427105390854.89166            0.0035577095
427106368042.9121             0.09622804
427107345230.9326             0.09544177
427108322418.95306            -0.020181483
427109299606.9735             0.077381216
427110276794.99396            0.06366124
427111253983.01447            0.029608607
427112231171.0349             -0.023903806
427113208359.05536            -0.01367228
427114185547.0758             0.032024108
427115162735.0963             -0.070104
427116139923.11676            -0.07584748
427117117111.1372             0.028831081
427118094299.15765            0.023241518
427119071487.17816            -0.10320861
427120048675.1986             -0.13168807
427121025863.21906            -0.023402806
427122003051.2395             -0.041642442
427122980239.26               -0.011780109
427123957427.28046            0.038882997
427124934615.3009             0.06472106
427125911803.3214             0.007500717
427126888991.34186            0.017705755
427127866179.3623             0.0017343318
427128843367.38275            -0.05036222
427129820555.40326            0.1252091
427130797743.4237             -0.011883735
427131774931.44415            0.041837458
427132752119.4646             0.1329584
427133729307.4851             0.1356295
427134706495.50555            0.03864016
427135683683.526              -0.094347134
427136660871.54645            -0.12822929
427137638059.56696            0.008198301
427138615247.5874             0.076270044
427139592435.60785            -0.0046243663
427140569623.6283             -0.009884483
427141546811.6488             0.0054515474
427142523999.66925            0.0430887
427143501187.6897             -0.034580193
427144478375.71014            -0.009132145
427145455563.73065            0.031208802
427146432751.7511             -0.081329435
427147409939.77155            0.0032900989
427148387127.79205            -0.036899254
427149364315.8125             -0.039620712
427150341503.83295            0.042366993
427151318691.8534             0.052164085
427152295879.8739             -0.0032547326
427153273067.89435            0.030661678
427154250255.9148             0.06204369
427155227443.93524            0.06222765
427156204631.95575            0.03513153
427157181819.9762             0.01713111
427158159007.99664            -0.0013456849
427159136196.0171             0.04249436
427160113384.0376             -0.07015231
427161090572.05804            -0.023796516
427162067760.0785             -0.08718609
427163044948.09894            -0.04189354
427164022136.11945            -0.06907633
427164999324.1399             -0.06872999
427165976512.16034            -0.06391925
427166953700.1808             0.051729843
427167930888.2013             -0.0055931043
427168908076.22174            -0.025013963
427169885264.2422             -0.09394335
427170862452.2627             0.04522649
427171839640.28314            0.031374864
427172816828.3036             0.02020982
427173794016.32404            -0.03805269
427174771204.34454            -0.001954478
427175748392.365              0.007907954
427176725580.38544            -0.048657577
427177702768.4059             -0.045688644
427178679956.4264             0.059663713
427179657144.44684            -0.024095822
427180634332.4673             -0.03626022
427181611520.48773            -0.049484905
427182588708.50824            -0.056241147
427183565896.5287             -0.0008164884
427184543084.54913            -0.026802326
427185520272.5696             -0.02301341
427186497460.5901             0.017771594
427187474648.61053            -0.03003833
427188451836.631              -0.007487657
427189429024.6515             -0.070736706
427190406212.67194            0.026928114
427191383400.6924             0.01948234
427192360588.7128             0.039045334
427193337776.73334            0.002965253
427194314964.7538             0.016349426
427195292152.77423            0.10399458
427196269340.7947             0.03229603
427197246528.8152             -0.042981584
427198223716.83563            -0.021187335
427199200904.8561             -0.09238593
427200178092.8765             0.048999693
427201155280.89703            0.013970781
427202132468.9175             -0.06619395
427203109656.9379             0.041464597
427204086844.9584             0.037697077
427205064032.9789             0.065931864
427206041220.9993             0.0645308
427207018409.0198             0.11056108
427207995597.0402             0.012177284
427208972785.0607             -0.01732334
427209949973.0812             -0.014147382
427210927161.1016             -0.07411889
427211904349.12213            -0.02376157
427212881537.1426             -0.07351892
427213858725.163              0.021051044
427214835913.1835             0.0968456
427215813101.204              0.027646849
427216790289.2244             0.080702454
427217767477.2449             0.04278432
427218744665.2653             0.032452483
427219721853.2858             0.009763695
427220699041.3063             -0.025651377
427221676229.3267             -0.02464012
427222653417.34717            -0.048732046
427223630605.3677             -0.037933055
427224607793.3881             0.0654828
427225584981.40857            0.14459497
427226562169.429              0.048751008
427227539357.4495             0.044475295
427228516545.47               0.03207484
427229493733.4904             -0.06083353
427230470921.51086            0.13122943
427231448109.5314             0.1046744
427232425297.5518             -0.04428207
427233402485.57227            0.06423521
427234379673.5928             0.019098843
427235356861.6132             -0.053799395
427236334049.63367            0.052471887
427237311237.6541             0.058398087
427238288425.6746             0.0011621953
427239265613.69507            0.042372793
427240242801.7155             -0.027361676
427241219989.73596            0.07232092
427242197177.7565             0.021027112
427243174365.7769             -0.07027627
427244151553.79736            -0.04998601
427245128741.8178             0.04273052
427246105929.8383             0.0495885
427247083117.85876            -0.0008835201
427248060305.8792             -0.030077757
427249037493.89966            -0.067037255
427250014681.92017            -0.1279297
427250991869.9406             -0.008258357
427251969057.96106            -0.07252833
427252946245.98157            0.001978126
427253923434.002              0.04795634
427254900622.02246            0.11924772
427255877810.0429             0.07766025
427256854998.0634             0.13906966
427257832186.08386            0.0262172
427258809374.1043             -0.04412226
427259786562.12476            0.027002268
427260763750.14526            0.02553018
427261740938.1657             0.009892215
427262718126.18616            -0.061336957
427263695314.2066             0.04402821
427264672502.2271             0.056607123
427265649690.24756            0.0026443768
427266626878.268              0.08941706
427267604066.28845            0.04465715
427268581254.30896            0.02680807
427269558442.3294             0.024361292
427270535630.34985            0.06043585
427271512818.3703             -0.023640357
427272490006.3908             0.02101219
427273467194.41125            0.028148053
427274444382.4317             0.06744192
427275421570.4522             -0.03637465
427276398758.47266            -0.04641407
427277375946.4931             0.006214146
427278353134.51355            -0.070417106
427279330322.53406            -0.037134323
427280307510.5545             -0.04368463
427281284698.57495            -0.062585585
427282261886.5954             -0.07204415
427283239074.6159             0.15690579
427284216262.63635            0.08313836
427285193450.6568             0.020071054
427286170638.67725            0.09866655
427287147826.69775            -0.015173963
427288125014.7182             0.043857265
427289102202.73865            0.0073121455
427290079390.7591             -0.034095783
427291056578.7796             0.022346226
427292033766.80005            0.01951439
427293010954.8205             -0.05204055
427293988142.84094            -0.011030822
427294965330.86145            0.041732684
427295942518.8819             -0.027931005
427296919706.90234            -0.026276588
427297896894.92285            -0.05594614
427298874082.9433             -0.049252562
427299851270.96375            -0.01179379
427300828458.9842             -0.05549006
427301805647.0047             -0.032402277
427302782835.02515            0.040399637
427303760023.0456             -0.04899343
427304737211.06604            -0.035949435
427305714399.08655            -0.06955265
427306691587.107              -0.11790835
427307668775.12744            -0.0433606
427308645963.1479             0.024675043
427309623151.1684             -0.06013428
427310600339.18884            -0.03224847
427311577527.2093             -0.07394435
427312554715.22974            0.06751513
427313531903.25024            0.060031585
427314509091.2707             -0.0125784455
427315486279.29114            0.03966185
427316463467.31165            -0.068291865
427317440655.3321             -0.025663882
427318417843.35254            0.021076243
427319395031.373              -0.016192118
427320372219.3935             -0.06195512
427321349407.41394            0.022728669
427322326595.4344             0.010274627
427323303783.45483            -0.06490396
427324280971.47534            -0.021428332
427325258159.4958             0.0010488769
427326235347.51624            -0.070825554
427327212535.5367             -0.06069381
427328189723.5572             0.013480225
427329166911.57764            0.0014939313
427330144099.5981             -0.043559905
427331121287.6185             0.008100965
427332098475.63904            0.104087956
427333075663.6595             0.07266758
427334052851.67993            -0.024817703
427335030039.7004             0.008380389
427336007227.7209             -0.08490208
427336984415.74133            -0.078276336
427337961603.7618             0.046261635
427338938791.7823             0.002452163
427339915979.80273            0.021927744
427340893167.8232             0.02668537
427341870355.8436             0.043686282
427342847543.86414            0.066490345
427343824731.8846             0.00054455944
427344801919.905              -0.0081799235
427345779107.9255             0.025019677
427346756295.946              0.034813806
427347733483.96643            0.004681124
427348710671.9869             -0.008074674
427349687860.0073             0.04192943
427350665048.02783            0.0034777552
427351642236.0483             0.073015206
427352619424.0687             0.03317619
427353596612.0892             -0.014727288
427354573800.1097             -0.019917518
427355550988.1301             0.0025352438
427356528176.1506             0.053291082
427357505364.171              -0.06328525
427358482552.1915             -0.12196981
427359459740.212              0.05104199
427360436928.2324             0.0025893187
427361414116.2529             -0.014512683
427362391304.2734             -0.05521641
427363368492.2938             0.014499276
427364345680.3143             0.0127546
427365322868.3348             0.11526809
427366300056.3552             0.07271647
427367277244.3757             -0.06053223
427368254432.3961             -0.048347432
427369231620.4166             0.035021693
427370208808.4371             0.026028493
427371185996.4575             -0.05396461
427372163184.47797            0.004618715
427373140372.4985             0.024144439
427374117560.5189             0.11276453
427375094748.53937            0.09350309
427376071936.5598             -0.036438327
427377049124.5803             -0.043160576
427378026312.60077            0.034281332
427379003500.6212             0.036193214
427379980688.64166            0.045867413
427380957876.6622             -0.029037911
427381935064.6826             -0.026536591
427382912252.70306            -0.010620621
427383889440.7236             0.014578126
427384866628.744              0.043881226
427385843816.76447            -0.024682393
427386821004.7849             -0.00697537
427387798192.8054             -0.059269536
427388775380.82587            -0.016781649
427389752568.8463             -0.040807396
427390729756.86676            0.019598424
427391706944.88727            0.024739468
427392684132.9077             -0.0081256945
427393661320.92816            -0.05333563
427394638508.9486             -0.045599084
427395615696.9691             0.0016218611
427396592884.98956            0.09883595
427397570073.01               0.040458586
427398547261.03046            0.052576806
427399524449.05096            0.033129234
427400501637.0714             0.035572737
427401478825.09186            0.05831879
427402456013.11237            0.052167576
427403433201.1328             -0.029518457
427404410389.15326            0.003855279
427405387577.1737             -0.017527537
427406364765.1942             -0.007673636
427407341953.21466            -0.020057859
427408319141.2351             0.044700414
427409296329.25555            0.047542732
427410273517.27606            0.027685193
427411250705.2965             -0.10235807
427412227893.31696            0.018548025
427413205081.3374             0.0631889
427414182269.3579             -0.0066608046
427415159457.37836            -0.0070983265
427416136645.3988             -0.022831218
427417113833.41925            -0.0007914293
427418091021.43976            -0.036800046
427419068209.4602             0.004631097
427420045397.48065            0.022615913
427421022585.5011             -0.0754994
427421999773.5216             -0.04825096
427422976961.54205            -0.05392092
427423954149.5625             -0.05590509
427424931337.583              0.016502751
427425908525.60345            -0.02184782
427426885713.6239             -0.028092902
427427862901.64435            0.08412476
427428840089.66486            0.043782644
427429817277.6853             -0.046013076
427430794465.70575            0.09261105
427431771653.7262             0.060477134
427432748841.7467             0.064124316
427433726029.76715            0.032011475
427434703217.7876             0.026064616
427435680405.80804            -0.06932217
427436657593.82855            0.0057033915
427437634781.849              0.047537006
427438611969.86945            -0.0059348177
427439589157.8899             -0.039834935
427440566345.9104             -0.07797309
427441543533.93085            0.09903319
427442520721.9513             0.06483014
427443497909.97174            -0.0017311281
427444475097.99225            -0.0156215895
427445452286.0127             -0.034804877
427446429474.03314            0.048717152
427447406662.05365            0.10000222
427448383850.0741             0.04293958
427449361038.09454            -0.068339996
427450338226.115              -0.032698497
427451315414.1355             0.022147615
427452292602.15594            -0.07147499
427453269790.1764             -0.025418982
427454246978.19684            0.03902586
427455224166.21735            0.11076818
427456201354.2378             0.022028582
427457178542.25824            0.028701385
427458155730.2787             -0.014018228
427459132918.2992             -0.015007365
427460110106.31964            0.021413304
427461087294.3401             -0.023671342
427462064482.36053            -0.054383405
427463041670.38104            -0.08228157
427464018858.4015             -0.00037670552
427464996046.42194            0.07985096
427465973234.44244            -0.01650097
427466950422.4629             0.011772815
427467927610.48334            -0.021636955
427468904798.5038             0.0027975035
427469881986.5243             0.023847153
427470859174.54474            0.02146654
427471836362.5652             -0.036814187
427472813550.58563            0.0003822524
427473790738.60614            0.010188536
427474767926.6266             -0.06315226
427475745114.64703            -0.00833722
427476722302.6675             -0.023236124
427477699490.688              -0.10301725
427478676678.70844            0.033542816
427479653866.7289             0.05004205
427480631054.7493             0.008781284
427481608242.76984            0.03767726
427482585430.7903             0.07770326
427483562618.8107             0.1040099
427484539806.8312             0.038884643
427485516994.8517             -0.06543432
427486494182.87213            -0.09236847
427487471370.8926             0.021464882
427488448558.9131             0.026430495
427489425746.93353            -0.013582303
427490402934.954              -0.037127156
427491380122.9744             0.03725309
427492357310.99493            0.02507465
427493334499.0154             0.0068797516
427494311687.0358             -0.03967106
427495288875.0563             0.03393939
427496266063.0768             -0.08585986
427497243251.0972             -0.044433374
427498220439.1177             0.017983938
427499197627.1381             0.00024324842
427500174815.1586             -0.05119432
427501152003.1791             0.055584908
427502129191.1995             -0.00070118543
427503106379.22               -0.002740022
427504083567.2405             -0.08526217
427505060755.2609             -0.020078413
427506037943.2814             0.0039320565
427507015131.3018             0.0060138474
427507992319.3223             0.07324639
427508969507.3428             0.06415417
427509946695.3632             -0.024606997
427510923883.3837             -0.056517586
427511901071.4042             -0.019181468
427512878259.4246             0.015054011
427513855447.44507            0.02497848
427514832635.4656             0.02738756
427515809823.486              0.018787319
427516787011.5065             -0.014667936
427517764199.5269             0.06200158
427518741387.5474             -0.019847738
427519718575.5679             -0.08303803
427520695763.5883             -0.07144993
427521672951.60876            -0.02573741
427522650139.6293             -0.014858484
427523627327.6497             0.11545849
427524604515.67017            0.07563228
427525581703.6906             -0.007377583
427526558891.7111             0.022883281
427527536079.73157            -3.099336e-05
427528513267.752              0.057315204
427529490455.7725             0.11537659
427530467643.79297            0.0119299395
427531444831.8134             -0.0374837
427532422019.83386            0.04084003
427533399207.8544             0.07114746
427534376395.8748             0.07798216
427535353583.89526            0.08435196
427536330771.9157             -0.028418189
427537307959.9362             0.029433431
427538285147.95667            0.055843428
427539262335.9771             0.048033413
427540239523.99756            0.026263548
427541216712.01807            0.016951794
427542193900.0385             0.057430994
427543171088.05896            -0.00850865
427544148276.0794             -0.0713629
427545125464.0999             -0.04040197
427546102652.12036            -0.06493179
427547079840.1408             -0.006772795
427548057028.16125            -0.011560272
427549034216.18176            -0.006316372
427550011404.2022             0.05089503
427550988592.22266            0.073299855
427551965780.24316            -0.0746514
427552942968.2636             -0.04314062
427553920156.28406            -0.013576658
427554897344.3045             -0.059538152
427555874532.325              -0.0030915157
427556851720.34546            -0.033856876
427557828908.3659             -0.05472396
427558806096.38635            0.040680036
427559783284.40686            0.014631168
427560760472.4273             -0.03439085
427561737660.44775            0.005182139
427562714848.4682             0.024400588
427563692036.4887             0.037518345
427564669224.50916            -0.008593506
427565646412.5296             0.030738534
427566623600.55005            0.029795323
427567600788.57056            0.004031746
427568577976.591              -0.007861863
427569555164.61145            -0.012438772
427570532352.6319             -0.031780627
427571509540.6524             0.09727843
427572486728.67285            0.02820942
427573463916.6933             -0.011701742
427574441104.7138             0.040914446
427575418292.73425            0.03735269
427576395480.7547             -0.018381337
427577372668.77515            0.06702237
427578349856.79565            -0.014637343
427579327044.8161             -0.02955449
427580304232.83655            -0.048393976
427581281420.857              0.02149039
427582258608.8775             0.026751464
427583235796.89795            0.02469683
427584212984.9184             -0.0631188
427585190172.93884            0.0068446547
427586167360.95935            -0.0054956577
427587144548.9798             0.02609948
427588121737.00024            0.04178247
427589098925.0207             -0.015619364
427590076113.0412             0.0063120187
427591053301.06165            0.039064918
427592030489.0821             0.014057761
427593007677.1026             0.019111408
427593984865.12305            -0.009228266
427594962053.1435             -0.04111357
427595939241.16394            0.007062908
427596916429.18445            0.048280407
427597893617.2049             -0.026826043
427598870805.22534            0.022290431
427599847993.2458             0.033739123
427600825181.2663             -0.076338224
427601802369.28674            0.00022982481
427602779557.3072             0.012765212
427603756745.32764            -0.06687451
427604733933.34814            -0.07617589
427605711121.3686             -0.031819783
427606688309.38904            -0.018708734
427607665497.4095             -0.055621974
427608642685.43               0.028292798
427609619873.45044            0.00033270125
427610597061.4709             -0.023386408
427611574249.49133            -0.0027837171
427612551437.51184            -0.0584644
427613528625.5323             -0.08216467
427614505813.55273            -0.070598155
427615483001.57324            0.042230494
427616460189.5937             0.011779255
427617437377.61414            -0.093649045
427618414565.6346             -0.039185762
427619391753.6551             -0.07132603
427620368941.67554            0.0012569941
427621346129.696              -0.0073964987
427622323317.71643            0.08716699
427623300505.73694            0.02913934
427624277693.7574             0.003223324
427625254881.77783            -0.068696916
427626232069.7983             -0.019656107
427627209257.8188             0.06914056
427628186445.83923            0.008309435
427629163633.8597             -0.055329286
427630140821.8801             -0.01540229
427631118009.90063            -0.031612918
427632095197.9211             0.015882276
427633072385.9415             -0.055657297
427634049573.962              0.013840298
427635026761.9825             -0.008971099
427636003950.0029             -0.003641641
427636981138.0234             0.035821278
427637958326.0439             0.034076508
427638935514.06433            -0.038581926
427639912702.0848             0.045422878
427640889890.1052             0.01813981
427641867078.12573            0.029855562
427642844266.1462             -0.026382878
427643821454.1666             0.012013189
427644798642.1871             -0.028460674
427645775830.2076             -0.013567037
427646753018.228              0.05798097
427647730206.2485             -0.057874914
427648707394.2689             0.0011558936
427649684582.2894             -0.0013270536
427650661770.3099             0.008990261
427651638958.3303             -0.033188652
427652616146.35077            0.023771118
427653593334.3713             -0.048027102
427654570522.3917             0.03428848
427655547710.4122             0.0062872893
427656524898.4326             -0.0465419
427657502086.4531             -0.034989722
427658479274.4736             -0.027330333
427659456462.494              -0.025552377
427660433650.5145             -0.032261375
427661410838.535              0.0063423906
427662388026.5554             -0.07663988
427663365214.57587            -0.004993849
427664342402.5964             0.046463665
427665319590.6168             -0.02779637
427666296778.63727            -0.008827599
427667273966.6577             -0.03923479
427668251154.6782             -0.033031847
427669228342.69867            0.04681242
427670205530.7191             0.06988006
427671182718.73956            0.011834753
427672159906.7601             -0.013821806
427673137094.7805             -0.0632916
427674114282.80096            -0.049775355
427675091470.8214             -0.04820459
427676068658.8419             -0.009935192
427677045846.86237            8.132949e-05
427678023034.8828             -0.0188019
427679000222.9033             0.02044716
427679977410.92377            0.050503414
427680954598.9442             -0.027431097
427681931786.96466            -0.07820391
427682908974.98517            -0.029807046
427683886163.0056             -0.003049601
427684863351.02606            -0.022057852
427685840539.0465             0.040786512
427686817727.067              0.045553286
427687794915.08746            0.034493256
427688772103.1079             0.024274195
427689749291.12836            -0.03178075
427690726479.14886            -0.0252261
427691703667.1693             0.0066572158
427692680855.18976            -0.050681323
427693658043.2102             -0.05832036
427694635231.2307             -0.093122624
427695612419.25116            0.00522724
427696589607.2716             -0.017335081
427697566795.29205            0.029761449
427698543983.31256            0.07135546
427699521171.333              0.038009502
427700498359.35345            -0.016599383
427701475547.37396            0.007972357
427702452735.3944             -0.0357291
427703429923.41486            -0.021748858
427704407111.4353             -0.06480734
427705384299.4558             -0.018358069
427706361487.47626            -0.028998297
427707338675.4967             0.032125246
427708315863.51715            0.04471037
427709293051.53766            -0.004142956
427710270239.5581             0.0075985095
427711247427.57855            -0.059614185
427712224615.599              -0.07216903
427713201803.6195             -0.12220877
427714178991.63995            -0.018904865
427715156179.6604             0.006556948
427716133367.68085            -0.036398586
427717110555.70135            0.030497273
427718087743.7218             0.02740103
427719064931.74225            0.000108919165
427720042119.7627             0.0025749214
427721019307.7832             0.0048105614
427721996495.80365            -0.021411275
427722973683.8241             -0.04806196
427723950871.8446             -0.052121587
427724928059.86505            -0.029269846
427725905247.8855             -0.011978617
427726882435.90594            0.013313795
427727859623.92645            -0.07519104
427728836811.9469             -0.019741934
427729813999.96735            0.0009808408
427730791187.9878             0.013070557
427731768376.0083             0.0027941733
427732745564.02875            0.008147021
427733722752.0492             0.0044526653
427734699940.06964            0.0639075
427735677128.09015            0.014532266
427736654316.1106             -0.004756791
427737631504.13104            0.06331453
427738608692.1515             0.013287675
427739585880.172              -0.07016466
427740563068.19244            -0.008519117
427741540256.2129             -0.055413697
427742517444.2334             -0.01256643
427743494632.25385            0.013034953
427744471820.2743             -0.018774258
427745449008.29474            -0.006923176
427746426196.31525            0.006870393
427747403384.3357             0.03192569
427748380572.35614            0.030578531
427749357760.3766             0.014408566
427750334948.3971             0.0021675378
427751312136.41754            -0.057832018
427752289324.438              -0.082711615
427753266512.45844            -0.08016285
427754243700.47894            -0.04778623
427755220888.4994             -0.02670324
427756198076.51984            -0.03484748
427757175264.5403             0.0036974598
427758152452.5608             -0.016699709
427759129640.58124            -0.0038870561
427760106828.6017             -0.00947947
427761084016.62213            0.07698985
427762061204.64264            -0.029222831
427763038392.6631             0.027096195
427764015580.68353            -0.033151224
427764992768.70404            -0.037570544
427765969956.7245             -0.030548714
427766947144.74493            -0.0012048275
427767924332.7654             0.006077027
427768901520.7859             0.03575265
427769878708.80634            0.016734358
427770855896.8268             -0.0336974
427771833084.8472             -0.016880453
427772810272.86774            0.010289094
427773787460.8882             0.052301183
427774764648.9086             0.026356807
427775741836.9291             0.009488713
427776719024.9496             0.025863888
427777696212.97003            -0.022633672
427778673400.9905             -0.018353622
427779650589.0109             -0.015119738
427780627777.03143            -0.0102858385
427781604965.0519             0.021989046
427782582153.0723             0.027733326
427783559341.0928             -0.023037406
427784536529.1133             0.044676024
427785513717.1337             0.0343399
427786490905.1542             0.05236054
427787468093.1747             0.054947257
427788445281.1951             -0.01314637
427789422469.2156             0.025438732
427790399657.236              0.055424094
427791376845.25653            0.07972492
427792354033.277              0.053105023
427793331221.2974             0.04797929
427794308409.3179             -0.03370542
427795285597.3384             -0.026942197
427796262785.3588             0.061367325
427797239973.3793             0.027820788
427798217161.3997             0.018773625
427799194349.4202             -0.026428938
427800171537.4407             -0.03667122
427801148725.4611             -0.031821914
427802125913.48157            0.01290785
427803103101.5021             -0.018858079
427804080289.5225             0.018453898
427805057477.54297            -0.024661424
427806034665.5635             -0.047812324
427807011853.5839             -0.0061413855
427807989041.6044             0.0002683339
427808966229.6248             0.016840335
427809943417.6453             -0.059732724
427810920605.6658             -0.05258691
427811897793.6862             -0.036916416
427812874981.70667            0.0049433587
427813852169.7272             -0.030327344
427814829357.7476             0.012368429
427815806545.76807            -0.007797738
427816783733.7885             -0.036534425
427817760921.809              0.01882614
427818738109.82947            -0.013226615
427819715297.8499             0.021450713
427820692485.87036            -0.005732982
427821669673.89087            0.015309175
427822646861.9113             -0.010299049
427823624049.93176            0.004816264
427824601237.9522             0.050547093
427825578425.9727             0.0417227
427826555613.99316            0.051470596
427827532802.0136             0.05022822
427828509990.0341             0.055312485
427829487178.05457            -0.0050833467
427830464366.075              0.00866771
427831441554.09546            -0.0029928358
427832418742.11597            0.08884638
427833395930.1364             0.047290012
427834373118.15686            0.0017696301
427835350306.1773             -0.021579452
427836327494.1978             0.023286568
427837304682.21826            0.030870266
427838281870.2387             -0.001983719
427839259058.25916            -0.019987077
427840236246.27966            -0.021128036
427841213434.3001             -0.007730391
427842190622.32056            0.011034246
427843167810.341              0.027710339
427844144998.3615             -0.0044664443
427845122186.38196            0.022539776
427846099374.4024             0.017575858
427847076562.42285            0.031885117
427848053750.44336            -0.019240452
427849030938.4638             -0.036673147
427850008126.48425            -0.08836305
427850985314.50476            -0.049588397
427851962502.5252             0.016665664
427852939690.54565            0.013099127
427853916878.5661             0.018898843
427854894066.5866             -0.021181902
427855871254.60706            0.056582693
427856848442.6275             0.09879856
427857825630.64795            -0.034678765
427858802818.66846            0.019647175
427859780006.6889             0.03131495
427860757194.70935            0.0051759696
427861734382.7298             -0.0085610775
427862711570.7503             0.031083168
427863688758.77075            -0.030462217
427864665946.7912             -0.001972481
427865643134.81165            0.024631504
427866620322.83215            0.004162543
427867597510.8526             -0.021044875
427868574698.87305            -0.037186764
427869551886.89355            -0.029360928
427870529074.914              -0.018377723
427871506262.93445            -0.015035556
427872483450.9549             0.040341653
427873460638.9754             -0.00735351
427874437826.99585            -0.024543824
427875415015.0163             -0.04479184
427876392203.03674            0.01094372
427877369391.05725            -0.008598785
427878346579.0777             0.02340014
427879323767.09814            -0.01606834
427880300955.1186             -0.001412855
427881278143.1391             0.014516325
427882255331.15955            -0.030967116
427883232519.18               -0.02433775
427884209707.20044            -0.008147705
427885186895.22095            0.018368104
427886164083.2414             -0.020612204
427887141271.26184            -0.021759003
427888118459.2823             0.015006959
427889095647.3028             -0.04282576
427890072835.32324            -0.016073884
427891050023.3437             -0.0010413238
427892027211.3642             -0.07008074
427893004399.38464            -0.053198196
427893981587.4051             -0.00082343986
427894958775.42554            0.03973348
427895935963.44604            0.03376188
427896913151.4665             0.044499326
427897890339.48694            0.064665206
427898867527.5074             0.05992569
427899844715.5279             -0.02387046
427900821903.54834            0.07262717
427901799091.5688             0.0048793233
427902776279.58923            -0.039065942
427903753467.60974            -0.052065637
427904730655.6302             0.024233906
427905707843.65063            0.0028278674
427906685031.6711             0.05786455
427907662219.6916             -0.049539022
427908639407.71204            -0.01571841
427909616595.7325             -0.04633859
427910593783.7529             -0.006381871
427911570971.77344            -0.011837563
427912548159.7939             -0.017886575
427913525347.81433            -0.016048212
427914502535.83484            0.0067777284
427915479723.8553             -0.019974696
427916456911.87573            0.038230218
427917434099.8962             0.013159246
427918411287.9167             0.02003419
427919388475.93713            0.02394014
427920365663.9576             -0.02091281
427921342851.978              -0.062353812
427922320039.99854            -0.008189565
427923297228.019              0.08810338
427924274416.0394             0.08203299
427925251604.0599             0.01013227
427926228792.0804             0.026718596
427927205980.1008             -0.041188993
427928183168.1213             0.031841364
427929160356.1417             0.024597395
427930137544.16223            -0.028920066
427931114732.1827             -0.03251366
427932091920.2031             -0.07320205
427933069108.22363            0.02208249
427934046296.2441             -0.032564953
427935023484.2645             -0.028450185
427936000672.285              -0.03399373
427936977860.3055             -0.0343918
427937955048.3259             -0.021893531
427938932236.3464             -0.017454678
427939909424.3668             -0.032889638
427940886612.3873             -0.0071799015
427941863800.4078             -0.030357148
427942840988.4282             0.010820565
427943818176.44867            0.028974324
427944795364.4692             0.023340259
427945772552.4896             -0.0030474695
427946749740.5101             0.00845201
427947726928.5305             -0.013124563
427948704116.551              -0.011791019
427949681304.5715             0.0007073717
427950658492.5919             -0.006843148
427951635680.61237            -0.10027913
427952612868.6329             0.008449436
427953590056.6533             -0.0112736225
427954567244.67377            0.0010727005
427955544432.6943             0.033005934
427956521620.7147             -0.018792385
427957498808.73517            -0.07878282
427958475996.7556             -0.0029408426
427959453184.7761             0.02414541
427960430372.7966             -0.01787816
427961407560.817              -0.00067571714
427962384748.83746            0.040345345
427963361936.858              0.04835445
427964339124.8784             -0.025362052
427965316312.89886            0.00668567
427966293500.9193             0.007292024
427967270688.9398             0.02392502
427968247876.96027            -0.020789707
427969225064.9807             -0.031912323
427970202253.00116            -0.012065017
427971179441.02167            0.015302928
427972156629.0421             -0.00937591
427973133817.06256            -0.0015975073
427974111005.083              0.0953954
427975088193.1035             0.046332505
427976065381.12396            0.012324285
427977042569.1444             -0.017160915
427978019757.1649             0.010427192
427978996945.18536            -0.023459166
427979974133.2058             -0.016101362
427980951321.22626            0.0060517252
427981928509.24677            -0.051584654
427982905697.2672             -0.024329003
427983882885.28766            -0.048303116
427984860073.3081             0.03152308
427985837261.3286             -0.037159193
427986814449.34906            -0.0595121
427987791637.3695             0.009806379
427988768825.38995            -0.0051769735
427989746013.41046            0.013170487
427990723201.4309             -0.01000672
427991700389.45135            0.00721659
427992677577.4718             0.016531715
427993654765.4923             0.01113495
427994631953.51276            0.034977484
427995609141.5332             0.07868857
427996586329.5537             0.008797286
427997563517.57416            0.028972726
427998540705.5946             0.015200935
427999517893.61505            0.040582065
428000495081.63556            -0.02518624
428001472269.656              -0.0050439895
428002449457.67645            -0.027921956
428003426645.6969             -0.049553152
428004403833.7174             -0.042600583
428005381021.73785            -0.0118493615
428006358209.7583             0.02447739
428007335397.77875            -0.0005286519
428008312585.79926            0.013685742
428009289773.8197             0.034244586
428010266961.84015            0.021858836
428011244149.8606             0.0041915313
428012221337.8811             -0.040295895
428013198525.90155            0.0024696914
428014175713.922              -0.002747104
428015152901.94244            0.014179098
428016130089.96295            -0.044432472
428017107277.9834             -0.031436708
428018084466.00385            -0.032737043
428019061654.02435            -0.013461846
428020038842.0448             0.007789332
428021016030.06525            -0.044214632
428021993218.0857             -0.029739158
428022970406.1062             -0.03004705
428023947594.12665            0.022456301
428024924782.1471             -0.012380486
428025901970.16754            -0.024977844
428026879158.18805            0.020471862
428027856346.2085             -0.02808502
428028833534.22894            -0.059154995
428029810722.2494             -0.018756418
428030787910.2699             0.01181831
428031765098.29034            0.03387228
428032742286.3108             0.07396296
428033719474.33124            0.047085848
428034696662.35175            0.070671834
428035673850.3722             0.0061833295
428036651038.39264            0.025123106
428037628226.4131             0.04577252
428038605414.4336             0.039162602
428039582602.45404            -0.01868755
428040559790.4745             -0.0796063
428041536978.495              0.004091762
428042514166.51544            -0.0018505014
428043491354.5359             -0.035645913
428044468542.55634            -0.019908164
428045445730.57684            -0.045974072
428046422918.5973             0.009328847
428047400106.61774            0.012935744
428048377294.6382             -0.0029458965
428049354482.6587             0.030719643
428050331670.67914            0.034890912
428051308858.6996             0.03561596
428052286046.72003            -0.004427962
428053263234.74054            0.0047134534
428054240422.761              0.018218478
428055217610.78143            0.03325075
428055712094.4                -0.0039965925
428056194798.8019             0.051942468
428056689149.8795             -0.03342637
428057171986.8224             -0.03018095
428057666205.359              -0.022743588
428058149174.84283            -0.0817584
428058643260.8385             -0.04205065
428059126362.8633             -0.026059339
428059620316.318              0.04296608
428060103550.8838             -0.013605121
428060597371.7974             0.061352987
428061080738.90424            0.0380672
428061574427.2769             0.027630696
428062057926.9247             0.02791744
428062551482.7564             0.023974169
428063035114.9451             0.046067715
428063528538.2359             0.006773409
428064012302.96564            0.015773706
428064505593.7154             0.036949284
428064989490.9861             0.009860002
428065482649.1949             0.0016734876
428065966679.00653            0.022579648
428066459704.6744             -0.008137581
428066943867.027              0.026669377
428067436760.1539             -0.051194496
428067921055.0475             0.004449366
428068413815.63336            -0.08347222
428068898243.06793            -0.06911923
428069390871.1128             0.0014771767
428069875431.0884             -0.005205907
428070367926.5923             -0.021341756
428070852619.1088             0.028193759
428071344982.0718             0.018506078
428071829807.12933            -0.004728657
428072322037.5513             0.054774098
428072806995.1498             0.026423698
428073299093.03076            -0.020149708
428073784183.1702             0.005763227
428074276148.51025            -0.029500334
428074761371.1907             -0.0049911886
428075253203.98975            -0.015320411
428075738559.2112             0.00068279554
428076230259.46924            0.009461114
428076715747.2316             0.0029188846
428077207314.94867            0.0032139325
428077692935.2521             0.036296315
428078184370.42816            -0.09081138
428078670123.2725             -0.052420054
428079161425.90765            0.037383344
428079647311.293              -0.0611959
428080138481.38715            0.05629973
428080624499.3135             0.017814625
428081115536.86664            0.0012064257
428081601687.3339             0.0029704804
428082092592.3461             0.048058823
428082578875.35443            0.042993385
428083069647.8256             0.027936634
428083556063.3749             0.012237326
428084046703.3051             0.07570371
428084533251.3953             0.06259015
428085023758.7846             -0.00029831543
428085510439.4158             0.04295046
428086000814.26404            -0.06598651
428086487627.4363             -0.031287044
428086977869.7435             0.0008492828
428087464815.4567             -0.035001677
428087954925.223              0.038259838
428088442003.4772             -0.024941955
428088931980.7025             0.050216623
428089419191.4976             0.037185494
428089909036.182              0.0014700253
428090396379.5181             0.012314156
428090886091.6615             -0.029542726
428091373567.5386             -0.029896086
428091863147.141              0.0149761615
428092350755.559              -0.014592407
428092840202.6205             0.00035652955
428093327943.57947            0.03871312
428093817258.1                0.042855024
428094305131.6                0.02448896
428094794313.5794             0.03210623
428095282319.6204             0.020832725
428095771369.0589             0.0074527385
428096259507.64087            0.009430924
428096748424.5384             -0.08767208
428097236695.6613             -0.030378813
428097725480.0179             -0.044031385
428098213883.6818             -0.11123238
428098702535.4974             0.058220685
428099191071.7023             0.0024335093
428099679590.97687            0.054663
428100168259.7227             0.038772646
428100656646.45636            0.023079783
428101145447.74316            0.01934905
428101633701.93585            0.024621628
428102122635.7637             0.009472139
428102610757.4153             -0.052541595
428103099823.7841             -0.05828199
428103587812.8948             -0.012583596
428104077011.80457            -0.043525565
428104564868.37427            -0.016418008
428105054199.8251             0.0021333839
428105541923.85376            0.033008847
428106031387.8455             0.036895666
428106518979.33325            -0.010564136
428107008575.86597            0.02020702
428107496034.81274            -0.024267105
428107985763.8864             -0.06477937
428108473090.29224            0.020031884
428108962951.9069             0.0024661627
428109450145.7717             -0.022168545
428109940139.92737            -0.014936619
428110427201.2512             -0.0005940939
428110917327.9478             -0.014702793
428111404256.73065            0.059185088
428111894515.96826            0.010878394
428112381312.21014            -0.006244669
428112871703.9888             0.019073643
428113358367.68964            0.003553471
428113848892.0092             0.0021025022
428114335423.1691             0.01979413
428114826080.02966            0.018630652
428115312478.6486             -0.028721718
428115803268.0501             0.0028251917
428116289534.1281             0.049431898
428116780456.0706             0.011877218
428117266589.6076             0.06976772
428117757644.09106            0.078496926
428118243645.0871             -0.010041243
428118734832.1115             0.003876909
428119220700.5666             0.014972971
428119712020.13196            0.0226454
428120197756.046              -0.01375267
428120689208.15247            -0.04489588
428121174811.5255             0.064364225
428121666396.1729             0.013069687
428122151867.005              0.044491816
428122643584.19336            0.022183623
428123128922.4845             0.006220044
428123620772.2138             -0.033880327
428124105977.964              -0.033402722
428124597960.2343             -0.03666255
428125083033.4435             -0.041853476
428125575148.25476            0.003343857
428126060088.923              -0.026806286
428126552336.2752             -0.05809125
428127037144.40247            0.0070361495
428127529524.2957             0.00440719
428128014199.8819             -0.028578684
428128506712.31616            -0.021205787
428128991255.3614             0.020442255
428129483900.3366             -0.04100826
428129968310.8409             -0.0014714834
428130461088.35706            -0.025491633
428130945366.3204             0.046385717
428131438276.37756            0.053479232
428131922421.79987            -0.009004592
428132415464.398              0.00010931235
428132899477.27936            -0.03159182
428133392652.41846            -0.041775692
428133876532.75885            -0.00916588
428134369840.4389             -0.044112097
428134853588.23834            0.020403946
428135347028.4594             0.019474693
428135830643.71783            0.10291103
428136324216.47986            0.030431269
428136807699.19727            0.04600979
428137301404.5003             0.03535967
428137784754.67676            0.019855492
428138278592.52075            -0.004425595
428138761810.15625            -0.036054894
428139255780.54126            -0.022076722
428139738865.63574            0.018262217
428140232968.5617             0.025708934
428140715921.11523            -0.009754369
428141210156.58215            0.0021096957
428141692976.5947             -0.039121814
428142187344.6026             -0.053404804
428142670032.0742             0.041325882
428143164532.6231             0.030503832
428143647087.5537             -0.049859967
428144141720.64355            -0.0032691015
428144624143.0332             -0.08513322
428145118908.664              -0.06888129
428145601198.51263            -0.08779301
428146096096.6845             -0.060823772
428146578253.9921             -0.07388045
428147073284.70496            -0.044193987
428147555309.4716             -0.02146285
428148050472.7254             -0.052356843
428148532364.9511             0.009813841
428149027660.74585            0.05049898
428149509420.4306             0.0503888
428150004848.76636            0.06736249
428150486475.9101             0.0023500235
428150982036.7868             -0.004765901
428151463531.3896             0.056649193
428151959224.80725            0.0197329
428152440586.8691             -0.03902594
428152936412.8277             -0.033019915
428153417642.3485             -0.0011737662
428153913600.8482             0.021225955
428154394697.828              -0.022561861
428154890788.86865            -0.011150632
428155371753.3075             0.021391204
428155867976.8891             -0.04342661
428156348808.787              0.032901734
428156845164.90955            0.0025679602
428157325864.2665             0.033092644
428157822352.93005            -0.019928567
428158302919.746              0.0073469505
428158799540.9505             -0.020558871
428159279975.22546            0.027344381
428159776728.97095            0.017141147
428160257030.70496            -0.00047504136
428160753916.9914             0.027575713
428161234086.18445            -0.006817997
428161731105.0119             0.008814781
428162211141.6639             -0.0002678549
428162708293.03235            0.030046506
428163188197.1434             -0.009910837
428163685481.0528             0.003590848
428164165252.62286            0.012005919
428164662669.07324            -0.0019356124
428165142308.10236            -0.0024425017
428165639857.09375            0.029094338
428166119363.58185            0.002391654
428166617045.1142             -0.022486078
428167096419.06134            0.023447815
428167594233.13464            -0.022286225
428168073474.54083            -0.023487337
428168571421.15515            -0.01349174
428169050530.0203             -0.010632649
428169548609.1756             -0.062034726
428170027585.4998             -0.015616234
428170525797.19604            -0.04055331
428171004640.97925            0.07673104
428171502985.2165             0.011221924
428171981696.45874            0.013693029
428172480173.237              -0.0015817387
428172958751.93823            -0.00039785838
428173457361.25745            -0.014397128
428173935807.4177             -0.019110262
428174434549.2779             -0.007966099
428174912862.8972             0.0031239234
428175411737.29834            0.011102445
428175889918.3767             -0.0012253262
428176388925.31885            0.01821959
428176866973.8562             -0.0003478746
428177366113.3393             -0.009856652
428177844029.3357             0.029836012
428178343301.35974            -0.016151574
428178821084.8151             0.07024913
428179320489.3802             0.013886598
428179798140.2946             0.019515019
428180297677.4007             0.026456678
428180775195.7741             0.008919148
428181274865.42114            0.03398887
428181752251.2536             0.025250064
428182252053.4416             0.040387463
428182729306.7331             0.057951313
428183229241.46204            0.029620875
428183706362.2126             -0.0017726108
428184206429.48254            0.018148446
428184683417.6921             -0.023535056
428185183617.503              0.01747458
428185660473.1716             -0.035467893
428186160805.52344            0.016097555
428186637528.65106            -0.0037723249
428187137993.5439             0.015198756
428187614584.1305             0.011350452
428188115181.5644             0.03898973
428188591639.61               -0.007479808
428189092369.58484            0.0055655753
428189568695.0895             0.0079416055
428190069557.6053             -0.025073636
428190545750.569              0.013461137
428191046745.6258             0.022265075
428191522806.04846            0.037962064
428192023933.64624            0.01382981
428192499861.52795            0.011475892
428193001121.6667             0.0066322857
428193476917.00745            -0.023161799
428193978309.68713            -0.007748904
428194453972.48694            -0.0011463445
428194955497.70764            0.03197489
428195431027.96643            0.006985826
428195932685.7281             0.051234014
428196408083.44586            0.026688023
428196909873.74854            -0.000986301
428197385138.92535            0.028274631
428197887061.769              0.0025887087
428198362194.40485            0.026023267
428198864249.7895             0.033110283
428199339249.88434            -0.008328424
428199841437.80994            0.037945237
428200316305.36383            -0.0020274285
428200818625.8304             -0.0059611234
428201293360.8433             0.05606954
428201795813.8508             0.034560855
428202270416.3228             0.0031676348
428202773001.87134            0.03837568
428203247471.8023             -0.0035633605
428203750189.8918             0.057153966
428204224527.28174            -0.002682366
428204727377.91223            0.005553916
428205201582.7612             0.00816416
428205704565.9327             0.032041125
428206178638.2407             0.019807385
428206681753.9532             0.042326428
428207155693.7202             0.03387027
428207658941.97363            0.03617598
428208132749.1997             0.007942602
428208636129.9941             0.025263563
428209109804.6792             0.038676687
428209613318.0146             0.034162384
428210086860.1587             0.008123754
428210590506.03503            0.008760386
428211063915.6382             0.003291723
428211567694.0555             0.023235355
428212040971.1177             -0.01438263
428212544882.0759             0.020586997
428213018026.5971             -0.0209478
428213522070.09644            -0.0060034203
428213995082.0766             -0.035992257
428214499258.1169             0.015665833
428214972137.5561             -0.020900942
428215476446.1373             -0.011332544
428215949193.0356             0.029530466
428216453634.1578             0.026055954
428216926248.5151             -0.025930509
428217430822.1783             0.042905357
428217903303.99457            -0.0031542832
428218408010.1987             0.0038680588
428218880359.47406            0.065005876
428219385198.2192             0.027609449
428219857414.95355            0.0057223896
428220362386.2396             0.05446567
428220834470.43304            -0.017330399
428221339574.26013            -0.03872739
428221811525.9125             -0.016450921
428222316762.2806             -0.043056753
428222788581.39197            -0.075761944
428223293950.301              -0.072225764
428223765636.87146            -0.04737162
428224271138.3215             -0.08659704
428224742692.35095            -0.027065974
428225248326.342              -0.040640272
428225719747.83044            -0.03206737
428226225514.3624             0.024132231
428226696803.30994            -0.060487628
428227202702.3829             -0.037318263
428227673858.7894             -0.02693419
428228179890.4033             -0.032450926
428228650914.2689             0.0502471
428229157078.4238             -0.00399999
428229627969.74835            0.023499817
428230134266.4443             0.012221767
428230605025.22784            -0.009709264
428231582080.70734            0.053209573
428232559136.1868             0.033269234
428233536191.6663             -0.019328544
428234513247.1458             0.021997716
428235490302.6253             -0.041040845
428236467358.1048             -0.022420071
428237444413.5843             0.06258396
428238421469.0637             0.015608636
428239398524.5432             0.01100733
428240375580.0227             -0.003416833
428241352635.5022             -0.033898164
428242329690.9817             0.024552023
428243306746.4612             0.032922108
428244283801.9407             -0.019934481
428245260857.42017            -0.013551929
428246237912.89966            -0.06848222
428247214968.3791             -0.015520173
428248192023.8586             0.02100481
428249169079.3381             0.076508366
428250146134.81757            0.04860461
428251123190.29706            0.022315077
428252100245.77655            0.0033558123
428253077301.25604            0.005103076
428254054356.73553            0.013748356
428255031412.21497            -0.0040822336
428256008467.69446            -0.007520596
428256985523.17395            -0.01940339
428257962578.65344            -0.014102464
428258939634.13293            -0.011809639
428259916689.6124             0.028908418
428260893745.0919             0.008228236
428261870800.5714             0.008694118
428262847856.0509             -0.022480166
428263824911.53033            0.013959716
428264801967.0098             -0.024791235
428265779022.4893             -0.041628506
428266756077.9688             -0.050625227
428267733133.4483             0.029178085
428268710188.9278             0.055948514
428269687244.4073             -0.024160128
428270664299.8868             -0.00085125235
428271641355.3663             0.0075407512
428272618410.8457             0.0004038659
428273595466.3252             0.021486476
428274572521.8047             0.02495173
428275549577.2842             -0.016827352
428276526632.7637             -0.023704283
428277503688.24316            0.010975345
428278480743.72266            0.0013076174
428279457799.20215            -0.01754864
428280434854.6816             -0.001963657
428281411910.1611             0.0026725102
428282388965.64056            -0.030641379
428283366021.12006            -0.024145992
428284343076.59955            0.027760055
428285320132.07904            -0.012206778
428286297187.55853            -0.026585164
428287274243.038              -0.0072856126
428288251298.5175             -0.03548216
428289228353.99695            -0.019344851
428290205409.47644            0.03818951
428291182464.95593            0.013739478
428292159520.4354             -0.023747874
428293136575.9149             0.05859689
428294113631.3944             -0.023003673
428295090686.8739             -0.014638397
428296067742.3534             -0.03339855
428297044797.8329             0.01731488
428298021853.3123             -0.0033276528
428298998908.7918             0.014278952
428299975964.2713             -0.04028232
428300953019.7508             0.023829885
428301930075.2303             -0.013869347
428302907130.7098             -0.021584652
428303884186.1893             -0.02160966
428304861241.66876            -0.020603156
428305838297.1482             0.021499222
428306815352.6277             0.025259554
428307792408.1072             0.018296963
428308769463.5867             0.017673269
428309746519.06616            0.014842978
428310723574.54565            -0.018143015
428311700630.02515            0.028682925
428312677685.50464            0.06412363
428313654740.98413            0.018113095
428314631796.46356            0.030750187
428315608851.94305            0.01566758
428316585907.42255            0.007864564
428317562962.90204            0.0077122077
428318540018.38153            0.03774491
428319517073.861              0.03770651
428320494129.3405             -0.027553676
428321471184.82               -0.032591768
428322448240.2995             0.021515831
428323425295.77893            0.050919343
428324402351.2584             0.049735934
428325379406.7379             0.07007117
428326356462.2174             0.020028047
428327333517.6969             -0.0547359
428328310573.1764             -0.05371504
428329287628.6559             -0.031674623
428330264684.1354             -0.01354087
428331241739.6148             0.04156907
428332218795.0943             0.0014393664
428333195850.5738             -0.01824868
428334172906.0533             0.013450538
428335149961.5328             0.007621896
428336127017.01227            0.034408882
428337104072.49176            0.012301042
428338081127.97125            0.0011235079
428339058183.45074            -0.02412027
428340035238.9302             -0.011856735
428341012294.40967            0.012493527
428341989349.88916            -0.02532166
428342966405.36865            0.0071903295
428343943460.84814            -0.0038806703
428344920516.32764            -0.009068448
428345897571.8071             0.015192456
428346874627.2866             -0.0010377908
428347851682.7661             -0.0256045
428348828738.24554            -0.032325573
428349805793.72504            -0.0040444145
428350782849.2045             -0.05634049
428351759904.684              0.0047325967
428352736960.1635             -0.006688281
428353714015.643              0.014061795
428354691071.1225             0.041283537
428355668126.602              -0.010826101
428356645182.0814             0.018592212
428357622237.5609             0.016677765
428358599293.0404             0.013511537
428359576348.5199             0.012508091
428360553403.9994             -0.045806002
428361530459.4789             -0.036012907
428362507514.9584             -0.031691175
428363484570.43787            -0.009271481
428364461625.91736            0.037493505
428365438681.3968             0.009201817
428366415736.8763             -0.016048513
428367392792.3558             -0.009511259
428368369847.83527            -0.02320088
428369346903.31476            -0.0064558266
428370323958.79425            0.03071162
428371301014.27374            -0.03138011
428372278069.75323            -0.0350736
428373255125.2327             -0.037566304
428374232180.71216            0.036535762
428375209236.19165            -0.0040564453
428376186291.67114            0.017668549
428377163347.15063            -0.014707817
428378140402.6301             -0.041182417
428379117458.1096             0.029302504
428380094513.5891             0.0025312656
428381071569.0686             0.0142678805
428382048624.54803            0.021507574
428383025680.0275             -0.030117521
428384002735.507              -0.03226553
428384979790.9865             0.023663193
428385956846.466              0.003251129
428386933901.9455             0.036956765
428387910957.425              -0.04858041
428388888012.9045             -0.02031636
428389865068.384              -0.016073685
428390842123.8634             -0.03092616
428391819179.3429             0.02586621
428392796234.8224             0.022402264
428393773290.3019             0.0012091672
428394750345.7814             -0.03780312
428395727401.26086            -0.03732196
428396704456.74036            -0.00511001
428397681512.21985            0.033653352
428398658567.69934            -0.008515962
428399635623.1788             -0.066707194
428400612678.65826            -0.021500738
428401589734.13776            -0.020186191
428402566789.61725            -0.068917625
428403543845.09674            -0.0051355963
428404520900.57623            -0.030670905
428405497956.0557             -0.033777338
428406475011.5352             -0.0033991628
428407452067.01465            -0.011549633
428408429122.49414            -0.0088796895
428409406177.97363            -0.041332036
428410383233.4531             -0.028455723
428411360288.9326             -0.037984785
428412337344.4121             0.02184044
428413314399.8916             -0.0011795419
428414291455.3711             0.012925327
428415268510.8506             0.008185769
428416245566.33               -0.012381272
428417222621.8095             -0.04317846
428418199677.289              -0.05919983
428419176732.7685             -0.045883827
428420153788.248              0.03214611
428421130843.7275             0.06391139
428422107899.207              0.05421193
428423084954.68646            0.0023328937
428424062010.16595            -0.050314046
428425039065.6454             -0.0073489994
428426016121.1249             0.024731321
428426993176.6044             -0.0062607294
428427970232.08386            0.013796652
428428947287.56335            -0.028939951
428429924343.04285            -0.01674892
428430901398.52234            0.01942726
428431878454.00183            0.016323958
428432855509.48126            -0.0045962892
428433832564.96075            -0.029684106
428434809620.44025            0.008919655
428435786675.91974            0.024087934
428436763731.39923            0.019576281
428437740786.8787             -0.012486856
428438717842.3582             -0.056960795
428439694897.8377             -0.030925162
428440671953.3172             -0.009485429
428441649008.79663            -0.039923083
428442626064.2761             -0.013423057
428443603119.7556             0.0067046955
428444580175.2351             0.012541137
428445557230.7146             -0.022712672
428446534286.1941             0.055497073
428447511341.6736             0.08506214
428448488397.1531             0.070140876
428449465452.63257            -0.021187244
428450442508.112              -0.034769
428451419563.5915             -0.008319635
428452396619.071              -0.021600388
428453373674.5505             -0.04958812
428454350730.02997            0.010305231
428455327785.50946            -0.00441124
428456304840.98895            0.012561208
428457281896.46844            0.03692734
428458258951.9479             0.009669676
428459236007.42737            0.050843667
428460213062.90686            0.061398007
428461190118.38635            0.03465816
428462167173.86584            0.012691614
428463144229.34534            -0.031228762
428464121284.8248             -0.025061006
428465098340.3043             0.011218879
428466075395.7838             0.018873433
428467052451.26324            0.011541937
428468029506.74274            -0.030923449
428469006562.2222             -0.014592388
428469983617.7017             0.0069803265
428470960673.1812             0.042703897
428471937728.6607             0.029669408
428472914784.1402             0.0034283558
428473891839.6197             0.0155637525
428474868895.0992             -0.0032765768
428475845950.5786             -0.026863595
428476823006.0581             -0.07579281
428477800061.5376             -0.01784497
428478777117.0171             0.0027311607
428479754172.4966             0.038291425
428480731227.9761             -0.0033015057
428481708283.45557            -0.0016112657
428482685338.93506            -0.008557159
428483662394.4145             -0.015055985
428484639449.894              0.012682186
428485616505.3735             -0.028745627
428486593560.85297            -0.014484081
428487570616.33246            -0.014313538
428488547671.81195            -0.039058946
428489524727.29144            -0.015871193
428490501782.77094            -0.011854502
428491478838.2504             -0.012104282
428492455893.72986            -0.0057135704
428493432949.20935            -0.005147865
428494410004.68884            0.026477383
428495387060.16833            -0.013226185
428496364115.6478             0.01031289
428497341171.1273             0.028836621
428498318226.6068             0.033127386
428499295282.0863             0.053113297
428500272337.5658             -0.0009157387
428501249393.0452             0.023201462
428502226448.5247             0.05333961
428503203504.0042             -0.039817456
428504180559.4837             -0.0034590578
428505157614.9632             -0.0033799584
428506134670.4427             -0.008618603
428507111725.9222             0.03614077
428508088781.4017             0.037480734
428509065836.8811             -0.0028107155
428510042892.3606             -0.018228916
428511019947.8401             -0.0036992934
428511997003.3196             0.027099853
428512974058.7991             -0.010771578
428513951114.27856            0.024117729
428514928169.75806            -0.03106485
428515905225.23755            -0.03831867
428516882280.71704            -0.034592733
428517859336.1965             -0.055721145
428518836391.67596            -0.07339189
428519813447.15546            -0.06662336
428520790502.63495            -0.01139442
428521767558.11444            0.02996864
428522744613.59393            0.07612012
428523721669.0734             0.011924555
428524698724.5529             0.02413426
428525675780.0324             -0.060023326
428526652835.51184            -0.07914306
428527629890.99133            -0.05699169
428528606946.4708             0.0138055235
428529584001.9503             -0.029780988
428530561057.4298             0.004660909
428531538112.9093             0.060666557
428532515168.3888             0.03056726
428533492223.8683             0.0054910844
428534469279.3477             -0.01388154
428535446334.8272             0.005407343
428536423390.3067             -0.0056137843
428537400445.7862             -0.06307711
428538377501.2657             -0.024084143
428539354556.7452             -0.035766702
428540331612.2247             0.004211802
428541308667.70416            -0.021397913
428542285723.18365            -0.030463928
428543262778.6631             0.029217377
428544239834.1426             0.00067215326
428545216889.6221             0.018695775
428546193945.10156            0.021070411
428547171000.58105            0.01906984
428548148056.06055            0.014075151
428549125111.54004            -0.027606254
428550102167.01953            -0.021349942
428551079222.499              -0.03316806
428552056277.97845            -0.027791733
428553033333.45795            -0.01703699
428554010388.93744            0.072279386
428554987444.41693            0.030484729
428555964499.8964             0.045974333
428556941555.3759             -0.0056489795
428557918610.8554             0.009715447
428558895666.3349             0.002412464
428559872721.81433            -0.033377316
428560849777.2938             -0.017847
428561826832.7733             -0.024360197
428562803888.2528             -0.008821648
428563780943.7323             -0.022075258
428564757999.2118             -0.041661285
428565735054.6913             -0.01983882
428566712110.1708             -0.019117823
428567689165.65027            0.01620846
428568666221.1297             -0.0049019745
428569643276.6092             0.007198546
428570620332.0887             -0.012067026
428571597387.5682             -0.0022103922
428572574443.04767            0.0010459555
428573551498.52716            0.0075490368
428574528554.00665            0.006998278
428575505609.48615            0.0018369436
428576482664.96564            -0.0061552417
428577459720.44507            -0.018566156
428578436775.92456            -0.031285625
428579413831.40405            -0.012920039
428580390886.88354            -0.00554112
428581367942.36304            -0.0056640087
428582344997.8425             0.022030817
428583322053.322              0.032880057
428584299108.8015             0.011193344
428585276164.28094            -0.022611586
428586253219.76044            0.03486586
428587230275.2399             0.02242812
428588207330.7194             0.0011583137
428589184386.1989             -0.039929934
428590161441.6784             0.0004881123
428591138497.1579             0.021831557
428592115552.6374             -0.049994733
428593092608.1169             -0.0155467205
428594069663.5963             -0.025671441
428595046719.0758             -0.044656273
428596023774.5553             -0.056154806
428597000830.0348             -0.019864798
428597977885.5143             -0.018174179
428598954940.9938             0.0027892897
428599931996.47327            -0.019107394
428600909051.95276            0.021354642
428601886107.43225            -0.009459522
428602863162.9117             -0.025659924
428603840218.3912             -0.0033092038
428604817273.87067            -0.005329755
428605794329.35016            0.024213303
428606771384.82965            0.005040475
428607748440.30914            0.046576686
428608725495.78864            0.011681053
428609702551.2681             0.052757755
428610679606.74756            -0.030487468
428611656662.22705            -0.06392564
428612633717.70654            0.02071692
428613610773.18604            0.048394144
428614587828.6655             -0.011967714
428615564884.145              -0.03610687
428616541939.6245             -0.01756813
428617518995.104              -0.06702562
428618496050.5835             0.035314463
428619473106.0629             0.00762564
428620450161.5424             -0.034038093
428621427217.0219             -0.044381745
428622404272.5014             0.0028321268
428623381327.9809             0.03229062
428624358383.4604             0.025104139
428625335438.9399             0.007054951
428626312494.4194             0.01149978
428627289549.89886            -0.024661254
428628266605.3783             0.011184849
428629243660.8578             -0.025563398
428630220716.3373             0.027542902
428631197771.8168             0.023603536
428632174827.29626            -0.0032648796
428633151882.77576            -0.0037942687
428634128938.25525            0.030812519
428635105993.73474            -0.008469295
428636083049.2142             0.0017937507
428637060104.69366            -0.01611806
428638037160.17316            -0.016720235
428639014215.65265            0.015630415
428639991271.13214            0.027539074
428640968326.61163            -0.031025706
428641945382.0911             0.028859828
428642922437.5706             -0.016077233
428643899493.0501             -0.0025758003
428644876548.52954            -0.0037941446
428645853604.00903            -0.009259123
428646830659.4885             -0.012119834
428647807714.968              -0.0017104099
428648784770.4475             -0.0069718133
428649761825.927              -0.05247535
428650738881.4065             0.01855544
428651715936.886              -0.04601369
428652692992.3655             -0.005124888
428653670047.8449             0.031119158
428654647103.3244             0.0058002826
428655624158.8039             -0.0029582765
428656601214.2834             0.026417704
428657578269.7629             0.04943062
428658555325.2424             0.040154546
428659532380.72186            0.012234341
428660509436.20135            -0.039638247
428661486491.6808             -0.02716907
428662463547.1603             0.024896486
428663440602.6398             -0.02058044
428664417658.11926            -0.009443307
428665394713.59875            -0.023920434
428666371769.07825            -0.0077538546
428667348824.55774            0.008308384
428668325880.03723            -0.0033006603
428669302935.5167             0.03420224
428670279990.99615            0.05453374
428671257046.47565            0.04663666
428672234101.95514            -0.00031496832
428673211157.43463            -0.041696277
428674188212.9141             -0.037253276
428675165268.3936             0.062248442
428676142323.8731             0.054066528
428677119379.3526             -0.000870393
428678096434.8321             0.015432566
428679073490.3115             0.010864182
428680050545.791              0.040121373
428681027601.2705             0.016858155
428682004656.75               -0.020770438
428682981712.2295             0.022712579
428683958767.709              -0.06269519
428684935823.1885             -0.012492215
428685912878.66797            0.012949478
428686889934.1474             0.018073736
428687866989.6269             0.0327786
428688844045.1064             0.0040820786
428689821100.5859             0.007861049
428690798156.06537            0.01386837
428691775211.54486            -0.0049085594
428692752267.02435            0.016324956
428693729322.50385            -0.006882984
428694706377.98334            -0.010553139
428695683433.46277            -0.00031011488
428696660488.94226            -0.0023283383
428697637544.42175            -0.0059231394
428698614599.90125            0.019843874
428699591655.38074            0.020023046
428700568710.8602             0.03573366
428701545766.3397             -0.029330866
428702522821.8192             -0.02652948
428703499877.2987             -0.03672182
428704476932.77814            -0.018802397
428705453988.2576             0.01550767
428706431043.7371             -0.023564935
428707408099.2166             -0.012497584
428708385154.6961             0.028598594
428709362210.1756             -0.014826179
428710339265.6551             0.01975326
428711316321.1346             0.012373199
428712293376.614              0.0035729764
428713270432.0935             -0.027888691
428714247487.573              -0.0040580058
428715224543.0525             -0.0042001307
428716201598.532              0.008896457
428717178654.0115             0.010506338
428718155709.49097            0.0540702
428719132764.97046            0.050648015
428720109820.44995            -0.016595125
428721086875.9294             -0.04221383
428722063931.4089             0.010373696
428723040986.88837            0.044475634
428724018042.36786            0.020931222
428724995097.84735            -0.007309165
428725972153.32684            0.013109308
428726949208.80634            0.039400868
428727926264.2858             -0.018538237
428728903319.7653             -0.027663764
428729880375.24475            -0.049798384
428730857430.72424            -0.075623125
428731834486.20374            -0.037541416
428732811541.6832             -0.042845104
428733788597.1627             -0.037381597
428734765652.6422             -0.015767679
428735742708.1217             0.018041035
428736719763.6012             -0.011970573
428737696819.0806             -0.011641401
428738673874.5601             -0.0138368085
428739650930.0396             -0.039041243
428740627985.5191             0.041667853
428741605040.9986             0.0033793033
428742582096.4781             -0.002859719
428743559151.9576             0.028221173
428744536207.4371             -0.016562507
428745513262.91656            0.014087271
428746490318.396              0.023870468
428747467373.8755             0.02421883
428748444429.355              0.026753973
428749421484.8345             -0.016934218
428750398540.31396            -0.04708937
428751375595.79346            -0.058503397
428752352651.27295            0.0238563
428753329706.75244            0.0048400317
428754306762.23193            -0.048954472
428755283817.71136            0.037335902
428756260873.19086            0.014404328
428757237928.67035            0.072317064
428758214984.14984            -0.002480977
428759192039.62933            0.0042396723
428760169095.1088             -0.012732732
428761146150.5883             -0.022598032
428762123206.0678             -0.057292644
428763100261.54724            -0.03762109
428764077317.02673            0.007326271
428765054372.5062             -0.025363935
428766031427.9857             0.005302574
428767008483.4652             0.050349336
428767985538.9447             0.021803789
428768962594.4242             0.021519935
428769939649.9037             -0.03329043
428770916705.3832             -0.031415522
428771893760.8626             -0.025609061
428772870816.3421             0.04787798
428773847871.8216             0.08772533
428774824927.3011             0.013659095
428775801982.7806             -0.015224487
428776779038.2601             -0.018070363
428777756093.73956            0.00408267
428778733149.21906            -0.043083776
428779710204.69855            0.02586729
428780687260.178              0.035251718
428781664315.6575             -0.046329483
428782641371.13696            0.002010269
428783618426.61646            0.08127621
428784595482.09595            -0.0072872355
428785572537.57544            -0.046968825
428786549593.05493            -0.04530352
428787526648.5344             -0.04958335
428788503704.01385            -0.0087024495
428789480759.49335            -0.035516873
428790457814.97284            -0.021936495
428791434870.45233            -0.024735615
428792411925.9318             -0.0058640186
428793388981.4113             -0.014604556
428794366036.8908             0.0013064705
428795343092.3703             0.113116495
428796320147.8498             0.00912491
428797297203.3292             -0.061284553
428798274258.8087             -0.017143575
428799251314.2882             0.010146241
428800228369.7677             -0.027402934
428801205425.2472             0.022375567
428802182480.7267             0.01361587
428803159536.2062             -0.0075976015
428804136591.68567            -0.08675138
428805113647.16516            -0.050332278
428806090702.6446             0.0093619935
428807067758.1241             0.015226405
428808044813.6036             0.024925373
428809021869.08307            0.028310927
428809998924.56256            -0.02957745
428810975980.04205            -0.025196375
428811953035.52155            -0.014364162
428812930091.00104            0.03849683
428813907146.48047            0.022513362
428814884201.95996            0.0035914818
428815861257.43945            -0.028664004
428816838312.91895            0.060760684
428817815368.39844            -0.030240886
428818792423.8779             -0.017374465
428819769479.3574             -0.034615897
428820746534.8369             0.004849473
428821723590.3164             -0.020940924
428822700645.79584            0.06275729
428823677701.2753             0.025894418
428824654756.7548             -0.005661862
428825631812.2343             -0.010540378
428826608867.7138             0.0011892421
428827585923.1933             -0.035672773
428828562978.6728             -0.045649044
428829540034.1523             -0.03595268
428830517089.6318             -0.012348803
428831494145.1112             0.009202418
428832471200.5907             0.024805896
428833448256.0702             0.013521462
428834425311.5497             -0.042730123
428835402367.0292             0.037225854
428836379422.50867            0.010254113
428837356477.98816            -0.0004848678
428838333533.46765            0.012874343
428839310588.9471             -0.021630624
428840287644.4266             -0.019498337
428841264699.90607            0.041360598
428842241755.38556            0.012663074
428843218810.86505            -0.01239555
428844195866.34454            -0.00718119
428845172921.82404            0.012177687
428846149977.3035             -0.032432925
428847127032.783              0.009122921
428848104088.26245            0.013663576
428849081143.74194            0.01226461
428850058199.22144            0.00073601084
428851035254.7009             -0.023371484
428852012310.1804             0.020679865
428852989365.6599             -0.031379085
428853966421.1394             -0.020655321
428854943476.6189             0.02324993
428855920532.0984             0.06145846
428856897587.5778             -0.01995808
428857874643.0573             0.01658468
428858851698.5368             -0.00476693
428859828754.0163             0.005471409
428860805809.4958             0.07411855
428861782864.9753             0.069984704
428862759920.4548             0.0041264566
428863736975.93427            -0.0022502926
428864714031.4137             -0.029636005
428865691086.8932             -0.011919689
428866668142.3727             -0.0011159574
428867645197.8522             0.011476209
428868622253.33167            -0.00028534073
428869599308.81116            0.03500984
428870576364.29065            0.04340098
428871553419.77014            -0.062670566
428872530475.24963            -0.05221155
428873507530.72906            0.04065316
428874484586.20856            -0.004937709
428875461641.68805            -0.017699223
428876438697.16754            0.0017815231
428877415752.64703            -0.0010427118
428878392808.1265             0.0010606593
428879369863.606              -0.019683408
428880346919.0855             -0.021410445
428881323974.565              0.0078115556
428882301030.04443            0.006234193
428883278085.5239             0.0033832646
428884255141.0034             -0.021573018
428885232196.4829             0.005365609
428886209251.9624             -0.03934251
428887186307.4419             -0.0175932
428888163362.9214             -0.007838864
428889140418.4009             0.039715745
428890117473.8803             -0.049643844
428891094529.3598             -0.00742022
428892071584.8393             0.009882264
428893048640.3188             -0.042875268
428894025695.7983             -0.0075015505
428895002751.2778             -0.011155227
428895979806.75726            -0.014579321
428896956862.23676            0.033217974
428897933917.71625            0.023308218
428898910973.1957             0.025204957
428899888028.6752             0.03746222
428900865084.15466            -0.013923394
428901842139.63416            -0.033972014
428902819195.11365            -0.0037803883
428903796250.59314            0.014428802
428904773306.07263            -0.0095184315
428905750361.5521             -0.015555622
428906727417.0316             0.0068335775
428907704472.51105            0.0055878717
428908681527.99054            -0.03653602
428909658583.47003            -0.024986925
428910635638.9495             -0.03424189
428911612694.429              0.036257323
428912589749.9085             0.01923563
428913566805.388              0.015951356
428914543860.8675             0.003835687
428915520916.3469             -0.0058391783
428916497971.8264             -0.0024796235
428917475027.3059             -0.026976164
428918452082.7854             -0.010776514
428919429138.2649             0.006082374
428920406193.7444             0.04167862
428921383249.2239             0.041077234
428922360304.70337            -0.030632172
428923337360.18286            -0.019267337
428924314415.6623             -0.005532812
428925291471.1418             -0.035690144
428926268526.6213             -0.03796504
428927245582.10077            0.028974118
428928222637.58026            0.027794657
428929199693.05975            0.03323858
428930176748.53925            -0.012202206
428931153804.01874            -0.005100441
428932130859.4982             0.0038231632
428933107914.97766            0.02568169
428934084970.45715            0.062318083
428935062025.93665            -0.020432528
428936039081.41614            -0.06623151
428937016136.8956             -0.05086468
428937993192.3751             0.033093777
428938970247.8546             0.016836692
428939947303.3341             0.013682308
428940924358.81354            -0.0034699128
428941901414.293              0.010683653
428942878469.7725             -0.02140224
428943855525.252              0.009471376
428944832580.7315             0.017578563
428945809636.211              0.020880375
428946786691.6905             -0.024709992
428947763747.17               0.0018563019
428948740802.6495             0.0017941825
428949717858.1289             -9.646798e-05
428950694913.6084             -0.066316
428951671969.0879             0.025094382
428952649024.5674             0.025272302
428953626080.0469             0.010533235
428954603135.52637            0.03175452
428955580191.00586            0.027821792
428956557246.48535            -0.023761693
428957534301.96484            -0.022775779
428958511357.4443             0.02314691
428959488412.92377            -0.007427464
428960465468.40326            -0.0058865533
428961442523.88275            -0.04839528
428962419579.36224            -0.052621577
428963396634.84174            0.01795551
428964373690.3212             -0.014656242
428965350745.8007             0.009514692
428966327801.28015            0.0045116264
428967304856.75964            0.023860384
428968281912.23914            0.0042463667
428969258967.7186             -0.013986199
428970236023.1981             0.013445432
428971213078.6776             0.0011807679
428972190134.1571             0.0038557106
428973167189.6366             -0.035694998
428974144245.1161             0.008257192
428975121300.5955             -0.02506104
428976098356.075              0.012282194
428977075411.5545             0.020833155
428978052467.034              -0.0023303824
428979029522.5135             0.030276192
428980006577.993              0.010300384
428980983633.4725             0.005562416
428981960688.95197            -0.006920155
428982937744.43146            -0.018677782
428983914799.9109             0.0016448528
428984891855.3904             -0.007366525
428985868910.8699             0.013517957
428986845966.34937            0.006837902
428987823021.82886            -0.00039709196
428988800077.30835            0.010387228
428989777132.78784            -0.003330707
428990754188.26733            -0.024374176
428991731243.7468             0.014297537
428992708299.22626            -0.030855449
428993685354.70575            -0.06941836
428994662410.18524            0.039680906
428995639465.66473            -0.010472216
428996616521.1442             -0.020569522
428997593576.6237             0.014701559
428998570632.1032             -0.01645953
428999547687.5827             -0.010680232
429000524743.06213            5.6184355e-05
429001501798.5416             -0.031620894
429002478854.0211             -0.053362064
429003455909.5006             -0.06445579
429004432964.9801             0.009068628
429005410020.4596             -0.0021337685
429006387075.9391             -0.030034937
429007364131.4186             -0.035362493
429008341186.8981             -0.015286276
429009318242.3775             -0.011280459
429010295297.857              -0.014855624
429011272353.3365             -0.004818921
429012249408.816              -0.01534131
429013226464.2955             0.03150365
429014203519.77496            -0.0076260706
429015180575.25446            0.027010191
429016157630.73395            0.052678294
429017134686.2134             -0.008756371
429018111741.6929             0.0057462477
429019088797.17236            -0.02120027
429020065852.65186            -0.022599872
429021042908.13135            -0.03176753
429022019963.61084            -0.020273998
429022997019.09033            0.026140384
429023974074.5698             -0.02892897
429024951130.0493             -0.034549218
429025928185.52875            -0.041620452
429026905241.00824            -0.03926029
429027882296.48773            -0.0017325807
429028859351.9672             0.026331
429029836407.4467             -0.0030575106
429030813462.9262             -0.001124393
429031790518.4057             0.018953662
429032767573.8852             0.006908454
429033744629.3647             0.01784272
429034721684.8441             0.061861772
429035698740.3236             0.017325036
429036675795.8031             0.0090602925
429037652851.2826             0.0070278305
429038629906.7621             0.017801508
429039606962.2416             -0.0043298546
429040584017.72107            0.057743672
429041561073.20056            0.008278016
429042538128.68005            -0.00069795706
429043515184.1595             0.037704714
429044492239.639              0.053568415
429045469295.11847            0.024978643
429046446350.59796            0.018423345
429047423406.07745            0.037536945
429048400461.55695            0.00799293
429049377517.03644            -0.03637486
429050354572.5159             -0.045849096
429051331627.99536            -0.0113830995
429052308683.47485            0.0017470586
429053285738.95435            -0.0052595017
429054262794.43384            -0.010487317
429055239849.9133             -0.015921058
429056216905.3928             -0.01633198
429057193960.8723             0.0055567706
429058171016.3518             0.0021181384
429059148071.8313             0.011470492
429060125127.3107             0.018880362
429061102182.7902             -0.0133289015
429062079238.2697             -0.008565293
429063056293.7492             0.018672155
429064033349.2287             0.010803367
429065010404.7082             -0.036370438
429065987460.1877             0.019013643
429066964515.6672             0.002056118
429067941571.14667            -0.009496646
429068918626.6261             0.0013632294
429069895682.1056             0.032256793
429070872737.5851             0.027976673
429071849793.0646             0.008833633
429072826848.54407            0.017673789
429073803904.02356            0.032821864
429074780959.50305            0.045899052
429075758014.98254            0.055092044
429076735070.462              -0.013981598
429077712125.94147            -0.02276959
429078689181.42096            -0.018057758
429079666236.90045            -0.0026707402
429080643292.37994            -0.007200205
429081620347.85944            -0.013011162
429082597403.3389             0.023862679
429083574458.8184             0.015188142
429084551514.2979             -0.0075857327
429085528569.77734            0.008572917
429086505625.25684            0.0052902075
429087482680.7363             0.0046303715
429088459736.2158             0.033427868
429089436791.6953             0.0104817115
429090413847.1748             0.0026744278
429091390902.6543             0.010824307
429092367958.1338             -0.015555383
429093345013.6133             -0.011159204
429094322069.0927             0.008154793
429095299124.5722             -0.014612875
429096276180.0517             -0.0034996243
429097253235.5312             -0.03505403
429098230291.0107             -0.01893079
429099207346.4902             -0.019614236
429100184401.96967            0.025300227
429101161457.44916            0.040430415
429102138512.9286             0.0044104927
429103115568.4081             0.02883704
429104092623.8876             -0.012795077
429105069679.36707            0.008892486
429106046734.84656            0.021600824
429107023790.32605            0.0056047975
429108000845.80554            -0.017542262
429108977901.28503            -0.014583053
429109954956.7645             -0.0012326575
429110932012.24396            0.008310753
429111909067.72345            0.044004176
429112886123.20294            0.0056508975
429113863178.68243            -0.013974227
429114840234.1619             -0.005736049
429115817289.6414             0.002313934
429116794345.1209             0.017246071
429117771400.6004             -0.01915852
429118748456.0799             -0.01873168
429119725511.5593             -0.03355268
429120702567.0388             0.01927645
429121679622.5183             0.0132650845
429122656677.9978             0.029185236
429123633733.4773             0.007605749
429124610788.9568             0.01847234
429125587844.4363             0.04917431
429126564899.9158             0.052741583
429127541955.3952             -0.035528395
429128519010.8747             -0.026897565
429129496066.3542             0.02141108
429130473121.8337             -0.02420744
429131450177.3132             -0.032488953
429132427232.79266            -0.012964926
429133404288.27216            0.009546375
429134381343.75165            0.017190536
429135358399.23114            -0.0044884137
429136335454.7106             0.024166558
429137312510.19006            0.044834167
429138289565.66956            -0.017332088
429139266621.14905            -0.0004445343
429140243676.62854            0.013492326
429141220732.10803            -0.011339695
429142197787.5875             -0.049800936
429143174843.067              -0.0364315
429144151898.5465             0.020387
429145128954.02594            0.04683011
429146106009.50543            0.03857561
429147083064.9849             -0.0034870305
429148060120.4644             0.0011860181
429149037175.9439             -0.025460245
429150014231.4234             -0.012361869
429150991286.9029             -0.0032323557
429151968342.3824             -0.0366973
429152945397.8618             0.002137332
429153922453.3413             -0.012023645
429154899508.8208             0.022915417
429155876564.3003             0.009723577
429156853619.7798             0.0026766132
429157830675.2593             -0.013913974
429158807730.7388             -0.0091302525
429159784786.21826            -0.015471688
429160761841.69775            -0.031631354
429161738897.1772             0.015185382
429162715952.6567             -0.0014381208
429163693008.13617            -0.020120485
429164670063.61566            -0.022120582
429165647119.09515            -0.042521633
429166624174.57465            -0.0245931
429167601230.05414            0.017192163
429168578285.5336             0.004002391
429169555341.0131             -0.026974913
429170532396.49255            0.054447044
429171509451.97205            0.017310528
429172486507.45154            -0.002766056
429173463562.931              -0.034107078
429174440618.4105             -0.013151892
429175417673.89               0.014690196
429176394729.3695             0.027804788
429177371784.849              0.036682297
429178348840.3284             -0.01737722
429179325895.8079             0.006667183
429180302951.2874             0.041647494
429181280006.7669             0.022709567
429182257062.2464             0.014855007
429183234117.7259             -0.01166775
429184211173.2054             -0.0027316296
429185188228.6849             -0.009050852
429186165284.16437            -0.034936123
429187142339.6438             -0.02652383
429188119395.1233             -0.013095318
429189096450.6028             0.001549683
429190073506.0823             0.007926248
429191050561.56177            0.017890705
429192027617.04126            0.00794142
429193004672.52075            0.022282433
429193981728.00024            0.018562404
429194958783.47974            -0.032921076
429195935838.95917            -0.042477548
429196912894.43866            -0.040293273
429197889949.91815            0.008460392
429198867005.39764            0.0070267646
429199844060.87714            0.0031032749
429200821116.3566             0.013060588
429201798171.8361             -0.01153524
429202775227.3156             -0.038637415
429203752282.79504            -0.014001572
429204729338.27454            -0.026604641
429205706393.754              -0.070893504
429206683449.2335             -0.02609749
429207660504.713              0.00808392
429208637560.1925             0.03323496
429209614615.672              0.016545309
429210591671.1515             -0.009554332
429211568726.631              -0.01031353
429212545782.1104             -0.025923157
429213522837.5899             -0.00894232
429214499893.0694             -0.015871918
429215476948.5489             0.024941988
429216454004.0284             0.013206245
429217431059.5079             -0.0013068309
429218408114.98737            -0.027770238
429219385170.46686            -0.019855734
429220362225.94635            -0.018566024
429221339281.4258             -0.012206331
429222316336.9053             -0.050088573
429223293392.38477            -0.024917929
429224270447.86426            -0.029395752
429225247503.34375            0.028995851
429226224558.82324            0.025443273
429227201614.30273            -0.036044873
429228178669.7822             0.0075318394
429229155725.26166            0.003709471
429230132780.74115            -0.02659131
429231109836.22064            -0.023459459
429232086891.70013            0.024495091
429233063947.1796             0.035682928
429234041002.6591             -0.034724083
429235018058.1386             -0.058684804
429235995113.6181             -0.06884787
429236972169.0976             -0.0046499316
429237949224.577              0.0052525694
429238926280.0565             0.045194995
429239903335.536              0.0012729745
429240880391.0155             0.021763206
429241857446.495              0.0041631185
429242834501.9745             0.034720946
429243811557.454              0.006192118
429244788612.9335             -0.041830108
429245765668.41296            -0.0018142429
429246742723.8924             -0.0075164046
429247719779.3719             -0.038180705
429248696834.8514             0.0551207
429249673890.3309             0.05642594
429250650945.81036            0.054599646
429251628001.28986            0.0077504357
429252605056.76935            -0.014295411
429253582112.24884            0.036753353
429254559167.7283             0.011998016
429255536223.20776            0.019220782
429256513278.68726            0.013865889
429257490334.16675            0.019158896
429258467389.64624            0.03706298
429259444445.12573            -0.016275281
429260421500.6052             -0.007937557
429261398556.0847             0.009514777
429262375611.5642             0.03008806
429263352667.04364            -0.006200048
429264329722.52313            0.009612968
429265306778.0026             0.023752859
429266283833.4821             0.032272853
429267260888.9616             0.027633097
429268237944.4411             -0.039142665
429269214999.9206             -0.03037514
429270192055.4001             0.008617004
429271169110.8796             -0.0012322699
429272146166.359              0.009765972
429273123221.8385             0.034983072
429274100277.318              -0.00010944987
429275077332.7975             0.007238843
429276054388.277              -0.013100249
429277031443.7565             -0.0200282
429278008499.23596            -0.005097126
429278985554.71545            0.021979649
429279962610.1949             -0.038248483
429280939665.6744             0.034239452
429281916721.1539             -0.0054185432
429282893776.63336            -0.032623228
429283870832.11285            -0.02690738
429284847887.59235            -0.032102015
429285824943.07184            -0.046729233
429286801998.55133            -0.013769403
429287779054.0308             -0.026622837
429288756109.51025            -0.03080936
429289733164.98975            -0.047911197
429290710220.46924            -0.024514595
429291687275.9487             0.037159525
429292664331.4282             0.0064892517
429293641386.9077             0.010937821
429294618442.3872             -0.02730024
429295595497.8667             0.010781915
429296572553.3462             -0.016123265
429297549608.8256             0.0017835292
429298526664.3051             0.0056788586
429299503719.7846             0.00233658
429300480775.2641             -0.040881746
429301457830.7436             -0.012372077
429302434886.2231             -0.019454448
429303411941.7026             0.036069155
429304388997.18207            -0.014743085
429305366052.6615             -0.0020671508
429306343108.141              0.0053487234
429307320163.6205             0.034732968
429308297219.1                0.006149299
429309274274.57947            -0.055845913
429310251330.05896            -0.01921851
429311228385.53845            0.03143808
429312205441.01794            -0.013728665
429313182496.49744            -0.0074377614
429314159551.97687            0.0064893975
429315136607.45636            -0.031225199
429316113662.93585            0.013467716
429317090718.41534            0.0129181165
429318067773.89484            -0.003745744
429319044829.3743             0.004149033
429320021884.8538             0.022410149
429320998940.3333             -0.0044138203
429321975995.8128             -0.02428109
429322953051.29224            0.013727791
429323930106.7717             -0.0044837017
429324907162.2512             0.043189764
429325884217.7307             0.010801583
429326861273.2102             -0.004894929
429327838328.6897             -0.009026122
429328815384.1692             -0.015932253
429329792439.6487             0.017782962
429330769495.1281             -0.009544794
429331746550.6076             -0.0022216244
429332723606.0871             0.025443368
429333700661.5666             0.009525589
429334677717.0461             0.004399688
429335654772.5256             0.009098688
429336631828.00507            0.00069525506
429337608883.48456            -0.017737651
429338585938.96405            0.0071711736
429339562994.4435             0.01938639
429340540049.923              0.008876814
429341517105.40247            -0.0055772653
429342494160.88196            -0.013972807
429343471216.36145            0.00043997582
429344448271.84094            0.030866243
429345425327.32043            0.020070963
429346402382.7999             0.03573928
429347379438.2794             0.01677406
429348356493.75885            0.024743225
429349333549.23834            0.013491771
429350310604.71783            0.0033806933
429351287660.1973             -0.011668073
429352264715.6768             0.023292813
429353241771.1563             0.011816774
429354218826.6358             -0.012908013
429355195882.1153             -0.0154626705
429356172937.5947             -0.030526813
429357149993.0742             -0.0028282967
429358127048.5537             -0.010020573
429359104104.0332             -0.03704179
429360081159.5127             -0.047759328
429361058214.9922             0.001804735
429362035270.4717             0.03006949
429363012325.9512             0.027286435
429363989381.43066            0.0329409
429364966436.9101             0.06357208
429365943492.3896             -0.011311164
429366920547.8691             -0.046287972
429367897603.3486             -0.013110682
429368874658.82806            -0.0008840367
429369851714.30756            0.022645604
429370828769.78705            0.03497581
429371805825.26654            0.05504842
429372782880.74603            0.02358762
429373759936.22546            -0.026838964
429374736991.70496            -0.019190734
429375714047.18445            -0.0025316232
429376691102.66394            0.002299021
429377668158.14343            -0.042209074
429378645213.6229             -0.023344882
429379622269.1024             0.028225338
429380599324.5819             -0.025368204
429381576380.06134            0.011147425
429382553435.54083            0.032601092
429383530491.0203             -0.005240024
429384507546.4998             -0.022937959
429385484601.9793             0.013451353
429386461657.4588             0.0058982116
429387438712.9383             -0.026720205
429388415768.4178             0.027312249
429389392823.8973             -0.01379929
429390369879.3767             0.0043506417
429391346934.8562             0.0013127384
429392323990.3357             -0.031792488
429393301045.8152             2.8956327e-05
429394278101.2947             0.011989216
429395255156.7742             0.0284769
429396232212.25366            0.008340231
429397209267.73315            0.033739287
429398186323.21265            -0.01000063
429399163378.6921             0.004366786
429400140434.1716             -0.030408397
429401117489.65106            -0.027857691
429402094545.13055            -0.01898849
429403071600.61005            0.00571222
429404048656.08954            0.041567743
429405025711.56903            0.0058660125
429406002767.0485             -0.01646502
429406979822.52795            0.037067205
429407956878.00745            0.023703001
429408933933.48694            -0.015603797
429409910988.96643            0.01034635
429410888044.4459             -0.021221627
429411865099.9254             -0.04504196
429412842155.4049             0.010988374
429413819210.8844             -0.012692468
429414796266.3639             -0.015361864
429415773321.8433             0.02545338
429416750377.3228             0.023057027
429417727432.8023             -0.005935168
429418704488.2818             -0.016179511
429419681543.7613             -0.025596326
429420658599.2408             -0.04797925
429421635654.7203             -0.03206277
429422612710.19977            -0.005882683
429423589765.67926            0.055101085
429424566821.1587             0.019691916
429425543876.6382             0.0124695385
429426520932.1177             -0.022831103
429427497987.59717            -0.018775037
429428475043.07666            0.021445265
429429452098.55615            -0.003493646
429430429154.03564            0.025777068
429431406209.51514            0.029948762
429432383264.99457            -0.04060305
429433360320.47406            -0.0029014468
429434337375.95355            -0.0116179045
429435314431.43304            0.0013282662
429436291486.91254            -0.009035662
429437268542.392              -0.023027662
429438245597.8715             0.011800747
429439222653.351              0.079131305
429440199708.8305             0.017963689
429441176764.30994            0.0011725398
429442153819.7894             -0.016398255
429443130875.2689             -0.014562677
429444107930.7484             -0.023540365
429445084986.2279             0.032103628
429446062041.7074             0.019610303
429447039097.1869             0.029202174
429448016152.6664             0.02945098
429448993208.1459             0.021359984
429449970263.6253             -0.015749643
429450947319.1048             -0.0007692849
429451924374.5843             -0.03845863
429452901430.0638             -0.02312639
429453878485.5433             -0.015325692
429454855541.02277            -0.02495371
429455832596.50226            -0.011878037
429456809651.98175            0.04007349
429457786707.4612             -0.017527789
429458763762.9407             0.00016396647
429459740818.42017            -0.022338178
429460717873.89966            -0.030819885
429461694929.37915            0.013264929
429462671984.85864            0.010963527
429463649040.33813            0.0071799182
429464626095.8176             0.0033143912
429465603151.2971             0.0069537177
429466580206.77655            -0.0067693605
429467557262.25604            -0.031994518
429468534317.73553            0.051264502
429469511373.215              0.00037737162
429470488428.6945             0.0003005058
429471465484.174              -0.031158281
429472442539.6535             -0.0073847566
429473419595.133              -0.015007014
429474396650.6125             0.026882386
429475373706.0919             0.015793152
429476350761.5714             -0.0070790257
429477327817.0509             -0.003531167
429478304872.5304             -0.0131457355
429479281928.0099             0.0119908275
429480258983.4894             -0.0037733708
429481236038.9689             0.016919404
429482213094.44836            -0.00017451911
429483190149.9278             -0.010918991
429484167205.4073             -0.034909766
429485144260.8868             -0.002650262
429486121316.3663             0.007799466
429487098371.84576            -0.00029332587
429488075427.32526            0.048964277
429489052482.80475            0.02526026
429490029538.28424            0.016559638
429491006593.76373            0.0155898575
429491983649.24316            -0.03847487
429492960704.72266            -0.02414942
429493937760.20215            0.026020994
429494914815.68164            0.005221557
429495891871.16113            0.0046485555
429496868926.6406             -0.02166941
429497845982.1201             -0.014772435
429498823037.5996             0.009565314
429499800093.0791             -0.022893852
429500777148.55853            -0.029749526
429501754204.038              0.0060268366
429502731259.5175             0.01812603
429503708314.997              -0.007431508
429504685370.4765             -0.003702768
429505662425.956              0.007343019
429506639481.4355             -0.008320186
429507616536.915              -0.036346298
429508593592.3944             0.002611171
429509570647.8739             0.0053254375
429510547703.3534             -0.010098438
429511524758.8329             -0.027096389
429512501814.3124             -0.012420972
429513478869.7919             0.025767218
429514455925.27136            0.011819701
429515432980.75085            -0.0066593625
429516410036.23035            -0.016949203
429517387091.7098             -0.021214811
429518364147.1893             -0.010781958
429519341202.66876            0.019268336
429520318258.14825            0.04485687
429521295313.62775            0.009279259
429522272369.10724            -0.012387707
429523249424.58673            -0.013026631
429524226480.0662             -0.013415192
429525203535.5457             -0.049058188
429526180591.02515            -0.026507724
429527157646.50464            0.019831913
429528134701.98413            -0.0006293567
429529111757.4636             -0.047363702
429530088812.9431             0.0045125764
429531065868.4226             0.0025389437
429532042923.9021             0.0034194086
429533019979.3816             -0.013388669
429533997034.861              0.029653098
429534974090.3405             0.061042182
429535951145.82               -0.013332443
429536928201.2995             0.021004103
429537905256.779              0.001697785
429538882312.2585             -0.014906864
429539859367.738              -0.0053257174
429540836423.21747            -0.014843414
429541813478.69696            -5.168854e-05
429542790534.1764             0.020374544
429543767589.6559             0.0054274322
429544744645.1354             0.005968465
429545721700.61487            -0.032561623
429546698756.09436            0.00016862767
429547675811.57385            0.015529528
429548652867.05334            0.01704737
429549629922.53284            0.02000125
429550606978.0123             0.027440805
429551584033.49176            -0.020999854
429552561088.97125            -0.005397663
429553538144.45074            -0.02753663
429554515199.93024            -0.042052235
429555492255.4097             -0.027064556
429556469310.8892             -0.0374054
429557446366.3687             0.0017805289
429558423421.8482             0.00711963
429559400477.32764            0.0109142745
429560377532.8071             0.037103184
429561354588.2866             0.010908779
429562331643.7661             0.0014856971
429563308699.2456             -0.013940095
429564285754.7251             0.022349846
429565262810.2046             0.0044944584
429566239865.6841             -0.015023123
429567216921.1636             -0.0103896875
429568193976.643              -0.01266322
429569171032.1225             0.0016070271
429570148087.602              0.024582617
429571125143.0815             0.022465369
429572102198.561              0.012427135
429573079254.04047            -0.021262882
429574056309.51996            -0.003605538
429575033364.99945            0.04571791
429576010420.47894            0.009315163
429576987475.9584             -0.017969385
429577964531.43787            0.036692426
429578941586.91736            0.022600353
429579918642.39685            0.020615816
429580895697.87634            0.0066426867
429581872753.35583            0.0018776951
429582849808.8353             0.049346037
429583826864.3148             0.012479455
429584803919.79425            0.014641359
429585780975.27374            0.00017028989
429586758030.75323            -0.05266862
429587735086.2327             -0.03847998
429588712141.7122             0.0009696555
429589689197.1917             0.023777012
429590666252.6712             0.007818173
429591643308.1507             0.018338697
429592620363.6302             -0.005636191
429593597419.1096             0.0045223013
429594574474.5891             -0.04046689
429595551530.0686             -0.041166216
429596528585.5481             0.022316536
429597505641.0276             0.009851347
429598482696.5071             0.026236832
429599459751.9866             0.031760428
429600436807.46606            0.016747817
429601413862.94556            0.04088958
429602390918.425              0.005587474
429603367973.9045             -0.04712398
429604345029.384              0.004768526
429605322084.86346            -0.008890358
429606299140.34296            -0.020744706
429607276195.82245            0.039130617
429608253251.30194            0.019183682
429609230306.78143            0.0043963976
429610207362.26086            0.0050787856
429611184417.74036            0.00718214
429612161473.21985            -0.022610711
429613138528.69934            0.007873166
429614115584.17883            0.040119044
429615092639.6583             0.009776845
429616069695.1378             -0.04989608
429617046750.6173             -0.011431841
429618023806.0968             -0.007922364
429619000861.57623            0.036401484
429619977917.0557             0.051139012
429620954972.5352             0.01527766
429621932028.0147             -0.00715097
429622909083.4942             -0.008426759
429623886138.9737             0.027339365
429624863194.4532             0.024673337
429625840249.9327             -0.004925693
429626817305.4122             0.022758758
429627794360.8916             -0.02844014
429628771416.3711             -0.010856934
429629748471.8506             -0.007305143
429630725527.3301             -0.026249804
429631702582.8096             0.009021938
429632679638.28906            0.01596014
429633656693.76855            0.036425125
429634633749.24805            0.00061540556
429635610804.7275             -0.050278895
429636587860.207              -0.043199982
429637564915.68646            0.03806091
429638541971.16595            0.01347134
429639519026.64545            -0.038133383
429640496082.12494            -0.022351747
429641473137.60443            0.0010853326
429642450193.0839             0.012102539
429643427248.5634             -0.0012246595
429644404304.04285            -0.030989114
429645381359.52234            -0.022294298
429646358415.00183            0.03203733
429647335470.4813             0.033742215
429648312525.9608             -0.0132852
429649289581.4403             -0.015005303
429650266636.9198             -0.010594916
429651243692.3993             0.023209613
429652220747.8788             0.013521209
429653197803.3582             0.00025311735
429654174858.8377             -0.013252306
429655151914.3172             -0.015320793
429656128969.7967             -0.0074983616
429657106025.2762             -0.006648498
429658083080.7557             -0.013798751
429659060136.23517            -0.03790307
429660037191.71466            -0.017145745
429661014247.1941             0.012309033
429661991302.6736             0.03858509
429662968358.1531             0.016145583
429663945413.63257            0.0071041207
429664922469.11206            -0.009432663
429665899524.59155            0.00021445754
429666876580.07104            0.020961331
429667853635.55054            -0.022469103
429668830691.03               -0.016007593
429669807746.50946            -0.006035348
429670784801.98895            -0.03035608
429671761857.46844            -0.026372662
429672738912.94794            0.020639
429673715968.4274             -0.003942874
429674693023.9069             0.012597216
429675670079.3864             -0.0063801478
429676647134.8659             0.007391125
429677624190.3454             -0.012014859
429678601245.8248             0.02188777
429679578301.3043             0.010619626
429680555356.7838             -0.0015087206
429681532412.2633             -7.447389e-05
429682509467.7428             0.0091076605
429683486523.2223             0.01343027
429684463578.7018             -0.038942475
429685440634.1813             -0.008714281
429686417689.6607             0.008001803
429687394745.1402             0.015376883
429688371800.6197             0.0075622806
429689348856.0992             0.0070632016
429690325911.5787             0.0012021653
429691302967.05817            -0.0048348536
429692280022.53766            -0.019369496
429693257078.01715            -0.02742174
429694234133.49664            -0.009703703
429695211188.9761             0.009861452
429696188244.45557            -0.018246023
429697165299.93506            -0.009374572
429698142355.41455            -0.0008548882
429699119410.89404            0.026628572
429700096466.37354            -0.025945269
429701073521.853              -0.030196428
429702050577.3325             -0.0069440375
429703027632.812              0.007840751
429704004688.29144            -0.001410524
429704981743.77094            -0.0075361296
429705958799.2504             0.019499285
429706935854.7299             -0.0036215489
429707912910.2094             -0.017685132
429708889965.6889             0.02139991
429709867021.1684             0.01866934
429710844076.6479             0.0109073045
429711821132.1273             -0.0067841583
429712798187.6068             -0.020104524
429713775243.0863             -0.008484429
429714752298.5658             -0.021960642
429715729354.0453             0.014991437
429716706409.5248             0.022289805
429717683465.0043             0.0036253969
429718660520.48376            0.0021303266
429719637575.96326            -0.02332346
429720614631.4427             -0.0020428512
429721591686.9222             0.0018044116
429722568742.4017             0.027481839
429723545797.88116            0.004643298
429724522853.36066            0.009124898
429725499908.84015            -0.0210787
429726476964.31964            -0.016149817
429727454019.79913            -0.030133769
429728431075.2786             -0.01893826
429729408130.75806            -0.008551596
429730385186.23755            0.021337178
429731362241.71704            -0.0054488755
429732339297.19653            0.01213564
429733316352.676              -0.031658564
429734293408.1555             0.0048997104
429735270463.635              0.02575841
429736247519.1145             -0.0010615557
429737224574.59393            0.002290382
429738201630.0734             -0.035839994
429739178685.5529             -0.013273933
429740155741.0324             0.008077198
429741132796.5119             -0.0076608947
429742109851.9914             0.014698533
429743086907.4709             -0.009209601
429744063962.9504             -0.010576228
429745041018.4299             0.0045923498
429746018073.9093             -0.012208248
429746995129.3888             0.008115811
429747972184.8683             0.011349928
429748949240.3478             -0.010600767
429749926295.8273             -0.024947101
429750903351.30676            0.014039302
429751880406.78625            -0.0135887
429752857462.26575            -0.0016460987
429753834517.74524            -0.015338855
429754811573.2247             0.015455229
429755788628.70416            -0.019623976
429756765684.18365            -0.0038925717
429757742739.66315            0.0032686298
429758719795.14264            0.010826089
429759696850.62213            0.009106483
429760673906.1016             0.007293777
429761650961.5811             0.039524995
429762628017.06055            -0.011728979
429763605072.54004            0.025524812
429764582128.01953            0.04073282
429765559183.499              0.031602297
429766536238.9785             0.00017598124
429767513294.458              -0.005143104
429768490349.9375             0.026961263
429769467405.417              0.018492447
429770444460.8965             0.0144361695
429771421516.3759             0.0041720583
429772398571.8554             -0.0019129702
429773375627.3349             -0.026770748
429774352682.8144             -0.027038058
429775329738.2939             -0.008311268
429776306793.7734             -0.025263198
429777283849.25287            -0.007522878
429778260904.73236            0.03253763
429779237960.21185            -0.026823057
429780215015.6913             -0.033701085
429781192071.1708             -0.010475048
429782169126.65027            -0.037393983
429783146182.12976            0.0019141256
429784123237.60925            0.0121184075
429785100293.08875            0.020656195
429786077348.56824            0.0020954672
429787054404.0477             -0.053716492
429788031459.52716            -0.042488735
429789008515.00665            -0.010597386
429789985570.48615            -0.046610847
429790962625.96564            -0.0085704615
429791939681.4451             0.017792635
429792916736.9246             0.028205978
429793893792.4041             -0.0075792815
429794870847.8836             0.0039853374
429795847903.3631             0.012770153
429796824958.8425             -0.027541792
429797802014.322              -0.010711237
429798779069.8015             -0.015732912
429799756125.281              -0.0016373206
429800733180.7605             0.027846217
429801710236.24               0.019261237
429802687291.7195             -0.009114486
429803664347.199              -0.06936251
429804641402.67847            0.0061490475
429805618458.1579             0.03483202
429806595513.6374             0.027217899
429807572569.1169             0.008771033
429808549624.5964             0.056041148
429809526680.07587            0.021821545
429810503735.55536            -0.027590744
429811480791.03485            0.0022424574
429812457846.51434            -0.04031031
429813434901.9938             -0.022206107
429814411957.47327            0.023629414
429815389012.95276            0.019216396
429816366068.43225            -0.0066708247
429817343123.91174            -0.05445211
429818320179.39124            -0.030944353
429819297234.8707             0.0020547027
429820274290.3502             0.004520015
429821251345.8297             0.03099745
429822228401.30914            0.019418163
429823205456.78864            0.004903186
429824182512.2681             0.019392299
429825159567.7476             -0.0062355944
429826136623.2271             0.0042820037
429827113678.7066             -0.0109042395
429828090734.1861             -0.027748993
429829067789.6656             -0.03493452
429830044845.1451             0.020296715
429831021900.6245             -0.025960844
429831998956.104              0.010196611
429832976011.5835             0.008137008
429833953067.063              -0.0032661045
429834930122.5425             -0.03134931
429835907178.022              0.03485127
429836884233.50146            0.031346936
429837861288.98096            0.0051136487
429838838344.4604             0.011117044
429839815399.9399             0.030713255
429840792455.4194             0.029475478
429841769510.89886            0.017375488
429842746566.37836            0.047581334
429843723621.85785            0.075776294
429844700677.33734            0.025837969
429845677732.81683            -0.016960273
429846654788.2963             -0.00038204645
429847631843.77576            -0.019360842
429848608899.25525            -0.011810925
429849585954.73474            0.043608777
429850563010.21423            0.016204288
429851540065.6937             -0.011099279
429852517121.1732             0.0045171734
429853494176.6527             0.008933116
429854471232.1322             0.013378738
429855448287.6117             -0.027626934
429856425343.0911             0.0031599305
429857402398.5706             0.010848921
429858379454.0501             -0.0050091892
429859356509.5296             -0.011231129
429860333565.0091             0.0024961683
429861310620.4886             0.010311928
429862287675.9681             0.0159841
429863264731.4476             0.01914938
429864241786.927              -0.009222949
429865218842.4065             -0.00082422013
429866195897.886              -0.025908856
429867172953.3655             -0.0060105547
429868150008.845              -0.024298977
429869127064.32446            -0.014907254
429870104119.80396            -0.019698467
429871081175.28345            -0.017580958
429872058230.76294            0.0018564385
429873035286.2424             0.041666184
429874012341.72186            0.027306424
429874989397.20135            0.031757545
429875966452.68085            0.028533082
429876943508.16034            0.022355895
429877920563.63983            -0.0057209022
429878897619.1193             0.0023122118
429879874674.5988             -0.022093775
429880851730.0783             -0.0008270765
429881828785.55774            -0.020298444
429882805841.03723            0.004724017
429883782896.5167             -0.02004483
429884759951.9962             0.026830677
429885737007.4757             0.052725095
429886714062.9552             0.01940179
429887691118.4347             -0.043891504
429888668173.9142             -0.010217785
429889645229.3936             -0.006273589
429890622284.8731             -0.013218817
429891599340.3526             -0.012993598
429892576395.8321             -0.0065005505
429893553451.3116             0.006861028
429894530506.7911             0.016945696
429895507562.27057            0.017236073
429896484617.75006            0.033501763
429897461673.22955            0.046237536
429898438728.709              0.050238207
429899415784.1885             -0.014209131
429900392839.66797            -0.0045969356
429901369895.14746            0.0035936919
429902346950.62695            -0.0060947924
429903324006.10645            -0.03295874
429904301061.58594            0.033065043
429905278117.0654             0.010044614
429906255172.5449             0.015499689
429907232228.02435            0.00956363
429908209283.50385            0.016293999
429909186338.98334            0.024254546
429910163394.4628             -0.015228564
429911140449.9423             -0.02744441
429912117505.4218             -0.022451986
429913094560.9013             -0.04934079
429914071616.3808             -0.007027729
429915048671.8602             0.012777579
429916025727.3397             -0.039619993
429917002782.8192             0.008705655
429917979838.2987             0.004453902
429918956893.7782             -0.007678611
429919933949.2577             0.01840095
429920911004.7372             0.0029375993
429921888060.2167             -0.0090984395
429922865115.69617            0.0059641935
429923842171.1756             0.011190519
429924819226.6551             -0.024788152
429925796282.1346             0.012835309
429926773337.6141             0.024972335
429927750393.09357            0.007849429
