885081277945.7                -0.057299435
885082255039.934              0.05730154
885083232134.1678             0.089966424
885084209228.4019             0.0021209316
885085186322.6357             0.056135017
885086163416.8698             0.18769187
885087140511.1036             0.0027885255
885088117605.3376             0.15456156
885089094699.5717             -0.14865668
885090071793.8055             0.012848524
885091048888.0396             -0.046467293
885092025982.2734             -0.054268304
885093003076.5074             0.10179656
885093980170.7413             0.06831315
885094957264.9753             0.08250247
885095934359.2094             0.07398812
885096911453.4432             0.17284048
885097888547.6772             0.027789196
885098865641.9111             0.039817266
885099842736.1451             0.019605886
885100819830.379              -0.08416183
885101796924.613              -0.15927632
885102774018.8469             -0.0053760195
885103751113.0809             -0.14046362
885104728207.315              -0.08180147
885105705301.5488             0.15864015
885106682395.7828             0.0371043
885107659490.0167             -0.003508336
885108636584.2507             -0.16480914
885109613678.4846             -0.19610488
885110590772.7186             -0.08132838
885111567866.9526             -0.11636827
885112544961.1865             -0.00279149
885113522055.4205             0.047272373
885114499149.6544             0.0028885128
885115476243.8884             -0.12744984
885116453338.1223             0.07004575
885117430432.3563             0.0037227694
885118407526.5903             0.08595643
885119384620.8242             0.11298523
885120361715.0582             0.09509124
885121338809.2921             -0.041308366
885122315903.5261             -0.07290123
885123292997.76               0.00766962
885124270091.994              -0.14825416
885125247186.228              -0.09499273
885126224280.4619             -0.09410028
885127201374.6959             0.007892241
885128178468.9298             0.18221326
885129155563.1638             0.039540417
885130132657.3977             0.037406113
885131109751.6317             -0.18845615
885132086845.8657             -0.055189457
885133063940.0996             0.07257089
885134041034.3336             0.03473113
885135018128.5675             -0.092317924
885135995222.8015             -0.07432355
885136972317.0354             -0.008634914
885137949411.2694             0.08495396
885138926505.5033             0.055610977
885139903599.7373             0.0110779945
885140880693.9713             -0.044057343
885141857788.2052             -0.11134027
885142834882.4392             -0.012422563
885143811976.6731             -0.059045624
885144789070.9071             -0.04235678
885145766165.141              -0.010958202
885146743259.375              0.07784822
885147720353.609              0.052472245
885148697447.8429             -0.06287601
885149674542.0769             0.060193844
885150651636.3108             0.0096612265
885151628730.5448             -0.081837736
885152605824.7787             -0.06622849
885153582919.0127             -0.052861147
885154560013.2467             -0.15862527
885155537107.4806             -0.004501263
885156514201.7146             -0.18661426
885157491295.9485             0.020232877
885158468390.1825             -0.09972703
885159445484.4164             -0.09329932
885160422578.6504             0.08529922
885161399672.8844             0.059193697
885162376767.1183             0.066858016
885163353861.3523             0.13417067
885164330955.5862             -0.03969203
885165308049.8202             0.032959558
885166285144.0541             0.096871495
885167262238.2881             0.056720268
885168239332.5221             -0.11009714
885169216426.756              -0.056915797
885170193520.99               0.038464654
885171170615.2239             0.1495333
885172147709.4579             -0.043974698
885173124803.6918             0.040616658
885174101897.9258             0.07799325
885175078992.1597             0.122707
885176056086.3937             0.10959434
885177033180.6277             0.07984405
885178010274.8616             0.11606377
885178987369.0956             0.030793892
885179964463.3295             -0.114443004
885180941557.5635             0.10483339
885181918651.7974             0.06592969
885182895746.0314             0.006057001
885183872840.2654             -0.1008275
885184849934.4993             -0.05791721
885185827028.7333             0.011171635
885186804122.9672             -0.03924524
885187781217.2012             0.024738314
885188758311.435              0.0417492
885189735405.6691             -0.083124034
885190712499.9031             -0.040400892
885191689594.137              0.13864508
885192666688.371              0.11122644
885193643782.6049             0.0075517907
885194620876.8389             0.07273925
885195597971.0728             0.07276236
885196575065.3068             -0.097390726
885197552159.5408             0.07502571
885198529253.7747             -0.023718799
885199506348.0087             -0.11909776
885200483442.2426             -0.054389704
885201460536.4766             0.07667833
885202437630.7104             0.1604495
885203414724.9445             -0.0486571
885204391819.1785             -0.006091504
885205368913.4124             0.005529313
885206346007.6464             -0.004581002
885207323101.8802             -0.12138787
885208300196.1143             0.07425574
885209277290.3481             -0.067594096
885210254384.5822             0.056371965
885211231478.816              -0.07891422
885212208573.05               -0.09647347
885213185667.284              0.014723464
885214162761.518              -0.014229894
885215139855.752              0.10765405
885216116949.9858             0.0064451136
885217094044.2198             -0.04494193
885218071138.4537             -0.2091792
885219048232.6877             -0.00013749128
885220025326.9218             -0.028695703
885221002421.1556             -0.12675758
885221979515.3896             0.02562551
885222956609.6235             0.013798477
885223933703.8575             -0.008546877
885224910798.0914             0.03208595
885225887892.3254             -0.030169277
885226864986.5594             -0.065924585
885227842080.7933             -0.122817695
885228819175.0273             0.025406305
885229796269.2612             0.048288412
885230773363.4952             -0.123960085
885231750457.7291             0.06802889
885232727551.9631             0.049648482
885233704646.1971             0.15011333
885234681740.431              0.004403696
885235658834.665              0.029557964
885236635928.8989             -0.07344514
885237613023.1329             -0.07657633
885238590117.3668             0.067253046
885239567211.6008             0.11754388
885240544305.8348             0.26301584
885241521400.0687             0.15191638
885242498494.3027             0.14781427
885243475588.5366             0.035453703
885244452682.7706             0.0901519
885245429777.0045             0.06645785
885246406871.2385             -0.0025736045
885247383965.4724             0.07025239
885248361059.7064             0.23691268
885249338153.9404             0.046547074
885250315248.1743             -0.09839844
885251292342.4083             -0.19242765
885252269436.6422             -0.014604642
885253246530.8762             -0.03660792
885254223625.1101             0.03229806
885255200719.3441             0.0037275252
885256177813.5781             0.0029667888
885257154907.812              -0.11431128
885258132002.046              -0.11314272
885259109096.2799             -0.28131703
885260086190.5139             0.010613182
885261063284.7478             0.13480975
885262040378.9818             0.15954773
885263017473.2158             0.25263113
885263994567.4497             -0.04998304
885264971661.6837             -0.1291385
885265948755.9176             -0.08377348
885266925850.1516             0.057271823
885267902944.3855             -0.14245553
885268880038.6195             0.002876502
885269857132.8535             0.13265657
885270834227.0874             -0.029701278
885271811321.3214             -0.113197476
885272788415.5553             -0.372249
885273765509.7893             -0.017533282
885274742604.0232             0.045830797
885275719698.2572             0.02105699
885276696792.4912             0.024516396
885277673886.7251             -0.058756188
885278650980.9591             -0.050052244
885279628075.193              -0.047925558
885280605169.427              0.062370177
885281582263.6609             -0.14696914
885282559357.8949             -0.026758377
885283536452.1288             -0.16979349
885284513546.3628             -0.04684001
885285490640.5968             -0.1330672
885286467734.8307             -0.04235322
885287444829.0647             0.12016124
885288421923.2986             0.21443467
885289399017.5326             -0.040087838
885290376111.7665             -0.09414217
885291353206.0005             0.11700831
885292330300.2345             -0.02011784
885293307394.4684             -0.07068255
885294284488.7024             -0.1695272
885295261582.9363             -0.062850855
885296238677.1703             0.1061208
885297215771.4042             0.032552965
885298192865.6382             0.08072944
885299169959.8722             -0.0071970737
885300147054.1061             0.089086615
885301124148.3401             0.050908778
885302101242.574              0.050226886
885303078336.808              0.12302184
885304055431.0419             0.27920896
885305032525.2759             0.21849033
885306009619.5099             0.19482248
885306986713.7438             -0.018863952
885307963807.9778             0.03641491
885308940902.2117             -0.045874853
885309917996.4457             -0.16557826
885310895090.6796             0.050052933
885311872184.9136             0.04775214
885312849279.1476             -0.17341562
885313826373.3815             -0.014098999
885314803467.6155             0.087868184
885315780561.8494             0.019448083
885316757656.0834             -0.16426894
885317734750.3173             -0.13965903
885318711844.5513             0.047557186
885319688938.7852             0.33705935
885320666033.0192             0.13935985
885321643127.2532             0.07843157
885322620221.487              0.051963113
885323597315.7211             0.19286248
885324574409.955              0.23980081
885325551504.189              0.19895107
885326528598.4229             -0.059986696
885327505692.6569             0.09840476
885328482786.8909             0.16108754
885329459881.1248             0.1709911
885330436975.3588             0.17278858
885331414069.5927             0.07328866
885332391163.8267             -0.06567517
885333368258.0605             0.11172816
885334345352.2946             -0.07642053
885335322446.5286             -0.089836806
885336299540.7625             0.006172322
885337276634.9965             0.08627469
885338253729.2303             -0.051091738
885339230823.4644             0.025308156
885340207917.6982             0.027576216
885341185011.9323             -0.047648035
885342162106.1663             -0.044304576
885343139200.4001             -0.018050598
885344116294.6342             -0.07106307
885345093388.868              -0.12723851
885346070483.102              -0.08474175
885347047577.3359             -0.004208407
885348024671.57               0.0012892422
885349001765.804              -0.0013974642
885349978860.0378             0.06974693
885350955954.2719             -0.116891995
885351933048.5057             -0.067195386
885352910142.7397             -0.055195037
885353887236.9736             0.06206135
885354864331.2076             0.02917045
885355841425.4415             -0.03370525
885356818519.6755             0.042161807
885357795613.9095             0.3395423
885358772708.1434             0.13163528
885359749802.3774             -0.084670976
885360726896.6113             -0.35690442
885361703990.8453             -0.059739977
885362681085.0792             -0.09236047
885363658179.3132             0.10994242
885364635273.5472             -0.106423184
885365612367.7811             -0.059879977
885366589462.0151             -0.015972389
885367566556.249              -0.06538058
885368543650.483              -0.22327203
885369520744.7169             -0.065769784
885370497838.9509             0.07652715
885371474933.1849             0.103039615
885372452027.4188             -0.010432707
885373429121.6528             -0.12422156
885374406215.8867             -0.009955429
885375383310.1207             -0.08311708
885376360404.3546             0.080587946
885377337498.5886             -0.124709524
885378314592.8226             -0.15981041
885379291687.0565             -0.12076748
885380268781.2905             -0.004725717
885381245875.5244             0.050881382
885382222969.7584             -0.10472722
885383200063.9923             0.04098989
885384177158.2263             0.2027339
885385154252.4603             0.0011715007
885386131346.6942             -0.031451173
885387108440.9282             0.016106632
885388085535.1621             0.027393812
885389062629.3961             0.25926206
885390039723.63               0.11484216
885391016817.864              0.10847001
885391993912.0979             -0.040753353
885392971006.3319             0.045220777
885393948100.5659             0.043721035
885394925194.7998             -0.06754646
885395902289.0338             -0.07560295
885396879383.2677             -0.25175208
885397856477.5017             -0.25722304
885398833571.7356             -0.0528171
885399810665.9696             -0.06901597
885400787760.2036             -0.052385546
885401764854.4375             0.011824271
885402741948.6715             -0.103480056
885403719042.9054             0.064051054
885404696137.1394             0.0092759095
885405673231.3733             -0.008961361
885406650325.6073             -0.15065733
885407627419.8413             -0.089407064
885408604514.0752             -0.022395143
885409581608.3092             -0.049075108
885410558702.5431             -0.07811342
885411535796.7771             -0.1346638
885412512891.011              0.08975471
885413489985.245              0.060110167
885414467079.479              0.10037943
885415444173.7129             -0.009302844
885416421267.9469             0.19703811
885417398362.1808             0.014544082
885418375456.4148             -0.00875401
885419352550.6487             0.12900846
885420329644.8827             0.0027682285
885421306739.1167             0.19447777
885422283833.3506             -0.0490286
885423260927.5846             0.06218801
885424238021.8185             -0.010624131
885425215116.0525             0.1487834
885426192210.2864             0.103988096
885427169304.5204             -0.06395821
885428146398.7543             -0.04829575
885429123492.9883             0.116904415
885430100587.2223             0.11694275
885431077681.4562             0.2505373
885432054775.6902             0.10564605
885433031869.9241             -0.100181684
885434008964.1581             -0.13016486
885434986058.392              -0.13880834
885435963152.626              0.032868262
885436940246.86               -0.020377565
885437917341.0939             -0.0119749755
885438894435.3279             -0.073018104
885439871529.5618             -0.1048645
885440848623.7958             0.16133425
885441825718.0297             0.23086119
885442802812.2637             0.31215864
885443779906.4977             0.2215388
885444757000.7316             0.08753352
885445734094.9656             0.0904251
885446711189.1995             0.16267526
885447688283.4335             -0.14789268
885448665377.6674             -0.21647193
885449642471.9014             -0.13392882
885450619566.1354             -0.006988724
885451596660.3693             -0.0799639
885452573754.6033             0.0557315
885453550848.8372             0.21524961
885454527943.0712             0.05650765
885455505037.305              0.0029149514
885456482131.5391             0.091944784
885457459225.7731             0.0039908197
885458436320.007              -0.08964516
885459413414.241              -0.11729787
885460390508.4749             0.11677835
885461367602.7089             0.08899005
885462344696.9427             0.011659383
885463321791.1768             -0.038454317
885464298885.4106             -0.11824521
885465275979.6447             0.05686631
885466253073.8787             0.03828545
885467230168.1125             -0.030314025
885468207262.3466             -0.07527361
885469184356.5804             0.08617813
885470161450.8145             0.17781673
885471138545.0483             0.1384148
885472115639.2823             -0.06809483
885473092733.5164             0.015233042
885474069827.7502             0.089949034
885475046921.9843             0.07881399
885476024016.2181             -0.039395276
885477001110.4521             -0.06503833
885477978204.686              0.12339576
885478955298.92               -0.026261164
885479932393.154              0.08359903
885480909487.388              0.15984154
885481886581.622              0.13191742
885482863675.8558             0.10679612
885483840770.0898             0.017312491
885484817864.3237             0.040871263
885485794958.5577             -0.0786657
885486772052.7917             0.09378558
885487749147.0256             0.032780964
885488726241.2596             -0.046606548
885489703335.4935             0.018005079
885490680429.7275             0.10812929
885491657523.9614             0.15323691
885492634618.1954             0.12668793
885493611712.4294             0.026829153
885494588806.6633             -0.0063106883
885495565900.8973             -0.020949928
885496542995.1312             -0.10359601
885497520089.3652             -0.033964306
885498497183.5991             0.11920041
885499474277.8331             -0.006578105
885500451372.067              0.026829755
885501428466.301              0.002568809
885502405560.535              -0.03164227
885503382654.7689             0.024073407
885504359749.0029             -0.02594778
885505336843.2368             0.04331812
885506313937.4708             -0.05107897
885507291031.7047             0.06488599
885508268125.9387             -0.051474176
885509245220.1727             0.061384626
885510222314.4066             -0.07967241
885511199408.6406             0.020424463
885512176502.8745             -0.118332095
885513153597.1085             0.030943546
885514130691.3424             -0.05575809
885515107785.5764             -0.014488664
885516084879.8104             -0.036944095
885517061974.0443             -0.08301555
885518039068.2783             0.07060964
885519016162.5122             0.054187912
885519993256.7462             0.049081065
885520970350.9801             0.15833656
885521947445.2141             0.14825913
885522924539.4481             0.07468277
885523901633.682              0.12729764
885524878727.916              0.050223883
885525855822.1499             0.040086087
885526832916.3839             0.08133429
885527810010.6178             -0.08296708
885528787104.8518             -0.12854135
885529764199.0858             -0.048350193
885530741293.3197             0.13461934
885531718387.5537             -0.097586386
885532695481.7876             -0.24255276
885533672576.0216             -0.05627003
885534649670.2555             -0.0047866865
885535626764.4895             0.017255094
885536603858.7234             -0.020523844
885537580952.9574             -0.0042751324
885538558047.1914             -0.043041464
885539535141.4253             0.1037104
885540512235.6593             -0.107252315
885541489329.8932             -0.05367721
885542466424.1272             0.13231236
885543443518.3611             0.016503345
885544420612.5951             -0.037090126
885545397706.8291             0.123582765
885546374801.063              0.06782032
885547351895.297              0.09261391
885548328989.5309             0.1520966
885549306083.7649             0.17662774
885550283177.9988             0.15556718
885551260272.2328             0.022783699
885552237366.4668             0.14038394
885553214460.7007             0.000645257
885554191554.9347             -0.0017181268
885555168649.1686             -0.05902922
885556145743.4026             -0.1573797
885557122837.6365             -0.07445041
885558099931.8705             0.02419109
885559077026.1045             -0.0736024
885560054120.3384             -0.12857985
885561031214.5724             0.24040654
885562008308.8063             -0.008044126
885562985403.0403             -0.0892619
885563962497.2742             -0.045479234
885564939591.5082             -0.20838685
885565916685.7422             -0.07526494
885566893779.9761             -0.13954476
885567870874.2101             -0.039884336
885568847968.444              -0.09108663
885569825062.678              -0.089734174
885570802156.9119             -0.10469335
885571779251.1459             -0.16943543
885572756345.3798             -0.07058835
885573733439.6138             -0.028613051
885574710533.8478             0.018094165
885575687628.0817             -0.008066484
885576664722.3157             0.027213104
885577641816.5496             -0.13301784
885578618910.7836             0.005729883
885579596005.0175             -0.013739828
885580573099.2515             -0.07115649
885581550193.4855             0.005532741
885582527287.7194             0.020071274
885583504381.9534             -0.13500728
885584481476.1873             0.040660564
885585458570.4213             -0.10521713
885586435664.6552             0.11022171
885587412758.8892             0.05813932
885588389853.1232             -0.08557486
885589366947.357              0.06902799
885590344041.5911             0.04552016
885591321135.825              0.035784815
885592298230.059              0.00868973
885593275324.2928             0.008396994
885594252418.5269             -0.11519245
885595229512.7609             -0.23778085
885596206606.9948             -0.2378123
885597183701.2288             0.018099116
885598160795.4626             -0.08141441
885599137889.6967             0.0073461877
885600114983.9305             0.052244667
885601092078.1646             0.09235923
885602069172.3986             0.046824187
885603046266.6324             0.102729045
885604023360.8665             0.09187846
885605000455.1003             -0.024905056
885605977549.3344             -0.032349642
885606954643.5682             -0.099173
885607931737.8022             -0.059591603
885608908832.0361             0.02211388
885609885926.2701             0.03271791
885610863020.5042             0.04377868
885611840114.738              0.055988047
885612817208.972              0.013223858
885613794303.2059             -0.11327005
885614771397.44               -0.15253477
885615748491.6738             0.015200017
885616725585.9078             0.17413308
885617702680.1418             -0.027832098
885618679774.3757             0.094828576
885619656868.6097             0.068249926
885620633962.8436             0.07783164
885621611057.0776             -0.03445917
885622588151.3115             -0.030190328
885623565245.5455             0.04819542
885624542339.7795             0.23545042
885625519434.0134             0.08286455
885626496528.2474             0.02581815
885627473622.4813             0.0062705874
885628450716.7153             0.03018705
885629427810.9492             0.05525904
885630404905.1832             -0.27856272
885631381999.4172             -0.121115744
885632359093.6511             -0.0028777577
885633336187.8851             -0.15745683
885634313282.119              0.038680073
885635290376.353              0.019956037
885636267470.5869             -0.012091759
885637244564.8209             0.03506665
885638221659.0549             -0.08440772
885639198753.2888             -0.088372804
885640175847.5228             -0.027867826
885641152941.7567             0.02095824
885642130035.9907             0.02656365
885643107130.2246             -0.052659933
885644084224.4586             -0.17628792
885645061318.6925             -0.046374757
885646038412.9265             0.035729043
885647015507.1605             0.1148651
885647992601.3944             0.0027361042
885648969695.6284             -0.03146754
885649946789.8623             -0.0350672
885650923884.0963             0.09136767
885651900978.3302             -0.037607692
885652878072.5642             -0.080398805
885653855166.7982             -0.09709781
885654832261.0321             -0.08350186
885655809355.2661             -0.03293064
885656786449.5                0.022780975
885657763543.734              0.09931246
885658740637.9679             0.2403156
885659717732.2019             0.1114672
885660694826.4359             -0.013687937
885661671920.6698             0.10176844
885662649014.9038             0.07054267
885663626109.1377             -0.044290982
885664603203.3717             -0.09436159
885665580297.6056             0.0009232131
885666557391.8396             0.18870234
885667534486.0736             0.015467085
885668511580.3075             -0.040197067
885669488674.5415             0.035842914
885670465768.7754             0.13120037
885671442863.0094             -0.024240136
885672419957.2433             -0.022116961
885673397051.4773             0.041704033
885674374145.7113             0.016351769
885675351239.9452             -0.11712615
885676328334.1792             -0.019789247
885677305428.4131             0.00045903804
885678282522.6471             -0.07366816
885679259616.881              -0.0056298403
885680236711.115              0.010130689
885681213805.3489             0.0320182
885682190899.5829             0.05097822
885683167993.8169             -0.23735006
885684145088.0508             -0.2623709
885685122182.2848             0.044981
885686099276.5187             -0.027421078
885687076370.7527             0.0417413
885688053464.9866             0.07692801
885689030559.2206             -0.093280554
885690007653.4546             0.15343225
885690984747.6885             0.00042974387
885691961841.9225             -0.087077536
885692938936.1564             -0.05013854
885693916030.3904             -0.10999004
885694893124.6243             -0.080129474
885695870218.8583             -0.10725921
885696847313.0923             -0.06962491
885697824407.3262             0.0065831975
885698801501.5602             0.068537615
885699778595.7941             -0.035371073
885700755690.0281             -0.06580701
885701732784.262              0.09012663
885702709878.496              0.0038590261
885703686972.73               -0.11934294
885704664066.9639             -0.12384152
885705641161.1979             0.027982455
885706618255.4318             -0.018464826
885707595349.6658             0.06401923
885708572443.8997             -0.0425598
885709549538.1337             0.0031063585
885710526632.3677             0.10272216
885711503726.6016             0.078958705
885712480820.8356             -0.034797423
885713457915.0695             -0.038812
885714435009.3035             -0.062039863
885715412103.5374             -0.015719384
885716389197.7714             0.032387342
885717366292.0052             0.035490613
885718343386.2393             -0.070635505
885719320480.4733             0.03672687
885720297574.7072             -0.051881082
885721274668.9412             -0.03601124
885722251763.175              0.023761692
885723228857.409              0.2626056
885724205951.643              0.2060109
885725183045.877              -0.0697831
885726160140.111              0.09615535
885727137234.3448             0.13795197
885728114328.5789             -0.004144627
885729091422.8127             0.08758412
885730068517.0468             -0.044405498
885731045611.2806             -0.085037254
885732022705.5146             0.061527323
885732999799.7487             0.114031866
885733976893.9825             -0.008289394
885734953988.2166             -0.07789861
885735931082.4504             0.018778438
885736908176.6844             0.085201316
885737885270.9183             -0.08719199
885738862365.1523             -0.044105865
885739839459.3864             0.010475237
885740816553.6202             0.043153666
885741793647.8542             0.06915868
885742770742.0881             0.02114628
885743747836.3221             0.11883828
885744724930.556              -0.004138354
885745702024.79               0.064045705
885746679119.024              0.036795057
885747656213.2579             0.031151978
885748633307.492              0.036461633
885749610401.7258             -0.1109458
885750587495.9598             0.05017432
885751564590.1937             -0.21131763
885752541684.4277             -0.11796885
885753518778.6616             -0.03499067
885754495872.8956             0.009780774
885755472967.1296             -0.113378465
885756450061.3635             -0.04590832
885757427155.5975             -0.11241855
885758404249.8314             -0.087155625
885759381344.0654             0.03872559
885760358438.2993             0.025403416
885761335532.5333             0.12826854
885762312626.7673             0.004610746
885763289721.0012             0.04811665
885764266815.2352             -0.124663055
885765243909.4691             -0.05097297
885766221003.7031             0.12418228
885767198097.937              -0.029736534
885768175192.171              -0.007152756
885769152286.405              0.012006359
885770129380.6389             -0.03505981
885771106474.8729             0.1282388
885772083569.1068             0.16363339
885773060663.3408             -0.031946946
885774037757.5747             0.08400675
885775014851.8087             -0.13030696
885775991946.0427             -0.08607911
885776969040.2766             -0.09725644
885777946134.5106             0.016309313
885778923228.7445             0.0941311
885779900322.9785             0.19698714
885780877417.2124             0.034903985
885781854511.4464             -0.059748657
885782831605.6804             -0.097146414
885783808699.9143             -0.08189628
885784785794.1483             -0.09417998
885785762888.3822             -0.13542019
885786739982.6162             -0.118225
885787717076.8501             0.020639844
885788694171.0841             -0.093478985
885789671265.318              -0.13264489
885790648359.552              0.029233081
885791625453.786              0.108193435
885792602548.0199             -0.030560229
885793579642.2539             -0.020106675
885794556736.4878             -0.036438372
885795533830.7218             -0.061011154
885796510924.9557             0.25120157
885797488019.1897             0.14380006
885798465113.4237             0.060822193
885799442207.6576             0.14453493
885800419301.8916             0.014181207
885801396396.1255             0.029504897
885802373490.3595             0.11184158
885803350584.5934             0.021813001
885804327678.8274             0.13807145
885805304773.0614             0.09207068
885806281867.2953             0.12993088
885807258961.5293             0.032825034
885808236055.7632             0.0254972
885809213149.9972             -0.05736156
885810190244.2311             0.07715699
885811167338.4651             0.08989317
885812144432.6991             0.009547358
885813121526.933              -0.042384878
885814098621.167              -0.10421704
885815075715.4009             -0.054508127
885816052809.6349             -0.162579
885817029903.8688             -0.020238422
885818006998.1028             0.019805508
885818984092.3368             0.022584086
885819961186.5707             0.040789373
885820938280.8047             0.008852969
885821915375.0386             0.07243742
885822892469.2726             -0.085765064
885823869563.5065             0.022284556
885824846657.7405             0.05651754
885825823751.9744             0.09464491
885826800846.2084             0.031462856
885827777940.4424             0.09305041
885828755034.6763             0.039066136
885829732128.9103             0.07299778
885830709223.1442             -0.114652656
885831686317.3782             -0.095261
885832663411.612              -0.05452208
885833640505.8461             -0.13854693
885834617600.0801             -0.026254198
885835594694.314              0.09133676
885836571788.548              -0.10857429
885837548882.7819             -0.10696493
885838525977.0159             0.073311895
885839503071.2498             0.068457514
885840480165.4838             0.16434433
885841457259.7178             0.11512824
885842434353.9517             0.10455434
885843411448.1857             -0.26315367
885844388542.4196             -0.066773064
885845365636.6536             0.06508375
885846342730.8875             0.13579829
885847319825.1215             0.17726862
885848296919.3555             -0.055824663
885849274013.5894             0.08550034
885850251107.8234             -0.14178738
885851228202.0573             -0.060655214
885852205296.2913             0.02946615
885853182390.5251             8.200605e-05
885854159484.7592             -0.030754048
885855136578.9932             -0.07318346
885856113673.227              0.0971918
885857090767.461              -0.032869242
885858067861.695              -0.036966328
885859044955.929              -0.13050131
885860022050.1628             0.0212109
885860999144.3969             0.04434637
885861976238.6307             -0.014480383
885862953332.8647             -0.13464022
885863930427.0988             -0.046297666
885864907521.3326             0.061161846
885865884615.5667             0.053484738
885866861709.8005             0.04175883
885867838804.0345             0.104374796
885868815898.2684             0.081716724
885869792992.5024             0.013055924
885870770086.7365             -0.09258676
885871747180.9703             -0.09095275
885872724275.2043             -0.15051997
885873701369.4382             -0.06814146
885874678463.6722             -0.0008044348
885875655557.9061             -0.045145787
885876632652.1401             0.13219868
885877609746.3741             0.15078601
885878586840.608              0.19932975
885879563934.842              0.17334265
885880541029.0759             0.024134208
885881518123.3099             -0.003917675
885882495217.5438             -0.11965851
885883472311.7778             -0.120104514
885884449406.0118             -0.07651042
885885426500.2457             0.053845037
885886403594.4797             0.030274527
885887380688.7136             -0.01188863
885888357782.9476             0.11550892
885889334877.1815             0.13714565
885890311971.4155             -0.09551687
885891289065.6495             -0.06297006
885892266159.8834             -0.17266582
885893243254.1174             0.0805374
885894220348.3513             -0.014756824
885895197442.5853             -0.021153433
885896174536.8192             0.04678774
885897151631.0532             0.096478924
885898128725.2871             0.061629277
885899105819.5211             0.009604062
885900082913.7551             -0.04824388
885901060007.989              0.002580557
885902037102.223              0.050812807
885903014196.4569             0.1193002
885903991290.6909             -0.06758504
885904968384.9248             -0.28917685
885905945479.1588             -0.04533387
885906922573.3928             0.046861477
885907899667.6267             0.05413819
885908876761.8607             0.058850557
885909853856.0946             0.08375568
885910830950.3286             -0.09794027
885911808044.5625             -0.13639598
885912785138.7965             -0.17084548
885913762233.0305             -0.11093751
885914739327.2644             -0.04780597
885915716421.4984             -0.12895848
885916693515.7323             -0.076658756
885917670609.9663             -0.016849706
885918647704.2002             -0.05707864
885919624798.4342             0.0039266907
885920601892.6682             0.072797224
885921578986.9021             -0.012646516
885922556081.1361             0.0019938198
885923533175.37               -0.025241068
885924510269.604              -0.06997892
885925487363.8379             -0.19648878
885926464458.0719             -0.1671537
885927441552.3059             -0.0282741
885928418646.5398             0.06561428
885929395740.7738             0.13532273
885930372835.0077             -0.058279514
885931349929.2417             -0.054375686
885932327023.4756             0.032299906
885933304117.7096             0.13308035
885934281211.9435             -0.13619833
885935258306.1775             -0.046388168
885936235400.4115             -0.09199552
885937212494.6454             -0.0872288
885938189588.8794             -0.065073304
885939166683.1133             -0.10146425
885940143777.3473             0.1282756
885941120871.5812             -0.04480295
885942097965.8152             0.04486114
885943075060.0492             -0.042713404
885944052154.2831             0.050241034
885945029248.5171             0.08844477
885946006342.751              -0.059967823
885946983436.985              -0.03609169
885947960531.2189             0.044248477
885948937625.4529             -0.032490868
885949914719.6869             0.033407524
885950891813.9208             0.06598494
885951868908.1548             0.08896454
885952846002.3887             0.06919637
885953823096.6227             0.05272364
885954800190.8566             -0.17254761
885955777285.0906             -0.07252971
885956754379.3246             0.0015003654
885957731473.5585             0.07461896
885958708567.7925             0.035398193
885959685662.0264             0.057283048
885960662756.2604             0.04344647
885961639850.4943             -0.080021776
885962616944.7283             -0.050961792
885963594038.9623             -0.21318713
885964571133.1962             -0.26159936
885965548227.4302             -0.3084701
885966525321.6641             -0.07896281
885967502415.8981             -0.007687995
885968479510.132              -0.06105192
885969456604.366              -0.061989956
885970433698.5999             0.08158951
885971410792.8339             -0.0050962646
885972387887.0679             0.107085876
885973364981.3018             0.025050271
885974342075.5358             -0.22739434
885975319169.7697             0.05791808
885976296264.0037             0.03915251
885977273358.2375             0.013907314
885978250452.4716             0.002768687
885979227546.7056             0.060970917
885980204640.9395             0.010126163
885981181735.1735             -0.06098191
885982158829.4073             0.085091345
885983135923.6414             0.11234216
885984113017.8752             -0.0058886926
885985090112.1093             -0.20022099
885986067206.3433             -0.04118638
885987044300.5771             -0.019669024
885988021394.8112             -0.05862381
885988998489.045              -0.039423104
885989975583.279              -0.03622792
885990952677.513              -0.10586045
885991929771.747              -0.019722877
885992906865.981              0.1632305
885993883960.2148             0.1398817
885994861054.4489             0.11346727
885995838148.6827             -0.0039647245
885996815242.9167             0.04268297
885997792337.1506             0.025028594
885998769431.3846             0.028105976
885999746525.6187             -0.16506493
886000723619.8525             -0.11542279
886001700714.0865             -0.043766398
886002677808.3204             -0.019256584
886003654902.5544             0.13173528
886004631996.7883             -0.019702526
886005609091.0223             0.13192528
886006586185.2562             -0.07286465
886007563279.4902             -0.10164023
886008540373.7242             0.0027465564
886009517467.9581             -0.03413574
886010494562.1921             0.026973393
886011471656.426              0.05130736
886012448750.66               -0.02506313
886013425844.8939             0.1265801
886014402939.1279             0.20382635
886015380033.3619             0.16149725
886016357127.5958             0.038784593
886017334221.8298             0.1974732
886018311316.0637             0.15489501
886019288410.2977             -0.06389684
886020265504.5316             -0.09303173
886021242598.7656             0.08937417
886022219692.9996             -0.07047168
886023196787.2335             0.121683046
886024173881.4675             0.20162693
886025150975.7014             0.19697946
886026128069.9354             0.060909417
886027105164.1693             -0.10103553
886028082258.4033             -0.1535537
886029059352.6373             0.015110197
886030036446.8712             0.20501198
886031013541.1052             -0.023777504
886031990635.3391             -0.00028531527
886032967729.5731             0.021497069
886033944823.807              0.059524745
886034921918.041              -0.090798065
886035899012.2749             0.07168766
886036876106.5089             -0.07921613
886037853200.7429             -0.053082254
886038830294.9768             -0.1282048
886039807389.2108             -0.19176109
886040784483.4447             -0.08220032
886041761577.6787             0.103259444
886042738671.9126             0.24349205
886043715766.1466             -0.08248766
886044692860.3806             -0.12619936
886045669954.6145             0.0042096716
886046647048.8485             0.018134005
886047624143.0824             0.15677631
886048601237.3164             -0.043429844
886049578331.5503             -0.11810274
886050555425.7843             0.13901787
886051532520.0183             -0.0038833155
886052509614.2522             -0.11815028
886053486708.4862             -0.13166808
886054463802.7201             0.037449617
886055440896.9541             0.047513634
886056417991.188              -0.041365378
886057395085.422              -0.034260213
886058372179.656              -0.20222378
886059349273.8899             -0.0714556
886060326368.1239             0.035018202
886061303462.3578             -0.009710608
886062280556.5918             -0.13245189
886063257650.8257             0.15999682
886064234745.0597             0.14411339
886065211839.2937             -0.01971598
886066188933.5276             0.02837468
886067166027.7616             -0.112266354
886068143121.9955             -0.051955763
886069120216.2295             0.010368639
886070097310.4634             0.009593607
886071074404.6974             0.0139750205
886072051498.9313             0.10093775
886073028593.1653             -0.0028053448
886074005687.3993             -0.12757562
886074982781.6332             -0.22945976
886075959875.8672             -0.1730696
886076936970.1011             0.069369674
886077914064.3351             0.113474235
886078891158.569              -0.19507046
886079868252.803              -0.13011082
886080845347.037              -0.017485611
886081822441.2709             -0.31550747
886082799535.5049             -0.09650319
886083776629.7388             0.08784147
886084753723.9728             0.027930588
886085730818.2067             -0.005212945
886086707912.4407             0.13159831
886087685006.6747             -0.030644199
886088662100.9086             0.09340683
886089639195.1426             -0.20313968
886090616289.3765             -0.10291651
886091593383.6105             0.099294335
886092570477.8444             0.023495067
886093547572.0784             0.003830194
886094524666.3124             0.05687804
886095501760.5463             0.08538564
886096478854.7803             0.3236097
886097455949.0142             -0.027336508
886098433043.2482             -0.07351965
886099410137.482              -0.047795687
886100387231.7161             -0.13324547
886101364325.9501             -0.02753054
886102341420.184              -0.05424534
886103318514.418              -0.066587865
886104295608.6519             -0.19203812
886105272702.8859             -0.122709334
886106249797.1198             -0.0202489
886107226891.3538             -0.21110602
886108203985.5876             -0.12431204
886109181079.8217             -0.07469856
886110158174.0557             -0.058456294
886111135268.2896             -0.059632275
886112112362.5236             -0.076842174
886113089456.7574             -0.082953766
886114066550.9915             -0.16632314
886115043645.2253             -0.021241108
886116020739.4594             -0.057174604
886116997833.6934             -0.085639656
886117974927.9272             -0.16432765
886118952022.1613             -0.06441713
886119929116.3951             -0.01993904
886120906210.6292             -0.039300464
886121883304.863              0.0051302947
886122860399.097              0.05924082
886123837493.331              0.24389912
886124814587.565              0.0045694923
886125791681.799              -0.08110656
886126768776.0328             -0.025126074
886127745870.2668             -0.05590396
886128722964.5007             -0.09826541
886129700058.7347             0.06925681
886130677152.9688             -0.12905532
886131654247.2026             0.08877611
886132631341.4366             0.074388705
886133608435.6705             -0.10179357
886134585529.9045             0.023960428
886135562624.1384             0.13655584
886136539718.3724             0.0031345803
886137516812.6064             -0.03550901
886138493906.8403             0.0441762
886139471001.0743             -0.02894854
886140448095.3082             0.0450559
886141425189.5422             -0.15121326
886142402283.7761             -0.028665707
886143379378.0101             -0.003027007
886144356472.244              -0.13046597
886145333566.478              -0.036466386
886146310660.712              -0.118943006
886147287754.9459             -0.1400667
886148264849.1799             0.016346483
886149241943.4138             -0.10282581
886150219037.6478             -0.12332167
886151196131.8817             -0.02580952
886152173226.1157             -0.04651351
886153150320.3497             0.0118891345
886154127414.5836             -0.06082031
886155104508.8176             0.15089878
886156081603.0515             0.06779933
886157058697.2855             -0.034026165
886158035791.5194             -0.0045428323
886159012885.7534             -0.0014076699
886159989979.9874             -0.07205452
886160967074.2213             0.10255776
886161944168.4553             0.059386022
886162921262.6892             0.119518526
886163898356.9232             -0.01508502
886164875451.1571             -0.12695074
886165852545.3911             -0.05796394
886166829639.6251             -0.029226672
886167806733.859              -0.16657862
886168783828.093              -0.08463046
886169760922.3269             0.0014910559
886170738016.5609             0.028246153
886171715110.7948             0.15078549
886172692205.0288             -0.12812622
886173669299.2628             0.022426883
886174646393.4967             0.13681504
886175623487.7307             0.31989154
886176600581.9646             0.086643174
886177577676.1986             0.071542956
886178554770.4325             0.016071618
886179531864.6665             -0.0103912745
886180508958.9004             -0.0039719855
886181486053.1344             -0.08622901
886182463147.3684             0.069901496
886183440241.6023             -0.15852062
886184417335.8363             0.0037758925
886185394430.0702             -0.06801373
886186371524.3042             -0.07694766
886187348618.5381             -0.1279482
886188325712.7721             -0.1323493
886189302807.0061             -0.0065205
886190279901.24               0.070998706
886191256995.474              -0.025977273
886192234089.7079             -0.06681995
886193211183.9419             -0.1187441
886194188278.1758             0.122788444
886195165372.4098             -0.03657177
886196142466.6438             -0.05225552
886197119560.8777             0.0227659
886198096655.1117             0.096106544
886199073749.3456             9.6157426e-05
886200050843.5796             0.011497148
886201027937.8135             0.09768938
886202005032.0475             -0.014419994
886202982126.2815             -0.1059992
886203959220.5154             0.030843873
886204936314.7494             0.15546007
886205913408.9833             0.2268594
886206890503.2173             0.033797614
886207867597.4512             -0.0633344
886208844691.6852             0.041725285
886209821785.9192             0.08427621
886210798880.1531             -0.0109710535
886211775974.3871             -0.23549698
886212753068.621              -0.09997485
886213730162.855              -0.011285636
886214707257.0889             0.09280368
886215684351.3229             -0.024565212
886216661445.5568             -0.029156191
886217638539.7908             -0.13441691
886218615634.0248             -0.04590825
886219592728.2587             0.033721827
886220569822.4927             -0.089040495
886221546916.7266             0.044186983
886222524010.9606             -0.15908836
886223501105.1945             -0.03076947
886224478199.4285             -0.15294887
886225455293.6625             -0.068929866
886226432387.8964             -0.2389377
886227409482.1304             -0.1879611
886228386576.3643             -0.18596382
886229363670.5983             -0.050316896
886230340764.8322             0.124939986
886231317859.0662             -0.17978534
886232294953.3002             -0.059941746
886233272047.534              0.037374325
886234249141.7681             -0.048106868
886235226236.002              -0.060573887
886236203330.236              0.096967906
886237180424.4698             0.18098053
886238157518.7039             0.03767959
886239134612.9379             0.15149975
886240111707.1718             -0.019914553
886241088801.4058             -0.10558329
886242065895.6396             -0.088437594
886243042989.8737             0.051818393
886244020084.1075             0.04090577
886244997178.3416             0.11506488
886245974272.5756             0.011569724
886246951366.8094             0.012913876
886247928461.0435             -0.24114901
886248905555.2773             -0.07520139
886249882649.5114             -0.02701977
886250859743.7452             -0.0049125967
886251836837.9792             -0.17258488
886252813932.2131             0.055170998
886253791026.4471             -0.0076543842
886254768120.6812             0.05832897
886255745214.915              0.045473095
886256722309.149              0.08628936
886257699403.3829             0.05223063
886258676497.617              0.008186509
886259653591.8508             -0.085701995
886260630686.0848             -0.13126108
886261607780.3188             -0.14704552
886262584874.5527             -0.049035832
886263561968.7867             0.019032015
886264539063.0206             0.043770093
886265516157.2546             -0.0104688415
886266493251.4885             -0.12889206
886267470345.7225             0.11382284
886268447439.9565             0.054658808
886269424534.1904             -0.15950388
886270401628.4244             -0.16921097
886271378722.6583             -0.070011325
886272355816.8923             -0.19917667
886273332911.1262             -0.17552666
886274310005.3602             -0.021237558
886275287099.5942             0.19856413
886276264193.8281             0.15984629
886277241288.0621             0.008097675
886278218382.296              0.05022896
886279195476.53               0.10066634
886280172570.7639             0.02514806
886281149664.9979             0.017202366
886282126759.2319             0.14738782
886283103853.4658             0.114067584
886284080947.6998             0.15257406
886285058041.9337             0.01305555
886286035136.1677             0.03534521
886287012230.4016             -0.029499516
886287989324.6356             0.06541767
886288966418.8695             0.081828915
886289943513.1035             0.030919902
886290920607.3375             0.10445558
886291897701.5714             -0.18101545
886292874795.8054             0.10626744
886293851890.0393             0.055074245
886294828984.2733             -0.011447483
886295806078.5072             0.0545371
886296783172.7412             -0.0829832
886297760266.9752             -0.11256796
886298737361.2091             0.09978803
886299714455.4431             0.20095767
886300691549.677              0.16084895
886301668643.911              0.035957
886302645738.1449             0.039825257
886303622832.3789             -0.014420378
886304599926.6129             0.034252267
886305577020.8468             -0.096011534
886306554115.0808             -0.018137919
886307531209.3147             0.18608263
886308508303.5487             -0.06650035
886309485397.7826             -0.010102341
886310462492.0166             -0.0073436904
886311439586.2506             0.08371116
886312416680.4845             0.055425387
886313393774.7185             -0.24290177
886314370868.9524             -0.0015229351
886315347963.1864             -0.012442535
886316325057.4203             0.026456265
886317302151.6543             -0.07355042
886318279245.8883             -0.086369924
886319256340.1222             0.045422535
886320233434.3562             -0.061161444
886321210528.5901             0.023589676
886322187622.8241             0.15408488
886323164717.058              0.0035564087
886324141811.292              0.0031375606
886325118905.5259             -0.0048748967
886326095999.7599             -0.1019742
886327073093.9939             -0.13860816
886328050188.2278             -0.21109737
886329027282.4618             -0.030222628
886330004376.6957             -0.03785137
886330981470.9297             -0.01067637
886331958565.1636             -0.02828944
886332935659.3976             -0.07062793
886333912753.6316             -0.23471808
886334889847.8655             -0.110421285
886335866942.0995             -0.05582777
886336844036.3334             0.04426631
886337821130.5674             -0.09553181
886338798224.8013             -0.044442166
886339775319.0353             0.13571891
886340752413.2693             0.20642737
886341729507.5032             0.0630091
886342706601.7372             0.076864436
886343683695.9711             -0.06448344
886344660790.2051             0.1555783
886345637884.439              -0.023715649
886346614978.673              0.024378939
886347592072.907              -0.18488453
886348569167.1409             -0.017853616
886349546261.3749             -0.028795559
886350523355.6088             -0.15046063
886351500449.8428             -0.25928426
886352477544.0767             -0.007860454
886353454638.3107             -0.01684118
886354431732.5447             -0.15088192
886355408826.7786             0.012064693
886356385921.0126             0.06800255
886357363015.2465             -0.07733678
886358340109.4805             0.01971942
886359317203.7144             0.061793692
886360294297.9484             0.05188743
886361271392.1823             0.1117163
886362248486.4163             -0.10198256
886363225580.6503             0.07524435
886364202674.8842             0.06460074
886365179769.1182             -0.012773049
886366156863.352              0.054371484
886367133957.586              0.01815346
886368111051.82               -0.049367454
886369088146.054              0.09907065
886370065240.288              0.31466585
886371042334.5219             -0.06696719
886372019428.7559             -0.04079139
886372996522.9897             0.116412185
886373973617.2238             -0.055442262
886374950711.4576             0.040088847
886375927805.6917             0.10091874
886376904899.9257             0.15629257
886377881994.1595             -0.0028296874
886378859088.3936             0.08537732
886379836182.6274             0.14939594
886380813276.8615             0.24840622
886381790371.0953             -0.07510527
886382767465.3293             0.1232065
886383744559.5634             0.01934731
886384721653.7972             -0.026964135
886385698748.0312             0.057847407
886386675842.2651             0.10734261
886387652936.4991             0.06837491
886388630030.733              -0.071791515
886389607124.967              0.23628612
886390584219.201              0.08684129
886391561313.4349             0.084135436
886392538407.669              0.098804645
886393515501.9028             0.10396994
886394492596.1368             -0.17712076
886395469690.3707             0.20796025
886396446784.6047             0.12234663
886397423878.8386             0.07394643
886398400973.0726             0.31461665
886399378067.3066             -0.02069466
886400355161.5405             0.09876589
886401332255.7745             0.09114739
886402309350.0084             -0.22274923
886403286444.2424             -0.15531257
886404263538.4763             0.09448214
886405240632.7103             0.035289153
886406217726.9443             -0.017254889
886407194821.1782             0.19074963
886408171915.4122             0.16441597
886409149009.6461             0.05124623
886410126103.8801             0.08035334
886411103198.114              0.094460934
886412080292.348              0.09220018
886413057386.582              0.102876544
886414034480.8159             0.16337162
886415011575.0499             -0.13558072
886415988669.2838             -0.16156717
886416965763.5178             -0.05167541
886417942857.7517             -0.04883752
886418919951.9857             0.035519283
886419897046.2197             0.1640028
886420874140.4536             -0.2204565
886421851234.6876             -0.2142794
886422828328.9215             -0.2613831
886423805423.1555             -0.18724616
886424782517.3894             -0.105137385
886425759611.6234             0.24692063
886426736705.8574             -0.047752507
886427713800.0913             0.15696304
886428690894.3253             -0.10168064
886429667988.5592             -0.18210329
886430645082.7932             0.13769677
886431622177.0271             0.13969468
886432599271.2611             0.3630123
886433576365.495              0.10433386
886434553459.729              -0.22787616
886435530553.963              -0.09510784
886436507648.1969             -0.19083625
886437484742.4309             -0.043558285
886438461836.6648             0.20940952
886439438930.8988             0.2335209
886440416025.1327             0.14893332
886441393119.3667             0.58221513
886442370213.6007             0.053491194
886443347307.8346             -0.33209002
886444324402.0686             -0.3091918
886445301496.3025             -0.11476063
886446278590.5365             0.017903708
886447255684.7704             -0.051877137
886448232779.0044             0.016866986
886449209873.2384             -0.20240498
886450186967.4723             -0.22905947
886451164061.7063             -0.19747886
886452141155.9402             -0.21651842
886453118250.1742             0.09478187
886454095344.4081             0.057148863
886455072438.6421             -0.16170675
886456049532.8761             -0.07184416
886457026627.11               -0.29213196
886458003721.344              -0.014655185
886458980815.5779             -0.16572979
886459957909.8119             -0.39024252
886460935004.0458             -0.1945358
886461912098.2798             0.0073321965
886462889192.5138             0.09844512
886463866286.7477             -0.25921032
886464843380.9817             -0.11981226
886465820475.2156             -0.22976723
886466797569.4496             -0.072207175
886467774663.6835             -0.012544747
886468751757.9175             0.013993539
886469728852.1514             0.04564635
886470705946.3854             -0.15804835
886471683040.6194             0.034089155
886472660134.8533             0.009428442
886473637229.0873             -0.13367653
886474614323.3212             0.18384661
886475591417.5552             0.23168258
886476568511.7891             0.18698233
886477545606.0231             -0.097103156
886478522700.2571             -0.08842058
886479499794.491              -0.11663733
886480476888.725              -0.09449366
886481453982.9589             0.23017922
886482431077.1929             0.21305174
886483408171.4268             0.09549649
886484385265.6608             -0.066079706
886485362359.8948             -0.025572013
886486339454.1287             0.00070329057
886487316548.3627             -0.09976552
886488293642.5966             0.025616108
886489270736.8306             -0.05892681
886490247831.0645             0.09889876
886491224925.2985             -0.10081101
886492202019.5325             -0.022178175
886493179113.7664             0.055820316
886494156208.0004             -0.02340513
886495133302.2343             0.009854545
886496110396.4683             0.12917992
886497087490.7021             -0.05178194
886498064584.9362             0.043047596
886499041679.1702             -0.104028694
886500018773.404              -0.07927181
886500995867.6381             -0.21239227
886501972961.872              -0.017542113
886502950056.106              0.074309655
886503927150.3398             -0.10385496
886504904244.5739             -0.255738
886505881338.8077             0.042665217
886506858433.0417             0.032599382
886507835527.2758             -0.30054465
886508812621.5096             -0.15904993
886509789715.7437             -0.12613535
886510766809.9775             -0.0477906
886511743904.2115             0.009922178
886512720998.4454             -0.11502158
886513698092.6794             -0.13194793
886514675186.9135             -0.18877767
886515652281.1473             0.11936769
886516629375.3813             0.025256617
886517606469.6152             0.039835267
886518583563.8492             0.0041801413
886519560658.0831             -0.07731225
886520537752.3171             -0.062449086
886521514846.5511             -0.10721526
886522491940.785              -0.029304553
886523469035.019              -0.09788562
886524446129.2529             0.07469909
886525423223.4869             -0.111477114
886526400317.7208             -0.104282804
886527377411.9548             -0.12217635
886528354506.1888             -0.04285521
886529331600.4227             0.14980002
886530308694.6567             0.12011274
886531285788.8906             0.13900517
886532262883.1246             0.12839791
886533239977.3585             0.17383443
886534217071.5925             0.07583072
886535194165.8265             0.09077928
886536171260.0604             -0.15910211
886537148354.2944             -0.0873944
886538125448.5283             0.05792353
886539102542.7623             -0.1023842
886540079636.9962             0.024935117
886541056731.2302             -0.12999012
886542033825.4641             -0.049242463
886543010919.6981             0.15669125
886543988013.9321             -0.04241015
886544965108.166              -0.12167595
886545942202.4                0.045716103
886546919296.6339             0.18702371
886547896390.8679             0.10966309
886548873485.1018             -0.04776693
886549850579.3358             0.05363917
886550827673.5698             0.17412387
886551804767.8037             -0.27942312
886552781862.0377             -0.18018664
886553758956.2716             0.124526314
886554736050.5056             0.10288237
886555713144.7395             0.13042282
886556690238.9735             0.07861389
886557667333.2075             0.0963486
886558644427.4414             0.040257428
886559621521.6754             -0.001554843
886560598615.9093             0.098033994
886561575710.1433             0.0013377441
886562552804.3772             -0.011766681
886563529898.6112             -0.083550945
886564506992.8452             -0.21196818
886565484087.0791             -0.015585009
886566461181.3131             0.0333164
886567438275.547              -0.122179806
886568415369.781              -0.038381785
886569392464.0149             0.096877046
886570369558.2489             -0.049290866
886571346652.4829             0.15473261
886572323746.7168             -0.047808897
886573300840.9508             -0.18654774
886574277935.1847             -0.1340222
886575255029.4187             -0.09277434
886576232123.6526             0.12603958
886577209217.8866             0.015922902
886578186312.1205             0.062352102
886579163406.3545             -0.07428796
886580140500.5885             0.009371782
886581117594.8224             0.06843884
886582094689.0564             0.016574688
886583071783.2903             0.22298965
886584048877.5243             0.23290777
886585025971.7582             -0.030286072
886586003065.9922             -0.22499883
886586980160.2262             -0.06455282
886587957254.4601             -0.09336549
886588934348.6941             0.115324125
886589911442.928              0.033739503
886590888537.162              -0.008814267
886591865631.3959             0.08727233
886592842725.6299             0.06977413
886593819819.8639             -0.02609092
886594796914.0978             0.012826964
886595774008.3318             0.19117673
886596751102.5657             0.018974334
886597728196.7997             -0.09248411
886598705291.0336             0.067437746
886599682385.2676             -0.017956417
886600659479.5016             -0.14688954
886601636573.7355             0.04535249
886602613667.9695             -0.04216088
886603590762.2034             -0.14745188
886604567856.4374             0.030950388
886605544950.6713             0.039474912
886606522044.9053             0.011019452
886607499139.1393             -0.111753486
886608476233.3732             0.13272269
886609453327.6072             0.0043500317
886610430421.8411             -0.1604163
886611407516.0751             -0.17378218
886612384610.309              -0.023418045
886613361704.543              0.1832044
886614338798.7769             -0.14675325
886615315893.0109             -0.14113069
886616292987.2449             -0.1097304
886617270081.4788             -0.08342968
886618247175.7128             -0.035592414
886619224269.9467             0.072426036
886620201364.1807             0.08945423
886621178458.4146             0.07069823
886622155552.6486             -0.0022046736
886623132646.8826             -0.07650904
886624109741.1165             0.00730061
886625086835.3505             0.08229364
886626063929.5844             0.037417367
886627041023.8184             -0.16408065
886628018118.0522             0.27631032
886628995212.2863             0.08033425
886629972306.5203             -0.060120925
886630949400.7542             -0.0782032
886631926494.9882             -0.019185122
886632903589.222              -0.03752988
886633880683.456              -0.061958104
886634857777.69               -0.017297117
886635834871.924              0.046378046
886636811966.158              0.1142448
886637789060.3918             0.0472985
886638766154.6259             0.037951715
886639743248.8597             -0.014248286
886640720343.0938             -0.04998764
886641697437.3276             0.08227856
886642674531.5616             -0.046500936
886643651625.7957             0.044645097
886644628720.0295             0.052132543
886645605814.2635             0.02876183
886646582908.4974             -0.026898123
886647560002.7314             0.09529779
886648537096.9653             0.14268926
886649514191.1993             0.12928824
886650491285.4332             0.14871205
886651468379.6672             0.2081252
886652445473.9012             -0.028713632
886653422568.1351             -0.12746225
886654399662.3691             -0.057105385
886655376756.603              0.102358006
886656353850.837              0.054103937
886657330945.0709             0.08460113
886658308039.3049             0.11089437
886659285133.539              -0.0926743
886660262227.7728             -0.08212091
886661239322.0068             -0.07885208
886662216416.2407             -0.097292006
886663193510.4747             0.13459784
886664170604.7086             0.064974256
886665147698.9426             -0.045392204
886666124793.1766             0.08854153
886667101887.4105             0.03902792
886668078981.6445             0.023276445
886669056075.8784             -0.0085983155
886670033170.1124             -0.015955824
886671010264.3463             0.04506774
886671987358.5803             0.0820039
886672964452.8143             0.19627008
886673941547.0482             0.11882738
886674918641.2822             -0.0020659561
886675895735.5161             0.031586334
886676872829.7501             -0.07885443
886677849923.984              0.064424984
886678827018.218              0.035273064
886679804112.452              0.08815454
886680781206.6859             0.04085506
886681758300.9199             0.027994486
886682735395.1538             -0.1432687
886683712489.3878             -0.0027552429
886684689583.6217             -0.09813955
886685666677.8557             -0.012238294
886686643772.0896             0.058361117
886687620866.3236             -0.0073167095
886688597960.5576             0.07647389
886689575054.7915             0.049502254
886690552149.0255             0.17360236
886691529243.2594             0.015370777
886692506337.4934             -0.12382141
886693483431.7273             -0.08729047
886694460525.9613             -0.076580666
886695437620.1953             -0.032677658
886696414714.4292             -0.09778358
886697391808.6632             0.13938522
886698368902.8971             0.2132381
886699345997.1311             -0.016016496
886700323091.365              0.01420946
886701300185.599              0.006896454
886702277279.833              0.23724572
886703254374.0669             0.122534655
886704231468.3009             0.12050592
886705208562.5348             0.25516352
886706185656.7688             0.11799041
886707162751.0027             0.14778301
886708139845.2367             -0.03984571
886709116939.4707             0.099865265
886710094033.7046             0.15756887
886711071127.9386             -0.030032963
886712048222.1725             -0.029251395
886713025316.4065             -0.08695304
886714002410.6404             -0.1797479
886714979504.8744             -0.16865022
886715956599.1084             0.10566475
886716933693.3423             -0.06997284
886717910787.5763             0.027288217
886718887881.8102             0.13087596
886719864976.0442             0.0048295762
886720842070.2781             -0.045929786
886721819164.5121             -0.27976
886722796258.746              -0.06557709
886723773352.98               -0.25104973
886724750447.214              -0.05611306
886725727541.4479             -0.06484404
886726704635.6819             -0.0702882
886727681729.9158             -0.23540558
886728658824.1498             -0.27660987
886729635918.3837             -0.08687987
886730613012.6177             0.040419806
886731590106.8517             0.22518478
886732567201.0856             0.11050696
886733544295.3196             0.16427577
886734521389.5535             0.083245605
886735498483.7875             0.03957295
886736475578.0214             0.075644925
886737452672.2554             0.09508433
886738429766.4894             -0.08188834
886739406860.7233             0.14324751
886740383954.9573             0.017935537
886741361049.1912             0.20106776
886742338143.4252             0.15135065
886743315237.659              0.0127699105
886744292331.8931             0.014576902
886745269426.1271             0.2923989
886746246520.361              -0.03486033
886747223614.595              -0.14082253
886748200708.8289             -0.16301356
886749177803.0629             -0.12990554
886750154897.2968             0.11893287
886751131991.5308             -0.30653015
886752109085.7648             -0.123580225
886753086179.9987             -0.10715007
886754063274.2327             0.19051644
886755040368.4666             0.09379355
886756017462.7006             -0.034626294
886756994556.9344             -0.13521925
886757971651.1685             0.012155445
886758948745.4023             0.02323208
886759925839.6364             0.115443274
886760902933.8704             0.13093112
886761880028.1042             -0.00018227895
886762857122.3383             0.15710059
886763834216.5721             -0.1551301
886764811310.8062             -0.07261421
886765788405.04               -0.010296375
886766765499.274              -0.01973071
886767742593.508              -0.06824249
886768719687.742              -0.060535662
886769696781.976              -0.0907869
886770673876.2098             -0.08188146
886771650970.4438             -0.15764202
886772628064.6777             -0.06964646
886773605158.9117             -0.015691077
886774582253.1458             -0.053568725
886775559347.3796             -0.24150126
886776536441.6136             -0.21032953
886777513535.8475             -0.16949092
886778490630.0815             -0.12320645
886779467724.3154             0.050025363
886780444818.5494             -0.02350615
886781421912.7834             -0.23745477
886782399007.0173             -0.05590737
886783376101.2513             0.058470983
886784353195.4852             -0.04938829
886785330289.7192             0.02620695
886786307383.9531             -0.07973283
886787284478.1871             -0.03658179
886788261572.4211             0.08336483
886789238666.655              0.0853122
886790215760.889              -0.07904393
886791192855.1229             0.105693944
886792169949.3569             0.3103611
886793147043.5908             0.09260296
886794124137.8248             -0.031611122
886795101232.0587             0.12258093
886796078326.2927             -0.018938916
886797055420.5267             -0.043959737
886798032514.7606             -0.11182982
886799009608.9946             0.1574627
886799986703.2285             0.102432795
886800963797.4625             -0.055831723
886801940891.6964             0.10206466
886802917985.9304             0.25212264
886803895080.1644             0.11004912
886804872174.3983             0.13714814
886805849268.6323             -0.077381894
886806826362.8662             -0.09404396
886807803457.1002             -0.05480479
886808780551.3341             0.00023436731
886809757645.5681             -0.16881798
886810734739.8021             -0.13190833
886811711834.036              -0.0824818
886812688928.27               0.15173903
886813666022.5039             -0.03490983
886814643116.7379             -0.061892588
886815620210.9718             0.03581029
886816597305.2058             -0.1129551
886817574399.4398             -0.17460959
886818551493.6737             0.009255458
886819528587.9077             0.085250154
886820505682.1416             0.17057084
886821482776.3756             0.092055865
886822459870.6095             0.13739374
886823436964.8435             0.06571092
886824414059.0775             -0.16283788
886825391153.3114             -0.07720525
886826368247.5454             0.08663142
886827345341.7793             0.06445338
886828322436.0133             0.07847428
886829299530.2472             -1.0031747e-05
886830276624.4812             0.10457909
886831253718.7151             0.02928077
886831270656.0                0.018259117
886832230812.9491             0.01214537
886832247750.4999             -0.12967026
886833207907.1831             -0.14701834
886833224844.9996             0.029137993
886834185001.417              -0.025414124
886834201939.4995             -0.03300782
886835162095.651              -0.057819374
886835179033.9994             0.0014720878
886836139189.8849             -0.016633002
886836156128.4991             0.0916899
886837116284.1189             0.01405283
886837133222.999              -0.01657128
886838093378.3528             0.052546874
886838110317.4989             0.0018185733
886839070472.5868             0.022472113
886839087411.9988             0.17538737
886840047566.8208             0.17170699
886840064506.4985             -0.20424826
886841024661.0547             -0.041253384
886841041600.9984             -0.18840607
886842001755.2887             -0.09485511
886842018695.4983             0.020220742
886842978849.5226             -0.028794218
886842995789.998              0.044635627
886843955943.7566             -0.012977161
886843972884.4979             -0.0951557
886844933037.9905             -0.09771338
886844949978.9978             -0.026006702
886845910132.2245             -0.028337754
886845927073.4976             0.008758266
886846887226.4585             -0.036944848
886846904167.9974             0.14334112
886847864320.6924             0.051381193
886847881262.4973             0.020790135
886848841414.9264             -0.024687197
886848858356.9971             -0.06811011
886849818509.1603             -0.0053199283
886849835451.497              0.1247484
886850795603.3943             0.21043381
886850812545.9968             -0.07984288
886851772697.6282             -0.06107258
886851789640.4966             -0.0905425
886852749791.8622             -0.0909054
886852766734.9965             0.12856261
886853726886.0962             0.184488
886853743829.4963             0.052342243
886854703980.3301             0.13969524
886854720923.9962             -0.09180134
886855681074.5641             0.0016997319
886855698018.496              0.1479575
886856658168.798              0.33852428
886856675112.9958             -0.029272959
886857635263.032              0.068235904
886857652207.4957             -0.09139963
886858612357.2659             -0.20770751
886858629301.9955             0.09398858
886859589451.4999             0.07322594
886859606396.4954             0.044787917
886860566545.7339             -0.022561004
886860583490.9952             0.107103094
886861543639.9678             0.133935
886861560585.495              0.20121764
886862520734.2018             0.3141085
886862537679.9949             0.08480782
886863497828.4357             0.049205087
886863514774.4948             0.013752535
886864474922.6697             -0.038799644
886864491868.9945             -0.06988695
886865452016.9036             -0.082647055
886865468963.4944             0.23822221
886866429111.1376             0.24875748
886866446057.9943             0.107072756
886867406205.3715             0.15320545
886867423152.4941             -0.014445156
886868383299.6055             0.09167342
886868400246.9939             0.02965005
886869360393.8395             -0.012807387
886869377341.4938             0.011618186
886870337488.0734             -0.057850346
886870354435.9937             -0.055465173
886871314582.3074             -0.1349798
886871331530.4934             0.015783045
886872291676.5413             -0.037296418
886872308624.9933             -0.013984747
886873268770.7753             -0.009134385
886873285719.4932             -0.0010975127
886874245865.0092             0.1907988
886874262813.9929             -0.085618764
886875222959.2432             0.06652448
886875239908.4928             -0.085045785
886876200053.4772             0.12392075
886876217002.9927             -0.019331321
886877177147.711              0.22157784
886877194097.4924             -0.03130498
886878154241.9451             0.1216991
886878171191.9923             0.021543903
886879131336.179              0.032174602
886879148286.4922             0.08515052
886880108430.413              0.08573521
886880125380.992              0.028209537
886881085524.6469             0.027878828
886881102475.4918             -0.113535166
886882062618.8809             -0.14628202
886882079569.9917             0.070036754
886883039713.1149             -0.04643812
886883056664.4916             -0.0035924173
886884016807.3488             -0.054506898
886884033758.9913             -0.016624467
886884993901.5828             0.0420947
886885010853.4912             -0.025402272
886885970995.8167             0.081311755
886885987947.9911             0.11973118
886886948090.0507             0.14545722
886886965042.4908             0.076596044
886887925184.2845             0.104998216
886887942136.9907             0.1360927
886888902278.5186             0.020659337
886888919231.4906             -0.07158604
886889879372.7526             -0.114125825
886889896325.9904             -0.1207945
886890856466.9865             -0.057830207
886890873420.4902             -0.09041027
886891833561.2205             -0.16498137
886891850514.9901             0.03142359
886892810655.4543             -0.08304114
886892827609.4899             0.11752479
886893787749.6884             -0.024230365
886893804703.9897             0.035727154
886894764843.9222             -0.038586803
886894781798.4896             -0.064925544
886895741938.1562             0.0011748009
886895758892.9895             0.030841498
886896719032.3903             0.054108728
886896735987.4893             0.00965903
886897696126.6241             0.05149456
886897713081.9891             -0.045808353
886898673220.8582             0.05900841
886898690176.489              -0.110652775
886899650315.092              0.036226768
886899667270.9888             0.028926468
886900627409.326              0.07632373
886900644365.4886             0.18635137
886901604503.5599             0.18410881
886901621459.9885             0.18734662
886902581597.794              0.21246889
886902598554.4883             0.030789033
886903558692.0278             -0.090350114
886903575648.9882             -0.008780424
886904535786.2618             -0.039244555
886904552743.488              -0.051505383
886905512880.4958             -0.025889045
886905529837.9878             0.041900486
886906489974.7297             -0.10625045
886906506932.4877             0.031737823
886907467068.9637             -0.13477534
886907484026.9875             -0.1372918
886908444163.1976             -0.099877976
886908461121.4874             0.015470191
886909421257.4316             0.062149625
886909438215.9872             0.10348404
886910398351.6655             0.15029302
886910415310.487              -0.009618729
886911375445.8995             -0.016627872
886911392404.9869             0.085138656
886912352540.1335             0.023278946
886912369499.4867             -0.0044514993
886913329634.3674             -0.0053629493
886913346593.9866             0.071530834
886914306728.6014             0.031091485
886914323688.4865             -0.053657304
886915283822.8353             0.0023117834
886915300782.9862             -0.01600367
886916260917.0693             0.1207556
886916277877.4861             0.12328007
886917238011.3032             0.030208489
886917254971.986              -0.008403661
886918215105.5372             -0.09126832
886918232066.4857             -0.14174925
886919192199.7712             -0.05127641
886919209160.9856             -0.14373522
886920169294.0051             -0.21279712
886920186255.4855             0.0015049169
886921146388.2391             -0.066193864
886921163349.9852             -0.052206803
886922123482.473              -0.021731833
886922140444.4851             -0.06590609
886923100576.707              0.016269792
886923117538.985              0.11883059
886924077670.9409             0.096802935
886924094633.4849             0.08158392
886925054765.1749             -0.016413294
886925071727.9846             0.075726695
886926031859.4089             0.025203144
886926048822.4845             0.0958503
886927008953.6428             0.026931837
886927025916.9844             0.055187233
886927986047.8768             0.03678928
886928003011.4841             0.053039454
886928963142.1107             0.005731183
886928980105.984              -0.07033549
886929940236.3447             -0.0711859
886929957200.4839             -0.078558356
886930917330.5786             -0.03380007
886930934294.9836             0.18650667
886931894424.8126             0.1586735
886931911389.4835             -0.030584885
886932871519.0466             -0.07933905
886932888483.9834             -0.07928956
886933848613.2805             -0.1703438
886933865578.4832             -0.03358453
886934825707.5145             -0.045654014
886934842672.983              0.18781722
886935802801.7484             0.043316998
886935819767.4829             0.11082979
886936779895.9824             0.015980495
886936796861.9828             -0.014980765
886937756990.2163             0.050144263
886937773956.4825             -0.15314636
886938734084.4503             -0.03921895
886938751050.9824             -0.043691687
886939711178.6842             -0.015570939
886939728145.4823             -0.05400754
886940688272.9182             -0.1193973
886940705239.982              -0.14067326
886941665367.1522             -0.12041159
886941682334.4819             -0.07936371
886942642461.3861             -0.041530736
886942659428.9818             -0.02415507
886943619555.6201             -0.025148552
886943636523.4816             -0.013946826
886944596649.854              0.1280971
886944613617.9814             -0.13705452
886945573744.088              -0.02638613
886945590712.4813             0.19482273
886946550838.3219             -0.01708072
886946567806.9811             0.03409542
886947527932.5559             -0.10931998
886947544901.481              -0.06772781
886948505026.7899             -0.15156142
886948521995.9808             -0.0693192
886949482121.0238             -0.02523392
886949499090.4806             0.03709235
886950459215.2578             0.043163702
886950476184.9805             0.0028504962
886951436309.4917             0.0120023545
886951453279.4803             -0.09240083
886952413403.7257             -0.16604923
886952430373.9802             -0.028864114
886953390497.9596             -0.0778001
886953407468.48               0.011607171
886954367592.1936             -0.06825067
886954384562.9799             -0.08804587
886955361657.4797             -0.117118776
886956338751.9795             -0.021519288
886957315846.4794             -0.05945331
886958292940.9792             -0.07291391
886959270035.479              -0.23338465
886960247129.9789             -0.11947747
886961224224.4788             0.0035192315
886962201318.9785             0.004872512
886963178413.4784             0.05319398
886964155507.9783             -0.14234254
886965132602.4781             -0.105082296
886966109696.9779             -0.06544594
886967086791.4778             -0.095731
886968063885.9777             -0.024343353
886969040980.4774             -0.19337279
886970018074.9773             0.09587406
886970995169.4772             -0.066864245
886971972263.9769             -0.10678189
886972949358.4768             0.004279628
886973926452.9767             -0.083382115
886974903547.4764             -0.055807963
886975880641.9763             0.030967647
886976857736.4762             0.104478054
886977834830.976              -0.10088063
886978811925.4758             -0.0027451157
886979789019.9757             0.10913362
886980766114.4756             -0.02917085
886981743208.9753             -0.027959611
886982720303.4752             -0.08936502
886983697397.9751             0.14119905
886984674492.4749             0.170018
886985651586.9747             0.061171044
886986628681.4746             0.03445938
886987605775.9744             -0.05009814
886988582870.4742             -0.060621187
886989559964.9741             0.055644345
886990537059.4739             0.122640915
886991514153.9738             0.055345863
886992491248.4736             0.039915092
886993468342.9735             0.039746277
886994445437.4733             0.021376088
886995422531.9731             -0.060179118
886996399626.473              0.037351068
886997376720.9728             0.11267483
886998353815.4727             -0.020106422
886999330909.9725             -0.053957887
887000308004.4723             -0.059823345
887001285098.9722             0.03230616
887002262193.472              0.00046975588
887003239287.9718             0.067218944
887004216382.4717             -0.09778624
887005193476.9716             -0.041865524
887006170571.4714             0.15376146
887007147665.9712             0.04689377
887008124760.4711             0.046153147
887009101854.971              0.02223457
887010078949.4707             0.0515321
887011056043.9706             0.14465989
887012033138.4705             0.15353884
887013010232.9702             0.003977448
887013987327.4701             -0.032800198
887014964421.97               0.08385459
887015941516.4697             0.21387002
887016918610.9696             -0.0067632184
887017895705.4695             -5.092092e-05
887018872799.9692             0.024329994
887019849894.4691             -0.19143303
887020826988.969              -0.13018557
887021804083.4689             0.010103281
887022781177.9686             0.15940796
887023758272.4685             0.13590114
887024735366.9684             -0.046069484
887025712461.4681             -0.11131218
887026689555.968              -0.07666924
887027666650.4679             0.077176735
887028643744.9677             0.042840175
887029620839.4675             0.07230647
887030597933.9674             -0.050368655
887031575028.4672             -0.050210223
887032552122.967              0.05740275
887033529217.4669             -0.07166371
887034506311.9668             0.014505025
887035483406.4666             0.044465523
887036460500.9664             0.12881958
887037437595.4663             -0.022903662
887038414689.9661             -0.12480587
887039391784.466              -0.13867897
887040368878.9658             -0.031512566
887041345973.4656             0.13134211
887042323067.9655             -0.07044087
887043300162.4653             0.008132409
887044277256.9651             0.089463
887045254351.465              0.1581598
887046231445.9648             0.03704611
887047208540.4646             -0.18133654
887048185634.9645             -0.08655989
887049162729.4644             0.07587839
887050139823.9642             -0.052666068
887051116918.464              -0.10400222
887052094012.9639             -0.09151791
887053071107.4637             -0.05594264
887054048201.9635             -0.043460455
887055025296.4634             -0.070548214
887056002390.9633             0.022596208
887056979485.463              0.07966723
887057956579.9629             -0.012922766
887058933674.4628             -0.04214599
887059910768.9625             -0.12816004
887060887863.4624             -0.09414989
887061864957.9623             0.07675668
887062842052.4622             0.20497163
887063819146.9619             0.03623863
887064796241.4618             0.016344491
887065773335.9617             0.03195593
887066750430.4614             0.17767401
887067727524.9613             0.12216723
887068704619.4612             -0.061782952
887069681713.9609             0.053297788
887070658808.4608             0.09607411
887071635902.9607             -0.051472045
887072612997.4604             0.006548567
887073590091.9603             -0.11856785
887074567186.4602             0.08191333
887075544280.96               -0.025689416
887076521375.4598             -0.08622564
887077498469.9597             -0.12913866
887078475564.4596             -0.028684143
887079452658.9594             -0.26133555
887080429753.4592             -0.20618543
887081406847.9591             -0.08570463
887082383942.4589             0.06761861
887083361036.9587             0.031797756
887084338131.4586             0.24668631
887085315225.9584             0.1207233
887086292320.4583             -0.04019522
887087269414.9581             -0.027144168
887088246509.4579             -0.100824624
887089223603.9578             0.09103324
887090200698.4576             0.0345722
887091177792.9575             -0.008010002
887092154887.4573             -0.016661547
887093131981.9572             -0.030999668
887094109076.457              0.035646126
887095086170.9568             0.0141576445
887096063265.4567             0.0028199747
887097040359.9565             -0.0022713859
887098017454.4563             -0.055089697
887098994548.9562             -0.18810277
887099971643.456              -0.122606486
887100948737.9558             -0.074417986
887101925832.4557             -0.054386754
887102902926.9556             -0.051062323
887103880021.4554             -0.021350136
887104857115.9552             -0.009205103
887105834210.4551             0.1355433
887106811304.955              0.01407895
887107788399.4547             0.016500454
887108765493.9546             0.016833564
887109742588.4545             0.057873916
887110719682.9542             0.06737822
887111696777.4541             0.11295309
887112673871.954              0.16163328
887113650966.4537             0.030078422
887114628060.9536             0.14093712
887115605155.4535             0.038881097
887116582249.9532             0.100045696
887117559344.4531             -0.06886099
887118536438.953              -0.13257363
887119513533.4529             0.10830059
887120490627.9526             0.048542313
887121467722.4525             -0.044067
887122444816.9524             -0.12905657
887123421911.4521             -0.18442431
887124399005.952              0.0933588
887125376100.4519             -0.11030671
887126353194.9517             -0.095894024
887127330289.4515             0.08153013
887128307383.9514             0.09451692
887129284478.4512             0.08233182
887130261572.951              -0.17310567
887131238667.4509             -0.16123667
887132215761.9508             0.18181753
887133192856.4506             0.07983341
887134169950.9504             0.17487364
887135147045.4503             0.03311843
887136124139.9501             0.01782183
887137101234.45               0.13740714
887138078328.9498             0.2161811
887139055423.4496             0.05615865
887140032517.9495             -0.1534754
887141009612.4493             0.093876965
887141986706.9491             -0.1812082
887142963801.449              -0.15700299
887143940895.9489             -0.0068544988
887144917990.4486             -0.0072246473
887145895084.9485             -0.068929166
887146872179.4484             -0.13114238
887147849273.9482             -0.115979336
887148826368.448              0.014748271
887149803462.9479             -0.016170366
887150780557.4478             -0.20397446
887151757651.9475             0.045152165
887152734746.4474             0.060978323
887153711840.9473             0.107829265
887154688935.447              -0.04275027
887155666029.9469             -0.041042686
887156643124.4468             0.117768936
887157620218.9465             0.046436984
887158597313.4464             0.05627097
887159574407.9463             0.080800064
887160551502.4462             -0.04164522
887161528596.9459             0.0049256054
887162505691.4458             0.055706095
887163482785.9457             0.09982241
887164459880.4454             -0.07166243
887165436974.9453             -0.09986308
887166414069.4452             -0.042072427
887167391163.945              0.074078694
887168368258.4448             0.075014584
887169345352.9447             0.11039989
887170322447.4445             0.059434846
887171299541.9443             -0.026594553
887172276636.4442             -0.04085232
887173253730.944              -0.06389079
887174230825.4438             0.07223149
887175207919.9437             0.089668475
887176185014.4436             -0.022406882
887177162108.9434             -0.07772188
887178139203.4432             -0.09280773
887179116297.9431             -0.008644544
887180093392.4429             0.004785433
887181070486.9427             -0.17542495
887182047581.4426             -0.13239631
887183024675.9424             0.03332305
887184001770.4423             -0.043901376
887184978864.9421             -0.12350029
887185955959.4419             -0.22611803
887186933053.9418             -0.18484141
887187910148.4417             0.068122976
887188887242.9415             0.20081896
887189864337.4413             -0.03994535
887190841431.9412             0.13203178
887191818526.441              0.17955618
887192795620.9408             0.08577005
887193772715.4407             0.061163537
887194749809.9406             -0.05681005
887195726904.4403             0.15011111
887196703998.9402             -0.090975665
887197681093.4401             -0.12913834
887198658187.9398             0.07514181
887199635282.4397             -0.028274631
887200612376.9396             -0.0512726
887201589471.4395             0.18059292
887202566565.9392             0.079243205
887203543660.4391             -0.15784386
887204520754.939              -0.22253324
887205497849.4387             -0.12660992
887206474943.9386             -0.12912926
887207452038.4385             0.06465727
887208429132.9382             0.0546377
887209406227.4381             0.031229742
887210383321.938              -0.090105474
887211360416.4377             0.093104005
887212337510.9376             -0.072870195
887213314605.4375             -0.18484245
887214291699.9373             -0.15135914
887215268794.4371             -0.31927067
887216245888.937              0.02775712
887217222983.4369             0.19361448
887218200077.9366             0.13876681
887219177172.4365             -0.13249648
887220154266.9364             -0.1705658
887221131361.4362             -0.13298059
887222108455.936              0.03988422
887223085550.4359             -0.08828133
887224062644.9357             -0.14702983
887225039739.4355             0.061461993
887226016833.9354             -0.013132204
887226993928.4352             -0.045575026
887227971022.935              0.034618333
887228948117.4349             -0.0119681405
887229925211.9348             0.07345202
887230902306.4346             -0.018262455
887231879400.9344             -0.14049593
887232856495.4343             0.092669696
887233833589.9341             0.12653814
887234810684.434              0.018347729
887235787778.9338             -0.08004067
887236764873.4336             -0.04359069
887237741967.9335             0.09462448
887238719062.4333             0.13012092
887239696156.9331             -0.17973115
887240673251.433              -0.067132026
887241650345.9329             -0.10093447
887242627440.4326             0.014562605
887243604534.9325             -0.10020021
887244581629.4324             0.28483042
887245558723.9323             0.03715272
887246535818.432              0.022938332
887247512912.9319             -0.3145651
887248490007.4318             -0.32671124
887249467101.9315             0.12181561
887250444196.4314             0.031197319
887251421290.9313             0.19652599
887252398385.431              -0.040939722
887253375479.9309             -0.047156822
887254352574.4308             -0.023475943
887255329668.9305             0.19585016
887256306763.4304             0.08711754
887257283857.9303             0.06612621
887258260952.4302             0.05264152
887259238046.9299             0.18065439
887260215141.4298             0.20840791
887261192235.9297             0.08922801
887262169330.4294             -0.13200592
887263146424.9293             0.0022305236
887264123519.4292             -0.0097968755
887265100613.929              0.019619746
887266077708.4288             0.1054288
887267054802.9287             0.20758167
887268031897.4285             -0.10448719
887269008991.9283             0.2469394
887269986086.4282             -0.006967392
887270963180.928              0.0246164
887271940275.4279             -0.06914155
887272917369.9277             -0.15363005
887273894464.4276             0.038818743
887274871558.9274             -0.045883734
887275848653.4272             -0.060504753
887276825747.9271             -0.08952299
887277802842.4269             -0.29070926
887278779936.9268             -0.32113555
887279757031.4266             -0.058135558
887280734125.9264             -0.09980697
887281711220.4263             -0.10286759
887282688314.9261             -0.053232484
887283665409.4259             -0.15096039
887284642503.9258             -0.24919641
887285619598.4257             -0.15849406
887286596692.9255             -0.06962797
887287573787.4253             0.044863775
887288550881.9252             -0.18176337
887289527976.425              -0.19466616
887290505070.9248             -0.03370738
887291482165.4247             -0.04538372
887292459259.9246             -0.15487584
887293436354.4243             -0.139795
887294413448.9242             0.06663436
887295390543.4241             0.068267226
887296367637.9238             0.03381826
887297344732.4237             -0.36693555
887298321826.9236             0.11830646
887299298921.4233             0.26431483
887300276015.9232             0.11120435
887301253110.4231             0.10173711
887302230204.923              0.16358003
887303207299.4227             0.10087341
887304184393.9226             -0.039739113
887305161488.4225             -0.0876303
887306138582.9222             -0.021221785
887307115677.4221             0.012830704
887308092771.922              0.036484137
887309069866.4218             0.06925698
887310046960.9216             -0.06832817
887311024055.4215             0.11872264
887312001149.9213             0.035359923
887312978244.4211             -0.026713803
887313955338.921              0.0050800415
887314932433.4209             0.209129
887315909527.9207             -0.0029962624
887316886622.4205             0.07464724
887317863716.9204             0.16221075
887318840811.4202             -0.01180502
887319817905.92               0.0032512925
887320795000.4199             0.034302615
887321772094.9197             0.08174859
887322749189.4196             -0.13305423
887323726283.9194             0.012492822
887324703378.4192             0.17201066
887325680472.9191             0.2536872
887326657567.419              0.037425213
887327634661.9188             -0.09743902
887328611756.4186             0.023574604
887329588850.9185             -0.013332955
887330565945.4183             -0.06430378
887331543039.9181             -0.035284724
887332520134.418              0.086061314
887333497228.9178             0.033291157
887334474323.4176             -0.019610455
887335451417.9175             -0.050874446
887336428512.4174             0.07945874
887337405606.9171             0.25815138
887338382701.417              -0.010740781
887339359795.9169             -0.01338642
887340336890.4166             -0.014311178
887341313984.9165             -0.009126715
887342291079.4164             -0.093770035
887343268173.9163             0.07388387
887344245268.416              0.14856613
887345222362.9159             0.029711628
887346199457.4158             0.047193997
887347176551.9155             0.01497784
887348153646.4154             -0.11126076
887349130740.9153             -0.14002906
887350107835.415              -0.07548374
887351084929.9149             -0.091326855
887352062024.4148             -0.1329831
887353039118.9146             -0.20364973
887354016213.4144             0.088244036
887354993307.9143             0.04322428
887355970402.4142             -0.008560477
887356947496.914              -0.14577186
887357924591.4138             0.02429679
887358901685.9137             0.20261836
887359878780.4135             0.03869423
887360855874.9133             0.19811425
887361832969.4132             0.31147528
887362810063.913              -0.103019044
887363787158.4128             -0.1279794
887364764252.9127             0.20573889
887365741347.4125             0.002049863
887366718441.9124             0.079279885
887367695536.4122             0.0931395
887368672630.912              0.052089576
887369649725.4119             0.016566802
887370626819.9117             -0.17271757
887371603914.4116             -0.3294169
887372581008.9114             -0.091631256
887373558103.4113             -0.017299805
887374535197.9111             -0.03131884
887375512292.4109             -0.0316422
887376489386.9108             0.061551884
887377466481.4106             -0.06648776
887378443575.9104             -0.06170786
887379420670.4103             -0.068017714
887380397764.9102             -0.011012519
887381374859.4099             0.02451446
887382351953.9098             -0.13646097
887383329048.4097             -0.17271209
887384306142.9095             -0.024850007
887385283237.4093             0.115421616
887386260331.9092             0.14405504
887387237426.409              0.04187245
887388214520.9088             0.06355868
887389191615.4087             -0.042383227
887390168709.9086             -0.10404979
887391145804.4083             -0.14184828
887392122898.9082             -0.043264315
887393099993.4081             -0.10890442
887394077087.9078             -0.044284865
887395054182.4077             0.1256881
887396031276.9076             0.03258174
887397008371.4073             0.0780734
887397985465.9072             0.030504072
887398962560.4071             0.0724845
887399939654.907              0.059855253
887400916749.4067             -0.0769175
887401893843.9066             -0.052272655
887402870938.4065             0.007210214
887403848032.9062             0.006822898
887404825127.4061             -0.005375297
887405802221.906              -0.035039507
887406779316.4058             0.06867658
887407756410.9056             -0.18922874
887408733505.4055             0.014308764
887409710599.9053             -0.13260157
887410687694.4052             0.027244832
887411664788.905              -0.00018435746
887412641883.4049             0.018115608
887413618977.9047             0.07002781
887414596072.4045             0.022626974
887415573166.9044             0.07630127
887416550261.4042             -0.23487416
887417527355.904              -0.10178745
887418504450.4039             0.024683848
887419481544.9037             -0.020500159
887420458639.4036             0.12442437
887421435733.9034             0.01458707
887422412828.4032             -0.31751907
887423389922.9031             0.028255062
887424367017.403              -0.115227796
887425344111.9028             -0.028121864
887426321206.4026             -0.02984797
887427298300.9025             0.07116645
887428275395.4023             0.0019174335
887429252489.9021             -0.03272653
887430229584.402              -0.00071485125
887431206678.9019             0.05087365
887432183773.4016             0.026821794
887433160867.9015             -0.07303889
887434137962.4014             -0.046716116
887435115056.9011             -0.013681023
887436092151.401              -0.11441984
887437069245.9009             0.13677001
887438046340.4006             0.073459335
887439023434.9005             0.058078352
887440000529.4004             0.16625248
887440977623.9003             -0.09176887
887441954718.4                0.081860475
887442931812.8999             0.1643375
887443908907.3998             -0.03917201
887444886001.8995             -0.012255286
887445863096.3994             0.11235294
887446840190.8993             -0.055573404
887447817285.399              0.053617235
887448794379.8989             0.09893783
887449771474.3988             0.06546549
887450748568.8986             -0.036708973
887451725663.3984             -0.00683743
887452702757.8983             0.04302109
887453679852.3982             -0.037382603
887454656946.898              0.14385729
887455634041.3978             0.14998129
887456611135.8977             -0.0020067333
887457588230.3975             -0.008771849
887458565324.8973             0.13560528
887459542419.3972             -0.07001981
887460519513.897              -0.09347136
887461496608.3969             -0.05567168
887462473702.8967             -0.009828463
887463450797.3965             -0.06360528
887464427891.8964             0.040812306
887465404986.3962             0.033271894
887466382080.896              -0.09905852
887467359175.3959             0.065543376
887468336269.8958             -0.038311385
887469313364.3956             -0.046535224
887470290458.8954             -0.09658937
887471267553.3953             -0.118170634
887472244647.8951             -0.020016082
887473221742.3949             -0.04550536
887474198836.8948             0.20350221
887475175931.3947             0.08435392
887476153025.8944             0.10327773
887477130120.3943             -0.2027816
887478107214.8942             -0.07313131
887479084309.3939             -0.031480104
887480061403.8938             0.16021967
887481038498.3937             0.08017474
887482015592.8936             0.03386808
887482992687.3933             0.0012313164
887483969781.8932             -0.13359226
887484946876.3931             0.07519964
887485923970.8928             0.05039809
887486901065.3927             -0.022871746
887487878159.8926             0.01122669
887488855254.3923             0.11959865
887489832348.8922             0.08923937
887490809443.3921             0.036618013
887491786537.8918             -0.09708953
887492763632.3917             -0.13358608
887493740726.8916             -0.11848715
887494717821.3914             -0.073751405
887495694915.8912             -0.034354385
887496672010.3911             0.00070271146
887497649104.891              -0.0438709
887498626199.3907             -0.16640028
887499603293.8906             -0.020566702
887500580388.3905             0.14419281
887501557482.8903             0.09460342
887502534577.3901             0.004698022
887503511671.89               -0.0487539
887504488766.3898             0.1114364
887505465860.8896             0.14135183
887506442955.3895             -0.001318321
887507420049.8893             0.034211848
887508397144.3892             0.0016017081
887509374238.889              -0.14601354
887510351333.3889             -0.23822226
887511328427.8887             0.007509171
887512305522.3885             -0.2200342
887513282616.8884             -0.009960533
887514259711.3882             0.15755177
887515236805.8881             0.0059530693
887516213900.388              0.053709954
887517190994.8877             -0.02360571
887518168089.3876             -0.01411
887519145183.8875             -0.044485137
887520122278.3872             0.042952936
887521099372.8871             -0.10578818
887522076467.387              0.01272804
887523053561.8868             -0.061926246
887524030656.3866             0.040010944
887525007750.8865             -0.009647208
887525984845.3864             0.10836827
887526961939.8861             0.028878627
887527939034.386              0.13670379
887528916128.8859             0.051090736
887529893223.3856             -0.03860739
887530870317.8855             -0.06263477
887531847412.3854             0.0011932249
887532824506.8851             0.18065175
887533801601.385              0.08904588
887534778695.8849             -0.09313527
887535755790.3846             -0.07655511
887536732884.8845             -0.039266452
887537709979.3844             0.043384787
887538687073.8843             0.15956776
887539664168.384              0.08229256
887540641262.8839             0.03691517
887541618357.3838             0.077694446
887542595451.8835             -0.020828083
887543572546.3834             -0.16765383
887544549640.8833             -0.10611061
887545526735.383              0.09329623
887546503829.8829             -0.019349378
887547480924.3828             0.049319576
887548458018.8826             0.07735428
887549435113.3824             -0.004893356
887550412207.8823             -0.04500383
887551389302.3822             -0.07228922
887552366396.882              -0.010484082
887553343491.3818             0.06201339
887554320585.8817             0.092635415
887555297680.3815             -0.020395357
887556274774.8813             -0.11139606
887557251869.3812             -0.09573297
887558228963.881              0.019029148
887559206058.3809             0.03230279
887560183152.8807             -0.014971555
887561160247.3805             0.039551917
887562137341.8804             -0.15721494
887563114436.3802             0.012965359
887564091530.88               0.11885864
887565068625.3799             0.0064812093
887566045719.8798             -0.07718431
887567022814.3796             0.08552784
887567999908.8794             -0.08031994
887568977003.3793             0.07632445
887569954097.8792             0.14253552
887570931192.3789             0.15529726
887571908286.8788             0.15359634
887572885381.3787             0.039953742
887573862475.8784             0.20029238
887574839570.3783             -0.11864842
887575816664.8782             -0.060713448
887576793759.3779             0.060205918
887577770853.8778             -0.15444148
887578747948.3777             -0.091527306
887579725042.8776             -0.054297753
887580702137.3773             -0.040392194
887581679231.8772             -0.0028693206
887582656326.3771             0.033192143
887583633420.8768             -0.17477836
887584610515.3767             -0.03384943
887585587609.8766             -0.11427342
887586564704.3763             -0.1586921
887587541798.8762             -0.08690023
887588518893.3761             -0.00017538952
887589495987.8759             0.007770668
887590473082.3757             0.072141364
887591450176.8756             0.052103303
887592427271.3754             0.064208075
887593404365.8752             0.0044109244
887594381460.3751             0.038335267
887595358554.875              0.22696893
887596335649.3748             -0.119051225
887597312743.8746             -0.0050377455
887598289838.3745             0.19904506
887599266932.8743             0.057896607
887600244027.3741             0.037910637
887601221121.874              -0.13640118
887602198216.3738             -0.005517834
887603175310.8737             0.029824683
887604152405.3735             -0.03234617
887605129499.8733             -0.069749966
887606106594.3732             -0.037167903
887607083688.873              0.03831287
887608060783.3729             -0.0043905484
887609037877.8727             0.062764734
887610014972.3726             0.028515793
887610992066.8724             -0.0441463
887611969161.3722             -0.058680177
887612946255.8721             -0.110066585
887613923350.372              0.046860788
887614900444.8717             -0.023756968
887615877539.3716             0.061863158
887616854633.8715             0.2049843
887617831728.3712             0.003211937
887618808822.8711             0.0643082
887619785917.371              -0.014451914
887620763011.8708             0.1275815
887621740106.3706             0.14654711
887622717200.8705             0.11704525
887623694295.3704             0.08151796
887624671389.8701             0.020753685
887625648484.37               0.08560431
887626625578.8699             0.22828361
887627602673.3696             0.1469583
887628579767.8695             0.123935506
887629556862.3694             0.07850048
887630533956.8691             0.09479062
887631511051.369              -0.09901331
887632488145.8689             -0.10619694
887633465240.3687             -0.087302275
887634442334.8685             0.054344065
887635419429.3684             0.13873845
887636396523.8683             -0.05564289
887637373618.368              -0.050992943
887638350712.8679             -0.008796636
887639327807.3678             -0.060891654
887640304901.8676             -0.063923836
887641281996.3674             -0.17383555
887642259090.8673             -0.21442778
887643236185.3671             0.018437607
887644213279.867              -0.08335856
887645190374.3668             -0.15278849
887646167468.8666             -0.01233779
887647144563.3665             -0.020832282
887648121657.8663             -0.014489127
887649098752.3662             0.030817179
887650075846.866              0.06174689
887651052941.3658             0.058478627
887652030035.8657             0.092438124
887653007130.3655             -0.1683175
887653984224.8654             0.19373444
887654961319.3652             0.06797973
887655938413.865              0.027048713
887656915508.3649             0.10279337
887657892602.8647             0.14169
887658869697.3645             0.04995887
887659846791.8644             -0.079431266
887660823886.3643             0.18448383
887661800980.864              0.19869506
887662778075.3639             -0.013296359
887663755169.8638             0.02665478
887664732264.3636             0.095342085
887665709358.8634             0.10149038
887666686453.3633             0.2349936
887667663547.8632             0.065824896
887668640642.3629             -0.011698271
887669617736.8628             0.064276434
887670594831.3627             0.15427072
887671571925.8624             0.09253777
887672549020.3623             -0.075278826
887673526114.8622             0.045241658
887674503209.3619             -0.02010693
887675480303.8618             0.08033436
887676457398.3617             0.080425106
887677434492.8616             -0.06126889
887678411587.3613             -0.041163415
887679388681.8612             -0.08248984
887680365776.3611             0.04092308
887681342870.8608             -0.20020585
887682319965.3607             -0.007216686
887683297059.8606             0.0436417
887684274154.3604             0.11895435
887685251248.8602             0.031808738
887686228343.3601             -0.022566522
887687205437.8599             -0.10683096
887688182532.3597             0.029776944
887689159626.8596             0.063408665
887690136721.3594             0.12684657
887691113815.8593             -0.033094022
887692090910.3591             -0.06691165
887693068004.859              -0.026024131
887694045099.3588             0.044174623
887695022193.8586             -0.07565307
887695999288.3585             -0.11794048
887696976382.8583             0.15593301
887697953477.3582             0.108976096
887698930571.858              0.12780678
887699907666.3578             0.08374969
887700884760.8577             0.10354274
887701861855.3575             -0.01790233
887702838949.8573             -0.120435715
887703816044.3572             -0.076353356
887704793138.857              0.020047987
887705770233.3569             -0.11276351
887706747327.8567             -0.11835977
887707724422.3566             0.036704086
887708701516.8564             -0.0633177
887709678611.3562             -0.0716251
887710655705.8561             -0.2674121
887711632800.356              0.035197493
887712609894.8557             -0.042235386
887713586989.3556             -0.005631139
887714564083.8555             -0.02483803
887715541178.3552             0.095685825
887716518272.8551             -0.17867905
887717495367.355              -0.25219807
887718472461.8549             0.0544811
887719449556.3546             0.095703185
887720426650.8545             0.01298486
887721403745.3544             0.015177756
887722380839.8541             -0.11843499
887723357934.354              0.009134969
887724335028.8539             0.08025221
887725312123.3536             0.23063101
887726289217.8535             0.017567204
887727266312.3534             -0.09954052
887728243406.8531             0.076856814
887729220501.353              0.023381863
887730197595.8529             -0.1710019
887731174690.3527             -0.08780218
887732151784.8525             -0.029483764
887733128879.3524             -0.0961485
887734105973.8523             -0.004005475
887735083068.352              0.1933243
887736060162.8519             0.06287632
887737037257.3518             0.1746891
887738014351.8516             0.15666641
887738991446.3514             0.09041561
887739968540.8513             0.16833249
887740945635.3511             -0.014695759
887741922729.851              -0.041275196
887742899824.3508             -0.066120386
887743876918.8506             -0.10442766
887744854013.3505             -0.10925139
887745831107.8503             -0.09596634
887746808202.3502             0.16309147
887747785296.85               -0.040576164
887748762391.3499             -0.05403735
887749739485.8497             -0.00035557558
887750716580.3495             -0.042836916
887751693674.8494             0.019717317
887752670769.3492             -0.046471078
887753647863.849              0.056899574
887754624958.3489             -0.006224444
887755602052.8488             0.02627495
887756579147.3485             -0.09022178
887757556241.8484             -0.01235704
887758533336.3483             -0.04851427
887759510430.848              -0.067737855
887760487525.3479             0.12796383
887761464619.8478             0.11824759
887762441714.3477             0.031048533
887763418808.8474             -0.106379196
887764395903.3473             -0.11099901
887765372997.8472             -0.04871765
887766350092.3469             -0.113479264
887767327186.8468             -0.118451044
887768304281.3467             0.22259627
887769281375.8464             0.01811601
887770258470.3463             -0.029116392
887771235564.8462             -0.07485528
887772212659.346              0.022378096
887773189753.8458             0.19068648
887774166848.3457             0.22079262
887775143942.8456             0.12581201
887776121037.3453             0.020690816
887777098131.8452             0.055307023
887778075226.3451             0.042527955
887779052320.8448             -0.04824402
887780029415.3447             -0.011705325
887781006509.8446             0.10175795
887781983604.3444             0.045085125
887782960698.8442             -0.012139916
887783937793.3441             -0.08852623
887784914887.8439             -0.0017363845
887785891982.3438             -0.13416162
887786869076.8436             -0.1300658
887787846171.3434             -0.07515931
887788823265.8433             0.065134935
887789800360.3431             -0.0017949151
887790777454.843              -0.032237202
887791754549.3428             0.021973187
887792731643.8427             0.024355108
887793708738.3425             0.027090756
887794685832.8423             -0.048994087
887795662927.3422             0.03127312
887796640021.842              -0.08341436
887797617116.3418             0.022934433
887798594210.8417             0.041305546
887799571305.3416             -0.04743094
887800548399.8413             0.116057105
887801525494.3412             0.058536243
887802502588.8411             0.055498943
887803479683.341              -0.09944735
887804456777.8407             -0.100779615
887805433872.3406             -0.083103955
887806410966.8405             -0.15804175
887807388061.3402             0.039697878
887808365155.8401             0.19857372
887809342250.34               -0.08860514
887810319344.8397             -0.014070409
887811296439.3396             0.032756228
887812273533.8395             -0.09653772
887813250628.3392             -0.00029471552
887814227722.8391             -0.0910682
887815204817.339              -0.084542535
887816181911.8387             0.07043309
887817159006.3386             0.0826812
887818136100.8385             -0.090452895
887819113195.3384             -0.03158874
887820090289.8381             0.047301274
887821067384.338              -0.030429423
887822044478.8379             0.06224028
887823021573.3376             0.033927854
887823998667.8375             -0.05982247
887824975762.3374             -0.09739069
887825952856.8372             -0.15695785
887826929951.337              -0.05652857
887827907045.8369             -0.10014246
887828884140.3367             -0.029118255
887829861234.8365             0.012587155
887830838329.3364             -0.09343992
887831815423.8363             -0.028628716
887832792518.336              -0.045246217
887833769612.8359             -0.13097842
887834746707.3358             -0.07063839
887835723801.8356             -0.006507628
887836700896.3354             0.05396698
887837677990.8353             0.14132243
887838655085.3351             -0.014328097
887839632179.835              -0.008621297
887840609274.3348             -0.19854742
887841586368.8346             -0.042289816
887842563463.3345             0.02176104
887843540557.8344             0.014691225
887844517652.3342             0.016857732
887845494746.834              0.086412914
887846471841.3339             -0.0950701
887847448935.8337             -0.04760263
887848426030.3335             0.08939771
887849403124.8334             0.30217186
887850380219.3333             0.15544681
887851357313.833              -0.027094848
887852334408.3329             0.022835242
887853311502.8328             0.008509694
887854288597.3325             0.03924812
887855265691.8324             -0.15899284
887856242786.3323             -0.11031753
887857219880.832              -0.11210052
887858196975.3319             -0.12096936
887859174069.8318             0.034878545
887860151164.3317             0.03639462
887861128258.8314             0.0068006213
887862105353.3313             0.10727769
887863082447.8312             0.119060725
887864059542.3309             -0.10807804
887865036636.8308             -0.09926817
887866013731.3307             -0.023916181
887866990825.8304             0.053220123
887867967920.3303             -0.13897905
887868945014.8302             0.009819024
887869922109.33               -0.12001144
887870899203.8298             -0.08599725
887871876298.3297             -0.073034346
887872853392.8296             0.078426406
887873830487.3293             0.021428939
887874807581.8292             0.0229016
887875784676.3291             -0.008866577
887876761770.8289             0.023046521
887877738865.3287             0.06409598
887878715959.8286             0.0802944
887879693054.3284             0.01602089
887880670148.8282             -0.028291367
887881647243.3281             -0.018413449
887882624337.8279             -0.031626802
887883601432.3278             -0.1072144
887884578526.8276             0.026890773
887885555621.3274             0.057417274
887886532715.8273             0.07790429
887887509810.3271             -0.07067493
887888486904.827              -0.10510668
887889463999.3268             0.02740362
887890441093.8267             -0.06437391
887891418188.3265             0.021893403
887892395282.8263             -0.112291545
887893372377.3262             -0.0029174138
887894349471.826              -0.014213922
887895326566.3258             -0.052712943
887896303660.8257             -0.13969092
887897280755.3256             -0.1329637
887898257849.8253             -0.2155068
887899234944.3252             -0.078233525
887900212038.8251             -0.19609046
887901189133.325              -0.17132899
887902166227.8247             -0.15717828
887903143322.3246             -0.03495937
887904120416.8245             -0.14352271
887905097511.3242             0.077061415
887906074605.8241             0.0072019687
887907051700.324              -0.23093367
887908028794.8237             -0.057748605
887909005889.3236             -0.03327338
887909982983.8235             -0.16786769
887910960078.3232             -0.061643038
887911937172.8231             0.097878665
887912914267.323              -0.019295935
887913891361.8228             -0.07049132
887914868456.3226             -0.035261087
887915845550.8225             -0.0712955
887916822645.3224             0.034331933
887917799739.8221             -0.19153365
887918776834.322              -0.1139382
887919753928.8219             0.044997092
887920731023.3217             0.01397077
887921708117.8215             -0.06766362
887922685212.3214             0.0010924686
887923662306.8212             -0.03974823
887924639401.321              0.05940086
887925616495.8209             0.07327396
887926593590.3207             -0.0535422
887927570684.8206             -0.1328528
887928547779.3204             -0.024280097
887929524873.8203             0.057673804
887930501968.3201             0.009092208
887931479062.82               -0.01756468
887932456157.3198             -0.06112484
887933433251.8196             0.10572146
887934410346.3195             0.09206148
887935387440.8193             -0.052826308
887936364535.3191             0.047898956
887937341629.819              -0.13122758
887938318724.3188             -0.10423805
887939295818.8186             0.0075524384
887940272913.3185             0.05338702
887941250007.8184             0.04600201
887942227102.3182             0.0822343
887943204196.818              0.11440392
887944181291.3179             0.2400827
887945158385.8177             0.17399216
887946135480.3175             0.08144431
887947112574.8174             0.18613954
887948089669.3173             0.034839805
887949066763.817              -0.07783472
887950043858.3169             -0.084088914
887951020952.8168             -0.106122956
887951998047.3165             -0.28877127
887952975141.8164             -0.009510113
887953952236.3163             -0.06323965
887954929330.816              0.010229567
887955906425.3159             -0.07392075
887956883519.8158             0.11463006
887957860614.3157             0.20690109
887958837708.8154             -0.0042135236
887959814803.3153             -0.03925825
887960791897.8152             0.04130436
887961768992.315              -0.09561607
887962746086.8148             -0.08623262
887963723181.3147             -0.12636295
887964700275.8145             0.05438999
887965677370.3143             0.06538128
887966654464.8142             0.0726436
887967631559.314              0.11802542
887968608653.8138             0.14326003
887969585748.3137             0.1541533
887970562842.8136             -0.10600518
887971539937.3134             -0.046682972
887972517031.8132             0.026181389
887973494126.3131             -0.037828956
887974471220.8129             0.045035224
887975448315.3127             0.124276124
887976425409.8126             -0.10409518
887977402504.3124             0.005166065
887978379598.8123             -0.116386995
887979356693.3121             -0.057641245
887980333787.8119             0.02726517
887981310882.3118             0.015897045
887982287976.8116             0.06657478
887983265071.3114             0.098817125
887984242165.8113             0.103421256
887985219260.3112             -0.11160096
887986196354.811              0.03773928
887987173449.3108             0.14023931
887988150543.8107             -0.061265495
887989127638.3105             -0.005760468
887990104732.8103             -0.055850115
887991081827.3102             0.14529623
887992058921.81               0.14438541
887993036016.3098             0.0659564
887994013110.8097             -0.0759604
887994990205.3096             0.022992492
887995967299.8093             -0.030011974
887996944394.3092             -0.11730627
887997921488.8091             0.03517322
887998898583.309              0.058236994
887999875677.8087             0.15774423
888000852772.3086             0.07295345
888001829866.8085             0.09650576
888002806961.3082             0.21053521
888003784055.8081             0.16504829
888004761150.308              0.15117987
888005738244.8077             0.05525503
888006715339.3076             -0.028872522
888007692433.8075             -0.11068009
888008669528.3073             -0.21896288
888009646622.8071             -0.056147102
888010623717.307              0.031169001
888011600811.8068             -0.078524485
888012577906.3066             -0.2744046
888013555000.8065             -0.101151064
888014532095.3064             -0.25832266
888015509189.8062             0.09524838
888016486284.306              0.24068102
888017463378.8059             0.12654431
888018440473.3057             -0.012832617
888019417567.8055             -0.027095413
888020394662.3054             0.033750366
888021371756.8052             0.03630851
888022348851.305              0.010123976
888023325945.8049             -0.11231567
888024303040.3047             0.017798563
888025280134.8046             0.08009564
888026257229.3044             0.021977818
888027234323.8043             0.12970556
888028211418.3041             0.14341131
888029188512.804              0.07437628
888030165607.3038             -0.068967514
888031142701.8036             0.029815285
888032119796.3035             0.10396055
888033096890.8033             -0.01468754
888034073985.3031             -0.077471815
888035051079.803              0.033538904
888036028174.3029             -0.03336497
888037005268.8026             -0.0075595872
888037982363.3025             -0.17038539
888038959457.8024             0.09643752
888039936552.3022             0.0075428914
888040913646.802              -0.029508976
888041890741.3019             -0.090213664
888042867835.8018             -0.002664107
888043844930.3015             -0.06412647
888044822024.8014             -0.028988943
888045799119.3013             -0.102646835
888046776213.801              -0.22778644
888047753308.3009             0.052646905
888048730402.8008             -0.05135365
888049707497.3005             -0.1432113
888050684591.8004             0.24570596
888051661686.3003             0.09007124
888052638780.8                -0.018932201
888053615875.2999             -0.23441662
888054592969.7998             -0.19589403
888055570064.2997             -0.08789694
888056547158.7994             -0.007768248
888057524253.2993             0.010162957
888058501347.7992             -0.12625864
888059478442.299              0.09261236
888060455536.7988             -0.011451542
888061432631.2987             -0.1575003
888062409725.7985             -0.011510357
888063386820.2983             -0.085500486
888064363914.7982             -0.13449173
888065341009.298              -0.26358533
888066318103.7979             0.022415046
888067295198.2977             0.1176493
888068272292.7976             0.099739246
888069249387.2974             0.22333045
888070226481.7972             0.13289036
888071203576.2971             -0.17869486
888072180670.7969             -0.17750156
888073157765.2968             -0.038176924
888074134859.7966             -0.19651887
888075111954.2964             0.006307258
888076089048.7963             0.0907155
888077066143.2961             0.06595673
888078043237.7959             0.20694178
888079020332.2958             0.076766625
888079997426.7957             -0.015395221
888080974521.2954             -0.04596921
888081951615.7953             -0.23063436
888082928710.2952             0.06810389
888083905804.795              0.039454695
888084882899.2948             0.061424464
888085859993.7947             -0.17412941
888086837088.2946             -0.105410196
888087814182.7943             -0.20577078
888088791277.2942             -0.06603425
888089768371.7941             -0.014154014
888090745466.2938             0.05949654
888091722560.7937             0.15096769
888092699655.2936             -0.09674145
888093676749.7933             -0.12759782
888094653844.2932             -0.011628561
888095630938.7931             0.11168474
888096608033.293              -0.010486274
888097585127.7927             -0.04671968
888098562222.2926             -0.009354737
888099539316.7925             0.15894727
888100516411.2922             0.20517139
888101493505.7921             0.08414283
888102470600.292              -0.06649428
888103447694.7917             0.006616471
888104424789.2916             0.2057991
888105401883.7915             0.13551411
888106378978.2913             -0.14652605
888107356072.7911             -0.25843447
888108333167.291              -0.08465418
888109310261.7908             0.19651543
888110287356.2906             0.298782
888111264450.7905             0.0022858623
888112241545.2904             -0.05529529
888113218639.7902             0.19350521
888114195734.29               0.31407154
888115172828.7899             -0.157402
888116149923.2897             -0.0100286985
888117127017.7896             -0.1802741
888118104112.2894             -0.21695718
888119081206.7892             -0.17105664
888120058301.2891             0.19330828
888121035395.789              0.09508108
888122012490.2887             0.2672436
888122989584.7886             0.1916484
888123966679.2885             -0.22657584
888124943773.7883             -0.027712326
888125920868.2881             0.109934345
888126897962.788              -0.08756189
888127875057.2878             -0.001469604
888128852151.7876             0.05338731
888129829246.2875             -0.1661807
888130806340.7874             0.072319664
888131783435.2871             0.0729998
888132760529.787              -0.07528649
888133737624.2869             -0.09625536
888134714718.7866             -0.17555739
888135691813.2865             0.12876032
888136668907.7864             0.28546795
888137646002.2863             0.117686406
888138623096.786              0.08696262
888139600191.2859             -0.2601801
888140577285.7858             -0.26581642
888141554380.2855             0.31125608
888142531474.7854             -0.058473207
888143508569.2853             0.15914212
888144485663.785              -0.051918566
888145462758.2849             -0.16438814
888146439852.7848             0.15301217
888147416947.2845             0.41643026
888148394041.7844             -0.04734716
888149371136.2843             -0.27994645
888150348230.784              -0.11830236
888151325325.2839             -0.26355666
888152302419.7838             -0.14674142
888153279514.2837             0.28613484
888154256608.7834             -0.029878303
888155233703.2833             0.014790424
888156210797.7832             -0.46520028
888157187892.283              0.09378644
888158164986.7828             0.063564375
888159142081.2827             -0.31717938
888160119175.7825             -0.12388936
888161096270.2823             0.08684392
888162073364.7822             0.29632643
888163050459.282              -0.24338967
888164027553.7819             0.14773904
888165004648.2817             0.08771183
888165981742.7816             0.28946188
888166958837.2814             0.0851612
888167935931.7812             0.18946457
888168913026.2811             0.40438914
888169890120.7809             0.5167947
888170867215.2808             0.17204376
888171844309.7806             -0.0023216933
888172821404.2804             -0.22561535
888173798498.7803             -0.21459223
888174775593.2802             -0.36082315
888175752687.7799             -0.06883056
888176729782.2798             0.061532613
888177706876.7797             0.26299977
888178683971.2794             0.036040697
888179661065.7793             -0.2451862
888180638160.2792             -0.21122813
888181615254.779              -0.3159988
888182592349.2788             -0.07073537
888183569443.7787             0.2014348
888184546538.2786             0.040543407
888185523632.7783             -0.07421793
888186500727.2782             0.05569555
888187477821.7781             0.013788787
888188454916.2778             0.16355905
888189432010.7777             0.055214424
888190409105.2776             0.11556861
888191386199.7773             0.20779984
888192363294.2772             -0.023723233
888193340388.7771             -0.16647354
888194317483.277              0.21372856
888195294577.7767             0.33476567
888196271672.2766             0.010655401
888197248766.7765             -0.1460829
888198225861.2762             0.13694946
888199202955.7761             -0.0105101755
888200180050.276              -0.20859928
888201157144.7758             0.14846043
888202134239.2756             0.058576107
888203111333.7755             0.17894316
888204088428.2753             -0.14772947
888205065522.7751             -0.20528273
888206042617.275              -0.08978527
888207019711.7748             0.06791164
888207996806.2747             -0.08374702
888208973900.7745             -0.045766734
888209950995.2744             -0.053870488
888210928089.7742             -0.2674758
888211905184.274              -0.30159852
888212882278.7739             0.0054350197
888213859373.2737             -0.023986997
888214836467.7736             0.07466767
888215813562.2734             0.116946265
888216790656.7732             0.13131796
888217767751.2731             -0.029648883
888218744845.773              0.02161518
888219721940.2727             0.0812644
888220699034.7726             0.13405827
888221676129.2725             0.14059535
888222653223.7723             0.2224358
888223630318.2721             -0.10334694
888224607412.772              0.055761874
888225584507.2719             -0.056231577
888226561601.7716             0.08331091
888227538696.2715             -0.09823531
888228515790.7714             0.05401626
888229492885.2711             0.016584989
888230469979.771              0.034341846
888231447074.2709             0.10966307
888232424168.7706             -0.12833185
888233401263.2705             -0.019727878
888234378357.7704             -0.10390458
888235355452.2703             0.111683264
888236332546.77               -0.05884146
888237309641.2699             0.19761038
888238286735.7698             0.27465248
888239263830.2695             0.29798892
888240240924.7694             0.159959
888241218019.2693             -0.13952845
888242195113.769              0.110121086
888243172208.2689             -0.035508156
888244149302.7688             0.020911317
888245126397.2686             -0.08301326
888246103491.7684             -0.043218486
888247080586.2683             -0.039454527
888248057680.7681             0.03327069
888249034775.268              0.09323527
888250011869.7678             -0.010258853
888250988964.2677             0.006996468
888251966058.7675             0.023447622
888252943153.2673             0.20188712
888253920247.7672             0.13980848
888254897342.267              0.046417695
888255874436.7668             0.07246041
888256851531.2667             0.11196533
888257828625.7665             0.12198785
888258805720.2664             0.06574453
888259782814.7662             0.019367184
888260759909.266              0.09121731
888261737003.7659             -0.16097589
888262714098.2657             0.026884228
888263691192.7656             0.07584383
888264668287.2654             -0.14088891
888265645381.7653             -0.09078134
888266622476.2651             -0.0071910266
888267599570.7649             -0.064313844
888268576665.2648             0.053400483
888269553759.7646             0.038852364
888270530854.2644             -0.13049851
888271507948.7643             -0.22682908
888272485043.2642             -0.07249052
888273462137.7639             0.050795045
888274439232.2638             0.04169977
888275416326.7637             0.003433802
888276393421.2634             -0.028109973
888277370515.7633             -0.078031026
888278347610.2632             0.065931745
888279324704.7631             -0.16559198
888280301799.2628             -0.015602634
888281278893.7627             0.21495415
888282255988.2626             -0.021035349
888283233082.7623             -0.24378482
888284210177.2622             -0.052760214
888285187271.7621             0.09926155
888286164366.2618             0.027814174
888287141460.7617             -0.05019402
888288118555.2616             -0.23437938
888289095649.7614             -0.038615476
888290072744.2612             0.045466535
888291049838.7611             -0.083413586
888292026933.261              -0.088157065
888293004027.7607             0.1846417
888293981122.2606             0.15777653
888294958216.7605             -0.028749656
888295935311.2603             -0.02831584
888296912405.7601             0.029567847
888297889500.26               0.009038776
888298866594.7598             0.12621392
888299843689.2596             -0.03215639
888300820783.7595             -0.044182956
888301797878.2593             -0.05236681
888302774972.7592             0.09003881
888303752067.259              0.08868826
888304729161.7588             0.1032565
888305706256.2587             -0.08692466
888306683350.7585             -0.11036881
888307660445.2584             -0.1630319
888308637539.7582             -0.015916372
888309614634.258              -0.07251639
888310591728.7579             -0.018843152
888311568823.2577             -0.008102412
888312545917.7576             -0.10071797
888313523012.2574             -0.011488996
888314500106.7572             0.05678755
888315477201.2571             0.10421127
888316454295.757              0.0020851325
888317431390.2567             0.027195089
888318408484.7566             -0.032390762
888319385579.2565             -0.039488826
888320362673.7563             0.018914906
888321339768.2561             -0.1397187
888322316862.756              -0.17647113
888323293957.2559             0.08097047
888324271051.7556             0.11795455
888325248146.2555             -0.0064051985
888326225240.7554             0.11458489
888327202335.2551             0.025522413
888328179429.755              -0.12508065
888329156524.2549             -0.21553329
888330133618.7546             -0.19401522
888331110713.2545             -0.028442636
888332087807.7544             -0.20794336
888333064902.2542             0.035567183
888334041996.754              0.04379774
888335019091.2539             -0.18038003
888335996185.7538             0.028250987
888336973280.2535             0.0763727
888337950374.7534             -0.021970432
888338927469.2533             0.08226344
888339904563.753              -0.16738574
888340881658.2529             -0.036602873
888341858752.7528             0.10353035
888342835847.2526             0.026802348
888343812941.7524             0.046054374
888344790036.2523             -0.11931557
888345767130.7521             0.0442655
888346744225.252              -0.062475987
888347721319.7518             -0.16258135
888348698414.2517             -0.08822484
888349675508.7515             -0.0055192783
888350652603.2513             -0.020022705
888351629697.7512             0.07054637
888352606792.251              0.055660266
888353583886.7509             -0.0077489023
888354560981.2507             0.057362895
888355538075.7505             0.010275299
888356515170.2504             0.037187073
888357492264.7502             0.0107809305
888358469359.25               0.0047655967
888359446453.7499             -0.15079422
888360423548.2498             -0.14152625
888361400642.7496             -0.0647364
888362377737.2494             0.035866402
888363354831.7493             0.08371062
888364331926.2491             0.025543397
888365309020.7489             0.123878576
888366286115.2488             -0.04088924
888367263209.7487             0.057114437
888368240304.2484             -0.068177246
888369217398.7483             -0.121738076
888370194493.2482             -0.1087711
888371171587.7479             -0.067826696
888372148682.2478             -0.089850195
888373125776.7477             -0.1354584
888374102871.2474             -0.03494753
888375079965.7473             0.17515983
888376057060.2472             0.087705515
888377034154.7471             -0.008844382
888378011249.2468             -0.0742893
888378988343.7467             -0.0862207
888379965438.2466             -0.07673982
888380942532.7463             0.061142422
888381919627.2462             -0.12613545
888382896721.7461             -0.063845135
888383873816.2458             -0.10041265
888384850910.7457             -0.00452404
888385828005.2456             0.10487446
888386805099.7454             -0.073030606
888387782194.2452             -0.0166034
888388759288.7451             0.09015646
888389736383.245              0.06156343
888390713477.7448             0.029113615
888391690572.2446             0.06778493
888392667666.7445             0.13754733
888393644761.2443             -0.10447127
888394621855.7441             0.09922365
888395598950.244              0.076355614
888396576044.7438             -0.04018945
888397553139.2437             -0.0042116083
888398530233.7435             -0.073070236
888399507328.2433             -0.036853507
888400484422.7432             -0.09456999
888401461517.243              0.12533411
888402438611.7428             0.021540228
888403415706.2427             0.008252917
888404392800.7426             -0.072809525
888405369895.2424             -0.10578473
888406346989.7422             0.040144913
888407324084.2421             0.020344049
888408301178.742              -0.016458303
888409278273.2417             -0.03575971
888410255367.7416             0.06906606
888411232462.2415             0.13290524
888412209556.7412             0.1265987
888413186651.2411             0.052600093
888414163745.741              -0.164016
888415140840.2407             -0.006352104
888416117934.7406             0.07736943
888417095029.2405             -0.012390117
888418072123.7404             -0.015442403
888419049218.2401             0.08253961
888420026312.74               0.17496529
888421003407.2399             0.041722562
888421980501.7396             0.21222278
888422957596.2395             0.063546225
888423934690.7394             0.021090876
888424911785.2391             0.14706366
888425888879.739              -0.024170889
888426865974.2389             -0.09460269
888427843068.7386             -0.024491837
888428820163.2385             -0.12117743
888429797257.7384             -0.105255775
888430774352.2382             0.044383105
888431751446.738              0.042769738
888432728541.2379             -0.10827454
888433705635.7378             -0.02833693
888434682730.2375             -0.005610679
888435659824.7374             0.09613086
888436636919.2373             0.16997063
888437614013.737              0.08143599
888438591108.2369             -0.14384852
888439568202.7368             -0.02943531
888440545297.2366             0.06449306
888441522391.7365             0.19077457
888442499486.2363             0.051716723
888443476580.7361             0.116294906
888444453675.236              0.22841726
888445430769.7358             0.008690602
888446407864.2357             0.11439479
888447384958.7355             0.10620702
888448362053.2354             -0.18942183
888449339147.7352             0.06597555
888450316242.235              0.08109658
888451293336.7349             0.07420992
888452270431.2347             0.06409153
888453247525.7345             0.017136363
888454224620.2344             -0.048712417
888455201714.7343             -0.09236127
888456178809.234              0.17403665
888457155903.7339             -0.09452605
888458132998.2338             0.020376004
888459110092.7336             0.00034550214
888460087187.2334             -0.039939817
888461064281.7333             0.17498025
888462041376.2332             0.10938328
888463018470.7329             0.05804537
888463995565.2328             0.15561043
888464972659.7327             -0.114655204
888465949754.2324             0.02973955
888466926848.7323             0.18710694
888467903943.2322             0.007940502
888468881037.7319             -0.03228775
888469858132.2318             0.06049168
888470835226.7317             0.03149633
888471812321.2314             0.0018130604
888472789415.7313             0.09352726
888473766510.2312             0.03605615
888474743604.7311             0.0008723985
888475720699.2308             0.08337171
888476697793.7307             -0.024046922
888477674888.2306             0.03568781
888478651982.7303             0.15170464
888479629077.2302             -0.17117418
888480606171.7301             -0.14235145
888481583266.2299             0.013466081
888482560360.7297             -0.14166604
888483537455.2296             0.108727455
888484514549.7294             -0.027887585
888485491644.2292             0.02495633
888486468738.7291             0.0728198
888487445833.229              -0.03670979
888488422927.7288             0.06666798
888489400022.2286             0.038674764
888490377116.7285             0.17503415
888491354211.2283             0.07614616
888492331305.7281             0.07641745
888493308400.228              -0.06706351
888494285494.7278             -0.07387664
888495262589.2277             0.1460776
888496239683.7275             0.02552507
888497216778.2273             0.019940056
888498193872.7272             -0.10220001
888499170967.227              -0.01962062
888500148061.7268             0.044805348
888501125156.2267             -0.14490247
888502102250.7266             -0.050750952
888503079345.2264             0.004025321
888504056439.7262             -0.05167435
888505033534.2261             0.08604529
888506010628.726              0.08673685
888506987723.2257             -0.043248404
888507964817.7256             0.045207
888508941912.2255             0.09989454
888509919006.7252             -0.008977296
888510896101.2251             -0.056388967
888511873195.725              -0.14083521
888512850290.2247             -0.17575124
888513827384.7246             -0.13842925
888514804479.2245             -0.04402191
888515781573.7244             0.019252028
888516758668.2241             -0.16481212
888517735762.724              0.113922305
888518712857.2239             0.09530921
888519689951.7236             0.10564973
888520667046.2235             0.07610021
888521644140.7234             0.089423984
888522621235.2231             0.09169134
888523598329.723              0.07979769
888524575424.2229             -0.05370322
888525552518.7227             -0.058105234
888526529613.2225             0.016091006
888527506707.7224             0.008853289
888528483802.2222             0.03718415
888529460896.722              0.023978349
888530437991.2219             0.046434507
888531415085.7218             -0.07373838
888532392180.2216             -0.110716075
888533369274.7214             0.04761145
888534346369.2213             0.17881338
888535323463.7211             0.037367027
888536300558.221              0.076747656
888537277652.7208             0.019270446
888538254747.2206             -0.08684648
888539231841.7205             0.06897274
888539263541.1                -0.15000106
888540208936.2203             -0.13680243
888540240635.4338             -0.103870094
888541186030.7201             -0.005811196
888541217729.7677             0.06461866
888542163125.22               0.018009081
888542194824.1016             0.18330371
888543140219.7198             0.058706675
888543171918.4354             0.07332559
888544117314.2197             0.030588854
888544149012.7693             -0.10752457
888545094408.7195             -0.03453371
888545126107.1031             -0.05620517
888546071503.2194             -0.055177517
888546103201.437              -0.13606103
888547048597.7192             0.003836348
888547080295.7709             -0.011688118
888548025692.219              0.042728484
888548057390.1047             0.0068953247
888549002786.7189             0.023295637
888549034484.4386             -0.1107454
888549979881.2188             0.05424019
888550011578.7725             -0.009776583
888550956975.7185             -0.0037969006
888550988673.1063             -0.049325105
888551934070.2184             -0.0004270147
888551965767.4402             -0.029233988
888552911164.7183             -0.042392917
888552942861.774              0.07031916
888553888259.218              0.07342055
888553919956.1079             0.10534497
888554865353.7179             0.054611042
888554897050.4418             0.09611311
888555842448.2178             0.04714933
888555874144.7756             0.009778778
888556819542.7177             -0.042441837
888556851239.1095             -0.06889925
888557796637.2174             -0.10976672
888557828333.4434             0.07016084
888558773731.7173             0.07503586
888558805427.7772             0.11059431
888559750826.2172             0.042204432
888559782522.1111             0.034154877
888560727920.7169             0.039008763
888560759616.445              0.116315745
888561705015.2168             -0.006262078
888561736710.7788             0.25168017
888562682109.7167             0.0823045
888562713805.1127             -0.016870443
888563659204.2164             0.005863485
888563690899.4465             0.11049445
888564636298.7163             0.16260605
888564667993.7804             0.03875009
888565613393.2162             0.098970145
888565645088.1143             -0.12292082
888566590487.716              -0.0029175647
888566622182.4481             -0.06675666
888567567582.2158             0.0439103
888567599276.782              -0.16744253
888568544676.7157             -0.07940208
888568576371.1158             -0.21218696
888569521771.2155             -0.07326508
888569553465.4497             -0.18436661
888570498865.7153             -0.046996877
888570530559.7836             -0.055338766
888571475960.2152             -0.054428782
888571507654.1174             -0.03657826
888572453054.7151             -0.04797741
888572484748.4513             -0.041437026
888573430149.2148             0.0022506635
888573461842.7852             0.035348296
888574407243.7147             0.059740953
888574438937.119              0.14297163
888575384338.2146             0.09934841
888575416031.4529             0.02173525
888576361432.7144             0.122203
888576393125.7867             -0.06693124
888577338527.2142             0.019829692
888577370220.1206             0.057472713
888578315621.7141             0.0040231994
888578347314.4545             -0.09365967
888579292716.2139             0.048688404
888579324408.7883             -0.042483155
888580269810.7137             -0.08407414
888580301503.1222             -0.0020929284
888581246905.2136             -0.04005319
888581278597.456              -0.06943148
888582223999.7134             -0.0016189838
888582255691.7899             -0.04067619
888583201094.2133             0.05180665
888583232786.1238             0.008441182
888584178188.7131             0.054202598
888584209880.4576             0.04501982
888585155283.213              0.04675491
888585186974.7915             -0.13994905
888586132377.7128             -0.15937121
888586164069.1254             -0.08341745
888587109472.2126             -0.18296123
888587141163.4592             -0.068955526
888588086566.7125             -0.11250255
888588118257.7931             0.10851215
888589063661.2123             0.10808346
888589095352.127              0.092930794
888590040755.7122             0.1378266
888590072446.4608             0.13087127
888591017850.212              0.09383123
888591049540.7947             -0.01914297
888591994944.7118             -0.012133918
888592026635.1285             0.08657418
888592972039.2117             0.16297898
888593003729.4624             0.05786689
888593949133.7115             0.034332633
888593980823.7963             -0.12768145
888594926228.2113             -0.10293145
888594957918.1301             -0.07403096
888595903322.7112             -0.03266471
888595935012.464              0.020969776
888596880417.211              -0.05276379
888596912106.7979             0.1223677
888597857511.7108             0.035831902
888597889201.1317             0.042248596
888598834606.2107             0.11597425
888598866295.4656             0.059397124
888599811700.7106             0.09082775
888599843389.7994             -0.0067631975
888600788795.2104             -0.022156885
888600820484.1333             -0.10705087
888601765889.7102             -0.0036937748
888601797578.4672             -0.1201742
888602742984.2101             -0.030822065
888602774672.801              0.04792432
888603720078.71               0.05246959
888603751767.1349             0.107176125
888604697173.2097             0.080703676
888604728861.4688             0.08732387
888605674267.7096             0.16354482
888605705955.8026             0.11074165
888606651362.2095             -0.0011074303
888606683050.1365             -0.029643144
888607628456.7092             0.025914062
888607660144.4703             -0.07355211
888608605551.2091             -0.011781446
888608637238.8042             0.015115377
888609582645.709              -0.0137329465
888609614333.1381             0.017957395
888610559740.2087             -0.042094808
888610591427.4719             -0.065242656
888611536834.7086             -0.096902706
888611568521.8058             0.11374715
888612513929.2085             0.09805978
888612545616.1396             -0.046990164
888613491023.7084             -0.030964147
888613522710.4735             -0.045949943
888614468118.2081             -0.07599406
888614499804.8074             0.092780836
888615445212.708              -0.0389512
888615476899.1412             0.14575651
888616422307.2079             0.014519453
888616453993.4751             -0.103847794
888617399401.7076             -0.13304053
888617431087.8088             -0.06361162
888618376496.2075             0.020428047
888618408182.1427             0.062847435
888619353590.7074             0.06189117
888619385276.4766             0.058597688
888620330685.2072             0.06842796
888620362370.8104             -0.011811987
888621307779.707              -0.015963424
888621339465.1443             0.0022608552
888622284874.2069             0.02372224
888622316559.4781             0.007703192
888623261968.7067             -0.049955383
888623293653.812              -0.041478585
888624239063.2065             -0.13150042
888624270748.1459             0.006057779
888625216157.7064             0.08120806
888625247842.4797             -0.015948137
888626193252.2062             -0.01613721
888626224936.8136             0.0028397911
888627170346.706              -0.052313697
888627202031.1475             0.011747805
888628147441.2059             0.057794787
888628179125.4813             0.04335211
888629124535.7058             0.1276789
888629156219.8152             -0.07596904
888630101630.2056             -0.05391609
888630133314.149              -0.043869
888631078724.7054             -0.052695747
888631110408.4829             0.20524777
888632055819.2053             0.030475907
888632087502.8168             0.08852661
888633032913.7051             -0.029834917
888633064597.1506             0.026184969
888634010008.205              -0.043062117
888634041691.4845             -0.033358674
888634987102.7048             -0.008434061
888635018785.8184             -0.032998916
888635964197.2046             -0.045946043
888635995880.1522             -0.036643606
888636941291.7045             0.0031423932
888636972974.4861             -0.13955505
888637918386.2043             -0.04499596
888637950068.82               0.00060720026
888638895480.7041             0.17057829
888638927163.1538             -0.04591936
888639872575.204              0.06286421
888639904257.4877             -0.078062855
888640849669.7039             0.044211898
888640881351.8215             0.14589623
888641826764.2037             0.055436794
888641858446.1554             0.14658216
888642803858.7035             -0.032720182
888642835540.4893             -0.055166475
888643780953.2034             -0.08807806
888643812634.8231             -0.020918868
888644758047.7032             0.07081164
888644789729.157              0.05711571
888645735142.203              0.07665343
888645766823.4908             0.023602001
888646712236.7029             -0.099818945
888646743917.8247             -0.0693749
888647689331.2028             -0.063762136
888647721012.1586             0.09209426
888648666425.7025             0.0371039
888648698106.4924             0.07185602
888649643520.2024             0.018841706
888649675200.8263             -0.042180438
888650620614.7023             0.012192537
888650652295.1602             0.028197397
888651597709.202              0.008871661
888651629389.494              0.07215153
888652574803.7019             0.0030894454
888652606483.8279             -0.23834026
888653551898.2018             -0.12269134
888653583578.1617             -0.025294838
888654528992.7017             0.032361276
888654560672.4956             0.10490075
888655506087.2014             0.107772455
888655537766.8295             -0.03977351
888656483181.7013             0.006260123
888656514861.1633             0.051846325
888657460276.2012             0.041376665
888657491955.4972             0.098956585
888658437370.7009             0.26493844
888658469049.831              0.024973413
888659414465.2008             0.12726344
888659446144.1649             0.008616764
888660391559.7007             0.16493598
888660423238.4988             -0.15364568
888661368654.2004             0.011619587
888661400332.8326             -0.055895343
888662345748.7003             -0.049865115
888662377427.1665             -0.034790356
888663322843.2002             0.009354374
888663354521.5004             0.038697395
888664299937.7                0.13096298
888664331615.8342             -0.028597817
888665277032.1998             0.02573521
888665308710.1681             0.017764626
888666254126.6997             -0.057399597
888666285804.502              0.013878373
888667231221.1995             0.11193928
888667262898.8358             -0.05633668
888668208315.6993             -0.04424405
888668239993.1697             -0.23913877
888669185410.1992             -0.2672731
888669217087.5035             -0.051003177
888670162504.6991             -0.044573233
888670194181.8374             -0.044692144
888671139599.1989             -0.02798927
888671171276.1713             -0.009800281
888672116693.6987             0.1544772
888672148370.5051             0.024918113
888673093788.1986             0.0033899006
888673125464.839              0.07538176
888674070882.6984             -0.030414434
888674102559.1729             -0.10947267
888675047977.1982             0.047029763
888675079653.5067             -0.119788945
888676025071.6981             -0.016551392
888676056747.8406             -0.06716354
888677002166.1979             -0.023062486
888677033842.1744             -0.040860318
888677979260.6978             0.06487218
888678010936.5083             0.080853514
888678956355.1976             0.14276867
888678988030.8422             0.15627725
888679933449.6974             0.13940647
888679965125.176              0.012302969
888680910544.1973             -0.054156017
888680942219.5099             0.016930304
888681887638.6971             0.041060466
888681919313.8438             -0.09420985
888682864733.197              -0.0756407
888682896408.1776             -0.0051200753
888683841827.6968             0.04051725
888683873502.5115             0.067394994
888684818922.1967             0.027010782
888684850596.8453             -0.059671212
888685796016.6965             -0.13658056
888685827691.1792             -0.06432925
888686773111.1963             -0.15465137
888686804785.5131             -0.12666322
888687750205.6962             -0.09433345
888687781879.8469             -0.093523875
888688727300.196              -0.047403723
888688758974.1808             -0.03142539
888689704394.6958             -0.006235706
888689736068.5146             0.111694284
888690681489.1957             0.088885106
888690713162.8485             0.02222088
888691658583.6956             0.06606183
888691690257.1824             0.018871652
888692635678.1953             0.11222268
888692667351.5162             0.06673775
888693612772.6952             0.02842916
888693644445.8501             -0.013404047
888694589867.1951             -0.011604596
888694621540.184              -0.04422122
888695566961.6948             -0.041063238
888695598634.5178             -0.030866094
888696544056.1947             -0.024725022
888696575728.8517             -0.017263345
888697521150.6946             -0.025786234
888697552823.1855             -0.05795243
888698498245.1945             -0.11678561
888698529917.5194             -0.105320565
888699475339.6942             -0.09599863
888699507011.8533             -0.10681334
888700452434.1941             0.0392027
888700484106.1871             0.16756025
888701429528.694              0.14302218
888701461200.521              0.13680722
888702406623.1937             0.10538588
888702438294.8549             0.07368904
888703383717.6936             0.15399477
888703415389.1887             0.15618879
888704392483.5226             0.017515864
888705369577.8564             -0.0949778
888706346672.1903             -0.10475626
888707323766.5242             -0.058161665
888708300860.858              -0.106156714
888709277955.1919             -0.12253033
888710255049.5258             0.036141913
888711232143.8596             0.17031005
888712209238.1935             -0.17461099
888713186332.5273             -0.06543328
888714163426.8612             0.027314417
888715140521.1951             -0.108187206
888716117615.5289             0.09402367
888717094709.8628             0.109141424
888718071804.1967             0.09896069
888719048898.5305             0.049461607
888720025992.8644             0.029254332
888721003087.1982             0.030076833
888721980181.5321             0.13408047
888722957275.866              0.021348469
888723934370.1998             -0.08912104
888724911464.5337             0.15483391
888725888558.8676             0.060872227
888726865653.2014             0.03372097
888727842747.5353             -0.033441015
888728819841.8691             -0.0033398382
888729796936.203              0.13456647
888730774030.5369             0.1769844
888731751124.8707             -0.15976381
888732728219.2046             0.0007797496
888733705313.5385             0.11298187
888734682407.8723             -0.08705763
888735659502.2062             -0.11236728
888736636596.54               -0.025275394
888737613690.8739             -0.16192804
888738590785.2078             0.06453691
888739567879.5416             0.041524947
888740544973.8755             0.103713304
888741522068.2094             0.12283878
888742499162.5432             0.056781556
888743476256.8771             0.024129514
888744453351.2109             0.06575385
888745430445.5448             -0.06689661
888746407539.8787             -0.040027812
888747384634.2125             -0.10662576
888748361728.5464             -0.107392214
888749338822.8802             -0.14860728
888750315917.2141             -0.15485635
888751293011.548              -0.09195344
888752270105.8818             -0.06974453
888753247200.2157             0.029683996
888754224294.5496             0.12122011
888755201388.8834             -0.0032725644
888756178483.2173             -0.10164871
888757155577.5511             -0.053288795
888758132671.885              -0.11765308
888759109766.2189             -0.08255596
888760086860.5527             0.043486055
888761063954.8866             0.10163417
888762041049.2205             -0.102375366
888763018143.5543             -0.10057653
888763995237.8882             0.04173816
888764972332.222              -0.047778804
888765949426.5559             -0.13002945
888766926520.8898             -0.1370263
888767903615.2236             -0.044500377
888768880709.5575             0.005146114
888769857803.8914             -0.014376405
888770834898.2252             0.03951655
888771811992.5591             0.10928463
888772789086.893              -0.0190068
888773766181.2267             0.01018581
888774743275.5605             -0.031106595
888775720369.8944             0.079611965
888776697464.2283             0.20395607
888777674558.5621             0.07415028
888778651652.896              0.009851635
888779628747.2299             -0.23311748
888780605841.5637             -0.19989023
888781582935.8976             -0.03629977
888782560030.2314             0.050092127
888783537124.5653             0.005001401
888784514218.8992             -0.10625103
888785491313.233              -0.025321312
888786468407.5669             -0.07016954
888787445501.9008             0.17528775
888788422596.2346             0.21645708
888789399690.5685             -0.009800929
888790376784.9023             0.00605317
888791353879.2362             0.018867083
888792330973.5701             0.02842445
888793308067.9039             0.040508904
888794285162.2378             -0.16021648
888795262256.5717             -0.01514128
888796239350.9055             -0.15967202
888797216445.2394             -0.23492862
888798193539.5732             -0.038117856
888799170633.9071             -0.06505048
888800147728.241              -0.02938858
888801124822.5748             0.085910365
888802101916.9087             -0.04865129
888803079011.2426             -0.037632156
888804056105.5764             -0.018570635
888805033199.9103             -0.13424045
888806010294.2441             0.07436643
888806987388.578              0.14068957
888807964482.9119             -0.059592124
888808941577.2457             -0.09990864
888809918671.5796             -0.05499636
888810895765.9135             -0.10621787
888811872860.2473             -0.07114545
888812849954.5812             0.1398669
888813827048.915              0.04999005
888814804143.2489             0.0022733796
888815781237.5828             0.049901668
888816758331.9166             0.12403002
888817735426.2505             -0.11831304
888818712520.5844             0.016446766
888819689614.9182             0.10550055
888820666709.2521             0.043163516
888821643803.5859             -0.11584036
888822620897.9198             -0.19708996
888823597992.2537             -0.015152892
888824575086.5875             -0.16944996
888825552180.9214             -0.058840256
888826529275.2552             0.09668791
888827506369.5891             -0.12450169
888828483463.923              -0.15507485
888829460558.2568             0.0024609133
888830437652.5907             -0.06391534
888831414746.9246             0.05088883
888832391841.2584             0.08609475
888833368935.5923             -0.038576
888834346029.9261             -0.014281947
888835323124.26               0.061020453
888836300218.5939             0.077833675
888837277312.9277             0.047044214
888838254407.2616             0.25929084
888839231501.5955             0.30119622
888840208595.9293             0.08795523
888841185690.2632             0.06476181
888842162784.597              -0.0795829
888843139878.9309             0.030729467
888844116973.2648             -0.023011567
888845094067.5986             -0.0012361937
888846071161.9325             -0.032726824
888847048256.2664             -0.0324867
888848025350.6002             -0.14962302
888849002444.9341             0.009281013
888849979539.268              -0.07812512
888850956633.6018             -0.10695086
888851933727.9357             -0.02772913
888852910822.2695             -0.06705999
888853887916.6034             -0.16348645
888854865010.9373             -0.28933576
888855842105.2711             -0.01505664
888856819199.605              0.011078314
888857796293.9388             0.04084184
888858773388.2727             0.08314082
888859750482.6066             -0.00604587
888860727576.9404             -0.026787989
888861704671.2743             0.11505578
888862681765.6082             0.14863269
888863658859.942              -0.07319679
888864635954.2759             0.12548609
888865613048.6097             0.0425273
888866590142.9436             -0.0076493565
888867567237.2775             0.08466756
888868544331.6113             0.04416139
888869521425.9452             0.027166525
888870498520.279              0.007348556
888871475614.6129             -0.021002408
888872452708.9468             -0.08690144
888873429803.2806             0.02136143
888874406897.6145             0.03371421
888875383991.9484             0.0077039786
888876361086.2822             0.0756211
888877338180.6161             -0.020390378
888878315274.95               -0.12591487
888879292369.2838             -0.015239381
888880269463.6177             -0.06417759
888881246557.9515             0.02969359
888882223652.2854             0.060287643
888883200746.6193             -0.05163787
888884177840.9531             -0.11666311
888885154935.287              -0.098718785
888886132029.6208             -0.039713506
888887109123.9547             0.028314928
888888086218.2886             -0.025881832
888889063312.6224             0.056984797
888890040406.9563             -0.11779165
888891017501.2902             0.014068418
888891994595.624              -0.07443768
888892971689.9579             -0.018584823
888893948784.2917             0.082618274
888894925878.6256             -0.13091587
888895902972.9595             -0.18650554
888896880067.2933             0.07301439
888897857161.6272             0.0089662345
888898834255.961              0.13164006
888899811350.2949             0.232625
888900788444.6288             0.08342626
888901765538.9626             0.09580281
888902742633.2965             0.033948574
888903719727.6304             -0.06641908
888904696821.9642             0.14932227
888905673916.2981             -0.045425475
888906651010.632              0.21423307
888907628104.9658             0.12685513
888908605199.2997             -0.06388909
888909582293.6335             -0.079575896
888910559387.9674             -0.04798448
888911536482.3013             -0.057744462
888912513576.6351             0.07095132
888913490670.969              -0.017066866
888914467765.3029             -0.13332683
888915444859.6367             0.0031510242
888916421953.9706             -0.050324026
888917399048.3044             -0.14485434
888918376142.6383             0.024176532
888919353236.9722             0.09797594
888920330331.306              0.24373052
888921307425.6399             0.04802877
888922284519.9738             -0.041969605
888923261614.3076             -0.054457616
888924238708.6415             -0.08164827
888925215802.9753             -0.07942727
888926192897.3092             -0.052485358
888927169991.6431             0.16107555
888928147085.9769             0.18786754
888929124180.3108             -0.01744176
888930101274.6445             -0.009278515
888931078368.9784             -0.112747386
888932055463.3123             0.067696385
888933032557.6461             0.109393224
888934009651.98               0.022579273
888934986746.3138             0.012661555
888935963840.6477             -0.029408613
888936940934.9816             0.10119284
888937918029.3154             0.042348497
888938895123.6493             -0.18687384
888939872217.9832             0.014870444
888940849312.317              -0.04480262
888941826406.6509             -0.09591649
888942803500.9847             0.122777924
888943780595.3186             0.16949102
888944757689.6525             -0.021989595
888945734783.9863             -0.07931243
888946711878.3202             -0.1000504
888947688972.654              -0.004219674
888948666066.9879             0.14850035
888949643161.3218             -0.034232337
888950620255.6556             -0.018692244
888951597349.9895             -0.112468764
888952574444.3234             0.06513476
888953551538.6572             0.07004598
888954528632.9911             -0.09751965
888955505727.325              0.03721878
888956482821.6588             0.03954241
888957459915.9927             -0.06391785
888958437010.3265             0.08249177
888959414104.6604             0.15238768
888960391198.9943             -0.018604035
888961368293.3281             -0.0017397089
888962345387.662              -0.1395698
888963322481.9958             -0.07047799
888964299576.3297             0.14988798
888965276670.6636             0.140118
888966253764.9974             0.050546154
888967230859.3313             0.13388187
888968207953.6652             0.019212095
888969185047.999              0.10528649
888970162142.3329             0.0006822183
888971139236.6667             0.05178886
888972116331.0006             0.094666086
888973093425.3345             0.010870404
888974070519.6683             -0.01410686
888975047614.0022             -0.0043910593
888976024708.336              -0.1334546
888977001802.6699             -0.12767094
888977978897.0038             -0.113803536
888978955991.3376             -0.104307815
888979933085.6715             0.024211055
888980910180.0054             0.07282393
888981887274.3392             -0.047737338
888982864368.6731             0.023046354
888983841463.007              0.019028824
888984818557.3408             0.06587913
888985795651.6747             -0.041148674
888986772746.0085             -0.095332645
888987749840.3424             0.044168975
888988726934.6763             -0.034647744
888989704029.0101             0.000111203975
888990681123.344              -0.05731352
888991658217.6779             -0.010110911
888992635312.0117             0.044657137
888993612406.3456             -0.16845378
888994589500.6794             -0.054259367
888995566595.0133             0.006243842
888996543689.3472             0.072550684
888997520783.681              -0.14507954
888998497878.0149             -0.16617128
888999474972.3488             -0.011664483
889000452066.6826             -0.01052662
889001429161.0165             -0.020559883
889002406255.3503             -0.035023246
889003383349.6842             0.11986383
889004360444.0181             0.10502157
889005337538.3519             -0.005030647
889006314632.6858             -0.04051016
889007291727.0197             0.097876236
889008268821.3535             -0.085672565
889009245915.6874             -0.13182282
889010223010.0212             -0.1234875
889011200104.3551             -0.10498941
889012177198.689              -0.038350753
889013154293.0228             -0.050680615
889014131387.3567             0.18030979
889015108481.6906             0.02197835
889016085576.0244             -0.03408174
889017062670.3583             -0.20058055
889018039764.6921             -0.019393465
889019016859.026              0.08445698
889019993953.3599             0.032367405
889020971047.6937             -0.051442217
889021948142.0276             0.08085203
889022925236.3615             -0.02710317
889023902330.6953             -0.04242257
889024879425.0292             -0.0052662874
889025856519.363              -0.11353828
889026833613.6969             -0.051812474
889027810708.0308             0.13491929
889028787802.3646             -0.09210828
889029764896.6985             0.09273591
889030741991.0323             0.05954414
889031719085.3662             -0.03362576
889032696179.7001             0.11230865
889033673274.0339             0.19578809
889034650368.3678             0.016591514
889035627462.7017             -0.09884115
889036604557.0355             0.027507983
889037581651.3694             -0.048086494
889038558745.7032             0.019708091
889039535840.0371             0.20314649
889040512934.371              -0.016501402
889041490028.7048             0.021260386
889042467123.0387             0.025167532
889043444217.3726             0.012591121
889044421311.7064             -0.041555118
889045398406.0403             0.026732918
889046375500.3741             -0.004361823
889047352594.708              -0.0022349602
889048329689.0419             0.007056321
889049306783.3757             -0.11099026
889050283877.7096             -0.051395908
889051260972.0435             0.09102724
889052238066.3773             0.0055740867
889053215160.7112             0.0020234897
889054192255.045              0.060738385
889055169349.3789             -0.00013799385
889056146443.7128             -0.017135506
889057123538.0466             0.14821066
889058100632.3805             0.018577388
889059077726.7144             -0.03372262
889060054821.0482             -0.041644268
889061031915.3821             0.0012468203
889062009009.716              -0.12421402
889062986104.0498             0.020649437
889063963198.3837             -0.029004911
889064940292.7175             0.027781023
889065917387.0514             0.05093609
889066894481.3853             -0.10755452
889067871575.7191             -0.08152499
889068848670.053              0.091968715
889069825764.3868             0.12588307
889070802858.7207             0.19923624
889071779953.0546             0.11039549
889072757047.3884             -0.050253026
889073734141.7223             0.0476436
889074711236.0562             -0.05421656
889075688330.39               -0.09306643
889076665424.7239             -0.011060782
889077642519.0577             -0.087824315
889078619613.3916             -0.05694324
889079596707.7255             0.24841554
889080573802.0593             0.13719942
889081550896.3932             -0.16840479
889082527990.727              -0.06316105
889083505085.0609             -0.02915097
889084482179.3948             0.005804964
889085459273.7286             0.09615673
889086436368.0624             -0.12399128
889087413462.3962             -0.11877385
889088390556.7301             -0.24839085
889089367651.064              -0.16582917
889090344745.3978             0.043669216
889091321839.7317             0.076230414
889092298934.0656             -0.022689346
889093276028.3994             -0.014580462
889094253122.7333             -0.027322892
889095230217.0671             -0.10918082
889096207311.401              -0.10625682
889097184405.7349             -0.08032883
889098161500.0687             -0.14934868
889099138594.4026             -0.010394964
889100115688.7365             0.031911783
889101092783.0703             -0.1730408
889102069877.4042             -0.020881215
889103046971.738              0.036049504
889104024066.0719             -0.051110856
889105001160.4058             0.081246525
889105978254.7396             0.07717393
889106955349.0735             0.12067684
889107932443.4073             0.12180518
889108909537.7412             -0.072930865
889109886632.0751             0.033156503
889110863726.4089             0.16196191
889111840820.7428             0.044596747
889112817915.0767             0.029506685
889113795009.4105             -0.0950876
889114772103.7444             -0.00023126695
889115749198.0782             -0.0992947
889116726292.4121             -0.072016105
889117703386.746              0.12918453
889118680481.0798             -0.006542398
889119657575.4137             0.07766317
889120634669.7476             -0.13844809
889121611764.0814             -0.0643472
889122588858.4153             -0.13849804
889123565952.7491             -0.015374698
889124543047.083              0.05764669
889125520141.4169             0.016506966
889126497235.7507             0.10604517
889127474330.0846             -0.09688162
889128451424.4185             0.031517137
889129428518.7523             0.06618672
889130405613.0862             0.079815276
889131382707.42               0.05935141
889132359801.7539             -0.2176023
889133336896.0878             -0.113644816
889134313990.4216             -0.07332519
889135291084.7555             0.00037615147
889136268179.0894             0.01534976
889137245273.4232             0.07231052
889138222367.7571             -0.10034445
889139199462.091              -0.043903943
889140176556.4248             -0.015942095
889141153650.7587             -0.1339846
889142130745.0925             -0.03451067
889143107839.4264             0.02081871
889144084933.7603             0.1235745
889145062028.0941             -0.021487227
889146039122.428              0.0595437
889147016216.7618             0.08919416
889147993311.0957             0.112922765
889148970405.4296             0.042463295
889149947499.7634             0.063794374
889150924594.0973             -0.02321821
889151901688.4312             -0.0025843214
889152878782.765              -0.0019469365
889153855877.0989             0.07151592
889154832971.4327             0.00056807394
889155810065.7666             0.0148580065
889156787160.1005             -0.1433869
889157764254.4343             -0.0296281
889158741348.7682             -0.12129588
889159718443.102              -0.11304799
889160695537.4359             0.051824473
889161672631.7698             -0.062022325
889162649726.1036             -0.031080747
889163626820.4375             0.10481056
889164603914.7714             0.026242448
889165581009.1052             0.069821045
889166558103.4391             -0.013641587
889167535197.773              -0.10860441
889168512292.1068             -0.09383328
889169489386.4407             -0.07255912
889170466480.7745             0.09856403
889171443575.1084             0.24470519
889172420669.4423             0.026824366
889173397763.7761             -0.038315203
889174374858.11               -0.084271096
889175351952.4438             -0.07942539
889176329046.7777             0.12280229
889177306141.1116             0.032890107
889178283235.4454             0.0051475265
889179260329.7793             0.10791487
889180237424.1132             -0.002739874
889181214518.447              0.022863058
889182191612.7809             -0.009390416
889183168707.1147             0.037389167
889184145801.4486             0.13713242
889185122895.7825             0.08482065
889186099990.1163             -0.054814506
889187077084.4502             -0.095551945
889188054178.784              0.028984744
889189031273.1179             0.061295994
889190008367.4518             0.07682522
889190985461.7856             -0.04354473
889191962556.1195             0.026490496
889192939650.4534             -0.0076594157
889193916744.7872             -0.07269459
889194893839.1211             -0.078890294
889195870933.455              -0.08055025
889196848027.7888             -0.08301625
889197825122.1227             0.046917558
889198802216.4565             0.1578903
889199779310.7904             0.03208638
889200756405.1243             -0.029422669
889201733499.4581             0.08558796
889202710593.792              0.09321736
889203687688.1259             -0.050457947
889204664782.4597             0.013970334
889205641876.7936             -0.08446893
889206618971.1274             -0.1627276
889207596065.4613             -0.15438819
889208573159.7952             0.012421905
889209550254.129              0.012329228
889210527348.4629             0.1207504
889211504442.7968             0.06275632
889212481537.1306             0.02532695
889213458631.4645             0.0008896325
889214435725.7983             -0.10102304
889215412820.1322             -0.032736775
889216389914.4661             -0.1221337
889217367008.7999             -0.0007203668
889218344103.1338             0.077349216
889219321197.4677             -0.030032994
889220298291.8015             0.08135614
889221275386.1354             0.027237166
889222252480.4692             0.01795259
889223229574.8031             -0.049208447
889224206669.137              -0.091541946
889225183763.4708             -0.07897249
889226160857.8047             -0.011690921
889227137952.1385             -0.11103051
889228115046.4724             0.06432574
889229092140.8063             -0.043923676
889230069235.1401             -0.13016196
889231046329.474              -0.1049844
889232023423.8079             0.05571219
889233000518.1417             0.029144475
889233977612.4756             0.057521172
889234954706.8094             0.04220154
889235931801.1433             0.060428783
889236908895.4772             -0.099996015
889237885989.811              -0.07019764
889238863084.1449             0.08353165
889239840178.4788             -0.032589234
889240817272.8126             -0.0647896
889241794367.1464             0.10129731
889242771461.4802             0.07866887
889243748555.8141             0.022863543
889244725650.148              -0.012887594
889245702744.4818             -0.13315117
889246679838.8157             0.05244458
889247656933.1495             0.14494321
889248634027.4834             0.055367716
889249611121.8173             -0.04302348
889250588216.1511             0.045456417
889251565310.485              0.12578541
889252542404.8188             -0.09965291
889253519499.1527             -0.083041
889254496593.4866             0.0027966793
889255473687.8204             0.039460737
889256450782.1543             0.07867626
889257427876.4882             0.115169436
889258404970.822              0.054574486
889259382065.1559             0.0708855
889260359159.4897             -0.0930152
889261336253.8236             -0.011356587
889262313348.1575             -0.14504471
889263290442.4913             -0.13627626
889264267536.8252             0.098997876
889265244631.159              0.090004705
889266221725.4929             0.09126583
889267198819.8268             0.26855993
889268175914.1606             -0.005963959
889269153008.4945             0.0065406547
889270130102.8284             0.050335728
889271107197.1622             -0.17606167
889272084291.4961             -0.05681648
889273061385.83               -0.0024563319
889274038480.1638             0.1576666
889275015574.4977             -0.053455602
889275992668.8315             -0.14993453
889276969763.1654             0.035684217
889277946857.4993             0.02955926
889278923951.8331             0.078343414
889279901046.167              -0.010033378
889280878140.5009             -0.06158984
889281855234.8347             0.119157694
889282832329.1686             0.12211947
889283809423.5024             0.09416776
889284786517.8363             0.101508394
889285763612.1702             -0.06785183
889286740706.504              -0.05398512
889287717800.8379             -0.065211125
889288694895.1718             -0.017058613
889289671989.5056             -0.18417764
889290649083.8395             -0.12659585
889291626178.1733             0.11247331
889292603272.5072             0.11250842
889293580366.8411             0.14058577
889294557461.1749             0.24203296
889295534555.5088             0.09580661
889296511649.8427             0.022109902
889297488744.1765             0.013243143
889298465838.5104             0.005617456
889299442932.8442             -0.0928384
889300420027.1781             -0.023052681
889301397121.512              -0.04266944
889302374215.8458             0.051631805
889303351310.1797             0.01041625
889304328404.5135             -0.1331012
889305305498.8474             -0.043915346
889306282593.1813             -0.06061611
889307259687.5151             -0.073306255
889308236781.849              -0.10124283
889309213876.1829             -0.06695688
889310190970.5167             0.107292645
889311168064.8506             0.14817746
889312145159.1844             -0.058769397
889313122253.5183             0.06252219
889314099347.8522             0.10398748
889315076442.186              -0.011250386
889316053536.5199             0.16786848
889317030630.8538             0.11674771
889318007725.1876             0.062214755
889318984819.5215             0.11366736
889319961913.8553             0.069053926
889320939008.1892             -0.053601872
889321916102.5231             0.15338443
889322893196.8569             -0.011296187
889323870291.1908             0.032374796
889324847385.5247             -0.013065067
889325824479.8585             -0.16222851
889326801574.1924             0.019127673
889327778668.5262             0.12618983
889328755762.8601             0.14283244
889329732857.194              0.048527725
889330709951.5278             -0.16090128
889331687045.8617             -0.097228326
889332664140.1956             -0.033363044
889333641234.5294             -0.13184947
889334618328.8633             -0.044711135
889335595423.1971             0.07086264
889336572517.531              0.06859546
889337549611.8649             -0.0023833546
889338526706.1987             -0.013870389
889339503800.5326             0.073294915
889340480894.8665             0.015252399
889341457989.2003             0.108308814
889342435083.5342             -0.12614362
889343412177.868              -0.18613425
889344389272.2019             -0.033464223
889345366366.5358             0.16098915
889346343460.8696             -0.035816606
889347320555.2035             -0.092104845
889348297649.5374             0.020991886
889349274743.8712             0.06367805
889350251838.2051             0.14932191
889351228932.539              0.0011988524
889352206026.8728             -0.102798775
889353183121.2067             -0.007208712
889354160215.5405             0.03273468
889355137309.8744             0.06594429
889356114404.2083             0.08647601
889357091498.5421             0.26372334
889358068592.876              0.051244352
889359045687.2098             -0.013935618
889360022781.5437             -0.09606238
889360999875.8776             -0.04635584
889361976970.2114             0.04996015
889362954064.5453             0.05492512
889363931158.8792             0.13026941
889364908253.213              -0.06233278
889365885347.5469             0.047080833
889366862441.8807             -0.062286593
889367839536.2146             0.05687877
889368816630.5485             0.16503811
889369793724.8823             0.030635329
889370770819.2162             -0.1603616
889371747913.55               -0.080005154
889372725007.8839             -0.008964036
889373702102.2178             0.013995267
889374679196.5516             0.0017705866
889375656290.8855             -0.07067648
889376633385.2194             -0.0589706
889377610479.5532             -0.00558235
889378587573.8871             0.040144876
889379564668.221              0.08552068
889380541762.5548             -0.0071679098
889381518856.8887             0.1597527
889382495951.2225             0.039125916
889383473045.5564             0.07225949
889384450139.8903             0.13292785
889385427234.2241             0.016901858
889386404328.558              -0.028264053
889387381422.8918             -0.07750583
889388358517.2257             -0.03787883
889389335611.5596             -0.05064382
889390312705.8934             -0.049477592
889391289800.2273             -0.19992042
889392266894.5612             -0.06530844
889393243988.895              0.075982854
889394221083.2289             -0.045831963
889395198177.5627             0.05949066
889396175271.8966             -0.1440135
889397152366.2305             -0.008455915
889398129460.5642             -0.061551593
889399106554.8981             -0.069750525
889400083649.2319             -0.023417102
889401060743.5658             0.012338606
889402037837.8997             0.06715147
889403014932.2335             0.045437485
889403992026.5674             -0.07041813
889404969120.9012             -0.2218379
889405946215.2351             0.0105153695
889406923309.569              0.03423428
889407900403.9028             0.17556237
889408877498.2367             -0.01956445
889409854592.5706             -0.23403062
889410831686.9044             -0.034279883
889411808781.2383             0.03178984
889412785875.5721             -0.062803015
889413762969.906              -0.09881157
889414740064.2399             0.045905896
889415717158.5737             -0.056028027
889416694252.9076             -0.07157939
889417671347.2415             -0.09604885
889418648441.5753             -0.07667905
889419625535.9092             -0.0030778036
889420602630.243              0.031097608
889421579724.5769             0.017614787
889422556818.9108             -0.15377556
889423533913.2446             -0.006924625
889424511007.5785             0.017499994
889425488101.9124             -0.106497906
889426465196.2462             0.0673436
889427442290.5801             0.032163717
889428419384.914              0.0687568
889429396479.2478             0.032960687
889430373573.5817             0.21937667
889431350667.9155             0.08490092
889432327762.2494             0.0053432626
889433304856.5833             0.06443035
889434281950.9171             0.13585448
889435259045.251              0.02763003
889436236139.5848             0.0015517103
889437213233.9187             0.09696873
889438190328.2526             -0.17298496
889439167422.5864             -0.0071236813
889440144516.9203             0.041341774
889441121611.2542             -0.115985006
889442098705.588              0.09407396
889443075799.9219             0.06649998
889444052894.2557             0.12106472
889445029988.5896             -0.050085526
889446007082.9235             -0.104440235
889446984177.2573             -0.0059267674
889447961271.5912             0.07290747
889448938365.925              0.00843456
889449915460.2589             0.024327064
889450892554.5928             0.1698084
889451869648.9266             0.060627293
889452846743.2605             0.026211131
889453823837.5944             0.0030188258
889454800931.9282             -0.118596554
889455778026.2621             0.0119946925
889456755120.596              0.21742289
889457732214.9298             -0.041457593
889458709309.2637             -0.03397976
889459686403.5975             0.06573652
889460663497.9314             0.04122969
889461640592.2653             -0.088360906
889462617686.5991             -0.01061254
889463594780.933              -0.12642021
889464571875.2668             -0.15835387
889465548969.6007             0.10320006
889466526063.9346             0.08708052
889467503158.2684             0.04756493
889468480252.6023             -0.14075194
889469457346.9362             -0.09705829
889470434441.27               -0.13290906
889471411535.6039             -0.072829396
889472388629.9377             -0.023642315
889473365724.2716             -0.11059108
889474342818.6055             0.16859183
889475319912.9393             0.17604044
889476297007.2732             -0.17436323
889477274101.607              -0.04020231
889478251195.9409             -0.026793374
889479228290.2748             0.09547029
889480205384.6086             0.043874264
889481182478.9425             0.14696203
889482159573.2764             -0.05443605
889483136667.6102             -0.011138962
889484113761.9441             0.14083175
889485090856.278              -0.038899496
889486067950.6118             0.078003146
889487045044.9457             -0.064264916
889488022139.2795             -0.06080525
889488999233.6134             0.0013017075
889489976327.9473             0.08829389
889490953422.2811             -0.049307626
889491930516.615              -0.09620279
889492907610.9489             -0.03368454
889493884705.2827             0.030624414
889494861799.6166             0.17175616
889495838893.9504             0.074486785
889496815988.2843             -0.00484425
889497793082.6182             0.004700648
889498770176.952              0.16007221
889499747271.2859             -0.08459268
889500724365.6198             -0.11332134
889501701459.9536             -0.083988115
889502678554.2875             0.068653725
889503655648.6213             -0.08393949
889504632742.9552             -0.007109604
889505609837.2891             0.019329796
889506586931.6229             -0.03184004
889507564025.9568             0.085791364
889508541120.2906             0.092561185
889509518214.6245             -0.06324416
889510495308.9584             -0.053379845
889511472403.2922             -0.029842554
889512449497.6261             -0.06741427
889513426591.96               -0.041959792
889514403686.2938             0.04650106
889515380780.6277             0.011526833
889516357874.9615             -0.04752101
889517334969.2954             -0.04913936
889518312063.6293             -0.07530992
889519289157.9631             -0.07272355
889520266252.297              0.09220124
889521243346.6309             0.006906898
889522220440.9647             -0.06977177
889523197535.2986             0.010715243
889524174629.6324             -0.11011418
889525151723.9663             -0.19010387
889526128818.3002             -0.12797976
889527105912.634              -0.10884252
889528083006.9679             0.028695531
889529060101.3018             -0.09843774
889530037195.6356             0.0017653337
889531014289.9695             -0.08675941
889531991384.3033             -0.21603015
889532968478.6372             -0.07681273
889533945572.9711             -0.22864339
889534922667.3049             -0.1514145
889535899761.6388             -0.14876005
889536876855.9727             -0.13519958
889537853950.3065             0.12558234
889538831044.6404             -0.04516931
889539808138.9742             0.041316256
889540785233.3081             0.11730089
889541762327.642              -0.015378566
889542739421.9758             -0.13556702
889543716516.3097             0.0008111533
889544693610.6436             0.1245246
889545670704.9774             -0.042332865
889546647799.3113             -0.043768667
889547624893.6451             -0.066833876
889548601987.979              0.025124826
889549579082.3129             0.04627539
889550556176.6467             0.11116521
889551533270.9806             -0.0663331
889552510365.3145             0.07550068
889553487459.6483             0.065784715
889554464553.982              0.090021014
889555441648.3159             0.07671633
889556418742.6498             0.07964973
889557395836.9836             0.0055168015
889558372931.3175             0.10576427
889559350025.6514             -0.116990544
889560327119.9852             -0.15374091
889561304214.3191             -0.20817982
889562281308.653              -0.04000311
889563258402.9868             0.09762836
889564235497.3207             0.043470595
889565212591.6545             -0.06289268
889566189685.9884             -0.08792631
889567166780.3223             -0.12158971
889568143874.6561             -0.03886951
889569120968.99               -0.00038230483
889570098063.3239             -0.010427214
889571075157.6577             -0.011384018
889572052251.9916             -0.013351742
889573029346.3254             0.17468344
889574006440.6593             -0.0016074916
889574983534.9932             0.080489814
889575960629.327              -0.19220644
889576937723.6609             -0.22339611
889577914817.9948             0.1226758
889578891912.3286             0.0015033562
889579869006.6625             -0.094844915
889580846100.9963             -0.041815683
889581823195.3302             0.0069855675
889582800289.6641             0.06344606
889583777383.9979             -0.031772826
889584754478.3318             0.036959052
889585731572.6656             -0.06401685
889586708666.9995             -0.14570168
889587685761.3334             -0.0822922
889588662855.6672             0.034422647
889589639950.0011             -0.1720568
889590617044.335              -0.05342794
889591594138.6688             -0.11334821
889592571233.0027             -0.0689882
889593548327.3365             0.09123936
889594525421.6704             -0.10492906
889595502516.0043             -0.09694902
889596479610.3381             -0.051352993
889597456704.672              -0.117614
889598433799.0059             0.0091465525
889599410893.3397             -0.18900843
889600387987.6736             0.036417387
889601365082.0074             -0.014278891
889602342176.3413             -0.030822126
889603319270.6752             0.017110825
889604296365.009              0.06954091
889605273459.3429             0.08698027
889606250553.6768             0.1756876
889607227648.0106             0.025641568
889608204742.3445             0.051131498
889609181836.6783             0.06543273
889610158931.0122             -0.1051283
889611136025.3461             0.053101305
889612113119.6799             0.02895227
889613090214.0138             0.19979404
889614067308.3477             0.0919575
889615044402.6815             -0.010536371
889616021497.0154             -0.061392352
889616998591.3492             -0.2070067
889617975685.6831             -0.025595454
889618952780.017              0.039439324
889619929874.3508             -0.08168975
889620906968.6847             -0.1122333
889621884063.0186             -0.0018401359
889622861157.3524             -0.016453857
889623838251.6863             0.075587265
889624815346.0201             0.08586213
889625792440.354              0.09326145
889626769534.6879             0.07473462
889627746629.0217             -0.063192636
889628723723.3556             0.022117604
889629700817.6895             5.576974e-05
889630677912.0233             -0.04162985
889631655006.3572             -0.020016981
889632632100.691              -0.018542636
889633609195.0249             -0.02980312
889634586289.3588             -0.01785782
889635563383.6926             0.037245844
889636540478.0265             0.1587081
889637517572.3604             0.04898411
889638494666.6942             0.01758227
889639471761.0281             0.048682336
889640448855.3619             -0.029092602
889641425949.6958             -0.044182003
889642403044.0297             0.03960861
889643380138.3635             0.006442299
889644357232.6974             0.022037888
889645334327.0312             0.00016267237
889646311421.3651             0.024599288
889647288515.699              0.13712071
889648265610.0328             -0.01054573
889649242704.3667             -0.021989707
889650219798.7006             0.19722287
889651196893.0344             0.12533927
889652173987.3683             -0.051006608
889653151081.7021             -0.04931431
889654128176.036              -0.06702416
889655105270.3699             -0.047168035
889656082364.7037             0.085230224
889657059459.0376             0.07982728
889658036553.3715             -0.027771164
889659013647.7053             -0.093087085
889659990742.0392             -0.05163521
889660967836.373              0.12295603
889661944930.7069             -0.062774494
889662922025.0408             -0.061074153
889663899119.3746             0.070889466
889664876213.7085             0.04402792
889665853308.0424             -0.10623111
889666830402.3762             -0.123419724
889667807496.7101             -0.16698048
889668784591.044              -0.16442241
889669761685.3778             -0.17906712
889670738779.7117             -0.19404133
889671715874.0455             -0.043822516
889672692968.3794             0.045003373
889673670062.7133             0.18751654
889674647157.0471             -0.07383255
889675624251.381              0.0006232864
889676601345.7148             -0.22060783
889677578440.0487             -0.040000398
889678555534.3826             -0.017868448
889679532628.7164             -0.010475501
889680509723.0503             -0.13933401
889681486817.3842             -0.003086284
889682463911.718              -0.006714194
889683441006.0519             -0.03045735
889684418100.3857             0.031062048
889685395194.7196             0.086008824
889686372289.0535             -0.051361464
889687349383.3873             0.04825234
889688326477.7212             -0.01941084
889689303572.055              -0.052795485
889690280666.3889             0.008446222
889691257760.7228             0.05729316
889692234855.0566             0.03578478
889693211949.3905             0.06372149
889694189043.7244             0.062057525
889695166138.0582             -0.09421139
889696143232.3921             -0.1276096
889697120326.726              0.040532794
889698097421.0598             0.115858555
889699074515.3937             -0.063108355
889700051609.7275             -0.05545782
889701028704.0614             0.015057622
889702005798.3953             0.055768058
889702982892.7291             0.039099164
889703959987.063              -0.013063762
889704937081.3969             -0.09837265
889705914175.7307             -0.15837124
889706891270.0646             -0.14528963
889707868364.3984             0.0060847434
889708845458.7323             -0.026810715
889709822553.0662             -0.038980864
889710799647.3999             0.06797235
889711776741.7338             -0.047130805
889712753836.0676             -0.010595777
889713730930.4015             0.032726083
889714708024.7354             -0.087232
889715685119.0692             -0.10161293
889716662213.4031             -0.043503933
889717639307.7369             -0.031753205
889718616402.0708             -0.0040887897
889719593496.4047             -0.048686996
889720570590.7385             -0.004424746
889721547685.0724             -0.033727776
889722524779.4062             -0.0042249565
889723501873.7401             -0.07957447
889724478968.074              0.02712856
889725456062.4078             0.05559317
889726433156.7417             -0.18178073
889727410251.0756             0.0105679
889728387345.4094             0.08802721
889729364439.7433             -0.02554428
889730341534.0771             0.18351908
889731318628.411              0.096702024
889732295722.7449             0.015806237
889733272817.0787             -0.006619275
889734249911.4126             -0.24571976
889735227005.7465             -0.10615268
889736204100.0803             0.07922609
889737181194.4142             0.0008640074
889738158288.748              -0.011329001
889739135383.0819             -0.03621418
889740112477.4158             -0.08392078
889741089571.7496             0.04379187
889742066666.0835             0.14764382
889743043760.4174             0.15442008
889744020854.7512             0.09481679
889744997949.0851             0.05436072
889745975043.419              0.0047822846
889746952137.7528             -0.06875036
889747929232.0867             -0.19853812
889748906326.4205             0.0015755722
889749883420.7544             0.089590624
889750860515.0883             0.19119063
889751837609.4221             0.049850937
889752814703.756              0.04195735
889753791798.0898             -0.10927353
889754768892.4237             -0.035233997
889755745986.7576             -0.014753794
889756723081.0914             -0.044321284
889757700175.4253             -0.041968696
889758677269.7592             -0.07673473
889759654364.093              0.057610616
889760631458.4269             0.05558562
889761608552.7607             0.11096926
889762585647.0946             0.11720914
889763562741.4285             0.14291082
889764539835.7623             0.024301654
889765516930.0962             -0.14511432
889766494024.43               -0.018999085
889767471118.7639             0.06516675
889768448213.0978             0.1367041
889769425307.4316             -0.019870255
889770402401.7655             -0.032467823
889771379496.0994             0.12557267
889772356590.4332             -0.01964445
889773333684.7671             -0.11827529
889774310779.101              -0.1289852
889775287873.4348             -0.012050344
889776264967.7687             -0.062344275
889777242062.1025             -0.012543195
889778219156.4364             0.09209919
889779196250.7703             0.08239896
889780173345.1041             0.02504658
889781150439.438              0.07121872
889782127533.7719             -0.04552571
889783104628.1057             -0.06940981
889784081722.4396             0.09077964
889785058816.7734             -0.04505347
889786035911.1073             0.006923958
889787013005.4412             -0.060061138
889787990099.775              0.102109335
889788967194.1089             0.1612287
889789944288.4427             -0.008348128
889790921382.7766             -0.11736352
889791898477.1105             0.030757364
889792875571.4443             -0.091770634
889793852665.7782             0.15546738
889794829760.112              0.100385636
889795806854.4459             -0.027083147
889796783948.7798             -0.0021801656
889797761043.1136             -0.034620587
889798738137.4475             0.0681161
889799715231.7814             -0.012328715
889800692326.1152             0.026903413
889801669420.4491             0.05988775
889802646514.783              0.03205023
889803623609.1168             0.11136035
889804600703.4507             0.0696204
889805577797.7845             -0.04621891
889806554892.1184             0.057749532
889807531986.4523             0.06785122
889808509080.7861             0.08644795
889809486175.12               -0.09036274
889810463269.4539             0.0068996954
889811440363.7877             0.16169144
889812417458.1216             0.24546444
889813394552.4554             0.03803966
889814371646.7893             -0.038089596
889815348741.1232             0.057900526
889816325835.457              -0.13900603
889817302929.7909             -0.113221176
889818280024.1248             0.04025316
889819257118.4586             -0.014637253
889820234212.7925             0.014121803
889821211307.1263             0.025138004
889822188401.4602             -0.051165376
889823165495.7941             -0.12117769
889824142590.1279             0.05357555
889825119684.4618             -0.037817694
889826096778.7957             -0.009931838
889827073873.1295             0.012444919
889828050967.4634             0.09385866
889829028061.7972             0.045984857
889830005156.1311             -0.044669356
889830982250.465              0.04870176
889831959344.7988             0.18700583
889832936439.1327             -0.037850894
889833913533.4666             -0.1262361
889834890627.8004             0.03156899
889835867722.1343             0.0779552
889836844816.4681             0.011973201
889837821910.802              -0.010839076
889838799005.1359             0.00048579313
889839776099.4697             -0.0409738
889840753193.8036             0.07581241
889841730288.1375             0.06942641
889842707382.4713             0.11372754
889843684476.8052             -0.015559788
889844661571.139              -0.1375751
889845638665.4729             -0.08154527
889846615759.8068             0.0426105
889847592854.1406             0.20696338
889848569948.4745             -0.12935227
889849547042.8083             -0.08780413
889850524137.1422             0.02344168
889851501231.4761             0.15618983
889852478325.8099             0.12954366
889853455420.1438             0.038877007
889854432514.4777             0.09391087
889855409608.8115             0.12967113
889856386703.1454             0.15580213
889857363797.4792             0.17669006
889858340891.8131             0.15944326
889859317986.147              0.15958774
889860295080.4808             0.055667985
889861272174.8147             -0.06263657
889862249269.1486             0.07748359
889863226363.4824             0.024622021
889864203457.8163             0.12708566
889865180552.1501             0.19070189
889866157646.4839             -0.07448238
889867134740.8177             0.017196683
889868111835.1516             -0.09735081
889869088929.4855             0.043355558
889870066023.8193             -0.037323564
889871043118.1532             0.0031757248
889872020212.487              0.18050382
889872997306.8209             0.18629949
889873974401.1548             0.056309972
889874951495.4886             0.14668952
889875928589.8225             0.015832484
889876905684.1564             -0.0731238
889877882778.4902             0.072450005
889878859872.8241             -0.0290115
889879836967.158              -0.055297703
889880814061.4918             -0.015130065
889881791155.8257             -0.0065508457
889882768250.1595             -0.14636602
889883745344.4934             -0.31084654
889884722438.8273             -0.16417299
889885699533.1611             0.022221025
889886676627.495              -0.09483791
889887653721.8289             -0.0030498297
889888630816.1627             -0.06881125
889889607910.4966             0.022385348
889890585004.8304             0.045679722
889891562099.1643             0.020769931
889892539193.4982             -0.028941654
889893516287.832              0.03099946
889894493382.1659             0.02092826
889895470476.4998             0.008085639
889896447570.8336             0.04807877
889897424665.1675             0.03436938
889898401759.5013             -0.107938714
889899378853.8352             0.15417604
889900355948.1691             0.025082162
889901333042.5029             -0.040039156
889902310136.8368             0.08046817
889903287231.1707             0.21292219
889904264325.5045             0.064131774
889905241419.8384             -0.014727552
889906218514.1722             0.0018657185
889907195608.5061             0.023488222
889908172702.84               0.07716222
889909149797.1738             0.04557644
889910126891.5077             0.13248529
889911103985.8416             0.116458885
889912081080.1754             -0.073049635
889913058174.5093             0.020269284
889914035268.8431             0.093851976
889915012363.177              0.122994475
889915989457.5109             0.06788123
889916966551.8447             0.067509055
889917943646.1786             -0.01992784
889918920740.5125             -0.01772561
889919897834.8463             0.03480269
889920874929.1802             0.08487474
889921852023.514              0.17162806
889922829117.8479             0.0662713
889923806212.1818             0.16170289
889924783306.5156             0.10745576
889925760400.8495             0.070868246
889926737495.1833             0.036988974
889927714589.5172             0.09026156
889928691683.8511             0.07663869
889929668778.1849             0.07729178
889930645872.5188             0.08077467
889931622966.8527             0.005090298
889932600061.1865             0.054404095
889933577155.5204             -0.048806757
889934554249.8542             0.07291345
889935531344.1881             -0.14907463
889936508438.522              0.12143512
889937485532.8558             -0.06676499
889938462627.1897             -0.106047705
889939439721.5236             0.009786145
889940416815.8574             0.030264804
889941393910.1913             0.07176409
889942371004.5251             -0.031437356
889943348098.859              -0.16958584
889944325193.1929             -0.09701688
889945302287.5267             -0.051654406
889946279381.8606             0.11531933
889947256476.1945             0.05788149
889948233570.5283             0.0008092547
889949210664.8622             0.084353186
889950187759.196              0.08861838
889951164853.5299             0.07118805
889952141947.8638             0.12662171
889953119042.1976             0.053121556
889954096136.5315             0.016147595
889955073230.8654             -0.14146927
889956050325.1992             -0.023189373
889957027419.5331             -0.017998487
889958004513.867              0.1551391
889958981608.2008             0.15204869
889959958702.5347             0.029670784
889960935796.8685             0.15256786
889961912891.2024             0.10659893
889962889985.5363             -0.017291905
889963867079.8701             -0.023818854
889964844174.204              0.16170073
889965821268.5378             0.01885037
889966798362.8717             0.11900066
889967775457.2056             0.03549313
889968752551.5394             0.06994441
889969729645.8733             0.034882277
889970706740.2072             -0.04441729
889971683834.541              0.08225314
889972660928.8749             0.09856187
889973638023.2087             0.0070503512
889974615117.5426             0.032087203
889975592211.8765             0.1933168
889976569306.2103             0.047566388
889977546400.5442             -0.07992612
889978523494.878              -0.17138559
889979500589.2119             0.12121019
889980477683.5458             0.13065962
889981454777.8796             0.17356353
889982431872.2135             -0.006431699
889983408966.5474             0.11062939
889984386060.8812             0.12018097
889985363155.2151             0.118446395
889986340249.549              0.10074743
889987317343.8828             0.12279087
889988294438.2167             0.09894892
889989271532.5505             0.033578582
889990248626.8844             0.11342469
889991225721.2183             0.11473289
889992202815.5521             -0.008389875
889993179909.886              -0.014621742
889994157004.2198             0.0558973
889995134098.5537             0.10260647
889996111192.8876             0.2442282
889997088287.2214             0.20628488
889998065381.5553             0.022192411
889999042475.8892             0.14129154
890000019570.223              0.11596415
890000996664.5569             0.017321724
890001973758.8907             0.08732351
890002950853.2246             0.0024812014
890003927947.5585             0.14458317
890004905041.8923             -0.10655396
890005882136.2262             0.021655392
890006859230.56               0.06300684
890007836324.8939             0.13936324
890008813419.2278             0.06799227
890009790513.5616             -0.019754328
890010767607.8955             -0.01385694
890011744702.2294             0.05781839
890012721796.5632             0.20949431
890013698890.8971             0.1642219
890014675985.231              0.013698466
890015653079.5648             0.16997266
890016630173.8987             0.17162736
890017607268.2325             0.11844187
890018584362.5664             0.06529945
890019561456.9003             0.051325545
890020538551.2341             0.20012078
890021515645.568              0.20327328
890022492739.9017             0.066130795
890023469834.2356             0.06269787
890024446928.5695             0.1666395
890025424022.9033             0.12296091
890026401117.2372             0.14211774
890027378211.571              0.16736515
890028355305.9049             0.104802854
890029332400.2388             0.17337252
890030309494.5726             0.28962967
890031286588.9065             0.14659226
890032263683.2404             0.123877734
890033240777.5742             0.27576268
890034217871.9081             0.23523092
890035194966.242              0.09726044
890036172060.5758             0.13029489
890037149154.9097             0.16505137
890038126249.2435             0.36154467
890039103343.5774             0.064474635
890040080437.9113             0.14353926
890041057532.2451             0.2280594
890042034626.579              0.045783628
890043011720.9128             0.06218191
890043988815.2467             0.11271541
890044965909.5806             0.04221905
890045943003.9144             0.09268205
890046920098.2483             0.3183869
890047897192.5822             0.22178593
890048874286.916              0.20072997
890049851381.2499             0.1508062
890050828475.5837             0.15410677
890051805569.9176             0.0860665
890052782664.2515             0.08910595
890053759758.5853             0.16413961
890054736852.9192             0.17471813
890055713947.253              -0.0680853
890056691041.5869             0.10933387
890057668135.9208             0.23426831
890058645230.2546             0.20222045
890059622324.5885             0.06773481
890060599418.9224             0.31244117
890061576513.2562             0.19276902
890062553607.5901             0.16520216
890063530701.924              0.0008536453
890064507796.2578             0.09291726
890065484890.5917             0.10096702
890066461984.9255             0.14814776
890067439079.2594             0.023602862
890068416173.5933             0.12006972
890069393267.9271             0.3111303
890070370362.261              0.21452883
890071347456.5948             0.12988771
890072324550.9287             0.060060382
890073301645.2626             0.21885799
890074278739.5964             0.38956118
890075255833.9303             0.250483
890076232928.2642             0.18934852
890077210022.598              0.16392986
890078187116.9319             0.17698601
890079164211.2657             0.198411
890080141305.5996             0.12491191
890081118399.9335             0.25585034
890082095494.2673             0.14822267
890083072588.6012             -0.012698616
890084049682.935              0.15263714
890085026777.2689             0.12529123
890086003871.6028             0.21649706
890086980965.9366             0.11527497
890087958060.2705             -0.00020013913
890088935154.6044             0.10462735
890089912248.9382             0.14399314
890090889343.2721             0.08739554
890091866437.606              0.15466565
890092843531.9398             0.15918227
890093820626.2737             0.041047107
890094797720.6075             0.17368376
890095774814.9414             0.13704817
890096751909.2753             0.15701802
890097729003.6091             0.13744465
890098706097.943              0.1840414
890099683192.2769             0.17330338
890100660286.6107             0.03007572
890101637380.9446             -0.067726195
890102614475.2784             0.060986206
890103591569.6123             0.22700877
890104568663.9462             0.17915095
890105545758.28               0.21998677
890106522852.6139             -0.022543557
890107499946.9478             0.11657051
890108477041.2816             0.22600414
890109454135.6155             0.08725674
890110431229.9493             0.092776775
890111408324.2832             0.15767035
890112385418.6171             0.11648079
890113362512.9509             0.19126217
890114339607.2848             0.19290875
890115316701.6187             -0.004152612
890116293795.9525             0.16331416
890117270890.2864             0.16018322
890118247984.6202             0.25417012
890119225078.9541             0.110136576
890120202173.288              0.0062230714
890121179267.6218             0.09234018
890122156361.9557             0.0022312682
890123133456.2896             0.23247212
890124110550.6234             0.4160932
890125087644.9573             0.13206859
890126064739.2911             0.17604852
890127041833.625              0.20955962
890128018927.9589             0.2301522
890128996022.2927             0.3193285
890129973116.6266             0.2745336
890130950210.9604             0.31624508
890131927305.2943             0.2326965
890132904399.6282             0.16292463
890133881493.962              0.22058055
890134858588.2959             0.17523785
890135835682.6298             0.22069578
890136812776.9636             0.063715965
890137789871.2975             0.23260969
890138766965.6313             0.14182876
890139744059.9652             0.14078563
890140721154.2991             0.1796151
890141698248.6329             0.10988571
890142675342.9668             0.17202437
890143652437.3007             0.089991935
890144629531.6345             0.037855987
890145606625.9684             0.013794751
890146583720.3022             0.17005152
890147560814.6361             0.25745404
890148537908.97               0.124302365
890149515003.3038             0.28645036
890150492097.6377             0.08739999
890151469191.9716             0.1408444
890152446286.3054             0.17847688
890153423380.6393             0.23064189
890154400474.9731             0.012726334
890155377569.307              0.12777129
890156354663.6409             0.06584758
890157331757.9747             0.14537933
890158308852.3086             0.15888728
890159285946.6425             0.060640845
890160263040.9763             -0.07882173
890161240135.3102             0.11449786
890162217229.644              0.13316898
890163194323.9779             0.07528254
890164171418.3118             0.14828144
890165148512.6456             0.070380874
890166125606.9795             0.2374902
890167102701.3134             0.16177867
890168079795.6472             0.1646018
890169056889.9811             0.27695474
890170033984.315              0.13490109
890171011078.6488             0.13152827
890171988172.9827             0.22129874
890172965267.3165             0.22994348
890173942361.6504             0.25549874
890174919455.9843             -0.016221713
890175896550.3181             0.07794353
890176873644.652              0.26309058
890177850738.9858             0.23918957
890178827833.3196             0.06985917
890179804927.6534             -0.068284206
890180782021.9873             0.18149231
890181759116.3212             0.1940505
890182736210.655              0.10522275
890183713304.9889             0.27873087
890184690399.3228             0.24957931
890185667493.6566             0.11622079
890186644587.9905             0.12668398
890187621682.3243             -0.029917156
890188598776.6582             0.17197397
890189575870.9921             0.1806679
890190552965.3259             0.1309695
890191530059.6598             0.19814095
890192507153.9937             0.17260845
890193484248.3275             0.17770906
890194461342.6614             0.1781397
890195438436.9952             0.07918422
890196415531.3291             0.1677825
890197392625.663              0.22879866
890198369719.9968             0.23016945
890199346814.3307             0.1639835
890200323908.6646             -0.012580447
890201301002.9984             0.026592417
890202278097.3323             0.06266906
890203255191.6661             0.035072166
890204232286.0                0.12102328
890205209380.3339             0.07204097
890206186474.6677             0.16803621
890207163569.0016             0.22671957
890208140663.3354             0.290621
890209117757.6693             0.16205439
890210094852.0032             0.27043998
890211071946.337              0.07660484
890212049040.6709             0.20917882
890213026135.0048             0.23313007
890214003229.3386             0.15333186
890214980323.6725             0.044443
890215957418.0063             0.06464797
890216934512.3402             0.23480141
890217911606.6741             0.006632891
890218888701.0079             0.011911278
890219865795.3418             0.17616034
890220842889.6757             0.15624137
890221819984.0095             0.11256274
890222797078.3434             0.066960365
890223774172.6772             0.05806253
890224751267.0111             -0.020848615
890225728361.345              0.17151521
890226705455.6788             0.26721594
890227682550.0127             0.096259646
890228659644.3466             0.011514953
890229636738.6804             0.13076188
890230613833.0143             0.07855843
890231590927.3481             0.15331917
890232568021.682              0.13514644
890233545116.0159             0.057288587
890234522210.3497             0.12568842
890235499304.6836             -0.086690195
890236476399.0175             -0.060088098
890237453493.3513             0.04997307
890238430587.6852             0.17133002
890239407682.019              0.16450179
890240384776.3529             0.24718222
890241361870.6868             0.30364692
890242338965.0206             0.16972683
890243316059.3545             0.03074566
890244293153.6884             0.16236214
890245270248.0222             0.16397291
890246247342.3561             0.12472097
890247224436.69               0.22678503
890248201531.0238             -0.03340447
890249178625.3577             -0.0018366759
890250155719.6915             0.07890181
890251132814.0254             0.22460553
890252109908.3593             0.22566214
890253087002.6931             0.2659564
890254064097.027              0.3178587
890255041191.3608             0.04791252
890256018285.6947             -0.021858782
890256995380.0286             0.16512771
890257972474.3624             -0.035764884
890258949568.6963             0.11148796
890259926663.0302             0.08322178
890260903757.364              0.14714499
890261880851.6979             0.19563293
890262857946.0317             0.13968791
890263835040.3656             -0.026757931
890264812134.6995             0.07847122
890265789229.0333             0.116408125
890266766323.3672             0.14198664
890267743417.701              0.14878458
890268720512.0349             0.112809435
890269697606.3688             0.23974404
890270674700.7026             0.2316728
890271651795.0365             0.041400917
890272628889.3704             0.060798645
890273605983.7042             0.05101747
890274583078.0381             0.13150562
890275560172.372              0.15970023
890276537266.7058             0.046445854
890277514361.0397             0.00026522102
890278491455.3735             0.060359936
890279468549.7074             0.029023737
890280445644.0413             0.09614062
890281422738.3751             0.14899477
890282399832.709              0.24485435
890283376927.0428             0.257135
890284354021.3767             0.16996534
890285331115.7106             0.11610358
890286308210.0444             0.12380344
890287285304.3783             0.036711693
890288262398.7122             0.19387753
890289239493.046              0.21942566
890289256251.4                0.112348214
890290216587.3799             0.12901509
890290233345.9998             0.06636917
890291193681.7137             0.12796156
890291210440.5995             -0.044682857
890292170776.0476             0.06462095
890292187535.1992             -0.08289633
890293147870.3815             0.09722999
890293164629.799              0.0013938294
890294124964.7153             0.0023740933
890294141724.3988             0.022383412
890295102059.0492             0.050648868
890295118818.9985             -0.014293564
890296079153.383              0.031013548
890296095913.5983             -0.17528138
890297056247.7169             0.0067013474
890297073008.198              -0.067138374
890298033342.0508             0.047903977
890298050102.7977             0.23356438
890299010436.3846             0.2925853
890299027197.3975             0.14923045
890299987530.7185             0.0984553
890300004291.9972             0.11624591
890300964625.0524             0.12269301
890300981386.5969             0.24156694
890301941719.3862             0.15848567
890301958481.1968             0.20490156
890302918813.7201             0.19720487
890302935575.7965             0.039434902
890303895908.054              0.05165776
890303912670.3962             -0.045303192
890304873002.3878             -0.15869085
890304889764.996              0.19499739
890305850096.7217             0.1350944
890305866859.5957             0.19114643
890306827191.0555             0.20097739
890306843954.1954             0.17706943
890307804285.3894             0.30910516
890307821048.7952             0.21533686
890308781379.7233             0.21417113
890308798143.3949             0.2923893
890309758474.0571             0.4048425
890309775237.9946             0.12540281
890310735568.391              0.20465828
890310752332.5945             -0.037524942
890311712662.7249             -0.10202791
890311729427.1942             -0.04510555
890312689757.0587             0.041236494
890312706521.794              -0.09716685
890313666851.3926             -0.010006303
890313683616.3937             -0.086217284
890314643945.7264             -0.08645917
890314660710.9934             -0.014734812
890315621040.0603             0.10487387
890315637805.5931             0.02952726
890316598134.3942             -0.022266176
890316614900.1929             0.056018647
890317575228.728              0.049102493
890317591994.7926             0.027788326
890318552323.0619             0.054695632
890318569089.3923             0.027944438
890319529417.3958             0.035317563
890319546183.9922             0.20957725
890320506511.7296             0.24889834
890320523278.5919             0.22650808
890321483606.0635             0.17915869
890321500373.1917             0.11277693
890322460700.3973             0.22961722
890322477467.7914             -0.009876574
890323437794.7312             0.1860865
890323454562.3911             0.08454483
890324414889.0651             0.15602772
890324431656.9908             -0.04917725
890325391983.3989             0.023259794
890325408751.5906             -0.030823015
890326369077.7328             0.14334236
890326385846.1903             0.06477007
890327346172.0667             0.31461763
890327362940.7902             0.028425597
890328323266.4005             0.14233413
890328340035.3899             -0.057423864
890329300360.7344             0.050774004
890329317129.9896             0.038762458
890330277455.0682             0.094210364
890330294224.5894             0.202644
890331254549.4021             0.116159625
890331271319.1891             0.36196822
890332231643.736              0.35150474
890332248413.7888             0.17246278
890333208738.0698             0.19389613
890333225508.3885             0.19970658
890334185832.4036             0.1659379
890334202602.9883             0.14338347
890335162926.7374             0.13605046
890335179697.588              0.17320049
890336140021.0713             0.23931022
890336156792.1879             0.19054362
890337117115.4052             0.23630156
890337133886.7876             0.060807485
890338094209.739              0.124670304
890338110981.3873             0.063799374
890339071304.0729             0.09013027
890339088075.987              -0.008889467
890340048398.4067             -0.012726032
890340065170.5868             0.13210231
890341025492.7406             0.13731696
890341042265.1865             0.06735853
890342002587.0745             0.13626145
890342019359.7863             0.12240374
890342979681.4083             0.14699791
890342996454.386              0.14940207
890343956775.7422             0.08476527
890343973548.9858             -0.006678484
890344933870.076              -0.07789086
890344950643.5856             -0.06974934
890345910964.4099             0.016017593
890345927738.1853             0.093170725
890346888058.7438             0.16154657
890346904832.785              0.25414485
890347865153.0776             0.2822764
890347881927.3848             0.07048033
890348842247.4115             0.19002882
890348859021.9845             0.1774252
890349819341.7454             0.15501575
890349836116.5842             0.30615285
890350796436.0792             0.20946896
890350813211.184              0.13640954
890351773530.4131             0.20290916
890351790305.7837             0.066135995
890352750624.747              0.15799212
890352767400.3835             -0.035611235
890353727719.0808             0.005918043
890353744494.9833             0.13143699
890354704813.4147             0.16855854
890354721589.583              0.009580405
890355681907.7485             0.060776968
890355698684.1827             0.044084676
890356659002.0824             0.006694675
890356675778.7825             0.06484344
890357636096.4163             0.009027419
890357652873.3822             0.054088794
890358613190.7501             0.11849922
890358629967.9819             0.20266905
890359590285.084              0.26519263
890359607062.5817             0.07393697
890360567379.4178             0.1924656
890360584157.1814             0.11344362
890361544473.7517             0.29429808
890361561251.7812             0.0665167
890362521568.0856             0.08211215
890362538346.381              0.093166254
890363498662.4194             0.0985878
890363515440.9807             0.040183686
890364475756.7533             0.12072271
890364492535.5804             0.27215558
890365452851.0872             0.18398544
890365469630.1802             0.09379891
890366429945.421              0.1309042
890366446724.7799             0.08149623
890367407039.7549             0.18877928
890367423819.3796             0.1448684
890368384134.0887             0.07341114
890368400913.9794             0.20183937
890369361228.4226             0.17573349
890369378008.5792             0.085749075
890370338322.7565             0.120060004
890370355103.179              0.06834999
890371315417.0903             0.032184083
890371332197.7787             0.09841528
890372292511.4242             0.11113603
890372309292.3784             -0.03761236
890373269605.758              0.026181558
890373286386.9781             0.12032923
890374246700.0919             0.08066274
890374263481.5779             0.14078163
890375223794.4258             0.15523964
890375240576.1776             0.08318445
890376200888.7596             0.15674263
890376217670.7773             -0.006955013
890377177983.0935             0.0062777866
890377194765.3771             0.12558426
890378155077.4274             0.14022379
890378171859.9769             0.11321049
890379132171.7612             0.1372595
890379148954.5767             0.0801391
890380109266.0951             0.068318784
890380126049.1764             0.15665379
890381086360.429              0.14116123
890381103143.7761             0.20289643
890382063454.7628             0.15833658
890382080238.3759             0.002598921
890383040549.0967             0.042517766
890383057332.9756             -0.022408092
890384017643.4305             0.10314901
890384034427.5753             0.055237602
890384994737.7644             0.051243648
890385011522.175              0.07675363
890385971832.0983             -0.010047872
890385988616.7749             0.11291279
890386948926.4321             0.17667691
890386965711.3746             -0.013483448
890387926020.766              0.13013999
890387942805.9744             0.053179264
890388903115.0999             0.14556189
890388919900.5741             0.36604798
890389880209.4337             0.2967716
890389896995.1738             0.20817025
890390857303.7676             0.2501917
890390874089.7736             -0.037696153
890391834398.1014             0.010038368
890391851184.3733             0.014470357
890392811492.4353             -0.023379419
890392828278.973              -0.13260394
890393788586.7692             -0.00278145
890393805373.5728             -0.0010607054
890394765681.103              0.15695852
890394782468.1726             0.12409346
890395742775.4369             0.0962684
890395759562.7723             -0.022952747
890396719869.7708             -0.058115765
890396736657.3721             0.15013094
890397696964.1046             0.09338752
890397713751.9718             0.07667253
890398674058.4385             0.061014332
890398690846.5715             0.07052032
890399651152.7723             0.09967706
890399667941.1713             -0.0014389881
890400628247.1062             0.15825777
890400645035.771              -0.00081062084
890401605341.4401             0.01750208
890401622130.3707             0.06932044
890402582435.7739             0.009571206
890402599224.9706             0.07937846
890403559530.1078             0.01392893
890403576319.5703             0.13782842
890404536624.4417             0.17860022
890404553414.17               0.17280342
890405513718.7755             0.120717525
890405530508.7698             0.22317159
890406490813.1094             0.05891989
890406507603.3695             0.026294472
890407467907.4432             0.12477252
890407484697.9692             -0.01743446
890408445001.7771             0.16142291
890408461792.569              0.20309748
890409422096.111              0.23381877
890409438887.1687             0.09931491
890410399190.4448             0.0659257
890410415981.7684             0.16082281
890411376284.7787             0.16254984
890411393076.3683             0.09621524
890412353379.1125             0.1578469
890412370170.968              0.05919548
890413347265.5677             -0.012006058
890414324360.1675             0.054450855
890415301454.7672             0.08284667
890416278549.367              0.07062098
890417255643.9667             0.28146037
890418232738.5664             0.24971552
890419209833.1661             0.08361912
890420186927.766              0.25051546
890421164022.3657             0.17329887
890422141116.9655             0.05456575
890423118211.5652             0.084810734
890424095306.1649             0.15685348
890425072400.7646             -0.013689969
890426049495.3644             0.020630656
890427026589.9641             0.1865143
890428003684.564              0.087807335
890428980779.1637             0.034570616
890429957873.7634             0.19466174
890430934968.3632             0.28208262
890431912062.9629             0.24652717
890432889157.5626             0.06477974
890433866252.1624             0.15739416
890434843346.7621             0.12900117
890435820441.3618             0.036757674
890436797535.9617             -0.0319817
890437774630.5614             0.08391054
890438751725.1611             0.17484994
890439728819.7609             0.21453539
890440705914.3606             0.14761794
890441683008.9603             0.072813936
890442660103.56               0.17599228
890443637198.1598             0.12217082
890444614292.7596             0.105620906
890445591387.3594             -0.0013840448
890446568481.9591             0.03327108
890447545576.5588             0.08431406
890448522671.1586             -0.006435259
890449499765.7583             0.026298746
890450476860.358              0.087731734
890451453954.9578             0.051496033
890452431049.5575             0.10096641
890453408144.1573             0.12034539
890454385238.7571             0.12681206
890455362333.3568             0.15582405
890456339427.9565             0.03171296
890457316522.5563             0.026064508
890458293617.156              0.15019843
890459270711.7557             -0.01722141
890460247806.3555             0.17437176
890461224900.9552             0.13645385
890462201995.555              0.05049859
890463179090.1548             0.061320852
890464156184.7545             0.08082209
890465133279.3542             -0.036162302
890466110373.954              0.02427577
890467087468.5537             0.07205518
890468064563.1534             0.14958914
890469041657.7532             0.11660307
890470018752.353              0.10063074
890470995846.9528             0.1295508
890471972941.5525             0.14240587
890472950036.1522             0.24398762
890473927130.752              0.25610456
890474904225.3517             0.118133456
890475881319.9514             -0.016848704
890476858414.5511             0.044729955
890477835509.1509             0.09215219
890478812603.7507             0.03173351
890479789698.3505             0.07404879
890480766792.9502             0.092819445
890481743887.5499             -0.07486532
890482720982.1497             0.09182391
890483698076.7494             0.039736208
890484675171.3491             0.068549916
890485652265.9489             -0.10499098
890486629360.5487             0.033140995
890487606455.1484             -0.012149302
890488583549.7482             0.107302696
890489560644.3479             0.183014
890490537738.9476             0.03344507
890491514833.5474             0.024158863
890492491928.1471             0.17655565
890493469022.7468             0.28510225
890494446117.3466             0.25743797
890495423211.9464             0.23945037
890496400306.5461             0.15667436
890497377401.1459             0.12229789
890498354495.7456             0.13108441
890499331590.3453             0.05253338
890500308684.9451             -0.05440497
890501285779.5448             -0.10429416
890502262874.1445             0.08386254
890503239968.7443             0.09628586
890504217063.3441             0.09940943
890505194157.9438             0.1882491
890506171252.5436             0.19281541
890507148347.1433             0.14655848
890508125441.743              0.05996244
890509102536.3428             -0.1035458
890510079630.9425             -0.034550834
890511056725.5422             -0.0326218
890512033820.1421             0.11877188
890513010914.7418             0.19281903
890513988009.3416             0.11236089
890514965103.9413             -0.036591664
890515942198.541              -0.06968215
890516919293.1407             0.016566485
890517896387.7405             0.15990306
890518873482.3402             0.03396778
890519850576.94               -0.029373223
890520827671.5398             0.26043782
890521804766.1395             -0.005845783
890522781860.7393             -0.0021770087
890523758955.339              0.017186334
890524736049.9387             0.0050211134
890525713144.5385             0.023955781
890526690239.1382             0.05315309
890527667333.7379             0.0069541587
890528644428.3378             0.028508117
890529621522.9375             0.025622658
890530598617.5372             0.07735171
890531575712.137              0.05928343
890532552806.7367             0.03165845
890533529901.3364             -0.043201424
890534506995.9362             0.19780128
890535484090.5359             0.25413045
890536461185.1356             0.17973092
890537438279.7355             0.13773659
890538415374.3352             0.037345603
890539392468.9349             0.0669511
890540369563.5347             0.17944336
890541346658.1344             0.11090622
890542323752.7341             0.06013406
890543300847.3339             0.09467569
890544277941.9336             0.066604696
890545255036.5333             0.08789525
890546232131.1332             0.16317996
890547209225.7329             0.12637208
890548186320.3326             0.07817631
890549163414.9324             0.09229217
890550140509.5321             -0.007859776
890551117604.1318             0.0528436
890552094698.7316             -0.07205646
890553071793.3313             0.09086229
890554048887.9312             0.19754332
890555025982.5309             0.11643222
890556003077.1306             -0.13250478
890556980171.7303             0.07235044
890557957266.3301             0.019672105
890558934360.9298             0.054762222
890559911455.5295             0.084173456
890560888550.1293             0.0034410222
890561865644.729              0.12991402
890562842739.3289             0.19082455
890563819833.9286             0.1869419
890564796928.5283             0.027566915
890565774023.128              0.1478968
890566751117.7278             0.16513768
890567728212.3275             0.113202065
890568705306.9272             0.18355991
890569682401.527              0.089947246
890570659496.1268             0.12992772
890571636590.7266             0.07029221
890572613685.3263             0.050765652
890573590779.926              0.13914157
890574567874.5258             0.22236085
890575544969.1255             0.07878107
890576522063.7252             -0.032082118
890577499158.325              -0.039564293
890578476252.9247             -0.098808914
890579453347.5245             0.0568248
890580430442.1243             0.06198987
890581407536.724              0.20473433
890582384631.3237             0.16190088
890583361725.9235             0.031183977
890584338820.5232             -0.025217561
890585315915.1229             0.07084451
890586293009.7227             0.038830142
890587270104.3224             -0.026886329
890588247198.9222             -0.1820892
890589224293.522              -0.027924845
890590201388.1217             0.02124145
890591178482.7214             0.053312518
890592155577.3212             0.15319994
890593132671.9209             0.19543354
890594109766.5206             0.07590709
890595086861.1204             -0.13918474
890596063955.7202             0.062159512
890597041050.32               0.04308633
890598018144.9197             0.008098142
890598995239.5194             0.0008488627
890599972334.1191             -0.01941466
890600949428.7189             0.08220191
890601926523.3186             0.1353524
890602903617.9183             -0.10221032
890603880712.5181             -0.053021517
890604857807.1179             -0.033265453
890605834901.7177             -0.12382165
890606811996.3174             0.040043887
890607789090.9171             -0.011362987
890608766185.5168             -0.100178525
890609743280.1166             0.008220586
890610720374.7163             0.20542009
890611697469.316              0.1804906
890612674563.9159             0.0085211545
890613651658.5156             -0.048490588
890614628753.1154             -0.016481113
890615605847.7151             0.21015096
890616582942.3148             0.0069135525
890617560036.9146             -0.07581715
890618537131.5143             -0.16383632
890619514226.114              -0.10116644
890620491320.7137             -0.009965995
890621468415.3136             0.076810025
890622445509.9133             5.9887516e-05
890623422604.5131             -0.14395504
890624399699.1128             -0.06250104
890625376793.7125             -0.10489971
890626353888.3123             -0.021493126
890627330982.912              -0.16360308
890628308077.5117             0.004166116
890629285172.1116             0.054255288
890630262266.7113             0.0006215421
890631239361.311              -0.06526905
890632216455.9108             -0.073750556
890633193550.5105             0.067690164
890634170645.1102             -0.003664596
890635147739.71               0.1905552
890636124834.3097             -0.022896241
890637101928.9094             -0.0041686776
890638079023.5093             0.11290331
890639056118.109              0.06548899
890640033212.7087             0.06066645
890641010307.3085             0.09737263
890641987401.9082             -0.023853831
890642964496.5079             -0.009005237
890643941591.1077             0.0059736483
890644918685.7074             -0.0220232
890645895780.3071             0.031373773
890646872874.907              -0.024004104
890647849969.5067             0.029947024
890648827064.1064             0.058286633
890649804158.7062             0.17205168
890650781253.3059             0.035628732
890651758347.9056             0.0068472517
890652735442.5054             -0.15380768
890653712537.1051             -0.06223048
890654689631.705              -0.090722576
890655666726.3047             -0.11151415
890656643820.9044             -0.0854926
890657620915.5042             -0.1652281
890658598010.1039             -0.112520926
890659575104.7036             -0.030447641
890660552199.3033             -0.0827593
890661529293.9031             -0.06923331
890662506388.5028             0.0924091
890663483483.1027             0.16444267
890664460577.7024             0.0041881464
890665437672.3021             -0.05002595
890666414766.9019             -0.0659635
890667391861.5016             0.08213749
890668368956.1013             -0.01460216
890669346050.701              0.091519535
890670323145.3008             -0.029489327
890671300239.9006             0.021127313
890672277334.5004             0.15067999
890673254429.1001             -0.009159352
890674231523.6998             -0.12175298
890675208618.2996             -0.11029502
890676185712.8993             0.09079148
890677162807.499              0.12891471
890678139902.0988             -0.13969462
890679116996.6985             -0.18461101
890680094091.2983             0.0050388565
890681071185.8981             0.046205115
890682048280.4978             0.15942453
890683025375.0975             -0.09449733
890684002469.6973             -0.18705693
890684979564.297              0.09190144
890685956658.8967             0.12228069
890686933753.4965             0.05016983
890687910848.0962             0.22549161
890688887942.696              -0.057786964
890689865037.2958             -0.09243705
890690842131.8955             0.067025274
890691819226.4952             -0.08418769
890692796321.095              -0.01991121
890693773415.6947             0.033814788
890694750510.2944             0.13938305
890695727604.8942             0.03235804
890696704699.494              -0.0712448
890697681794.0938             0.030170513
890698658888.6935             -0.08205781
890699635983.2932             -0.18543929
890700613077.893              0.023872308
890701590172.4927             0.04739205
890702567267.0924             0.04206158
890703544361.6921             -0.06974671
890704521456.2919             -0.033395752
890705498550.8917             0.13284747
890706475645.4915             0.1277476
890707452740.0912             0.08563181
890708429834.6909             -0.00096823956
890709406929.2906             0.017426051
890710384023.8904             0.16561869
890711361118.4901             0.21487348
890712338213.0898             -0.007813336
890713315307.6897             0.012961672
890714292402.2894             -0.022678414
890715269496.8892             -0.0898697
890716246591.4889             -0.01966431
890717223686.0886             0.039048787
890718200780.6884             -0.055474784
890719177875.2881             -0.012032701
890720154969.8878             -0.20651613
890721132064.4875             0.013727778
890722109159.0874             0.0017605565
890723086253.6871             -0.04079837
890724063348.2869             -0.09611604
890725040442.8866             0.07657544
890726017537.4863             0.19684397
890726994632.086              0.2358155
890727971726.6858             -0.022259334
890728948821.2855             -0.020438282
890729925915.8853             -0.0025067073
890730903010.4851             -0.07875952
890731880105.0848             -0.098172314
890732857199.6846             -0.18595017
890733834294.2843             0.03889605
890734811388.884              0.15255538
890735788483.4838             0.07520713
890736765578.0835             -0.05677193
890737742672.6832             0.099258244
890738719767.2831             0.05157404
890739696861.8828             0.11472115
890740673956.4825             -0.0421585
890741651051.0823             0.10892067
890742628145.682              0.012478644
890743605240.2817             0.09179386
890744582334.8815             0.21060728
890745559429.4812             0.14546548
890746536524.0809             -0.07582521
890747513618.6808             0.028602326
890748490713.2805             0.018421616
890749467807.8802             0.046883292
890750444902.48               -0.081857786
890751421997.0797             -0.032585494
890752399091.6794             0.061996635
890753376186.2792             0.09837709
890754353280.8789             0.01858719
890755330375.4788             -0.021055691
890756307470.0785             -0.11614629
890757284564.6782             0.090944104
890758261659.278              0.02239244
890759238753.8777             -0.007926844
890760215848.4774             -0.07788093
890761192943.0771             0.018451706
890762170037.6769             0.19341622
890763147132.2766             0.118652195
890764124226.8765             0.030372087
890765101321.4762             -0.0020349422
890766078416.0759             -0.07784434
890767055510.6757             -0.19664693
890768032605.2754             0.16212873
890769009699.8751             0.026341744
890769986794.4749             -0.115356155
890770963889.0746             -0.140386
890771940983.6743             -0.02478122
890772918078.2742             -0.018491901
890773895172.8739             -0.039001554
890774872267.4736             0.014694973
890775849362.0734             -0.030524625
890776826456.6731             -0.118496016
890777803551.2728             0.115696855
890778780645.8726             0.047960717
890779757740.4723             0.11820645
890780734835.0721             0.048918754
890781711929.6719             -0.06486105
890782689024.2716             -0.18088646
890783666118.8713             0.15364811
890784643213.4711             0.0071770204
890785620308.0708             -0.06728326
890786597402.6705             -0.038478177
890787574497.2703             0.077820174
890788551591.87               0.059418038
890789528686.4698             0.014331127
890790505781.0696             -0.026817895
890791482875.6693             -0.08041926
890792459970.269              0.049075335
890793437064.8688             -0.14857925
890794414159.4685             -0.16370173
890795391254.0682             -0.09080321
890796368348.668              -0.07869985
890797345443.2678             0.039624773
890798322537.8676             0.07056317
890799299632.4673             -0.024924224
890800276727.067              0.01664881
890801253821.6667             0.08492394
890802230916.2665             0.08294271
890803208010.8662             -0.035303865
890804185105.466              -0.08171188
890805162200.0657             0.17185059
890806139294.6655             0.0135907605
890807116389.2653             0.049388953
890808093483.865              0.013413553
890809070578.4647             -0.022147074
890810047673.0645             0.016374921
890811024767.6642             -0.07317787
890812001862.2639             0.053700604
890812978956.8636             -0.048730355
890813956051.4635             -0.12668726
890814933146.0632             0.09072383
890815910240.663              0.04810571
890816887335.2627             -0.013333483
890817864429.8624             0.06396601
890818841524.4622             -0.13893151
890819818619.0619             -0.030722314
890820795713.6616             -0.055215184
890821772808.2614             0.023699984
890822749902.8612             -0.06288338
890823726997.4609             -0.023309208
890824704092.0607             0.19574149
890825681186.6604             0.2588747
890826658281.2601             -0.0041285492
890827635375.8599             -0.019375024
890828612470.4596             -0.20989707
890829589565.0593             -0.02225738
890830566659.659              -0.19193733
890831543754.2589             -0.091800116
890832520848.8586             -0.013123226
890833497943.4584             -0.1432423
890834475038.0581             0.004541374
890835452132.6578             -0.078105465
890836429227.2576             -0.20610395
890837406321.8573             -0.05593313
890838383416.457              0.1387049
890839360511.0569             0.04533026
890840337605.6566             0.07903963
890841314700.2563             -0.10922329
890842291794.8561             0.046800632
890843268889.4558             0.033484798
890844245984.0555             -0.014675471
890845223078.6553             0.01890757
890846200173.255              0.2138928
890847177267.8547             0.08769848
890848154362.4546             -0.011595328
890849131457.0543             0.0035172629
890850108551.654              -0.19544104
890851085646.2538             -0.12692419
890852062740.8535             -0.018832913
890853039835.4532             0.0860463
890854016930.053              -0.06701257
890854994024.6527             0.0022924237
890855971119.2526             0.08129258
890856948213.8523             0.01904755
890857925308.452              -0.009041739
890858902403.0518             0.15121785
890859879497.6515             -0.11287238
890860856592.2512             -0.002447887
890861833686.851              0.017613258
890862810781.4507             -0.050484467
890863787876.0504             -0.092792556
890864764970.6503             -0.024811352
890865742065.25               0.018426627
890866719159.8497             -0.01713582
890867696254.4495             -0.1519826
890868673349.0492             -0.014895535
890869650443.6489             -0.020270282
890870627538.2487             0.10889968
890871604632.8484             0.08369081
890872581727.4481             0.15383726
890873558822.048              0.13050419
890874535916.6477             0.061208423
890875513011.2474             -0.027728977
890876490105.8472             0.16303606
890877467200.4469             -0.045164395
890878444295.0466             -0.03366044
890879421389.6464             -0.053673286
890880398484.2461             -0.021133032
890881375578.846              -0.009667633
890882352673.4457             -0.091612294
890883329768.0454             -0.10072516
890884306862.6451             0.12887977
890885283957.2449             0.11834091
890886261051.8446             0.14400324
890887238146.4443             0.11434037
890888215241.0441             -0.08799231
890889192335.6438             0.014431359
890890169430.2437             0.026301296
890891146524.8434             -0.10742665
890892123619.4431             0.018242726
890893100714.0428             0.19415005
890894077808.6426             -0.030380176
890895054903.2423             0.18908095
890896031997.842              0.19263649
890897009092.4418             -0.17372364
890897986187.0416             -0.05489527
890898963281.6414             -0.002256915
890899940376.2411             -0.0006367713
890900917470.8408             -0.0701982
890901894565.4406             -0.07619263
890902871660.0403             -0.031709913
890903848754.64               0.13303483
890904825849.2397             0.26407203
890905802943.8395             0.13095596
890906780038.4393             0.05205386
890907757133.0391             -0.047099207
890908734227.6388             -0.071554214
890909711322.2385             0.058996912
890910688416.8383             0.090809755
890911665511.438              0.1386638
890912642606.0377             -0.1366435
890913619700.6375             -0.0827379
890914596795.2372             -0.012731074
890915573889.837              -0.047530476
890916550984.4368             -0.19886336
890917528079.0365             -0.11127109
890918505173.6362             -0.068430744
890919482268.236              0.016863188
890920459362.8357             0.036577262
890921436457.4354             -0.073515095
890922413552.0352             0.0569791
890923390646.635              0.06820585
890924367741.2347             0.062230412
890925344835.8345             0.14634766
890926321930.4342             0.051702533
890927299025.0339             0.22809656
890928276119.6337             0.06821136
890929253214.2334             0.07148685
890930230308.8331             0.07601097
890931207403.4329             -0.10170474
890932184498.0327             -0.028500244
890933161592.6324             -0.0559755
890934138687.2322             -0.033961214
890935115781.8319             -0.028421618
890936092876.4316             -0.13676463
890937069971.0314             0.06540224
890938047065.6311             0.10697018
890939024160.2308             -0.012742622
890940001254.8307             -0.04853846
890940978349.4304             0.1368315
890941955444.0302             0.112666495
890942932538.6299             -0.007192439
890943909633.2296             -0.046798225
890944886727.8293             -0.1091618
890945863822.4291             0.06194082
890946840917.0288             -0.05148995
890947818011.6285             -0.021448074
890948795106.2284             -0.026924122
890949772200.8281             -0.1017776
890950749295.4279             0.026041938
890951726390.0276             0.046125922
890952703484.6273             0.010446816
890953680579.227              -0.006523311
890954657673.8268             -0.1794516
890955634768.4265             0.0074385996
890956611863.0262             -0.09799273
890957588957.6261             -0.09184399
890958566052.2258             -0.01332296
890959543146.8256             0.055283014
890960520241.4253             -0.041788917
890961497336.025              -0.12612875
890962474430.6248             0.031139413
890963451525.2245             0.14313228
890964428619.8242             0.08995731
890965405714.4241             0.015295652
890966382809.0238             -0.13991576
890967359903.6235             -0.033002164
890968336998.2233             0.046767104
890969314092.823              0.12158231
890970291187.4227             -0.053628735
890971268282.0225             0.04641886
890972245376.6222             -0.06253866
890973222471.2219             0.106299385
890974199565.8218             0.2221421
890975176660.4215             0.043366235
890976153755.0212             -0.0034172835
890977130849.621              -0.08047195
890978107944.2207             -0.035069317
890979085038.8204             0.03923589
890980062133.4202             0.026002487
890981039228.0199             0.040158205
890982016322.6198             -0.014871531
890982993417.2195             0.011834795
890983970511.8192             0.1610914
890984947606.419              -0.12410479
890985924701.0187             -0.044504065
890986901795.6184             -0.05675953
890987878890.2181             -0.07013663
890988855984.8179             -0.11496722
890989833079.4176             -0.046965282
890990810174.0175             0.021702174
890991787268.6172             0.07680599
890992764363.2169             0.17124388
890993741457.8167             0.051609095
890994718552.4164             0.14892103
890995695647.0161             0.05718098
890996672741.6158             -0.008056121
890997649836.2156             0.2306731
890998626930.8153             0.17907001
890999604025.4152             -0.077617146
891000581120.0149             -0.0854828
891001558214.6146             0.03499041
891002535309.2144             0.0922344
891003512403.8141             0.0033852295
891004489498.4138             -0.03974938
891005466593.0135             -0.12470492
891006443687.6133             0.009387818
891007420782.2131             0.07411799
891008397876.8129             0.033858825
891009374971.4126             0.20121859
891010352066.0123             0.029512795
891011329160.612              -0.06802494
891012306255.2118             -0.14967935
891013283349.8115             -0.00949459
891014260444.4113             0.094618574
891015237539.011              0.12491133
891016214633.6108             -0.08596593
891017191728.2106             -0.11200467
891018168822.8103             -0.180336
891019145917.41               0.009526528
891020123012.0098             -0.20013368
891021100106.6095             -0.13873872
891022077201.2092             0.14954343
891023054295.809              0.03090926
891024031390.4088             -0.051889207
891025008485.0085             0.11828547
891025985579.6083             0.08086044
891026962674.208              -0.11437345
891027939768.8077             -0.24899368
891028916863.4075             -0.1539259
891029893958.0072             0.04549164
891030871052.6069             0.03569917
891031848147.2067             0.07736641
891032825241.8065             -0.007151892
891033802336.4062             0.12835205
891034779431.006              0.06760788
891035756525.6057             0.027686877
891036733620.2054             -0.04960357
891037710714.8052             -0.20478033
891038687809.4049             -0.09614203
891039664904.0046             -0.052809253
891040641998.6045             0.077739745
891041619093.2042             -0.14195707
891042596187.804              -0.1267697
891043573282.4037             -0.12111385
891044550377.0034             -0.0076028593
891045527471.6031             0.03228615
891046504566.2029             0.07323621
891047481660.8026             -0.059780817
891048458755.4023             -0.12642902
891049435850.0022             0.06807667
891050412944.6019             0.13548733
891051390039.2017             -0.056765717
891052367133.8014             -0.031788487
891053344228.4011             0.028858202
891054321323.0009             0.04183802
891055298417.6006             0.09340023
891056275512.2003             -0.10214033
891057252606.8                -0.15076847
891058229701.3999             -0.052025806
891059206795.9996             -0.06716081
891060183890.5994             0.17308776
891061160985.1991             0.09015997
891062138079.7988             0.12319848
891063115174.3986             0.0057567083
891064092268.9983             -0.05721376
891065069363.598              0.012885893
891066046458.1979             0.048309214
891067023552.7976             0.072700806
891068000647.3973             -0.1324694
891068977741.9971             -0.118894875
891069954836.5968             0.05506961
891070931931.1965             0.10916373
891071909025.7963             0.03228686
891072886120.396              0.108104296
891073863214.9957             -0.013641159
891074840309.5956             -0.074726224
891075817404.1953             0.040112976
891076794498.795              0.07094626
891077771593.3948             0.037858006
891078748687.9945             -0.017794207
891079725782.5942             -0.06340604
891080702877.194              -0.052229002
891081679971.7937             -0.01627391
891082657066.3936             0.06669446
891083634160.9933             -0.04149286
891084611255.593              0.15878734
891085588350.1927             0.0017144269
891086565444.7925             0.040294826
891087542539.3922             -0.17768353
891088519633.992              -0.13208151
891089496728.5917             -0.14349277
891090473823.1914             0.034225244
891091450917.7913             -0.0038652252
891092428012.391              -0.01538325
891093405106.9907             -0.1662003
891094382201.5905             -0.19524729
891095359296.1902             -0.09273961
891096336390.7899             -0.026553255
891097313485.3896             0.09969304
891098290579.9894             0.0911495
891099267674.5891             -0.013519923
891100244769.189              0.01572341
891101221863.7887             0.11614933
891102198958.3884             0.044115707
891103176052.9882             -0.06432889
891104153147.5879             -0.15959089
891105130242.1876             -0.024691995
891106107336.7874             -0.09853371
891107084431.3871             0.080535226
891108061525.9869             0.06144943
891109038620.5867             -0.19023615
891110015715.1864             -0.16778462
891110992809.7861             -0.14210512
891111969904.3859             -0.12169546
891112946998.9856             0.012723769
891113924093.5853             -0.22151755
891114901188.185              -0.0236922
891115878282.7848             0.07988397
891116855377.3846             -0.09534194
891117832471.9844             -0.0002845248
891118809566.5841             -0.008039599
891119786661.1838             0.09547909
891120763755.7836             0.16502085
891121740850.3833             0.13756664
891122717944.983              0.07936876
891123695039.5828             -0.07847528
891124672134.1826             -0.028420791
891125649228.7823             0.10965358
891126626323.3821             0.16234921
891127603417.9818             0.13419268
891128580512.5815             0.007857402
891129557607.1813             0.1385332
891130534701.781              -0.011707376
891131511796.3807             -0.04840538
891132488890.9805             -0.06273485
891133465985.5803             -0.033903666
891134443080.18               0.04435475
891135420174.7798             0.00046726517
891136397269.3795             0.045333575
891137374363.9792             0.14197494
891138351458.579              -0.101271145
891139328553.1787             -0.1670244
891140305647.7784             -0.07984331
891141282742.3782             -0.0800527
891142259836.978              -0.081281215
891143236931.5778             -0.11030452
891144214026.1775             0.000644338
891145191120.7772             -0.01654312
891146168215.377              0.11157397
891147145309.9767             -0.0976328
891148122404.5764             -0.17371488
891149099499.1761             -0.049318783
891150076593.776              -0.028188955
891151053688.3757             0.07169733
891152030782.9755             -0.054035656
891153007877.5752             -0.13801955
891153984972.1749             0.040602427
891154962066.7747             0.07982657
891155939161.3744             0.038682222
891156916255.9741             0.15747891
891157893350.5739             0.12872398
891158870445.1737             -0.02034799
891159847539.7734             -0.013122051
891160824634.3732             0.04362851
891161801728.9729             -0.05235495
891162778823.5726             -0.045383997
891163755918.1724             -0.01413844
891164733012.7721             0.00857672
891165710107.3718             0.028195348
891166687201.9717             -0.11193145
891167664296.5714             -0.006805109
891168641391.1711             -0.09965278
891169618485.7709             0.03171977
891170595580.3706             0.0129164355
891171572674.9703             0.08537794
891172549769.5701             0.037134647
891173526864.1698             0.09923916
891174503958.7695             -0.21885675
891175481053.3694             -0.12240899
891176458147.9691             -0.062435716
891177435242.5688             0.020504825
891178412337.1686             -0.11791709
891179389431.7683             -0.09737551
891180366526.368              0.058378503
891181343620.9678             0.008450205
891182320715.5675             -0.097285286
891183297810.1672             -0.11943679
891184274904.7671             -0.24605724
891185251999.3668             -0.08016789
891186229093.9666             0.027606845
891187206188.5663             0.118961155
891188183283.166              -0.16445091
891189160377.7657             0.04297932
891190137472.3655             -0.0940081
891191114566.9652             -0.18346207
891192091661.5651             0.06900569
891193068756.1648             -0.038124833
891194045850.7645             -0.0106832655
891195022945.3643             -0.049519602
891196000039.964              -0.016333159
891196977134.5637             -0.017290346
891197954229.1635             0.108815864
891198931323.7632             0.10491235
891199908418.3629             -0.032208916
891200885512.9628             0.022722607
891201862607.5625             0.0490564
891202839702.1622             0.1159905
891203816796.762              0.07368842
891204793891.3617             0.040171374
891205770985.9614             0.073912874
891206748080.5612             -0.15524566
891207725175.1609             0.04090209
891208702269.7607             0.004908533
891209679364.3605             -0.097348265
891210656458.9602             0.011042472
891211633553.5599             0.17761318
891212610648.1597             0.0046904823
891213587742.7594             0.13963959
891214564837.3591             0.053914305
891215541931.9589             0.08117173
891216519026.5586             0.0125991395
891217496121.1584             0.026167337
891218473215.7582             -0.09134581
891219450310.3579             -0.1102049
891220427404.9576             0.07330336
891221404499.5574             -0.01871938
891222381594.1571             0.11711096
891223358688.7568             -0.05522057
891224335783.3566             0.18339324
891225312877.9563             0.106148995
891226289972.5562             -0.01576297
891227267067.1559             0.18431094
891228244161.7556             -0.016537463
891229221256.3553             -0.035558347
891230198350.9551             0.017477743
891231175445.5548             0.048931222
891232152540.1545             -0.012313862
891233129634.7543             0.020535205
891234106729.3541             0.07037156
891235083823.9539             0.05917143
891236060918.5536             -0.043259464
891237038013.1533             -0.08156241
891238015107.753              -0.0544871
891238992202.3528             -0.010900269
891239969296.9525             -0.027872235
891240946391.5522             -0.116519414
891241923486.152              -0.10011908
891242900580.7518             0.05451831
891243877675.3516             0.12201929
891244854769.9513             0.04437349
891245831864.551              0.032612253
891246808959.1508             0.07741135
891247786053.7505             -0.08156417
891248763148.3502             -0.036179643
891249740242.95               -0.011470518
891250717337.5498             -0.09306192
891251694432.1495             -0.096955486
891252671526.7493             -0.08025289
891253648621.349              -0.029934447
891254625715.9487             0.045031723
891255602810.5485             -0.13199733
891256579905.1482             -0.13362034
891257556999.7479             -0.001774904
891258534094.3477             0.122889034
891259511188.9475             0.12582918
891260488283.5472             0.09101118
891261465378.147              0.06336422
891262442472.7467             0.09288649
891263419567.3464             -0.05171181
891264396661.9462             -0.03492421
891265373756.5459             -0.06272261
891266350851.1456             -0.15820247
891267327945.7455             0.10616513
891268305040.3452             0.1575104
891269282134.945              0.07044704
891270259229.5447             -0.17419259
891271236324.1444             -0.020480953
891272213418.7441             0.11445628
891273190513.3439             0.14421016
891274167607.9436             -0.07631139
891275144702.5433             -0.16263726
891276121797.1432             -0.15671152
891277098891.7429             -0.071137905
891278075986.3427             0.079260446
891279053080.9424             0.0964141
891280030175.5421             -0.021602886
891281007270.1418             0.01936039
891281984364.7416             0.1386776
891282961459.3413             0.051998176
891283938553.941              0.019056529
891284915648.5409             -0.1469136
891285892743.1406             -0.17530398
891286869837.7404             -0.044391185
891287846932.3401             -0.07915448
891288824026.9398             -0.023628477
891289801121.5396             0.099968284
891290778216.1393             -0.11120637
891291755310.739              -0.12694904
891292732405.3389             0.03025105
891293709499.9386             0.023103498
891294686594.5383             -0.121307924
891295663689.1381             -0.07591539
891296640783.7378             0.048185952
891297617878.3375             0.095007844
891298594972.9373             -0.10439766
891299572067.537              0.058498982
891300549162.1367             0.005399905
891301526256.7366             -0.012175506
891302503351.3363             -0.15755673
891303480445.936              -0.02348988
891304457540.5358             -0.21547611
891305434635.1355             -0.058339894
891306411729.7352             -0.063609384
891307388824.335              0.043631367
891308365918.9347             0.1614032
891309343013.5345             0.2148989
891310320108.1343             0.09880374
891311297202.734              0.040490318
891312274297.3337             -0.066952534
891313251391.9335             -0.033590574
891314228486.5332             0.06919516
891315205581.1329             0.07023954
891316182675.7327             -0.13575521
891317159770.3324             0.1109335
891318136864.9323             0.17749414
891319113959.532              0.1421933
891320091054.1317             -0.11857488
891321068148.7314             -0.05942727
891322045243.3312             0.041214842
891323022337.9309             -0.18962535
891323999432.5306             0.03388708
891324976527.1304             -0.020369602
891325953621.7301             0.039049435
891326930716.33               0.09281557
891327907810.9297             0.034101367
891328884905.5294             -0.004371863
891329862000.1292             -0.033033546
891330839094.7289             0.054461107
891331816189.3286             -0.013955388
891332793283.9283             0.016497204
891333770378.5281             0.12348
891334747473.1279             0.041848015
891335724567.7277             -0.101730004
891336701662.3274             -0.018467914
891337678756.9271             0.05269708
891338655851.5269             0.106346
891339632946.1266             0.0035802778
891340610040.7263             0.056663826
891341587135.326              0.06539378
891342564229.9258             0.033018507
891343541324.5256             -0.11322672
891344518419.1254             0.13918611
891345495513.7251             0.1449596
891346472608.3248             -0.13685638
891347449702.9246             -0.23742783
891348426797.5243             0.1071648
891349403892.124              0.06242016
891350380986.7238             -0.14011826
891351358081.3236             -0.1228937
891352335175.9233             0.037677247
891353312270.5231             0.03999729
891354289365.1228             -0.0023965454
891355266459.7225             -0.025697673
891356243554.3223             -0.09716605
891357220648.922              0.08984512
891358197743.5217             -0.010646882
891359174838.1215             0.016699761
891360151932.7213             -0.032329712
891361129027.321              0.07600296
891362106121.9208             0.21369891
891363083216.5205             -0.063324906
891364060311.1202             0.06457022
891365037405.72               0.06844979
891366014500.3197             -0.0037450495
891366991594.9194             0.12686467
891367968689.5192             -0.0045803543
891368945784.119              0.008572015
891369922878.7188             0.05151721
891370899973.3185             -0.011239968
891371877067.9182             0.091554165
891372854162.518              0.16931605
891373831257.1177             -0.073946126
891374808351.7174             -0.021557651
891375785446.3171             0.0056298934
891376762540.917              -0.013772863
891377739635.5167             0.01929437
891378716730.1165             0.13116065
891379693824.7162             -0.13476087
891380670919.3159             -0.03580451
891381648013.9156             -0.06319901
891382625108.5154             0.09244105
891383602203.1151             0.21017435
891384579297.7148             0.05512728
891385556392.3147             0.060111653
891386533486.9144             -0.089554496
891387510581.5142             -0.023433046
891388487676.1139             0.002072242
891389464770.7136             0.0332365
891390441865.3134             -0.035690673
891391418959.9131             0.11840894
891392396054.5128             -0.070745364
891393373149.1127             0.03776479
891394350243.7124             -0.064508565
891395327338.3121             -0.010168835
891396304432.9119             0.036230057
891397281527.5116             0.08940998
891398258622.1113             0.04838495
891399235716.711              0.1685029
891400212811.3108             0.10380858
891401189905.9105             0.052238554
891402167000.5104             -0.249877
891403144095.1101             -0.17344524
891404121189.7098             -0.10023038
891405098284.3096             -0.084764235
891406075378.9093             -0.075779825
891407052473.509              -0.09151726
891408029568.1088             -0.1954696
891409006662.7085             0.009017912
891409983757.3082             0.13528119
891410960851.9081             0.11815024
891411937946.5078             0.038672674
891412915041.1075             0.13389349
891413892135.7073             -0.061483584
891414869230.307              0.009729029
891415846324.9067             0.021132568
891416823419.5065             0.053629093
891417800514.1062             0.030432587
891418777608.706              -0.014169299
891419754703.3058             -0.16947065
891420731797.9055             -0.0072363503
891421708892.5052             0.010576881
891422685987.105              0.023596115
891423663081.7047             -0.060290515
891424640176.3044             -0.11872747
891425617270.9042             -0.029810503
891426594365.5039             -0.015593362
891427571460.1038             -0.17320517
891428548554.7035             0.0291784
891429525649.3032             -0.07882985
891430502743.903              0.073527604
891431479838.5027             -0.017893692
891432456933.1024             -0.0231816
891433434027.7021             0.14920893
891434411122.3019             0.0768621
891435388216.9017             0.13524784
891436365311.5015             -0.10258494
891437342406.1012             -0.31255183
891438319500.7009             -0.05169888
891439296595.3007             0.13407533
891440273689.9004             0.10424295
891441250784.5001             -0.009025834
891442227879.0999             0.05358083
891443204973.6996             0.11570949
891444182068.2994             0.07719848
891445159162.8992             -0.10386843
891446136257.4989             0.08174198
891447113352.0986             0.26599908
891448090446.6984             0.026087625
891449067541.2981             0.029164566
891450044635.8978             -0.063885994
891451021730.4976             -0.013455675
891451998825.0974             0.124075904
891452975919.6971             -0.037195526
891453953014.2969             -0.16323192
891454930108.8966             -0.1553544
891455907203.4963             -0.033214875
891456884298.0961             -0.054665826
891457861392.6958             -0.34981397
891458838487.2955             -0.106310524
891459815581.8953             -0.045823492
891460792676.4951             0.10405692
891461769771.0948             0.045445453
891462746865.6946             0.04087443
891463723960.2943             0.26166198
891464701054.894              0.051010493
891465678149.4938             -0.008851596
891466655244.0935             0.12913197
891467632338.6932             0.04692805
891468609433.293              -0.024373133
891469586527.8928             -0.08539771
891470563622.4926             0.012943353
891471540717.0923             0.070570245
891472517811.692              -0.010637318
891473494906.2917             -0.025744952
891474472000.8915             -0.1377832
891475449095.4912             0.034394037
891476426190.091              0.1395719
891477403284.6908             0.10877808
891478380379.2905             -0.085819215
891479357473.8903             -0.04696455
891480334568.49               -0.031429417
891481311663.0897             0.106470995
891482288757.6895             0.004447702
891483265852.2892             -0.012342226
891484242946.8889             -0.041096378
891485220041.4886             -0.042433303
891486197136.0885             0.04621442
891487174230.6882             -0.09126462
891488151325.288              -0.05922279
891489128419.8877             0.11127638
891490105514.4874             0.2276664
891491082609.0872             -0.007627644
891492059703.6869             -0.02015263
891493036798.2866             0.15649061
891494013892.8865             -0.021531617
891494990987.4862             -0.05239918
891495968082.0859             0.02370313
891496945176.6857             -0.008675536
891497922271.2854             -0.014012618
891498899365.8851             0.06590644
891499876460.4849             0.008619389
891500853555.0846             0.043166604
891501830649.6843             0.119315125
891502807744.2842             0.05154565
891503784838.8839             -0.21559826
891504761933.4836             -0.12519121
891505739028.0834             0.12887046
891506716122.6831             0.08590342
891507693217.2828             0.063604526
891508670311.8826             0.20664276
891509647406.4823             0.041790646
891510624501.082              -0.11505699
891511601595.6819             0.040859774
891512578690.2816             -0.01757499
891513555784.8813             0.066370875
891514532879.4811             -0.02262863
891515509974.0808             0.13031621
891516487068.6805             -0.07222821
891517464163.2803             -0.100088455
891518441257.88               0.053436022
891519418352.4799             -0.03971033
891520395447.0796             0.16396987
891521372541.6793             -0.002169658
891522349636.279              -0.127889
891523326730.8788             -0.015894888
891524303825.4785             0.11143949
891525280920.0782             0.05046571
891526258014.678              -0.15586779
891527235109.2777             -0.14382036
891528212203.8776             -0.06281929
891529189298.4773             0.106762834
891530166393.077              -0.020649947
891531143487.6768             0.12543477
891532120582.2765             0.029350717
891533097676.8762             0.05672152
891534074771.476              -0.052244548
891535051866.0757             -0.023646705
891536028960.6755             -0.027264876
891537006055.2753             -0.1353168
891537983149.875              0.017317876
891538960244.4747             0.117096715
891539937339.0745             0.046001006
891540914433.6742             -0.050394226
891541891528.2739             -0.04049765
891542868622.8737             0.055598576
891543845717.4734             -0.0559384
891544822812.0732             0.046499148
891545799906.673              0.0029900447
891546777001.2727             -0.12718824
891547754095.8724             0.039049663
891548731190.4722             0.09793098
891549708285.0719             -0.17419332
891550685379.6716             -0.10776841
891551662474.2714             0.11391778
891552639568.8711             0.041447993
891553616663.471              0.097405575
891554593758.0707             -0.10387502
891555570852.6704             0.076384954
891556547947.2701             -0.06816158
891557525041.8699             -0.019797293
891558502136.4696             0.011636201
891559479231.0693             -0.15763508
891560456325.6691             0.0008230894
891561433420.2689             0.042719956
891562410514.8687             0.08470451
891563387609.4684             -0.02571002
891564364704.0681             0.09983212
891565341798.6678             0.103837356
891566318893.2676             0.16401833
891567295987.8673             0.04513368
891568273082.467              -0.19045381
891569250177.0668             -0.0059018307
891570227271.6666             0.0048367656
891571204366.2664             -0.043128915
891572181460.8661             0.09179586
891573158555.4658             -0.17053118
891574135650.0656             -0.07019818
891575112744.6653             -0.00039915607
891576089839.265              0.042947464
891577066933.8647             -0.0101273535
891578044028.4646             -0.102287106
891579021123.0643             0.19297297
891579998217.6641             0.15774862
891580975312.2638             -0.08110155
891581952406.8635             -0.083935894
891582929501.4633             -0.08182354
891583906596.063              -0.028421102
891584883690.6627             0.06450376
891585860785.2625             -0.06365784
891586837879.8623             0.029353349
891587814974.462              0.037926424
891588792069.0618             0.063050605
891589769163.6615             -0.14538635
891590746258.2612             -0.025051173
891591723352.861              0.12798133
891592700447.4607             0.0807573
891593677542.0604             0.05427829
891594654636.6602             0.064618476
891595631731.26               0.037162177
891596608825.8597             0.06981763
891597585920.4595             0.05280343
891598563015.0592             0.036118373
891599540109.6589             -0.087041676
891600517204.2587             0.011977267
891601494298.8584             0.013592735
891602471393.4581             -0.014690971
891603448488.058              -0.14534877
891604425582.6577             0.012987046
891605402677.2574             0.08804148
891606379771.8572             0.20744768
891607356866.4569             0.15086302
891608333961.0566             0.09004714
891609311055.6564             0.14568757
891610288150.2561             -0.027323894
891611265244.8558             -0.23761865
891612242339.4557             0.00046285277
891613219434.0554             0.12875225
891614196528.6552             0.07942743
891615173623.2549             0.051067557
891616150717.8546             0.08517512
891617127812.4543             -0.13712566
891618104907.0541             -0.17194991
891619082001.6538             -0.08556162
891620059096.2537             -0.17315412
891621036190.8534             -0.1359495
891622013285.4531             0.009964566
891622990380.0529             0.017466666
891623967474.6526             -0.15414573
891624944569.2523             -0.10143787
891625921663.852              0.016889732
891626898758.4518             -0.057013933
891627875853.0515             -0.010165525
891628852947.6514             -0.04450386
891629830042.2511             -0.1360468
891630807136.8508             0.045241278
891631784231.4506             -0.04873643
891632761326.0503             -0.039376024
891633738420.65               -0.108127065
891634715515.2498             -0.04006255
891635692609.8495             -0.056251515
891636669704.4492             -0.078350455
891637646799.0491             -0.14353673
891638623893.6488             -0.04248927
891639600988.2485             -0.04572245
891640578082.8483             0.058853395
891641555177.448              -0.119528465
891642532272.0477             -0.085151926
891643509366.6475             0.02093392
891644486461.2472             -0.07273203
891645463555.847              -0.07940547
891646440650.4468             0.0033518265
891647417745.0465             -0.04708597
891648394839.6462             0.09606295
891649371934.246              -0.025364798
891650349028.8457             0.030700939
891651326123.4454             0.11533682
891652303218.0452             0.022270065
891653280312.6449             0.02475538
891654257407.2448             0.010915902
891655234501.8445             -0.050021436
891656211596.4442             0.024777759
891657188691.044              -0.024816958
891658165785.6437             -0.075345635
891659142880.2434             0.08328364
891660119974.8431             0.2196562
891661097069.4429             -0.029708244
891662074164.0427             0.09355242
891663051258.6425             0.07740049
891664028353.2422             -0.09108308
891665005447.8419             0.009339534
891665982542.4417             -0.03178951
891666959637.0414             -0.101004474
891667936731.6411             0.018787654
891668913826.2408             0.09385725
891669890920.8406             0.17015837
891670868015.4404             0.036086798
891671845110.0402             -0.038704097
891672822204.6399             -0.117152244
891673799299.2396             -0.055832893
891674776393.8394             -0.02081725
891675753488.4391             0.08421511
891676730583.0388             -0.07290865
891677707677.6385             0.019320777
891678684772.2384             0.05061625
891679661866.8381             -0.0060511
891680638961.4379             -0.12669568
891681616056.0376             -0.11819251
891682593150.6373             0.082834385
891683570245.237              0.053030416
891684547339.8368             -0.060746707
891685524434.4365             0.11774096
891686501529.0363             0.11360576
891687478623.6361             0.14551947
891688455718.2358             0.12590916
891689432812.8356             -0.03242911
891690409907.4353             0.12534057
891691387002.035              0.07253351
891692364096.6348             0.07687622
891693341191.2345             0.0003081281
891694318285.8342             -0.0058002854
891695295380.434              -0.15741439
891696272475.0338             -0.05173679
891697249569.6335             -0.07543829
891698226664.2333             -0.040619496
891699203758.833              -0.072506994
891700180853.4327             -0.081997655
891701157948.0325             -0.10047421
891702135042.6322             0.10380553
891703112137.2319             0.10724447
891704089231.8318             0.046189815
891705066326.4315             0.10890151
891706043421.0312             0.06575144
891707020515.631              -0.05528156
891707997610.2307             -0.14812681
891708974704.8304             -0.018639645
891709951799.4302             -0.0382598
891710928894.0299             0.031767014
891711905988.6296             -0.052747536
891712883083.2295             -0.012775025
891713860177.8292             0.12951966
891714837272.429              -0.058191534
891715814367.0287             -0.016813917
891716791461.6284             -0.007360237
891717768556.2281             -0.06460886
891718745650.8279             -0.07809523
891719722745.4276             0.015471221
891720699840.0275             0.15265028
891721676934.6272             0.091994815
891722654029.2269             0.18196619
891723631123.8267             0.11202645
891724608218.4264             0.10570407
891725585313.0261             -0.023909973
891726562407.6259             -0.18037817
891727539502.2256             0.13857597
891728516596.8253             -0.004798588
891729493691.4252             0.07246386
891730470786.0249             -0.016157808
891731447880.6246             0.014184452
891732424975.2244             -0.053045012
891733402069.8241             0.03528702
891734379164.4238             -0.052041516
891735356259.0236             0.015123994
891736333353.6233             0.040359195
891737310448.223              0.17503603
891738287542.8229             0.09347588
891739264637.4226             -0.050054833
891740241732.0223             -0.10084037
891741218826.6221             -0.100598566
891742195921.2218             -0.006165542
891743173015.8215             0.044870015
891744150110.4213             0.001749942
891745127205.021              -0.11075187
891746104299.6208             0.00412681
891747081394.2206             -0.17125131
891748058488.8203             -0.15525214
891749035583.42               -0.094615094
891750012678.0198             0.09041921
891750989772.6195             -0.101491205
891751966867.2192             -0.10481603
891752943961.819              0.056412302
891753921056.4187             -0.15569536
891754898151.0186             -0.041732285
891755875245.6183             0.04900201
891756852340.218              0.2997134
891757829434.8177             0.05628687
891758806529.4175             -0.017768512
891759783624.0172             0.02401061
891760760718.617              -0.09611541
891761737813.2167             -0.12871353
891762714907.8165             -0.0021356982
891763692002.4163             0.113233656
891764669097.016              0.14423324
891765646191.6157             -0.075743355
891766623286.2155             0.09300504
891767600380.8152             -0.013553934
891768577475.4149             0.13002276
891769554570.0146             -0.029985394
891770531664.6144             -0.060480427
891771508759.2142             -0.06742608
891772485853.814              -0.13100812
891773462948.4137             0.015539178
891774440043.0134             0.25274402
891775417137.6132             0.061237946
891776394232.2129             0.17852926
891777371326.8126             0.17236276
891778348421.4124             -0.0057566757
891779325516.0121             -0.08020091
891780302610.6119             -0.029920546
891781279705.2117             0.15591355
891782256799.8114             0.063026614
891783233894.4111             0.024531795
891784210989.0109             -0.07305828
891785188083.6106             -0.008658059
891786165178.2103             0.094010174
891787142272.81               -0.013772732
891788119367.4099             -0.058537293
891789096462.0096             0.013722879
891790073556.6094             -0.09769105
891791050651.2091             -0.034393203
891792027745.8088             -0.05486751
891793004840.4086             -0.16709152
891793981935.0083             -0.13391005
891794959029.608              0.01917456
891795936124.2078             -0.036226675
891796913218.8076             -0.102072805
891797890313.4073             -0.010408012
891798867408.0071             -0.043925036
891799844502.6068             -0.08009513
891800821597.2065             -0.109642275
891801798691.8063             0.11456332
891802775786.406              -0.007401082
891803752881.0057             0.057755258
891804729975.6056             0.05012097
891805707070.2053             0.020718994
891806684164.805              0.0201385
891807661259.4048             0.085479446
891808638354.0045             0.095738135
891809615448.6042             -0.11720902
891810592543.204              -0.041601364
891811569637.8037             -0.015641985
891812546732.4034             0.11076843
891813523827.0033             0.0055562817
891814500921.603              -0.11518585
891815478016.2028             -0.076276965
891816455110.8025             -0.096775435
891817432205.4022             0.027272064
891818409300.002              0.07052165
891819386394.6017             0.07870357
891820363489.2014             0.034827303
891821340583.8011             0.18191923
891822317678.401              0.006979979
891823294773.0007             -0.07629401
891824271867.6005             -0.034940947
891825248962.2002             0.16675116
891826226056.7999             0.21852386
891827203151.3997             0.06916543
891828180245.9994             0.06635265
891829157340.5991             -0.040829945
891830134435.199              -0.04500245
891831111529.7987             -0.020921838
891832088624.3984             0.15598416
891833065718.9982             0.03783241
891834042813.5979             -0.11921076
891835019908.1976             0.11915598
891835997002.7974             0.1608288
891836974097.3971             0.22186053
891837951191.9968             0.10150703
891838928286.5967             -0.11254203
891839905381.1964             -0.008977696
891840882475.7961             0.030980527
891841859570.3959             -0.066340216
891842836664.9956             -0.0034514538
891843813759.5953             -0.024761003
891844790854.1951             0.13481483
891845767948.7948             0.26889905
891846745043.3947             0.11966901
891847722137.9944             0.05763877
891848699232.5941             0.17244379
891849676327.1938             -0.046007875
891850653421.7936             -0.025469432
891851630516.3933             0.029932208
891852607610.993              -0.033743333
891853584705.5928             -0.008813231
891854561800.1925             0.04472908
891855538894.7924             -0.039225146
891856515989.3921             -0.14568393
891857493083.9918             -0.0634795
891858470178.5916             0.013576529
891859447273.1913             -0.000989996
891860424367.791              0.039908297
891861401462.3907             0.17058975
891862378556.9905             0.027160127
891863355651.5903             0.0660316
891864332746.1901             0.10404993
891865309840.7898             0.08363465
891866286935.3895             -0.03141835
891867264029.9893             -0.030704234
891868241124.589              0.121700324
891869218219.1887             -0.038504425
891870195313.7885             0.01225734
891871172408.3882             -0.043607302
891872149502.988              -0.16111152
891873126597.5878             -0.04693626
891874103692.1875             0.08743274
891875080786.7872             -0.06753425
891876057881.387              -0.09754045
891877034975.9867             0.008200532
891878012070.5864             0.02704227
891878989165.1862             0.0024210927
891879966259.7859             0.034980748
891880943354.3857             0.15290962
891881920448.9855             0.007207679
891882897543.5852             -0.13451497
891883874638.1849             -0.07555289
891884851732.7847             -0.043206885
891885828827.3844             -0.12294446
891886805921.9841             0.089632384
891887783016.5839             0.09003941
891888760111.1837             0.08230494
891889737205.7834             0.08272129
891890714300.3832             -0.06889031
891891691394.9829             0.01374134
891892668489.5826             0.09679415
891893645584.1824             -0.038430393
891894622678.7821             0.036885254
891895599773.3818             -0.018160325
891896576867.9816             -0.068122394
891897553962.5814             0.09300963
891898531057.1812             0.09591465
891899508151.7809             0.110555254
891900485246.3806             -0.06091924
891901462340.9803             -0.020910358
891902439435.5801             -0.15740879
891903416530.1798             0.09146533
891904393624.7795             0.11854721
891905370719.3794             -0.112539284
891906347813.9791             -0.13380675
891907324908.5789             0.0320857
891908302003.1786             -0.15444042
891909279097.7783             0.021268433
891910256192.378              0.16195357
891911233286.9778             0.05424809
891912210381.5775             0.07476327
891913187476.1772             0.102953464
891914164570.7771             -0.027285362
891915141665.3768             -0.031038601
891916118759.9766             0.1807423
891917095854.5763             0.15374307
891918072949.176              -0.005808739
891919050043.7758             0.0014577268
891920027138.3755             0.17387193
891921004232.9752             0.24182166
891921981327.575              -0.0851045
891922958422.1748             -0.0423751
891923935516.7745             0.0207565
891924912611.3743             0.041803837
891925889705.974              -0.06425926
891926866800.5737             -0.11085719
891927843895.1735             -0.06378557
891928820989.7732             -0.17885277
891929798084.3729             -0.10753554
891930775178.9728             -0.15846884
891931752273.5725             0.13089107
891932729368.1722             0.031768456
891933706462.772              -0.15046053
891934683557.3717             -0.08173535
891935660651.9714             -0.1365522
891936637746.5712             0.005341851
891937614841.1709             -0.064847544
891938591935.7706             -0.012878389
891939569030.3705             -0.012534688
891940546124.9702             0.089142986
891941523219.57               -0.15846269
891942500314.1697             0.026611518
891943477408.7694             0.1676415
891944454503.3691             0.056450278
891945431597.9689             -0.11621188
891946408692.5686             -0.06398619
891947385787.1685             -0.06517241
891948362881.7682             -0.053662382
891949339976.3679             0.110908754
891950317070.9677             0.11744979
891951294165.5674             -0.009105799
891952271260.1671             -0.06560967
891953248354.7668             -0.025851812
891954225449.3666             0.015888529
891955202543.9663             0.06664429
891956179638.5662             -0.015818497
891957156733.1659             0.13493058
891958133827.7656             -0.028413197
891959110922.3654             -0.11991242
891960088016.9651             0.025181074
891961065111.5648             0.12361572
891962042206.1646             0.020031348
891963019300.7643             0.2737272
891963996395.364              0.22004421
891964973489.9639             0.07014973
891965950584.5636             0.04579467
891966927679.1633             0.021467332
891967904773.7631             0.09862669
891968881868.3628             0.032233033
891969858962.9625             0.02476563
891970836057.5623             -0.1690964
891971813152.162              -0.03650569
891972790246.7618             0.016396582
891973767341.3616             0.22341916
891974744435.9613             0.09414021
891975721530.561              -0.05280862
891976698625.1608             0.019085871
891977675719.7605             -0.025132317
891978652814.3602             0.18082674
891979629908.96               0.1535024
891980607003.5597             0.12267524
891981584098.1595             -0.06557652
891982561192.7593             0.09128604
891983538287.359              -0.0031183648
891984515381.9587             -0.06378317
891985492476.5585             0.06961729
891986469571.1582             0.07220055
891987446665.7579             0.11408992
891988423760.3577             0.16036172
891989400854.9575             0.041427195
891990377949.5573             0.026561193
891991355044.157              0.110004984
891992332138.7567             -0.019505711
891993309233.3564             -0.020341214
891994286327.9562             -0.09504483
891995263422.5559             -0.10877554
891996240517.1556             0.055509903
891997217611.7554             -0.040513493
891998194706.3552             0.011926798
891999171800.955              -0.1296523
892000148895.5547             -0.019698871
892001125990.1544             0.0028235964
892002103084.7542             -0.045292847
892003080179.3539             -0.0830942
892004057273.9536             -0.0018219239
892005034368.5533             0.13037595
892006011463.1531             0.181133
892006988557.7529             0.070839785
892007965652.3527             0.009307007
892008942746.9524             0.1506198
892009919841.5521             -0.13003527
892010896936.1519             -0.15662785
892011874030.7516             0.069639735
892012851125.3513             0.056613237
892013828219.951              0.1436549
892014805314.5509             -0.023135988
892015782409.1506             -0.18089253
892016759503.7504             -0.05743765
892017736598.3501             0.12152288
892018713692.9498             -0.06029165
892019690787.5496             0.021704363
892020667882.1493             -0.021165337
892021644976.749              -0.05632109
892022622071.3488             -0.23850217
892023599165.9486             0.05092318
892024576260.5483             0.16880561
892025553355.1481             0.009808854
892026530449.7478             -0.081996195
892027507544.3475             -0.0338353
892028484638.9473             -0.093436725
892029461733.547              0.06682573
892030438828.1467             0.052109182
892031415922.7466             0.055874202
892032393017.3463             -0.022038257
892033370111.946              -0.013197251
892034347206.5458             -0.14110047
892035324301.1455             0.0071849218
892036301395.7452             0.070017174
892037278490.345              0.16141798
892038255584.9447             -0.047980316
892039232679.5444             -0.15585288
892040209774.1443             -0.095566176
892041186868.744              -0.116560936
892042163963.3438             0.076871656
892043141057.9435             -0.033055205
892044118152.5432             0.08789031
892045095247.143              -0.083331205
892046072341.7427             -0.09492276
892047049436.3424             -0.105090976
892048026530.9421             0.0476272
892049003625.542              0.049855873
892049980720.1417             0.10876162
892050957814.7415             0.02481448
892051934909.3412             0.05193766
892052912003.9409             -0.117770374
892053889098.5406             -0.11033744
892054866193.1404             -0.00053002837
892055843287.7401             0.11828386
892056820382.34               0.07799222
892057797476.9397             -0.11641823
892058774571.5394             0.08458645
892059751666.1392             0.08942801
892060728760.7389             0.019846676
892061705855.3386             -0.1281959
892062682949.9384             -0.037166398
892063660044.5381             0.038317252
892064637139.1378             -0.08839437
892065614233.7377             0.1051107
892066591328.3374             -0.12848173
892067568422.9371             -0.03984286
892068545517.5369             0.012501303
892069522612.1366             0.056436934
892070499706.7363             0.09196022
892071476801.336              0.18051772
892072453895.9358             0.033864744
892073430990.5356             -0.07147578
892074408085.1354             -0.058140323
892075385179.7351             0.08436338
892076362274.3348             0.00065875816
892077339368.9346             -0.077241026
892078316463.5343             -0.1193044
892079293558.134              -0.19682202
892080270652.7338             -0.25078493
892081247747.3335             0.03470079
892082224841.9333             0.09341302
892083201936.5331             -0.015015627
892084179031.1328             0.11210043
892085156125.7325             0.03131477
892086133220.3323             -0.06813344
892087110314.932              0.076104246
892088087409.5317             0.07750659
892089064504.1315             0.118243545
892090041598.7313             -0.027413677
892091018693.331              -0.002662141
892091995787.9308             0.23960736
892092972882.5305             0.027996335
892093949977.1302             -0.031470783
892094927071.73               0.0329543
892095904166.3297             0.097503304
892096881260.9294             -0.09302216
892097858355.5292             -0.018571764
892098835450.129              -0.22156173
892099812544.7288             -0.18760303
892100789639.3285             -0.27366725
892101766733.9282             0.13572489
892102743828.528              0.020654984
892103720923.1277             0.007654608
892104698017.7274             0.077003956
892105675112.3271             0.041076582
892106652206.9269             0.019547356
892107629301.5267             0.15785444
892108606396.1265             0.010386677
892109583490.7262             0.025993956
892110560585.3259             -0.026954342
892111537679.9257             0.0075919717
892112514774.5254             -0.054919116
892113491869.1251             0.10982349
892114468963.7249             0.09979985
892115446058.3247             0.069866695
892116423152.9244             -0.02791646
892117400247.5242             0.04748119
892118377342.1239             -0.023591492
892119354436.7236             0.09623609
892120331531.3234             -0.06354954
892121308625.9231             -0.04439541
892122285720.5228             0.1841155
892123262815.1226             0.17428868
892124239909.7224             0.0049452577
892125217004.3221             0.04468096
892126194098.9219             0.07814942
892127171193.5216             -0.09001123
892128148288.1213             -0.13058159
892129125382.7211             -0.019198522
892130102477.3208             -0.11704215
892131079571.9205             -0.12905571
892132056666.5204             -0.10402779
892133033761.1201             0.053030662
892134010855.7198             0.059187364
892134987950.3196             0.032899525
892135965044.9193             -0.04554648
892136942139.519              -0.1515716
892137919234.1188             -0.104206
892138896328.7185             -0.12540686
892139873423.3182             0.00064554316
892140850517.9181             0.108207114
892141827612.5178             -0.0031644432
892142804707.1176             0.09398961
892143781801.7173             0.028935049
892144758896.317              0.07385139
892145735990.9167             -0.022500724
892146713085.5165             0.05877001
892147690180.1162             0.049387947
892148667274.716              -0.016224414
892149644369.3158             0.16512048
892150621463.9155             -0.14781705
892151598558.5153             -0.08070471
892152575653.115              -0.20748761
892153552747.7147             0.06962685
892154529842.3145             -0.005765616
892155506936.9142             -0.1864799
892156484031.5139             0.08852621
892157461126.1138             -0.23837867
892158438220.7135             -0.16834885
892159415315.3132             -0.12603761
892160392409.913              -0.1634788
892161369504.5127             -0.106544
900331214420.5                -0.029420137
900332191515.134              0.039074276
900333168609.7682             -0.18932395
900334145704.4022             -0.010321751
900335122799.0363             -0.0036465544
900336099893.6703             0.025215007
900337076988.3044             0.18316302
900338054082.9385             0.17754146
900339031177.5725             0.12407242
900340008272.2065             0.057924904
900340985366.8407             -0.024748467
900341962461.4747             0.09899302
900342939556.1088             0.17192689
900343916650.7429             -0.026157219
900344893745.377              -0.007979125
900345870840.011              0.068447
900346847934.645              0.047233436
900347825029.2792             -0.062489536
900348802123.9132             -0.028104318
900349779218.5472             0.0008412391
900350756313.1814             -0.102560416
900351733407.8154             0.020147061
900352710502.4495             0.053711314
900353687597.0835             0.057060014
900354664691.7177             -0.04080404
900355641786.3517             -0.100402676
900356618880.9857             -0.022717068
900357595975.6198             0.07991833
900358573070.2539             0.054567058
900359550164.888              0.13664874
900360527259.522              0.019971086
900361504354.1561             0.037859485
900362481448.7902             0.0342121
900363458543.4242             0.03203923
900364435638.0582             -0.0132797435
900365412732.6924             -0.04688487
900366389827.3264             0.056540947
900367366921.9604             -0.047807734
900368344016.5946             -0.06739096
900369321111.2286             -0.1233633
900370298205.8627             -0.027523965
900371275300.4967             0.027461663
900372252395.1309             -0.05439563
900373229489.7649             -0.06680095
900374206584.3989             0.039508484
900375183679.033              0.19935834
900376160773.6671             -0.061678432
900377137868.3011             -0.150386
900378114962.9352             0.029550279
900379092057.5693             -0.030292025
900380069152.2034             0.08601638
900381046246.8374             0.11422967
900382023341.4714             0.20726013
900383000436.1056             0.13517664
900383977530.7396             -0.166666
900384954625.3737             -0.051898
900385931720.0077             -0.03710072
900386908814.6418             -0.29657853
900387885909.2759             -0.10431843
900388863003.9099             -0.04061305
900389840098.5441             -0.18676063
900390817193.1781             -0.1315881
900391794287.8121             -0.18832652
900392771382.4462             0.046697743
900393748477.0803             -0.032190252
900394725571.7144             -0.059761122
900395702666.3484             -0.037688907
900396679760.9825             0.061348364
900397656855.6166             -0.23321229
900398633950.2506             -0.088549495
900399611044.8846             -0.3073842
900400588139.5188             -0.0141469445
900401565234.1528             -0.004239129
900402542328.7869             0.042586513
900403519423.4209             -0.029475251
900404496518.055              0.104158565
900405473612.6891             0.027223075
900406450707.3231             0.10608991
900407427801.9573             -0.12806723
900408404896.5913             0.03337886
900409381991.2253             -0.10131806
900410359085.8594             -0.07142692
900411336180.4935             -0.19448268
900412313275.1276             -0.1895304
900413290369.7616             -0.018064346
900414267464.3958             -0.014677603
900415244559.0298             0.14531744
900416221653.6638             0.00324343
900417198748.2979             0.09825055
900418175842.932              -0.03507495
900419152937.566              -0.059496343
900420130032.2001             -0.031972196
900421107126.8341             -0.12583907
900422084221.4683             0.08708907
900423061316.1023             0.09988369
900424038410.7363             -0.16847368
900425015505.3705             -0.13749136
900425992600.0045             0.12646315
900426969694.6385             0.059683178
900427946789.2726             -0.20952341
900428923883.9067             -0.04566745
900429900978.5408             -0.17630176
900430878073.1748             -0.11381984
900431855167.8088             0.06269848
900432832262.443              0.08105062
900433809357.077              0.18269964
900434786451.711              0.13599008
900435763546.3452             0.09060402
900436740640.9792             0.095128395
900437717735.6133             0.11964641
900438694830.2473             -0.15689567
900439671924.8815             -0.068690136
900440649019.5155             -0.042824622
900441626114.1495             -0.00017634268
900442603208.7837             0.11683902
900443580303.4177             0.10028269
900444557398.0518             -0.07850578
900445534492.6858             -0.05907585
900446511587.32               0.042615686
900447488681.954              0.2312767
900448465776.588              0.04996042
900449442871.222              -0.14151491
900450419965.8562             -0.002348705
900451397060.4902             0.022253454
900452374155.1243             -0.0054803803
900453351249.7584             0.07150267
900454328344.3925             0.1566124
900455305439.0265             0.19968212
900456282533.6605             0.17083596
900457259628.2947             -0.009501562
900458236722.9287             -0.04106393
900459213817.5627             -0.011944854
900460190912.1968             -0.13392982
900461168006.8309             0.07026788
900462145101.465              0.061198633
900463122196.099              0.13593517
900464099290.7332             -0.071215615
900465076385.3672             0.052343246
900466053480.0012             0.027337462
900467030574.6353             0.068333305
900468007669.2694             -0.048664946
900468984763.9034             -0.1679307
900469961858.5375             -0.1716839
900470938953.1716             -0.08231369
900471916047.8057             -0.032131013
900472893142.4397             0.021483613
900473870237.0737             8.840868e-05
900474847331.7079             0.06769767
900475824426.3419             0.06371053
900476801520.976              -0.017134676
900477778615.61               0.01657168
900478755710.2441             0.018243099
900479732804.8782             -0.17160673
900480709899.5122             -0.15480362
900481686994.1464             -0.10967123
900482664088.7804             -0.14354812
900483641183.4144             -0.23133424
900484618278.0485             -0.16273588
900485595372.6826             -0.07263606
900486572467.3167             -0.03631523
900487549561.9507             -0.11090117
900488526656.5848             -0.117341004
900489503751.2189             0.08026895
900490480845.8529             -0.05032904
900491457940.4869             0.0064640692
900492435035.1211             -0.122386076
900493412129.7551             -0.09535832
900494389224.3892             0.08312731
900495366319.0232             0.04586644
900496343413.6573             -0.060431328
900497320508.2914             0.05805217
900498297602.9254             -0.08442381
900499274697.5596             0.08126889
900500251792.1936             0.13004503
900501228886.8276             -0.1630983
900502205981.4617             -0.08235079
900503183076.0958             -0.010042577
900504160170.7299             -0.097958826
900505137265.3639             -0.23183835
900506114359.9979             -0.14156115
900507091454.6321             0.01567685
900508068549.2661             0.17775278
900509045643.9001             0.0028675776
900510022738.5343             -0.12391683
900510999833.1683             0.070557594
900511976927.8024             0.10349094
900512954022.4364             -0.1470538
900513931117.0706             -0.03994493
900514908211.7046             -0.10705057
900515885306.3386             -0.1357342
900516862400.9728             -0.08467462
900517839495.6068             -0.03170702
900518816590.2408             0.06573322
900519793684.8749             -0.03583915
900520770779.509              0.08256984
900521747874.1431             -0.06765423
900522724968.7771             -0.111308604
900523702063.4111             0.058191944
900524679158.0453             -0.016216202
900525656252.6793             0.10369793
900526633347.3134             -0.13998573
900527610441.9475             -0.06179501
900528587536.5815             0.020200253
900529564631.2156             -0.011380745
900530541725.8496             -0.18674146
900531518820.4838             0.0018849719
900532495915.1178             0.043001812
900533473009.7518             0.002862551
900534450104.386              0.033791166
900535427199.02               -0.018989898
900536404293.654              -0.08307316
900537381388.2881             -0.022186605
900538358482.9222             -0.121500455
900539335577.5563             -0.14156774
900540312672.1903             -0.22756414
900541289766.8243             -0.1347358
900542266861.4585             -0.037976373
900543243956.0925             -0.16202472
900544221050.7266             -0.18731287
900545198145.3607             -0.02163038
900546175239.9948             -0.16841415
900547152334.6288             0.022897072
900548129429.2628             -0.018260123
900549106523.897              -0.039904095
900550083618.531              -0.173599
900551060713.165              0.033662323
900552037807.7991             -0.03776539
900553014902.4332             -0.091241226
900553991997.0673             -0.20557743
900554969091.7013             -0.0037067034
900555946186.3354             -0.000544327
900556923280.9695             0.016039826
900557900375.6035             0.2108848
900558877470.2375             -0.09753424
900559854564.8717             -0.21879657
900560831659.5057             -0.12911202
900561808754.1398             -0.04059055
900562785848.7739             -0.13043371
900563762943.408              -0.051096175
900564740038.042              0.013624642
900565717132.676              -0.006793154
900566694227.3102             -0.06987967
900567671321.9442             0.01209501
900568648416.5782             0.033053417
900569625511.2123             -0.15127815
900570602605.8464             0.0029753752
900571579700.4805             0.12408498
900572556795.1145             0.07431099
900573533889.7487             -0.10701991
900574510984.3827             -0.07077075
900575488079.0167             -0.07804716
900576465173.6508             0.05848413
900577442268.2849             0.01622818
900578419362.919              -0.012538992
900579396457.553              0.0075882454
900580373552.1871             -0.085045755
900581350646.8212             -0.080652215
900582327741.4552             -0.06690031
900583304836.0892             -0.18918742
900584281930.7234             -0.11796845
900585259025.3574             -0.023532782
900586236119.9915             0.082343355
900587213214.6255             0.009284377
900588190309.2596             0.095747486
900589167403.8937             0.032614425
900590144498.5277             -0.034795325
900591121593.1619             0.11773324
900592098687.7959             -0.050774228
900593075782.4299             0.098307215
900594052877.064              -0.04880618
900595029971.6981             -0.0018711354
900596007066.3322             0.12993808
900596984160.9662             -0.051464852
900597961255.6002             -0.06557667
900598938350.2344             0.10360747
900599915444.8684             -0.049314152
900600892539.5024             -0.0448998
900601869634.1366             0.16312532
900602846728.7706             0.03303101
900603823823.4047             0.020088058
900604800918.0387             0.04311688
900605778012.6729             0.16593441
900606755107.3069             -0.1713391
900607732201.9409             0.009857243
900608709296.5751             0.042094115
900609686391.2091             -0.015808934
900610663485.8431             0.0010717051
900611640580.4772             -0.028156927
900612617675.1113             -0.025813004
900613594769.7454             0.01892752
900614571864.3794             -0.14219001
900615548959.0134             -0.08836556
900616526053.6476             -0.057061557
900617503148.2816             -0.009651966
900618480242.9156             0.06960171
900619457337.5498             0.07389439
900620434432.1838             -0.041481074
900621411526.8179             -0.06295269
900622388621.4519             0.11929454
900623365716.086              -0.27969217
900624342810.7201             -0.1294129
900625319905.3541             -0.066453435
900626296999.9882             -0.112823136
900627274094.6223             -0.0749838
900628251189.2563             0.005148639
900629228283.8904             0.053766787
900630205378.5245             0.035312228
900631182473.1586             0.002974731
900632159567.7926             0.04886623
900633136662.4266             0.10871524
900634113757.0608             0.14443852
900635090851.6948             0.03285878
900636067946.3289             -0.17492045
900637045040.963              -0.25073314
900638022135.597              -0.05692918
900638999230.2311             -0.090357706
900639976324.8651             -0.070453405
900640953419.4993             -0.016709765
900641930514.1333             -0.08482125
900642907608.7673             -0.21675247
900643884703.4014             -0.1554602
900644861798.0355             -0.1403509
900645838892.6696             -0.036988515
900646815987.3036             -0.07469736
900647793081.9377             -0.0321615
900648770176.5718             0.0032224031
900649747271.2058             -0.13334271
900650724365.8398             -0.084623076
900651701460.474              -0.030843085
900652678555.108              0.0055995653
900653655649.7421             -0.033257358
900654632744.3762             0.010369525
900655609839.0103             -0.05403684
900656586933.6443             -0.15695916
900657564028.2783             -0.08814705
900658541122.9125             0.0038044348
900659518217.5465             0.050632164
900660495312.1805             -0.008829251
900661472406.8146             0.09394622
900662449501.4487             0.057312183
900663426596.0828             0.06756374
900664403690.7168             0.09313894
900665380785.351              -0.026763607
900666357879.985              0.12502389
900667334974.619              0.011674785
900668312069.253              0.027329938
900669289163.8872             0.09990888
900670266258.5212             0.13379669
900671243353.1553             0.13084732
900672220447.7893             -0.0143155735
900673197542.4235             -0.049005527
900674174637.0575             0.058335267
900675151731.6915             -0.07743121
900676128826.3257             -0.24600628
900677105920.9597             -0.21235316
900678083015.5938             -0.14115492
900679060110.2278             -0.11828799
900680037204.8619             -0.1422209
900681014299.496              0.022611925
900681991394.13               -0.101656295
900682968488.7642             -0.031466667
900683945583.3982             0.13193974
900684922678.0322             -0.03739173
900685899772.6663             -0.03121258
900686876867.3004             -0.06892214
900687853961.9344             0.059524674
900688831056.5685             0.058017515
900689808151.2025             -0.08762058
900690785245.8367             -0.0869548
900691762340.4707             -0.063517936
900692739435.1047             -0.057016186
900693716529.7389             -0.109816566
900694693624.3729             -0.09681243
900695670719.007              0.0015292924
900696647813.641              0.10868694
900697624908.2751             0.25920308
900698602002.9092             0.08957814
900699579097.5432             -0.063691065
900700556192.1774             -0.08164786
900701533286.8114             0.07857398
900702510381.4454             0.10727905
900703487476.0795             -0.12554869
900704464570.7136             0.014559502
900705441665.3477             0.0041984483
900706418759.9817             0.032367654
900707395854.6157             -0.017575532
900708372949.2499             -0.13466072
900709350043.8839             0.21212007
900710327138.518              0.035830114
900711304233.1521             -0.076959364
900712281327.7861             0.005252386
900713258422.4202             -0.021136763
900714235517.0542             -0.08347986
900715212611.6884             -0.111754976
900716189706.3224             0.06497589
900717166800.9564             -0.078256205
900718143895.5905             -0.049940534
900719120990.2246             -0.024402082
900720098084.8586             -0.15259379
900721075179.4927             0.054144066
900722052274.1268             0.09569564
900723029368.7609             -0.1719543
900724006463.3949             -0.1682414
900724983558.0289             -0.07792776
900725960652.6631             0.011535536
900726937747.2971             0.0673408
900727914841.9312             -0.11330176
900728891936.5653             0.051332373
900729869031.1993             0.006282858
900730846125.8334             -0.007818398
900731823220.4674             -0.05354931
900732800315.1016             -0.16293389
900733777409.7356             0.015932975
900734754504.3696             0.20403817
900735731599.0037             -0.0012467307
900736708693.6378             0.09349995
900737685788.2719             0.08640607
900738662882.9059             0.08218732
900739639977.54               -0.09518265
900740617072.1741             0.055833984
900741594166.8081             -0.022725854
900742571261.4421             0.0075768777
900743548356.0763             -0.048682276
900744525450.7103             -0.007264335
900745502545.3444             0.06608654
900746479639.9785             -0.21675187
900747456734.6125             -0.027236765
900748433829.2466             0.13486984
900749410923.8806             0.012939474
900750388018.5148             -0.12813346
900751365113.1488             -0.16533169
900752342207.7828             -0.045520935
900753319302.4169             -0.04576834
900754296397.051              0.03869117
900755273491.685              0.12635407
900756250586.3191             -0.050158158
900757227680.9532             -0.18713115
900758204775.5873             0.105805285
900759181870.2213             -0.10365614
900760158964.8553             -0.1465679
900761136059.4895             -0.03493798
900762113154.1235             0.014950504
900763090248.7576             -0.26392457
900764067343.3916             -0.011996684
900765044438.0258             0.027266897
900766021532.6598             -0.08757398
900766998627.2938             0.018683046
900767975721.928              -0.03769496
900768952816.562              -0.018891482
900769929911.196              0.10936625
900770907005.8301             0.134291
900771884100.4642             -0.04119384
900772861195.0983             -0.09095809
900773838289.7323             0.24641313
900774815384.3665             0.11987529
900775792479.0005             0.0340468
900776769573.6345             0.029792223
900777746668.2686             -0.047836427
900778723762.9027             -0.06126844
900779700857.5367             0.11371316
900780677952.1708             0.120768495
900781655046.8048             -0.14076565
900782632141.439              -0.20571987
900783609236.073              0.08448514
900784586330.707              0.09683638
900785563425.3412             0.30507448
900786540519.9752             0.14412841
900787517614.6093             0.18691005
900788494709.2433             0.15470943
900789471803.8774             0.2824932
900790448898.5115             0.07658021
900791425993.1455             -0.01938846
900792403087.7795             0.08182809
900793380182.4137             -0.040572196
900794357277.0477             -0.020111782
900795334371.6818             0.0036103185
900796311466.3159             -0.03619402
900797288560.95               -0.012604057
900798265655.584              0.02522978
900799242750.218              -0.032842666
900800219844.8522             -0.019514957
900801196939.4862             0.087837376
900802174034.1202             0.06136892
900803151128.7544             0.01606914
900804128223.3884             -0.016709255
900805105318.0225             -0.037191603
900806082412.6565             0.10135701
900807059507.2906             0.27708092
900808036601.9247             0.14614263
900809013696.5587             0.18520579
900809990791.1927             -0.035151083
900810967885.8269             -0.24466282
900811944980.4609             -0.056892667
900812922075.095              -0.21204944
900813899169.7291             -0.18537232
900814876264.3632             0.004636918
900815853358.9972             -0.050419122
900816830453.6312             -0.1727753
900817807548.2654             -0.08043763
900818784642.8994             0.034796014
900819761737.5334             -0.18636045
900820738832.1676             -0.041482747
900821715926.8016             0.10474906
900822693021.4357             0.20823236
900823670116.0697             -0.17276567
900824647210.7039             -0.14184916
900825624305.3379             -0.1402759
900826601399.9719             -0.054817338
900827578494.606              -0.0077834995
900828555589.2401             -0.20226778
900829532683.8741             -0.10635973
900830509778.5082             -0.1312221
900831486873.1423             -0.07128319
900832463967.7764             -0.15082046
900833441062.4104             -0.17080095
900834418157.0444             -0.14104478
900835395251.6786             0.011738778
900836372346.3126             0.07945511
900837349440.9467             -0.08699808
900838326535.5807             -0.20488179
900839303630.2148             -0.11916096
900840280724.8489             -0.015663931
900841257819.4829             0.16123267
900842234914.1171             0.12597577
900843212008.7511             0.021820758
900844189103.3851             -0.10780865
900845166198.0192             0.08734249
900846143292.6533             -0.048605997
900847120387.2874             0.05442605
900848097481.9214             -0.055051524
900849074576.5555             -0.047447756
900850051671.1896             0.008911233
900851028765.8236             0.027805183
900852005860.4576             0.18797764
900852982955.0918             0.0578053
900853960049.7258             -0.053131405
900854937144.3599             -0.054486107
900855914238.9939             -0.22162814
900856891333.628              -0.07549926
900857868428.2621             0.047173053
900858845522.8961             -0.10352029
900859822617.5303             0.101157576
900860799712.1643             0.2444352
900861776806.7983             0.077004544
900862753901.4324             0.01976295
900863730996.0665             0.057034392
900864708090.7006             -0.046679743
900865685185.3346             0.13078938
900866662279.9688             -0.055908978
900867639374.6028             -0.09293325
900868616469.2368             -0.11631771
900869593563.8708             -0.04052252
900870570658.505              0.12810324
900871547753.139              0.11609877
900872524847.7731             0.040605992
900873501942.4071             0.05897533
900874479037.0413             -0.0077220676
900875456131.6753             -0.09855544
900876433226.3093             0.10446797
900877410320.9435             0.18643862
900878387415.5775             -0.083300956
900879364510.2115             -0.04776225
900880341604.8456             0.17845638
900881318699.4797             0.22498772
900882295794.1138             -0.056433883
900883272888.7478             -0.0799407
900884249983.3818             0.0077173486
900885227078.016              0.04027513
900886204172.65               -0.03921039
900887181267.284              -0.12837006
900888158361.9182             -0.08263037
900889135456.5522             -0.069044545
900890112551.1863             -0.07380005
900891089645.8203             0.12751967
900892066740.4545             -0.015783098
900893043835.0885             0.01591789
900894020929.7225             -0.057488676
900894998024.3567             0.32239103
900895975118.9907             0.1077722
900896952213.6248             0.07424192
900897929308.2588             0.25073114
900898906402.893              0.03126027
900899883497.527              0.13054048
900900860592.161              0.14728312
900901837686.795              -0.012334456
900902814781.4292             -0.024565961
900903791876.0632             -0.12398224
900904768970.6973             -0.11194026
900905746065.3314             0.013708143
900906723159.9655             -0.059261046
900907700254.5995             0.010749872
900908677349.2335             -0.07712141
900909654443.8677             -0.099134
900910631538.5017             0.010751658
900911608633.1357             -0.12271302
900912585727.7699             0.0074711605
900913562822.4039             0.15605982
900914539917.038              0.040318113
900915517011.672              0.14948645
900916494106.3062             0.2572448
900917471200.9402             0.16120397
900918448295.5742             0.08578799
900919425390.2083             0.028126154
900920402484.8424             -0.25862274
900921379579.4764             0.06711532
900922356674.1105             0.098382294
900923333768.7446             -0.016242297
900924310863.3787             0.20302093
900925287958.0127             0.12533458
900926265052.6467             0.036078975
900927242147.2809             0.08571151
900928219241.9149             0.12998745
900929196336.549              0.11379556
900930173431.183              -0.0053701396
900931150525.8171             -0.08670719
900932127620.4512             -0.17780241
900933104715.0852             0.09370784
900934081809.7194             0.107581966
900935058904.3534             0.114599116
900936035998.9874             0.23287776
900937013093.6215             -0.08186333
900937990188.2556             -0.019632546
900938967282.8896             0.12754628
900939944377.5237             0.124834515
900940921472.1578             -0.03167523
900941898566.7919             -0.119978204
900942875661.4259             0.00057489035
900943852756.0599             0.10262995
900944829850.6941             -0.09291239
900945806945.3281             -0.08432364
900946784039.9622             -0.0027630695
900947761134.5962             -0.0089036515
900948738229.2303             0.032872517
900949715323.8644             0.19586766
900950692418.4984             -0.02834687
900951669513.1326             0.12407283
900952646607.7666             0.09572493
900953623702.4006             0.29197386
900954600797.0347             0.08884763
900955577891.6688             0.0039510634
900956554986.3029             -0.0061621503
900957532080.9369             -0.09542252
900958509175.5709             -0.002970585
900959486270.2051             0.10821412
900960463364.8391             0.024788585
900961440459.4731             -0.035758995
900962417554.1073             -0.044387285
900963394648.7413             -0.10737668
900964371743.3754             -0.12383495
900965348838.0094             0.050516304
900966325932.6436             -0.058251638
900967303027.2776             0.04741752
900968280121.9116             0.276949
900969257216.5458             0.116824985
900970234311.1798             0.2735191
900971211405.8138             0.26739097
900972188500.4479             -0.01623593
900973165595.082              0.13637465
900974142689.7161             0.13645235
900975119784.3501             -0.013158953
900976096878.9841             -0.122324616
900977073973.6183             -0.029118098
900978051068.2523             0.13265577
900979028162.8864             0.13373916
900980005257.5205             0.0626279
900980982352.1545             -0.08874949
900981959446.7886             -0.31744307
900982936541.4226             -0.12745863
900983913636.0568             -0.10673762
900984890730.6908             0.07970533
900985867825.3248             0.32596564
900986844919.959              0.10319253
900987822014.593              0.06281194
900988799109.227              0.030790638
900989776203.8611             -0.19287245
900990753298.4952             -0.10808314
900991730393.1293             0.021289166
900992707487.7633             -0.041301087
900993684582.3973             -0.13653441
900994661677.0315             -0.117122926
900995638771.6655             0.1365942
900996615866.2996             -0.09606634
900997592960.9337             -0.18804543
900998570055.5677             0.09380703
900999547150.2018             0.15694468
901000524244.8358             -0.034679
901001501339.47               -0.19403505
901002478434.104              -0.06471955
901003455528.738              -0.07675112
901004432623.3721             0.040076055
901005409718.0062             -0.057619806
901006386812.6403             0.08825819
901007363907.2743             0.120156325
901008341001.9084             0.12613755
901009318096.5425             -0.0047722477
901010295191.1765             0.08248644
901011272285.8105             -0.077579096
901012249380.4447             -0.00082795863
901013226475.0787             0.07529113
901014203569.7128             0.09363508
901015180664.3469             0.009727902
901016157758.981              -0.2008186
901017134853.615              -0.113513686
901018111948.249              0.026454087
901019089042.8832             -0.01719429
901020066137.5172             -0.045996178
901021043232.1512             0.007734991
901022020326.7853             -0.033719093
901022997421.4194             -0.33986554
901023974516.0535             -0.075470895
901024951610.6875             -0.017942801
901025928705.3217             -0.080385506
901026905799.9557             -0.08123462
901027882894.5897             -0.073145464
901028859989.2238             0.01575346
901029837083.8579             -0.26636857
901030814178.492              0.16668037
901031791273.126              0.038963374
901032768367.7601             0.20139745
901033745462.3942             0.21086231
901034722557.0282             0.16268787
901035699651.6622             -0.006191114
901036676746.2964             -0.09935675
901037653840.9304             -0.034903184
901038630935.5645             -0.0795124
901039608030.1985             -0.049619455
901040585124.8326             -0.0034718656
901041562219.4667             -0.07448025
901042539314.1007             -0.06278485
901043516408.7349             -0.15094744
901044493503.3689             -0.108903475
901045470598.0029             0.14585504
901046447692.637              0.0014737129
901047424787.2711             0.0075978125
901048401881.9052             0.0044165994
901049378976.5392             -0.19826202
901050356071.1732             -0.060602225
901051333165.8074             -0.0063729417
901052310260.4414             0.053510334
901053287355.0754             -0.13806848
901054264449.7096             0.04693559
901055241544.3436             0.074070595
901056218638.9777             0.0038349626
901057195733.6117             0.03334984
901058172828.2458             0.17378931
901059149922.8799             0.078088805
901060127017.5139             0.042379133
901061104112.1481             -0.018764984
901062081206.7821             0.068203576
901063058301.4161             -0.12049336
901064035396.0502             -0.06469285
901065012490.6843             -0.15557273
901065989585.3184             -0.2236737
901066966679.9524             0.16503845
901067943774.5864             -0.037425485
901068920869.2206             -0.111385696
901069897963.8546             9.629847e-05
901070875058.4886             -0.1701044
901071852153.1228             -0.013059321
901072829247.7568             0.03666083
901073806342.3909             0.094976686
901074783437.0249             0.104530066
901075760531.659              0.058819626
901076737626.2931             -0.020195642
901077714720.9271             0.07787367
901078691815.5613             0.06336019
901079668910.1953             0.0861454
901080646004.8293             0.06849012
901081623099.4634             -0.19832997
901082600194.0975             0.09246038
901083577288.7316             -0.02205176
901084554383.3656             0.08353772
901085531477.9996             -0.1087119
901086508572.6338             -0.1157614
901087485667.2678             0.26645195
901088462761.9019             -0.0034601851
901089439856.536              -0.017673997
901090416951.17               0.1097447
901091394045.8041             0.06885244
901092371140.4381             0.1105463
901093348235.0723             0.061496954
901094325329.7063             0.028658725
901095302424.3403             0.004663395
901096279518.9744             -0.033156157
901097256613.6085             0.0043077655
901098233708.2426             0.057967793
901099210802.8766             -0.05247088
901100187897.5107             0.3007237
901101164992.1448             -0.05499534
901102142086.7788             0.14285123
901103119181.4128             0.10598536
901104096276.047              0.0028646942
901105073370.681              -0.048980486
901106050465.3151             -0.07802563
901107027559.9492             -0.10194345
901108004654.5833             -0.21292675
901108981749.2173             -0.14244878
901109958843.8513             0.035713945
901110935938.4855             -0.10812442
901111913033.1195             -0.29398727
901112890127.7535             -0.13153033
901113867222.3876             -0.04771238
901114844317.0217             0.0016661384
901115821411.6558             0.08477814
901116798506.2898             -0.038943052
901117775600.924              -0.00413609
901118752695.558              -0.07909119
901119729790.192              0.14184499
901120706884.826              0.01301953
901121683979.4602             0.058165465
901122661074.0942             -0.028418478
901123638168.7283             -0.08585943
901124615263.3623             0.13919872
901125592357.9965             -0.08323801
901126569452.6305             -0.09583842
901127546547.2645             -0.14186262
901128523641.8987             -0.0024463693
901129500736.5327             -0.0014086659
901130477831.1667             -0.05902594
901131454925.8008             -0.0098226415
901132432020.4349             -0.0756292
901133409115.069              -0.15190583
901134386209.703              -0.028853947
901135363304.3372             -0.20470564
901136340398.9712             -0.14853626
901137317493.6052             0.053336706
901138294588.2393             -0.3205129
901139271682.8734             -0.15421441
901140248777.5074             0.043550286
901141225872.1415             0.071111314
901142202966.7755             -0.06003075
901143180061.4097             -0.21252088
901144157156.0437             -0.27208355
901145134250.6777             0.018739322
901146111345.3119             0.0037209818
901147088439.9459             -0.0056451703
901148065534.58               0.015153474
901149042629.214              0.2156125
901150019723.8481             0.17676888
901150996818.4822             -0.028958235
901151973913.1162             -0.04670131
901152951007.7504             0.009399747
901153928102.3844             0.029798547
901154905197.0184             0.041167155
901155882291.6525             0.04485127
901156859386.2866             -0.055266697
901157836480.9207             -0.09253458
901158813575.5547             -0.046622753
901159790670.1887             -0.05007639
901160767764.8229             -0.12955943
901161744859.4569             -0.09780647
901162721954.091              -0.042732485
901163699048.7251             0.009815894
901164676143.3591             -0.09865534
901165653237.9932             0.07149396
901166630332.6272             0.04419726
901167607427.2614             0.04787439
901168584521.8954             -0.17721982
901169561616.5294             -0.09494342
901170538711.1635             0.046614457
901171515805.7976             0.09485037
901172492900.4316             0.0060885097
901173469995.0657             0.00034842273
901174447089.6998             0.09781649
901175424184.3339             -0.12778324
901176401278.9679             -0.059642013
901177378373.6019             -0.087286815
901178355468.2361             -0.08012479
901179332562.8701             0.11708788
901180309657.5042             0.025516843
901181286752.1383             -0.082374245
901182263846.7723             0.08399522
901183240941.4064             -0.06440611
901184218036.0404             -0.06662893
901185195130.6746             -0.109133266
901186172225.3086             -0.027220296
901187149319.9426             0.09991391
901188126414.5767             0.10985628
901189103509.2108             0.01821172
901190080603.8448             -0.11782525
901191057698.4789             -0.035127565
901192034793.113              0.044836883
901193011887.7471             0.051907465
901193988982.3811             0.22858052
901194966077.0151             0.14438269
901195943171.6493             0.11035193
901196920266.2833             -0.15509091
901197897360.9174             -0.0958125
901198874455.5515             0.13588424
901199851550.1855             -0.017472401
901200828644.8196             0.024047006
901201805739.4536             0.112376876
901202782834.0878             0.039248817
901203759928.7218             -0.03972023
901204737023.3558             0.13098985
901205714117.9899             0.13180338
901206691212.624              0.1650326
901207668307.258              0.26177943
901208645401.8921             0.06884087
901209622496.5262             -0.0056332345
901210599591.1603             0.010805357
901211576685.7943             -0.040858317
901212553780.4283             0.047786314
901213530875.0625             0.23400033
901214507969.6965             0.027410947
901215485064.3306             -0.0369321
901216462158.9646             -0.058615614
901217439253.5988             -0.0002770942
901218416348.2328             0.059908114
901219393442.8668             0.078265175
901220370537.501              0.01014232
901221347632.135              0.08229604
901222324726.769              0.057817563
901223301821.4031             0.21007308
901224278916.0372             0.0002858864
901225256010.6713             -0.01682714
901226233105.3053             -0.071865
901227210199.9395             -0.032249633
901228187294.5735             -0.20689294
901229164389.2075             -0.095902964
901230141483.8416             -0.056640428
901231118578.4757             -0.19490695
901232095673.1097             -0.21643396
901233072767.7438             -0.22551845
901234049862.3778             0.04088235
901235026957.012              0.24483052
901236004051.646              0.07978966
901236981146.28               0.0009533432
901237958240.9142             -0.03136641
901238935335.5482             -0.075942695
901239912430.1823             0.19283046
901240889524.8163             0.15305793
901241866619.4504             0.009958781
901242843714.0845             -0.117908135
901243820808.7185             -0.06993136
901244797903.3527             0.107563354
901245774997.9867             0.04305626
901246752092.6207             -0.12607262
901247729187.2548             -0.14466342
901248706281.8889             -0.06462752
901249683376.523              -0.029134216
901250660471.157              -0.043632314
901251637565.791              0.085334346
901252614660.4252             0.10758268
901253591755.0592             0.31847054
901254568849.6932             -0.038957197
901255545944.3274             -0.006416369
901256523038.9614             -0.015903581
901257500133.5955             -0.08964768
901258477228.2295             -0.102302544
901259454322.8636             -0.2744016
901260431417.4977             -0.08980334
901261408512.1317             0.10789232
901262385606.7657             -0.02660971
901263362701.3999             -0.2595732
901264339796.0339             0.09384646
901265316890.668              0.13689663
901266293985.3021             0.17919855
901267271079.9362             0.02521858
901268248174.5702             -0.0667608
901269225269.2042             0.11798434
901270202363.8384             0.123051666
901271179458.4724             0.31685254
901272156553.1064             0.2755804
901273133647.7406             0.06326646
901274110742.3746             -0.038633358
901275087837.0087             0.1065333
901276064931.6427             0.052943043
901277042026.2769             0.020586453
901278019120.9109             0.16830686
901278996215.5449             -0.022071775
901279973310.179              -0.18142729
901280950404.8131             0.066424794
901281927499.4471             0.08553977
901282904594.0812             0.0033680834
901283881688.7153             0.029853074
901284858783.3494             -0.006508234
901285835877.9834             -0.012362968
901286812972.6174             -0.035018608
901287790067.2516             0.1673598
901288767161.8856             0.15146613
901289744256.5197             0.045662675
901290721351.1537             0.31976217
901291698445.7878             0.09585071
901292675540.4219             -0.15640311
901293652635.0559             -0.11294514
901294629729.6901             0.055563636
901295606824.3241             -0.018043077
901296583918.9581             -0.09957982
901297561013.5922             -0.27799103
901298538108.2263             -0.070549436
901299515202.8604             0.08697682
901300492297.4944             -0.121801734
901301469392.1285             -0.37081897
901302446486.7626             -0.11463878
901303423581.3966             -0.004164843
901304400676.0306             -0.0055199224
901305377770.6648             0.11785453
901306354865.2988             0.18804476
901307331959.9329             0.11232387
901308309054.5669             0.10988138
901309286149.201              -0.028893337
901310263243.8351             0.03390844
901311240338.4691             0.025247658
901312217433.1033             -0.089790806
901313194527.7373             -0.09993708
901314171622.3713             0.05801323
901315148717.0054             0.06625299
901316125811.6395             -0.14279342
901317102906.2736             0.08545653
901318080000.9076             0.124128245
901319057095.5417             -0.25142196
901320034190.1758             0.06415066
901321011284.8098             -0.018738091
901321988379.4438             0.023341479
901322965474.078              -0.06949143
901323942568.712              -0.09866096
901324919663.3461             -0.010221395
901325896757.9801             0.05838144
901326873852.6143             -0.008655805
901327850947.2483             -0.16317266
901328828041.8823             0.031168105
901329805136.5165             0.05532244
901330782231.1505             0.14703275
901331759325.7845             0.04278119
901332736420.4186             -0.16849552
901333713515.0527             -0.16003044
901334690609.6868             -0.050837737
901335667704.3208             0.059911143
901336644798.9548             -0.040838238
901337621893.589              0.21209717
901338598988.223              0.20136659
901339576082.857              -0.09528768
901340553177.4912             0.08729396
901341530272.1252             0.054726988
901342507366.7593             0.15978648
901343484461.3933             0.14952661
901344461556.0275             0.12203042
901345438650.6615             -0.091718614
901346415745.2955             -0.036119662
901347392839.9297             0.20498507
901348369934.5637             0.115158446
901349347029.1978             0.2387536
901350324123.8318             0.13397141
901351301218.466              0.17550826
901352278313.1                0.15219708
901353255407.734              -0.087142326
901354232502.368              0.07416761
901355209597.0022             -0.095246345
901356186691.6362             -0.11284389
901357163786.2703             -0.20831652
901358140880.9044             -0.13379703
901359117975.5385             -0.12786452
901360095070.1725             0.10864427
901361072164.8065             0.05393926
901362049259.4407             0.016133908
901363026354.0747             0.031091604
901364003448.7087             -0.101140775
901364980543.3429             0.056726575
901365957637.9769             -0.034839004
901366934732.611              -0.13126935
901367911827.245              -0.059794232
901368888921.8792             -0.23434907
901369866016.5132             -0.22240429
901370843111.1472             -0.084424354
901371820205.7812             0.06267223
901372797300.4154             0.066144586
901373774395.0494             -0.1956381
901374751489.6835             -0.016357722
901375728584.3176             0.27772287
901376705678.9517             0.06599654
901377682773.5857             0.050896518
901378659868.2197             -0.12788565
901379636962.8539             -0.036083188
901380614057.4879             -0.11700736
901381591152.122              0.06132506
901382568246.756              -0.08307995
901383545341.3901             0.10708931
901384522436.0242             0.07845485
901385499530.6582             -0.071432844
901386476625.2924             0.076915786
901387453719.9264             0.120972514
901388430814.5604             -0.13594939
901389407909.1945             -0.13746962
901390385003.8286             0.048214793
901391362098.4626             0.07166368
901392339193.0967             0.07151188
901393316287.7308             0.03841907
901394293382.3649             0.10459796
901395270476.9989             0.03662576
901396247571.6329             0.30271932
901397224666.2671             -0.05190582
901398201760.9011             0.05382534
901399178855.5352             -0.089624465
901400155950.1692             -0.041092735
901401133044.8033             0.033430338
901402110139.4374             -0.0535522
901403087234.0714             0.084692284
901404064328.7056             -0.013459505
901405041423.3396             0.07128829
901406018517.9736             0.055613827
901406995612.6077             0.34237996
901407972707.2418             0.10839079
901408949801.8759             0.018107371
901409926896.5099             -0.061458327
901410903991.144              0.08755128
901411881085.7781             0.041055318
901412858180.4121             -0.03689069
901413835275.0461             -0.16889638
901414812369.6803             -0.037215415
901415789464.3143             0.07015709
901416766558.9484             0.08563903
901417743653.5824             -0.12121628
901418720748.2166             0.03990357
901419697842.8506             0.111278884
901420674937.4846             0.022227563
901421652032.1188             0.0760283
901422629126.7528             0.015722232
901423606221.3868             -0.21463485
901424583316.0209             -0.04494171
901425560410.655              -0.004540666
901426537505.2891             0.015890071
901427514599.9231             -0.053060863
901428491694.5571             0.0785461
901429468789.1913             0.03063055
901430445883.8253             -0.1533265
901431422978.4594             -0.16550362
901432400073.0935             -0.04549223
901433377167.7275             0.01795558
901434354262.3616             0.019637432
901435331356.9956             0.0035214124
901436308451.6298             -0.1316953
901437285546.2638             -0.037838403
901438262640.8978             0.13175033
901439239735.532              -0.11140237
901440216830.166              -0.0066947923
901441193924.8                0.07773501
901442171019.4341             -0.030316785
901443148114.0682             0.07807858
901444125208.7023             0.09330743
901445102303.3363             0.17809942
901446079397.9703             0.02150215
901447056492.6045             0.17202532
901448033587.2385             0.14143567
901449010681.8726             0.21680018
901449987776.5067             0.103450134
901450964871.1407             -0.22352484
901451941965.7748             -0.073684536
901452919060.4088             -0.24097493
901453896155.043              -0.14094254
901454873249.677              -0.055889077
901455850344.311              -0.06422499
901456827438.9451             -0.16398208
901457804533.5792             -0.10142262
901458781628.2133             0.18325709
901459758722.8473             -0.02461354
901460735817.4814             0.052347243
901461712912.1155             -0.02316855
901462690006.7495             -0.00043249392
901463667101.3835             0.14483498
901464644196.0177             -0.04344106
901465621290.6517             -0.035838902
901466598385.2858             0.1066309
901467575479.9199             0.04100599
901468552574.554              -0.03875971
901469529669.188              0.15939459
901470506763.822              0.04508081
901471483858.4562             0.07321122
901472460953.0902             0.08390642
901473438047.7242             0.005196466
901474415142.3583             -0.016462455
901475392236.9924             0.14088427
901476369331.6265             0.2526169
901477346426.2605             0.08823172
901478323520.8947             0.012460435
901479300615.5287             0.027357873
901480277710.1627             -0.06334722
901481254804.7968             -0.10996317
901482231899.4309             -0.027977157
901483208994.065              0.3095675
901484186088.699              -0.12325885
901485163183.3331             -0.10852678
901486140277.9672             -0.08579757
901487117372.6012             -0.16539642
901488094467.2352             0.046292633
901489071561.8694             0.12011063
901490048656.5034             -0.0040411367
901491025751.1375             0.062475674
901492002845.7715             0.20151062
901492979940.4056             0.109664276
901493957035.0397             -0.084706925
901494934129.6737             -0.026940005
901495911224.3079             0.23376273
901496888318.9419             0.08579811
901497865413.5759             0.049194973
901498842508.21               -0.042603355
901499819602.8441             -0.116722636
901500796697.4781             -0.054759778
901501773792.1122             0.09442218
901502750886.7462             0.09824802
901503727981.3804             -0.04183839
901504705076.0144             -0.09900664
901505682170.6484             0.09330546
901506659265.2826             0.09655983
901507636359.9166             0.026110789
901508613454.5507             -0.045654953
901509590549.1847             -0.14686127
901510567643.8188             -0.03774524
901511544738.4529             0.07320743
901512521833.0869             0.1250386
901513498927.7211             0.035072636
901514476022.3551             0.0077070515
901515453116.9891             0.11518022
901516430211.6232             -0.053935766
901517407306.2573             -0.1458881
901518384400.8914             0.16007611
901519361495.5254             -0.025914738
901520338590.1594             -0.013380381
901521315684.7936             0.16055408
901522292779.4276             -0.05012494
901523269874.0616             -0.0016393962
901524246968.6958             -0.056091826
901525224063.3298             0.07850164
901526201157.9639             0.27053133
901527178252.5979             -0.027855434
901528155347.232              -0.14952415
901529132441.8661             -0.095755726
901530109536.5001             -0.0069596926
901531086631.1343             0.25669178
901532063725.7683             0.17559166
901533040820.4023             0.046826296
901534017915.0364             0.046164878
901534995009.6705             -0.18088198
901535972104.3046             0.009907791
901536949198.9386             0.0064331703
901537926293.5726             0.03436441
901538903388.2068             0.026412426
901539880482.8408             0.0053756237
901540857577.4749             -0.045761187
901541834672.109              0.00632438
901542811766.743              -0.11244267
901543788861.3771             0.05147344
901544765956.0111             -0.037474643
901545743050.6453             0.14224486
901546720145.2793             0.03388106
901547697239.9133             0.009871074
901548674334.5474             -0.010690853
901549651429.1815             0.005635795
901550628523.8156             0.22887704
901551605618.4496             0.16414043
901552582713.0837             0.0680084
901553559807.7178             0.099518575
901554536902.3518             0.058052365
901555513996.9858             -0.14546989
901556491091.62               -0.12360501
901557468186.254              -0.034629896
901558445280.8881             0.17382516
901559422375.5222             -0.0972438
901560399470.1562             -0.13909684
901561376564.7903             0.1602597
901562353659.4243             0.09143372
901563330754.0585             0.03306549
901564307848.6925             0.18244545
901565284943.3265             0.15011503
901566262037.9606             0.07361059
901567239132.5947             -0.115617625
901568216227.2288             -0.04153502
901569193321.8628             0.10131647
901570170416.497              0.03713126
901571147511.131              0.019412607
901572124605.765              0.023942407
901573101700.399              0.018391047
901574078795.0332             -0.100342974
901575055889.6672             -0.15839018
901576032984.3013             -0.13927495
901577010078.9354             0.10213247
901577987173.5695             -0.10973878
901578964268.2035             -0.1008133
901579941362.8375             0.021235202
901580918457.4717             0.10093413
901581895552.1057             -0.025839264
901582872646.7397             -0.18820553
901583849741.3738             0.03854509
901584826836.0079             0.050311197
901585803930.642              0.17570356
901586781025.276              -0.08027049
901587758119.9102             -0.105743416
901588735214.5442             -0.06908287
901589712309.1782             -0.13204171
901590689403.8123             -0.0049126265
901591666498.4464             0.04587014
901592643593.0804             0.1604514
901593620687.7145             -0.02198683
901594597782.3485             -0.15808989
901595574876.9827             0.16610014
901596551971.6167             -0.008985166
901597529066.2507             -0.13441467
901598506160.8849             -0.023487113
901599483255.5189             0.11613721
901600460350.153              -0.04933672
901601437444.787              -0.093836024
901602414539.4211             -0.10839207
901603391634.0552             -0.095236704
901604368728.6892             -0.048556734
901605345823.3234             0.07177924
901606322917.9574             0.20420948
901607300012.5914             0.22139293
901608277107.2255             -0.07219855
901609254201.8596             -0.05605932
901610231296.4937             0.17922606
901611208391.1277             -0.03311306
901612185485.7617             -0.05970001
901613162580.3959             -0.18245625
901614139675.0299             -0.1321543
901615116769.664              -0.057479214
901616093864.2981             0.008428505
901617070958.9321             0.0865993
901618048053.5662             -0.046495534
901619025148.2002             -0.021617256
901620002242.8344             -0.3209657
901620979337.4684             -0.09582139
901621956432.1024             0.03748104
901622933526.7365             0.035498004
901623910621.3706             0.2999275
901624887716.0046             0.043251537
901625864810.6387             -0.043671776
901626841905.2728             -0.0012347058
901627818999.9069             -0.06514495
901628796094.5409             0.0395348
901629773189.1749             0.14120321
901630750283.8091             -0.3176488
901631727378.4431             -0.22008118
901632704473.0771             0.05041027
901633681567.7113             0.027888844
901634658662.3453             0.12671894
901635635756.9794             -0.10134361
901636612851.6134             0.031709205
901637589946.2476             -0.07387731
901638567040.8816             -0.00012906463
901639544135.5156             -0.042897884
901640521230.1497             -0.18859151
901641498324.7838             -0.0913249
901642475419.4178             0.03195883
901643452514.0519             0.09807501
901644429608.686              -0.14597549
901645406703.3201             -0.0979334
901646383797.9541             -0.17796266
901647360892.5881             -0.09102629
901648337987.2223             0.10975752
901649315081.8563             -0.043564055
901650292176.4904             0.11711393
901651269271.1245             0.1837048
901652246365.7585             0.017234636
901653223460.3926             -0.039656114
901654200555.0266             0.08161939
901655177649.6608             -0.08060642
901656154744.2948             -0.1972132
901657131838.9288             -0.18287353
901658108933.5629             0.027734442
901659086028.197              0.1363106
901660063122.831              -0.082232684
901661040217.4651             -0.0077782054
901662017312.0992             0.004938029
901662994406.7333             -0.10176764
901663971501.3673             -0.2401884
901664948596.0013             -0.016470997
901665925690.6355             0.10772216
901666902785.2695             0.047713406
901667879879.9036             -0.101874225
901668856974.5376             0.073868155
901669834069.1718             0.08465087
901670811163.8058             0.19185267
901671788258.4398             0.081473015
901672765353.074              0.021045119
901673742447.708              0.1676532
901674719542.342              -0.031080917
901675696636.9761             0.005701874
901676673731.6102             0.31545672
901677650826.2443             0.3237493
901678627920.8783             0.022300592
901679605015.5125             0.108829774
901680582110.1465             0.07730396
901681559204.7805             -0.006749122
901682536299.4146             -0.034056276
901683513394.0487             -0.071745045
901684490488.6827             -0.11585162
901685467583.3168             -0.0884524
901686444677.9508             0.08143466
901687421772.585              0.08188697
901688398867.219              0.051772818
901689375961.853              0.18936783
901690353056.4872             -0.0036493188
901691330151.1212             0.0049515516
901692307245.7552             -0.14452113
901693284340.3893             -0.23810163
901694261435.0234             -0.028125517
901695238529.6575             -0.17551707
901696215624.2915             -0.047605503
901697192718.9257             0.037097365
901698169813.5597             -0.05946758
901699146908.1937             -0.012890424
901700124002.8278             0.08508539
901701101097.4619             -0.00052582595
901702078192.096              -0.060050126
901703055286.73               -0.010054543
901704032381.364              -0.057358276
901705009475.9982             0.034594376
901705986570.6322             -0.036853567
901706963665.2662             0.087286
901707940759.9004             0.08563271
901708917854.5344             0.076698065
901709894949.1685             -0.068629116
901710872043.8025             0.02479554
901711849138.4366             -0.04405368
901712826233.0707             -0.016256329
901713803327.7047             0.0304489
901714780422.3387             -0.04653685
901715757516.9729             -0.0005721472
901716734611.6069             0.074037984
901717711706.241              -0.005061452
901718688800.8751             -0.30361527
901719665895.5092             -0.029253535
901720642990.1432             -0.21418233
901721620084.7772             0.005350188
901722597179.4114             0.06171479
901723574274.0454             0.1336168
901724551368.6794             -0.04119147
901725528463.3136             -0.0086384
901726505557.9476             -0.066000134
901727482652.5817             0.017810997
901728459747.2157             -0.017095702
901729436841.8499             0.12367517
901730413936.4839             -0.10882039
901731391031.1179             0.05813089
901732368125.752              -0.113550216
901733345220.3861             0.046634767
901734322315.0201             -0.02984511
901735299409.6542             -0.033104926
901736276504.2883             -0.020368846
901737253598.9224             -0.011386803
901738230693.5564             0.049259465
901739207788.1904             -0.025536021
901740184882.8246             0.026883485
901741161977.4586             -0.08110154
901742139072.0927             0.2484596
901743116166.7268             0.25454792
901744093261.3608             0.1045585
901745070355.9949             -0.21553686
901746047450.6289             -0.0077310028
901747024545.2631             -0.055366673
901748001639.8971             -0.1599734
901748978734.5311             0.009059546
901749955829.1652             0.09137127
901750932923.7993             0.07382708
901751910018.4333             0.049542185
901752887113.0674             0.2850281
901753864207.7015             0.1584187
901754841302.3356             -0.004552339
901755818396.9696             0.24075888
901756795491.6036             -0.103069395
901757772586.2378             0.0019470475
901758749680.8718             0.101423614
901759726775.5059             -0.07013699
901760703870.1399             0.03891369
901761680964.774              -0.06345999
901762658059.4081             -0.061041217
901763635154.0421             -0.014989925
901764612248.6763             -0.13216278
901765589343.3103             -0.16327931
901766566437.9443             -0.061377
901767543532.5784             -0.11056835
901768520627.2125             -0.15085484
901769497721.8466             0.0696546
901770474816.4806             0.14081
901771451911.1147             -0.19801813
901772429005.7488             -0.17291413
901773406100.3828             0.16050282
901774383195.0168             0.21426715
901775360289.651              0.026949171
901776337384.285              0.10237612
901777314478.9191             0.19213697
901778291573.5531             -0.15849134
901779268668.1873             -0.09158786
901780245762.8213             -0.051660623
901781222857.4553             -0.09129685
901782199952.0895             0.07594877
901783177046.7235             0.072120324
901784154141.3575             -0.048767332
901785131235.9916             0.011420407
901786108330.6257             -0.084494025
901787085425.2598             -0.20627561
901788062519.8938             0.07892397
901789039614.5278             -0.06644786
901790016709.162              -0.06380344
901790993803.796              -0.076425
901791970898.43               -0.14995319
901792947993.0642             0.14037354
901793925087.6982             0.2954974
901794902182.3323             -0.0087752
901795879276.9663             0.061487347
901796856371.6005             -0.040702272
901797833466.2345             -0.17792374
901798810560.8685             -0.11111187
901799787655.5027             -0.03639008
901800764750.1367             -0.04661096
901801741844.7708             -0.12635712
901802718939.4048             -0.083900265
901803696034.039              0.05543576
901804673128.673              -0.05163943
901805650223.307              0.01376717
901806627317.941              -0.09534084
901807604412.5752             -0.13803077
901808581507.2092             -0.06516628
901809558601.8433             0.11405162
901810535696.4774             0.2202282
901811512791.1115             0.04387288
901812489885.7455             -0.11701212
901813466980.3795             -0.21768121
901814444075.0137             0.054872025
901815421169.6477             -0.15328325
901816398264.2817             -0.005196489
901817375358.9159             0.03532086
901818352453.5499             0.07438646
901819329548.184              0.12400235
901820306642.818              -0.016624842
901821283737.4521             0.23226215
901822260832.0862             0.0025381483
901823237926.7202             -0.0010614693
901824215021.3542             0.20691729
901825192115.9884             0.22888006
901826169210.6224             0.008541946
901827146305.2565             -0.017772986
901828123399.8906             -0.047021557
901829100494.5247             -0.16896458
901830077589.1587             -0.23670472
901831054683.7927             -0.049222022
901832031778.4269             -0.038101718
901833008873.0609             0.009045326
901833985967.695              -0.23241387
901834963062.329              -0.13688913
901835940156.9631             0.1313243
901836917251.5972             0.23497601
901837894346.2312             0.008683006
901838871440.8654             0.011493732
901839848535.4994             0.033992413
901840825630.1334             -0.0937423
901841802724.7675             0.18158329
901842779819.4016             0.02035588
901843756914.0356             -0.07614395
901844734008.6697             -0.101782165
901845711103.3038             -0.12196528
901846688197.9379             -0.06244529
901847665292.5719             0.086502925
901848642387.2059             0.023630261
901849619481.8401             0.027234823
901850596576.4741             -0.011288275
901851573671.1082             0.08903171
901852550765.7422             0.18099006
901853527860.3763             -0.23641892
901854504955.0104             0.021580039
901855482049.6444             0.04844025
901856459144.2786             -0.058571022
901857436238.9126             -0.047857974
901858413333.5466             -0.08162025
901859390428.1807             -0.14694387
901860367522.8148             -0.21098754
901861344617.4489             -0.046291098
901862321712.0829             0.26000634
901863298806.717              0.12159143
901864275901.3511             -0.11744621
901865252995.9851             -0.039317835
901866230090.6191             -0.13069934
901867207185.2533             0.05235448
901868184279.8873             -0.019786393
901869161374.5214             -0.16759056
901870138469.1554             -0.12590893
901871115563.7896             -0.1705046
901872092658.4236             -0.16265993
901873069753.0576             -0.08973217
901874046847.6918             0.07594701
901875023942.3258             0.12563287
901876001036.9598             0.16396637
901876978131.5939             -0.022005845
901877955226.228              0.017559942
901878932320.862              -0.045395818
901879909415.4961             0.07325748
901880886510.1301             -0.008042567
901881863604.7643             -0.06224065
901882840699.3983             -0.021572448
901883817794.0323             0.05646954
901884794888.6665             0.07011822
901885771983.3005             0.21033485
901886749077.9346             0.069460794
901887726172.5686             -0.10513397
901888703267.2028             0.18129794
901889680361.8368             0.1475002
901890657456.4708             0.14583133
901891634551.105              0.15468901
901892611645.739              0.0628086
901893588740.373              -0.048937395
901894565835.0071             -0.034713868
901895542929.6412             -0.07502804
901896520024.2753             -0.07922761
901897497118.9093             0.03708644
901898474213.5433             0.015904026
901899451308.1775             0.054040127
901900428402.8115             0.011090217
901901405497.4456             0.034894332
901902382592.0797             0.10680928
901903359686.7137             -0.0011108933
901904336781.3478             -0.1744372
901905313875.9818             -0.21288237
901906290970.616              -0.11557541
901907268065.25               -0.101311594
901908245159.884              -0.23797677
901909222254.5182             -0.26510108
901910199349.1522             0.21351358
901911176443.7863             0.3799946
901912153538.4203             0.14037153
901913130633.0544             0.03413729
901914107727.6885             -0.030230947
901915084822.3225             0.07692016
901916061916.9565             0.21486121
901917039011.5907             0.05028649
901918016106.2247             -0.019003343
901918993200.8588             -0.027703086
901919970295.4929             -0.12659824
901920947390.127              -0.19257729
901921924484.761              -0.03722935
901922901579.395              0.09350201
901923878674.0292             0.11787473
901924855768.6632             -0.05924667
901925832863.2972             -0.040761378
901926809957.9313             0.04933344
901927787052.5654             0.065245666
901928764147.1995             -0.020403452
901929741241.8335             0.1349348
901930718336.4677             -0.0068911533
901931695431.1017             -0.17037663
901932672525.7357             0.011424224
901933649620.3698             0.12933277
901934626715.0039             -0.13187422
901935603809.638              -0.089985795
901936580904.272              -0.1215059
901937557998.9061             0.09801714
901938535093.5402             0.19981307
901939512188.1742             0.019006247
901940489282.8082             -0.11317847
901941466377.4424             -0.018758267
901942443472.0764             -0.037079494
901943420566.7104             0.073521875
901944397661.3445             0.12332507
901945374755.9786             0.21809755
901946351850.6127             0.07501139
901947328945.2467             -0.28913242
901948306039.8809             -0.239754
901949283134.5149             0.22035874
901950260229.1489             0.09778912
901951237323.783              0.078072086
901952214418.4171             0.06329902
901953191513.0511             -0.0045551606
901954168607.6852             -0.01814647
901955145702.3193             0.032784235
901956122796.9534             -0.06747523
901957099891.5874             0.1375322
901958076986.2214             0.049366824
901959054080.8556             0.16051592
901960031175.4896             -0.13747999
901961008270.1237             -0.038248032
901961985364.7577             -0.052536335
901962962459.3918             0.097073816
901963939554.0259             0.062072974
901964916648.6599             -0.018863996
901965893743.2941             -0.16689664
901966870837.9281             0.0865271
901967847932.5621             -0.16902769
901968825027.1962             0.033623613
901969802121.8303             0.20220317
901970779216.4644             -0.031751707
901971756311.0984             0.056519743
901972733405.7324             -0.082850344
901973710500.3666             -0.0046950816
901974687595.0006             -0.10335694
901975664689.6346             0.046902318
901976641784.2688             0.15212096
901977618878.9028             0.00801828
901978595973.5369             0.05203415
901979573068.1709             0.12659995
901980550162.805              0.024122156
901981527257.4391             -0.09148974
901982504352.0731             -0.03861796
901983481446.7073             -0.06557701
901984458541.3413             -0.007238663
901985435635.9753             0.02732721
901986412730.6094             0.107327685
901987389825.2435             0.031566367
901988366919.8776             -0.066562094
901989344014.5116             0.042741712
901990321109.1456             0.05777131
901991298203.7798             -0.13896252
901992275298.4138             0.005136441
901993252393.0479             -0.13555092
901994229487.682              -0.075738385
901995206582.316              0.087193675
901996183676.9501             0.027129527
901997160771.5841             0.05671661
901998137866.2183             0.11978741
901999114960.8523             0.08776855
902000092055.4863             0.1899615
902001069150.1204             0.10053107
902002046244.7545             -0.00879341
902003023339.3885             -0.21581945
902004000434.0226             -0.21930753
902004977528.6567             -0.0473111
902005954623.2908             0.005246988
902006931717.9248             0.013159394
902007908812.5588             0.15427507
902008885907.193              0.21884766
902009863001.827              -0.056083973
902010840096.461              -0.13403086
902011817191.0952             0.07962611
902012794285.7292             -0.06459498
902013771380.3633             0.04351422
902014748474.9973             -0.117391996
902015725569.6315             -0.19950865
902016702664.2655             -0.14775552
902017679758.8995             -0.1953463
902018656853.5336             0.0019409356
902019633948.1677             0.07973823
902020611042.8018             0.10183668
902021588137.4358             0.1542146
902022565232.07               -0.11315342
902023542326.704              0.03910395
902024519421.338              -0.067408994
902025496515.972              -0.05315879
902026473610.6062             0.00070715323
902027450705.2402             -0.16599192
902028427799.8743             -0.05509035
902029404894.5084             0.15495995
902030381989.1425             0.0812996
902031359083.7765             0.041196663
902032336178.4105             -0.08334084
902033313273.0447             0.039826375
902034290367.6787             0.13185878
902035267462.3127             -0.02565912
902036244556.9468             -0.0509535
902037221651.5809             -0.008117286
902038198746.215              0.050786123
902039175840.849              0.05803064
902040152935.4832             -0.037244625
902041130030.1172             -0.12588307
902042107124.7512             0.04300632
902043084219.3853             -0.26018718
902044061314.0194             -0.17337564
902045038408.6534             -0.19721776
902046015503.2875             0.13138214
902046992597.9215             0.03749829
902047969692.5557             0.08475742
902048946787.1897             0.057918705
902049923881.8237             -0.0019596666
902050900976.4579             0.16423129
902051878071.0919             0.25739002
902052855165.726              0.17707275
902053832260.36               -0.24876648
902054809354.9941             -0.03068943
902055786449.6282             0.029215006
902056763544.2622             0.012383461
902057740638.8964             0.093058854
902058717733.5304             -0.021466317
902059694828.1644             -0.101350084
902060671922.7985             0.08418093
902061649017.4326             0.12096885
902062626112.0667             0.17751497
902063603206.7007             0.0051457803
902064580301.3347             -0.18366574
902065557395.9689             -0.09890865
902066534490.6029             0.004703554
902067511585.2369             0.10124368
902068488679.8711             0.15699063
902069465774.5051             0.04421088
902070442869.1392             -0.16407454
902071419963.7732             -0.14778757
902072397058.4073             -0.15559386
902073374153.0414             0.122344464
902074351247.6754             -0.20216621
902075328342.3096             -0.09986503
902076305436.9436             -0.0397736
902077282531.5776             -0.11313323
902078259626.2117             0.06929445
902079236720.8458             0.053179897
902080213815.4799             -0.008012429
902081190910.1139             -0.012977539
902081207130.8                0.114859596
902082168004.7479             0.15413584
902082184225.8                0.09699786
902083145099.3821             0.14801699
902083161320.8                -0.058632962
902084122194.0161             -0.058405466
902084138415.7999             0.018091451
902085099288.6501             0.060115647
902085115510.7999             0.15930277
902086076383.2843             0.21268645
902086092605.7999             0.07048495
902087053477.9183             0.12051426
902087069700.7999             -0.03557044
902088030572.5524             -0.07062929
902088046795.7999             0.022777
902089007667.1864             0.12396169
902089023890.7999             -0.1776531
902089984761.8206             -0.08191213
902090000985.7998             -0.20546237
902090961856.4546             -0.16174398
902090978080.7998             0.13687818
902091938951.0886             0.17708097
902091955175.7998             0.13846672
902092916045.7227             0.08721065
902092932270.7998             -0.05546402
902093893140.3568             -0.090432465
902093909365.7998             -0.071380995
902094870234.9908             -0.11331177
902094886460.7998             -0.02796125
902095847329.6249             0.05153056
902095863555.7997             0.0067561367
902096824424.259              0.10454146
902096840650.7997             0.026586883
902097801518.8931             -0.003762746
902097817745.7997             -0.10166517
902098778613.5271             -0.3029289
902098794840.7997             0.096375115
902099755708.1611             0.01823006
902099771935.7997             -0.03602915
902100732802.7953             -0.05913954
902100749030.7997             -0.15173034
902101709897.4293             -0.18573104
902101726125.7996             -0.3153738
902102686992.0634             -0.1284374
902102703220.7996             -0.032819793
902103664086.6975             0.010355533
902103680315.7996             -0.112997115
902104641181.3315             -0.12702344
902104657410.7996             -0.116974786
902105618275.9656             -0.07212481
902105634505.7996             -0.055404536
902106595370.5996             -0.0758902
902106611600.7996             -0.037356522
902107572465.2338             -0.1834027
902107588695.7994             -0.18292755
902108549559.8678             -0.14768569
902108565790.7994             -0.29095593
902109526654.5018             -0.0884044
902109542885.7994             -0.11619472
902110503749.1359             -0.07892682
902110519980.7994             0.055513576
902111480843.77               -0.14809233
902111497075.7994             0.27512285
902112457938.404              0.15875907
902112474170.7993             0.13867441
902113435033.0381             0.104782864
902113451265.7993             -0.10042689
902114412127.6722             0.08189242
902114428360.7993             -0.23567992
902115389222.3063             -0.26657256
902115405455.7993             -0.113894664
902116366316.9403             -0.05512634
902116382550.7993             0.06213102
902117343411.5743             0.15462708
902117359645.7993             -0.02883953
902118320506.2085             -0.11749364
902118336740.7992             -0.065239415
902119297600.8425             -0.16512862
902119313835.7992             -0.092819944
902120274695.4766             -0.112273276
902120290930.7992             -0.05974504
902121251790.1106             -0.15957318
902121268025.7992             0.057952784
902122228884.7448             0.0010387581
902122245120.7992             -0.16716935
902123205979.3788             -0.097448625
902123222215.7992             -0.017272925
902124183074.0128             -0.13815328
902124199310.7991             -0.032374937
902125160168.647              -0.22040568
902125176405.7991             0.0834402
902126137263.281              -0.03471188
902126153500.7991             0.2320892
902127114357.915              0.1409081
902127130595.7991             -0.08832109
902128091452.5491             0.07289475
902128107690.7991             0.16826096
902129068547.1832             0.19416277
902129084785.7991             0.014303655
902130045641.8173             0.049210306
902130061880.799              -0.083898425
902131022736.4513             0.005116962
902131038975.799              0.07221952
902131999831.0854             0.12789786
902132016070.799              0.23093706
902132976925.7195             0.18056661
902132993165.799              0.077269986
902133954020.3535             0.016798759
902133970260.799              0.05616852
902134931114.9875             0.039525494
902134947355.799              -0.018381523
902135908209.6217             0.020732896
902135924450.7988             -0.10210271
902136885304.2557             -0.21690756
902136901545.7988             0.09139702
902137862398.8898             -0.0030813524
902137878640.7988             0.030931396
902138839493.5238             -0.12207546
902138855735.7988             -0.007634962
902139816588.158              -0.094074845
902139832830.7988             -0.21388586
902140793682.792              -0.1905867
902140809925.7987             -0.44375023
902141770777.426              -0.29302076
902141787020.7987             -0.15555073
902142747872.0602             0.0072680204
902142764115.7987             -0.051424313
902143724966.6942             -0.031212427
902143741210.7987             -0.109757565
902144702061.3282             0.012287376
902144718305.7987             0.0790695
902145679155.9623             0.1062151
902145695400.7987             -0.06398435
902146656250.5964             0.031507377
902146672495.7986             -0.27020162
902147633345.2305             -0.2500055
902147649590.7986             -0.13914208
902148610439.8645             -0.18478642
902148626685.7986             0.048092373
902149587534.4987             -0.016120331
902149603780.7986             0.008824414
902150564629.1327             -0.09769909
902150580875.7986             -0.17253831
902151541723.7667             -0.25039822
902151557970.7986             0.11949518
902152518818.4008             0.07805083
902152535065.7985             0.37272727
902153495913.0349             0.36133763
902153512160.7985             0.16930951
902154473007.669              0.1206927
902154489255.7985             0.06452588
902155450102.303              -0.14328665
902155466350.7985             0.015053968
902156427196.937              -0.2047167
902156443445.7985             0.002927284
902157404291.5712             -0.14161247
902157420540.7985             -0.14282994
902158381386.2052             -0.11499072
902158397635.7983             0.11471715
902159358480.8392             0.0436027
902159374730.7983             0.121379144
902160335575.4734             0.091440514
902160351825.7983             -0.047780298
902161312670.1074             -0.2411
902161328920.7983             -0.20712101
902162289764.7415             -0.20262964
902162306015.7983             -0.107805
902163266859.3755             -0.081211224
902163283110.7983             -0.017401025
902164243954.0096             -0.053057477
902164260205.7982             0.21795307
902165221048.6437             0.14909866
902165237300.7982             0.1309817
902166198143.2777             -0.016115315
902166214395.7982             0.13564321
902167175237.9117             -0.057085708
902167191490.7982             0.19205914
902168152332.5459             0.1259496
902168168585.7982             0.032945987
902169129427.1799             0.18530817
902169145680.7981             0.0682669
902170106521.814              0.15986595
902170122775.7981             -0.081857696
902171083616.4481             -0.073234715
902171099870.7981             -0.08522073
902172060711.0822             -0.02949553
902172076965.7981             0.023688603
902173037805.7162             0.0394164
902173054060.7981             -0.13122863
902174014900.3502             -0.049238913
902174031155.7981             -0.1008795
902174991994.9844             0.084554836
902175008250.798              -0.0046430626
902175969089.6184             0.109941274
902175985345.798              -0.16056764
902176946184.2524             -0.13541879
902176962440.798              -0.063778356
902177923278.8866             -0.06700222
902177939535.798              0.021522438
902178900373.5206             0.046263304
902178916630.798              -0.007876324
902179877468.1547             0.26016873
902179893725.798              -0.027816333
902180854562.7887             0.08841379
902180870820.7979             -0.17437151
902181831657.4229             -0.06845485
902181847915.7979             -0.20774674
902182808752.0569             -0.08178732
902182825010.7979             0.064535245
902183785846.6909             0.12179955
902183802105.7979             0.03725704
902184762941.325              0.012760955
902184779200.7979             0.13907212
902185740035.9591             0.18627174
902185756295.7979             0.0094511425
902186717130.5931             0.029081782
902186733390.7977             -0.011216232
902187694225.2272             0.030212471
902187710485.7977             0.14368972
902188671319.8613             -0.016363088
902188687580.7977             0.11115062
902189648414.4954             -0.04584818
902189664675.7977             0.2442216
902190625509.1294             0.16242826
902190641770.7977             0.24054737
902191602603.7634             0.2337416
902191618865.7977             0.03422764
902192579698.3976             -0.09196815
902192595960.7976             0.111514926
902193556793.0316             -0.068527505
902193573055.7976             -0.06012465
902194533887.6656             -0.122606404
902194550150.7976             -0.06786635
902195510982.2998             -0.17213275
902195527245.7976             0.101216085
902196488076.9338             0.064287625
902196504340.7976             0.34384927
902197465171.5679             0.04398476
902197481435.7976             0.06556935
902198442266.2019             -0.07714847
902198458530.7975             -0.2222299
902199419360.836              -0.30839875
902199435625.7975             -0.15147175
902200396455.4701             -0.19326586
902200412720.7975             0.08536847
902201373550.1041             0.07040975
902201389815.7975             0.17230408
902202350644.7382             -0.0028966991
902202366910.7975             0.11789267
902203327739.3723             -0.0343646
902203344005.7974             0.0676429
902204304834.0063             0.07404818
902204321100.7974             -0.016601605
902205298195.7974             0.026046107
902206275290.7974             -0.05515105
902207252385.7974             -0.017421281
902208229480.7974             0.04482058
902209206575.7972             -0.037568823
902210183670.7972             -0.046100013
902211160765.7972             -0.058793582
902212137860.7972             0.06415094
902213114955.7972             0.09028106
902214092050.7972             0.2201847
902215069145.7971             0.08708412
902216046240.7971             0.0675601
902217023335.7971             0.12746668
902218000430.7971             0.026831303
902218977525.7971             -0.061596848
902219954620.7971             -0.20208022
902220931715.797              -0.07658321
902221908810.797              -0.09991147
902222885905.797              0.021189725
902223863000.797              -0.1760905
902224840095.797              -0.22220612
902225817190.797              -0.45391285
902226794285.7969             -0.22505498
902227771380.7969             0.032221768
902228748475.7969             -0.054923445
902229725570.7969             0.0036674573
902230702665.7969             0.11219976
902231679760.7968             -0.06322228
902232656855.7968             0.035852365
902233633950.7968             0.058079064
902234611045.7968             -0.06517628
902235588140.7968             0.13928768
902236565235.7968             -0.18089224
902237542330.7966             -0.18259853
902238519425.7966             -0.06537689
902239496520.7966             0.15734173
902240473615.7966             0.055069547
902241450710.7966             -0.13136491
902242427805.7966             -0.22784056
902243404900.7965             -0.15555494
902244381995.7965             0.07161162
902245359090.7965             0.23735012
902246336185.7965             0.16317543
902247313280.7965             0.04032679
902248290375.7965             -0.059322372
902249267470.7964             0.087616794
902250244565.7964             -0.00012235068
902251221660.7964             -0.013739312
902252198755.7964             -0.024832519
902253175850.7964             0.0820182
902254152945.7964             0.011833351
902255130040.7963             0.18525575
902256107135.7963             -0.07910954
902257084230.7963             -0.17004924
902258061325.7963             -0.050724447
902259038420.7963             -0.1299597
902260015515.7961             0.0822096
902260992610.7961             0.13479477
902261969705.7961             -0.04896142
902262946800.7961             -0.041605137
902263923895.7961             -0.045435045
902264900990.7961             0.10221008
902265878085.796              0.17934345
902266855180.796              0.3359764
902267832275.796              0.09365895
902268809370.796              0.13965888
902269786465.796              0.115267575
902270763560.796              0.19783232
902271740655.7959             -0.13046822
902272717750.7959             -0.0967775
902273694845.7959             0.10880184
902274671940.7959             0.049697157
902275649035.7959             -0.089419864
902276626130.7959             0.017002726
902277603225.7958             -0.17151365
902278580320.7958             -0.107144125
902279557415.7958             0.17067683
902280534510.7958             0.020024301
902281511605.7958             0.030657794
902282488700.7958             -0.12557676
902283465795.7957             0.10714962
902284442890.7957             0.01990323
902285419985.7957             0.075149536
902286397080.7957             0.22648832
902287374175.7957             0.03136009
902288351270.7955             -0.09513965
902289328365.7955             0.19872852
902290305460.7955             0.14001699
902291282555.7955             -0.043238737
902292259650.7955             -0.022939837
902293236745.7955             0.14230868
902294213840.7954             0.059077036
902295190935.7954             0.098970465
902296168030.7954             0.24148956
902297145125.7954             0.07730433
902298122220.7954             0.16960007
902299099315.7954             0.14717224
902300076410.7953             0.07406729
902301053505.7953             0.046981834
902302030600.7953             2.6470398e-05
902303007695.7953             -0.0054122075
902303984790.7953             0.026413076
902304961885.7953             -0.09753803
902305938980.7952             0.10593477
902306916075.7952             -0.1281977
902307893170.7952             -0.106337145
902308870265.7952             0.062248133
902309847360.7952             0.011976626
902310824455.7952             0.017146902
902311801550.795              -0.08936401
902312778645.795              -0.114170074
902313755740.795              0.19429171
902314732835.795              0.2624743
902315709930.795              0.19579838
902316687025.7949             0.35123673
902317664120.7949             0.20668401
902318641215.7949             0.020604005
902319618310.7949             0.07260854
902320595405.7949             0.09387411
902321572500.7949             -0.10674177
902322549595.7948             0.0215422
902323526690.7948             0.031460114
902324503785.7948             -0.030075772
902325480880.7948             0.19636455
902326457975.7948             0.15284418
902327435070.7948             0.06317775
902328412165.7947             0.03769727
902329389260.7947             0.13906658
902330366355.7947             -0.10416163
902331343450.7947             -0.04378098
902332320545.7947             0.009223685
902333297640.7947             0.18026257
902334274735.7946             -0.088223025
902335251830.7946             -0.06761153
902336228925.7946             0.161617
902337206020.7946             0.14719754
902338183115.7946             0.026602931
902339160210.7946             0.02488995
902340137305.7944             -0.03675668
902341114400.7944             -0.06754864
902342091495.7944             0.09899384
902343068590.7944             0.33114505
902344045685.7944             0.1244866
902345022780.7943             -0.0001970551
902345999875.7943             -0.08804553
902346976970.7943             0.030600587
902347954065.7943             -0.13794829
902348931160.7943             -0.17930955
902349908255.7943             0.15114284
902350885350.7942             0.12778452
902351862445.7942             -0.06015593
902352839540.7942             -0.05566031
902353816635.7942             -0.1355091
902354793730.7942             0.014928761
902355770825.7942             0.024616165
902356747920.7941             0.20644061
902357725015.7941             -0.02987959
902358702110.7941             -0.13098074
902359679205.7941             -0.025607495
902360656300.7941             -0.033733416
902361633395.7941             0.01885428
902362610490.794              -0.05147032
902363587585.794              -0.12952824
902364564680.794              -0.05164105
902365541775.794              -0.120884605
902366518870.794              -0.18144967
902367495965.794              0.0025691413
902368473060.7938             0.020816881
902369450155.7938             0.09897139
902370427250.7938             0.19134612
902371404345.7938             0.2515791
902372381440.7938             0.033254493
902373358535.7938             0.096365795
902374335630.7937             -0.12164751
902375312725.7937             -0.059664696
902376289820.7937             -0.09063507
902377266915.7937             -0.06922797
902378244010.7937             -0.021085925
902379221105.7936             -0.23320879
902380198200.7936             -0.055054422
902381175295.7936             0.13235794
902382152390.7936             0.05989451
902383129485.7936             -0.012532111
902384106580.7936             0.034931567
902385083675.7935             -0.15880367
902386060770.7935             0.03464375
902387037865.7935             0.08293277
902388014960.7935             -0.020723825
902388992055.7935             -0.047895603
902389969150.7935             -0.01641433
902390946245.7933             0.21139415
902391923340.7933             0.22578326
902392900435.7933             -0.03690259
902393877530.7933             0.13338579
902394854625.7933             0.0086352285
902395831720.7933             -0.11386082
902396808815.7932             -0.034993738
902397785910.7932             0.053522225
902398763005.7932             0.022797378
902399740100.7932             -0.04173714
902400717195.7932             0.06630932
902401694290.7932             0.15075761
902402671385.7931             -0.055841476
902403648480.7931             0.023955109
902404625575.7931             -0.037732918
902405602670.7931             -0.115680374
902406579765.7931             0.07210065
902407556860.793              0.11088852
902408533955.793              -0.10862997
902409511050.793              0.103842475
902410488145.793              0.038615763
902411465240.793              0.15388584
902412442335.793              -0.036551688
902413419430.7928             0.10730974
902414396525.7928             0.09002817
902415373620.7928             0.0027535202
902416350715.7928             -0.07376874
902417327810.7928             -0.073077194
902418304905.7928             0.009231391
902419282000.7927             0.09527836
902420259095.7927             0.101370335
902421236190.7927             -0.052790795
902422213285.7927             0.016731841
902423190380.7927             0.30268133
902424167475.7927             0.09506055
902425144570.7926             0.061484292
902426121665.7926             0.18528256
902427098760.7926             -0.062823854
902428075855.7926             0.04954296
902429052950.7926             0.05261343
902430030045.7926             0.06715525
902431007140.7925             -0.019084614
902431984235.7925             0.10991492
902432961330.7925             -0.046519693
902433938425.7925             -0.14063272
902434915520.7925             -0.22804162
902435892615.7924             -0.0033542064
902436869710.7924             0.12803252
902437846805.7924             0.049308818
902438823900.7924             0.021673813
902439800995.7924             0.20479907
902440778090.7924             0.17383528
902441755185.7922             -0.15189436
902442732280.7922             -0.18758617
902443709375.7922             0.013224097
902444686470.7922             0.18597892
902445663565.7922             0.072496936
902446640660.7922             0.13816515
902447617755.7921             0.19616179
902448594850.7921             -0.08463124
902449571945.7921             -0.28275824
902450549040.7921             -0.05078386
902451526135.7921             0.019090116
902452503230.7921             0.014636184
902453480325.792              0.04405988
902454457420.792              -0.087828875
902455434515.792              -0.032160882
902456411610.792              0.053458136
902457388705.792              -0.046904173
902458365800.792              -0.05900954
902459342895.7919             -0.116241336
902460319990.7919             -0.21332823
902461297085.7919             -0.18842196
902462274180.7919             0.14450881
902463251275.7919             0.21539131
902464228370.7917             0.010914068
902465205465.7917             0.05013122
902466182560.7917             -0.04606744
902467159655.7917             0.0074343137
902468136750.7917             -0.13606773
902469113845.7917             -0.108085044
902470090940.7916             -0.031379867
902471068035.7916             0.14021522
902472045130.7916             0.010679711
902473022225.7916             0.04367703
902473999320.7916             0.16939324
902474976415.7916             -0.006614165
902475953510.7915             -0.025859155
902476930605.7915             -0.06547693
902477907700.7915             0.11827666
902478884795.7915             -0.037399564
902479861890.7915             -0.054748055
902480838985.7915             -0.09480303
902481816080.7914             0.025431825
902482793175.7914             -0.05345575
902483770270.7914             -0.008129427
902484747365.7914             -0.15779711
902485724460.7914             -0.13725941
902486701555.7914             -0.105773
902487678650.7913             0.06635032
902488655745.7913             -0.09430243
902489632840.7913             0.2513713
902490609935.7913             0.16163322
902491587030.7913             -0.12804493
902492564125.7911             -0.11418632
902493541220.7911             -0.118582375
902494518315.7911             0.19222243
902495495410.7911             0.041794747
902496472505.7911             0.018087842
902497449600.7911             -0.22749746
902498426695.791              0.089148976
902499403790.791              0.1325802
902500380885.791              0.044961516
902501357980.791              -0.09494276
902502335075.791              -0.0065112724
902503312170.791              0.10545825
902504289265.7909             0.09139031
902505266360.7909             -0.07974402
902506243455.7909             -0.0010948791
902507220550.7909             -0.04549156
902508197645.7909             -0.3229256
902509174740.7909             -0.08064243
902510151835.7908             0.04970096
902511128930.7908             0.019789308
902512106025.7908             -0.17408803
902513083120.7908             -0.2757287
902514060215.7908             0.074395575
902515037310.7908             0.055514436
902516014405.7906             0.020252919
902516991500.7906             -0.0041727866
902517968595.7906             -0.07055044
902518945690.7906             -0.10252909
902519922785.7906             0.044087756
902520899880.7905             0.03832758
902521876975.7905             0.09142357
902522854070.7905             0.08901354
902523831165.7905             -0.11852067
902524808260.7905             -0.11357185
902525785355.7905             -0.13835825
902526762450.7904             -0.16810212
902527739545.7904             -0.049160294
902528716640.7904             -0.14356773
902529693735.7904             -0.085567586
902530670830.7904             -0.061867807
902531647925.7904             0.05552733
902532625020.7903             0.0102345
902533602115.7903             0.00841383
902534579210.7903             0.15021132
902535556305.7903             0.13928588
902536533400.7903             -0.20996642
902537510495.7903             -0.13962777
902538487590.7902             0.052838393
902539464685.7902             -0.08674044
902540441780.7902             -0.08930318
902541418875.7902             -0.079992376
902542395970.7902             -0.08476175
902543373065.7902             -0.08529919
902544350160.79               -0.13806324
902545327255.79               -0.13165568
902546304350.79               0.0797832
902547281445.79               0.035485208
902548258540.79               0.022446513
902549235635.79               -0.02461449
902550212730.7899             -0.089590944
902551189825.7899             0.007864022
902552166920.7899             -0.05257233
902553144015.7899             -0.09607173
902554121110.7899             -0.034675486
902555098205.7898             -0.04247479
902556075300.7898             0.04766426
902557052395.7898             -0.126672
902558029490.7898             0.009038559
902559006585.7898             0.05724612
902559983680.7898             0.08536261
902560960775.7897             0.049262673
902561937870.7897             0.16487335
902562914965.7897             0.23869857
902563892060.7897             0.030644102
902564869155.7897             -0.085701704
902565846250.7897             -0.098848075
902566823345.7896             -0.14736141
902567800440.7896             -0.12368639
902568777535.7896             -0.09731413
902569754630.7896             0.08605353
902570731725.7896             0.014366116
902571708820.7896             -0.07606049
902572685915.7894             -0.066687874
902573663010.7894             -0.03693778
902574640105.7894             0.114302054
902575617200.7894             -0.029534556
902576594295.7894             0.2372711
902577571390.7894             0.1852764
902578548485.7893             -0.04377104
902579525580.7893             -0.11022187
902580502675.7893             -0.10319885
902581479770.7893             -0.029140161
902582456865.7893             -0.06508908
902583433960.7892             -0.24950981
902584411055.7892             -0.059928745
902585388150.7892             0.016345866
902586365245.7892             -0.18659894
902587342340.7892             -0.13996801
902588319435.7892             0.06845085
902589296530.7891             0.030432094
902590273625.7891             0.22868703
902591250720.7891             0.1524553
902592227815.7891             0.13066886
902593204910.7891             0.07933898
902594182005.7891             0.042726047
902595159100.789              0.10272749
902596136195.789              -0.09997827
902597113290.789              -0.0018522926
902598090385.789              0.1843653
902599067480.789              -0.0049816407
902600044575.789              0.028294193
902601021670.7888             -0.13023962
902601998765.7888             -0.15496941
902602975860.7888             -0.057901256
902603952955.7888             0.024744315
902604930050.7888             0.008683816
902605907145.7888             0.054935437
902606884240.7887             -0.10534825
902607861335.7887             -0.12007199
902608838430.7887             0.09455953
902609815525.7887             -0.11442616
902610792620.7887             -0.18916775
902611769715.7886             -0.11739503
902612746810.7886             0.13807748
902613723905.7886             0.1655142
902614701000.7886             -0.15851507
902615678095.7886             8.969386e-05
902616655190.7886             -0.032524586
902617632285.7885             0.27211058
902618609380.7885             -0.072533295
902619586475.7885             0.041696884
902620563570.7885             0.06352811
902621540665.7885             -0.04356672
902622517760.7885             0.09965072
902623494855.7883             -0.19260895
902624471950.7883             -0.08797109
902625449045.7883             -0.032438878
902626426140.7883             -0.097628556
902627403235.7883             -0.29719818
902628380330.7883             -0.081491075
902629357425.7882             0.07374986
902630334520.7882             0.067274585
902631311615.7882             0.071993105
902632288710.7882             0.10971111
902633265805.7882             0.1963753
902634242900.7882             0.084791936
902635219995.7881             0.05713313
902636197090.7881             0.08055839
902637174185.7881             -0.12653819
902638151280.7881             -0.10377316
902639128375.7881             0.048123308
902640105470.788              0.08573324
902641082565.788              0.23696502
902642059660.788              0.0063823783
902643036755.788              -0.23251925
902644013850.788              -0.008022527
902644990945.788              -0.0016382278
902645968040.7878             0.0552358
902646945135.7878             0.15263145
902647922230.7878             0.02728655
902648899325.7878             0.09836798
902649876420.7878             0.0051824357
902650853515.7878             0.09569904
902651830610.7877             0.06823172
902652807705.7877             0.14109297
902653784800.7877             0.05588009
902654761895.7877             0.077886134
902655738990.7877             0.16859542
902656716085.7877             0.10944065
902657693180.7876             -0.21555746
902658670275.7876             -0.03196422
902659647370.7876             0.006673091
902660624465.7876             -0.030726278
902661601560.7876             -0.011064047
902662578655.7876             0.039651264
902663555750.7875             -0.023628538
902664532845.7875             0.07139532
902665509940.7875             0.1234382
902666487035.7875             -0.06062016
902667464130.7875             -0.30582744
902668441225.7874             0.23644574
902669418320.7874             0.11854388
902670395415.7874             0.1526567
902671372510.7874             0.06637946
902672349605.7874             0.1986786
902673326700.7874             0.13751008
902674303795.7872             0.03189552
902675280890.7872             -0.13511875
902676257985.7872             -0.06604257
902677235080.7872             0.18137196
902678212175.7872             -0.028196476
902679189270.7872             0.058651123
902680166365.7871             0.077397406
902681143460.7871             -0.101422146
902682120555.7871             -0.10864227
902683097650.7871             0.06643423
902684074745.7871             -0.078577995
902685051840.7871             -0.12624092
902686028935.787              -0.02972855
902687006030.787              -0.055557933
902687983125.787              -0.039386787
902688960220.787              0.10077648
902689937315.787              0.019505398
902690914410.787              0.08171398
902691891505.7869             0.010858353
902692868600.7869             0.10010503
902693845695.7869             0.043706305
902694822790.7869             0.066635065
902695799885.7869             0.057408623
902696776980.7867             0.049980097
902697754075.7867             -0.20170738
902698731170.7867             -0.12343364
902699708265.7867             -0.11471702
902700685360.7867             0.05528243
902701662455.7867             0.11483363
902702639550.7866             -0.10063858
902703616645.7866             -0.08873141
902704593740.7866             -0.15438026
902705570835.7866             -0.18518826
902706547930.7866             0.13162352
902707525025.7866             -0.06563816
902708502120.7865             -0.034546632
902709479215.7865             -0.09779609
902710456310.7865             -0.1613616
902711433405.7865             -0.03872928
902712410500.7865             -0.053655993
902713387595.7865             -0.050993
902714364690.7864             -0.19454318
902715341785.7864             -0.23537894
902716318880.7864             -0.18760535
902717295975.7864             0.03589991
902718273070.7864             0.096756145
902719250165.7864             -0.0074954326
902720227260.7863             0.037760746
902721204355.7863             0.099983834
902722181450.7863             -0.028208436
902723158545.7863             0.07312825
902724135640.7863             -0.031515576
902725112735.7861             0.031386733
902726089830.7861             -0.007901648
902727066925.7861             -0.034641236
902728044020.7861             -0.025832461
902729021115.7861             -0.07628445
902729998210.7861             0.0033475468
902730975305.786              0.01439407
902731952400.786              -0.056022123
902732929495.786              -0.09555281
902733906590.786              -0.107236564
902734883685.786              -0.029404258
902735860780.786              -0.05843576
902736837875.7859             -0.06436471
902737814970.7859             0.085938305
902738792065.7859             0.007612031
902739769160.7859             -0.003642914
902740746255.7859             -0.12723514
902741723350.7859             -0.024844551
902742700445.7858             -0.115197204
902743677540.7858             -0.068371914
902744654635.7858             -0.24482054
902745631730.7858             0.11244429
902746608825.7858             0.16556998
902747585920.7858             -0.08243469
902748563015.7856             0.039895058
902749540110.7856             -0.07911151
902750517205.7856             0.041341227
902751494300.7856             0.039808985
902752471395.7856             0.009189156
902753448490.7856             0.05828483
902754425585.7855             -0.0136426715
902755402680.7855             -0.055746276
902756379775.7855             -0.03160889
902757356870.7855             -0.09032083
902758333965.7855             0.10390922
902759311060.7854             0.15620455
902760288155.7854             -0.035354555
902761265250.7854             0.07299136
902762242345.7854             0.09892989
902763219440.7854             0.09128984
902764196535.7854             0.079595506
902765173630.7853             -0.1660689
902766150725.7853             0.0005478898
902767127820.7853             -0.047598172
902768104915.7853             -0.11158749
902769082010.7853             -0.16394114
902770059105.7853             0.13363113
902771036200.7852             0.14209147
902772013295.7852             0.033859897
902772990390.7852             -0.11936243
902773967485.7852             0.15220389
902774944580.7852             0.06525932
902775921675.7852             -0.034098264
902776898770.785              0.07344094
902777875865.785              0.044452325
902778852960.785              0.05828323
902779830055.785              0.11706403
902780807150.785              -0.018517474
902781784245.785              -0.09896469
902782761340.7849             -0.13904406
902783738435.7849             -0.06557871
902784715530.7849             0.09448815
902785692625.7849             0.118997276
902786669720.7849             -0.09623034
902787646815.7848             -0.19943194
902788623910.7848             -0.22509645
902789601005.7848             -0.22648598
902790578100.7848             -0.17210382
902791555195.7848             -0.18348345
902792532290.7848             -0.23219718
902793509385.7847             -0.15963764
902794486480.7847             -0.14934607
902795463575.7847             -0.04925726
902796440670.7847             0.17858773
902797417765.7847             0.14808749
902798394860.7847             0.19897866
902799371955.7845             -0.02350389
902800349050.7845             0.02676126
902801326145.7845             0.03927149
902802303240.7845             -0.15584612
902803280335.7845             -0.30644435
902804257430.7845             -0.30568847
902805234525.7844             -0.26891702
902806211620.7844             -0.05998602
902807188715.7844             -0.26367846
902808165810.7844             -0.1347454
902809142905.7844             0.04625115
902810120000.7844             -0.08933131
902811097095.7843             0.032854628
902812074190.7843             -0.06746879
902813051285.7843             -0.111962266
902814028380.7843             -0.07894015
902815005475.7843             -0.1366907
902815982570.7842             0.015274556
902816959665.7842             0.0407693
902817936760.7842             -0.07149726
902818913855.7842             0.009446182
902819890950.7842             0.08405382
902820868045.7842             -0.09047213
902821845140.784              -0.16824447
902822822235.784              -0.006192046
902823799330.784              -0.044324845
902824776425.784              -0.10998642
902825753520.784              0.015753543
902826730615.784              0.15608479
902827707710.7839             0.1591499
902828684805.7839             0.100194134
902829661900.7839             -0.16925284
902830638995.7839             -0.08040981
902831616090.7839             -0.14842379
902832593185.7839             -0.2019939
902833570280.7838             -0.049329307
902834547375.7838             -0.09311183
902835524470.7838             -0.13378403
902836501565.7838             -0.12109576
902837478660.7838             -0.13469519
902838455755.7838             0.07494797
902839432850.7837             -0.0029509782
902840409945.7837             -0.15718716
902841387040.7837             -0.14370133
902842364135.7837             -0.1797774
902843341230.7837             0.08900614
902844318325.7836             0.06244113
902845295420.7836             0.004464049
902846272515.7836             -0.10727311
902847249610.7836             0.01364346
902848226705.7836             -0.1925615
902849203800.7836             0.028271476
902850180895.7834             -0.11828988
902851157990.7834             -0.17403519
902852135085.7834             0.0026176742
902853112180.7834             0.11698546
902854089275.7834             0.10099136
902855066370.7834             0.18168603
902856043465.7833             0.10892583
902857020560.7833             0.050915558
902857997655.7833             -0.043206
902858974750.7833             -0.06396172
902859951845.7833             -0.19217615
902860928940.7833             -0.36127636
902861906035.7832             -0.091191895
902862883130.7832             0.015585225
902863860225.7832             -0.13650031
902864837320.7832             -0.06445566
902865814415.7832             -0.16904294
902866791510.7832             -0.1337615
902867768605.7831             0.26869014
902868745700.7831             0.018088697
902869722795.7831             -0.035602156
902870699890.7831             0.13773157
902871676985.7831             -0.0012284801
902872654080.783              -0.04960423
902873631175.783              -0.05139813
902874608270.783              -0.16042568
902875585365.783              0.039991293
902876562460.783              0.2457314
902877539555.783              0.10014087
902878516650.7828             0.17385839
902879493745.7828             0.023678422
902880470840.7828             -0.0063986443
902881447935.7828             0.09363662
902882425030.7828             0.020147566
902883402125.7828             0.10401163
902884379220.7827             0.025478704
902885356315.7827             0.15806411
902886333410.7827             0.026629465
902887310505.7827             0.114047244
902888287600.7827             0.3038588
902889264695.7827             0.055647846
902890241790.7826             -0.03636612
902891218885.7826             0.05253923
902892195980.7826             0.10566401
902893173075.7826             0.0123876855
902894150170.7826             -0.051187813
902895127265.7826             -0.049924035
902896104360.7825             -0.09895087
902897081455.7825             -0.06539351
902898058550.7825             0.08344872
902899035645.7825             0.0092943935
902900012740.7825             0.0026256305
902900989835.7823             0.05427612
902901966930.7823             0.06350873
902902944025.7823             -0.00420476
902903921120.7823             -0.23417486
902904898215.7823             -0.16147208
902905875310.7823             0.099700905
902906852405.7822             0.10945151
902907829500.7822             -0.13061978
902908806595.7822             -0.009008173
902909783690.7822             -0.27392063
902910760785.7822             -0.3076339
902911737880.7822             -0.1768162
902912714975.7821             -0.12227113
902913692070.7821             0.04431978
902914669165.7821             -0.0946266
902915646260.7821             0.038446814
902916623355.7821             0.12102639
902917600450.7821             0.00992671
902918577545.782              -0.20380548
902919554640.782              -0.04791763
902920531735.782              0.021109479
902921508830.782              0.039272342
902922485925.782              0.017462691
902923463020.782              -0.07116044
902924440115.7819             0.012555845
902925417210.7819             -0.07424606
902926394305.7819             -0.20677294
902927371400.7819             -0.2618205
902928348495.7819             -0.123108245
902929325590.7819             0.041405242
902930302685.7817             0.33983415
902931279780.7817             0.14262205
902932256875.7817             -0.07141987
902933233970.7817             0.06678175
902934211065.7817             -0.15647213
902935188160.7816             0.01387371
902936165255.7816             -0.030154001
902937142350.7816             -0.0793882
902938119445.7816             0.06872431
902939096540.7816             -0.05170238
902940073635.7816             0.08328966
902941050730.7815             -0.10354079
902942027825.7815             -0.18847269
902943004920.7815             0.09219875
902943982015.7815             0.11605932
902944959110.7815             0.06165743
902945936205.7815             0.15695168
902946913300.7814             -0.15579373
902947890395.7814             0.05549137
902948867490.7814             -0.025948374
902949844585.7814             0.11673074
902950821680.7814             -0.1494262
902951798775.7814             0.10988159
902952775870.7812             0.11142945
902953752965.7812             0.062427975
902954730060.7812             0.2208024
902955707155.7812             0.10995055
902956684250.7812             0.17604007
902957661345.7812             0.12032863
902958638440.7811             0.08582227
902959615535.7811             -0.26324624
902960592630.7811             -0.06512651
902961569725.7811             -0.12287213
902962546820.7811             0.1895896
902963523915.781              -0.019553753
902964501010.781              -0.10750096
902965478105.781              -0.10583109
902966455200.781              0.0052198013
902967432295.781              -0.08087374
902968409390.781              -0.014822733
902969386485.7809             0.13966645
902970363580.7809             0.15297693
902971340675.7809             -0.2195934
902972317770.7809             -0.11186244
902973294865.7809             0.13224708
902974271960.7809             -0.17114916
902975249055.7808             0.009847924
902976226150.7808             0.2247562
902977203245.7808             -0.024528727
902978180340.7808             0.04986069
902979157435.7808             0.10732568
902980134530.7808             -0.023700533
902981111625.7806             0.02864942
902982088720.7806             0.091141656
902983065815.7806             -0.18008268
902984042910.7806             -0.08268241
902985020005.7806             0.02310656
902985997100.7806             0.10574233
902986974195.7805             0.18562189
902987951290.7805             0.010954411
902988928385.7805             -0.0063772593
902989905480.7805             -0.037778005
902990882575.7805             -0.049726352
902991859670.7804             0.05178303
902992836765.7804             -0.008934573
902993813860.7804             0.024485517
902994790955.7804             -0.065558635
902995768050.7804             -0.22645003
902996745145.7804             0.07651515
902997722240.7803             0.1105093
902998699335.7803             0.040786605
902999676430.7803             0.118477374
903000653525.7803             -0.07350018
903001630620.7803             -0.010300227
903002607715.7803             -0.08088878
903003584810.7802             0.07038684
903004561905.7802             0.19025372
903005539000.7802             0.115996756
903006516095.7802             -0.019655576
903007493190.7802             0.10035706
903008470285.7802             0.1427799
903009447380.78               0.13859731
903010424475.78               -0.05791607
903011401570.78               0.124425754
903012378665.78               0.20723222
903013355760.78               -0.0014649616
903014332855.78               0.120683305
903015309950.7799             -0.076671585
903016287045.7799             0.0101827085
903017264140.7799             0.039626714
903018241235.7799             0.08238034
903019218330.7799             0.19507864
903020195425.7798             -0.11659994
903021172520.7798             -0.013434486
903022149615.7798             0.30217668
903023126710.7798             0.3042464
903024103805.7798             -0.08694636
903025080900.7798             -0.06582356
903026057995.7797             0.049592398
903027035090.7797             0.0902778
903028012185.7797             0.106100276
903028989280.7797             0.0031791392
903029966375.7797             0.014913751
903030943470.7797             0.043607622
903031920565.7795             0.09159252
903032897660.7795             -0.22423731
903033874755.7795             -0.025757916
903034851850.7795             -0.24953932
903035828945.7795             -0.14022718
903036806040.7795             -0.044870794
903037783135.7794             -0.032576825
903038760230.7794             0.039352257
903039737325.7794             0.124831684
903040714420.7794             0.020326467
903041691515.7794             0.06777895
903042668610.7794             0.20131443
903043645705.7793             -0.044795044
903044622800.7793             -0.19988708
903045599895.7793             -0.10630337
903046576990.7793             -0.22973551
903047554085.7793             -0.15047583
903048531180.7792             -0.067422815
903049508275.7792             -0.0716907
903050485370.7792             -0.00020456439
903051462465.7792             0.0073458874
903052439560.7792             -0.13766612
903053416655.7792             0.010854406
903054393750.779              0.22727188
903055370845.779              -0.13989317
903056347940.779              -0.19466296
903057325035.779              -0.08047283
903058302130.779              0.027545564
903059279225.779              0.054860927
903060256320.7789             0.22859001
903061233415.7789             0.22288696
903062210510.7789             -0.32194608
903063187605.7789             -0.088180915
903064164700.7789             0.040382665
903065141795.7789             0.18311621
903066118890.7788             -0.07201526
903067095985.7788             -0.09504044
903068073080.7788             -0.14164522
903069050175.7788             0.051770218
903070027270.7788             -0.03152443
903071004365.7788             0.055627815
903071981460.7787             0.18237068
903072958555.7787             0.2379275
903073935650.7787             0.08235666
903074912745.7787             0.039502956
903075889840.7787             -0.045279298
903076866935.7786             0.12629169
903077844030.7786             -0.14707719
903078821125.7786             -0.03803209
903079798220.7786             -0.057890113
903080775315.7786             -0.047765814
903081752410.7786             0.17041297
903082729505.7784             0.01847351
903083706600.7784             -0.11883083
903084683695.7784             -0.10530619
903085660790.7784             -0.24794485
903086637885.7784             -0.2090136
903087614980.7784             0.0067124823
903088592075.7783             -0.010181313
903089569170.7783             -0.28893736
903090546265.7783             -0.044349097
903091523360.7783             -0.11770719
903092500455.7783             -0.18096578
903093477550.7783             -0.0918909
903094454645.7782             -0.08045972
903095431740.7782             0.098318614
903096408835.7782             -0.032932527
903097385930.7782             -0.24268039
903098363025.7782             -0.16323888
903099340120.7782             -0.12447446
903100317215.7781             0.087514766
903101294310.7781             0.24302453
903102271405.7781             0.30219263
903103248500.7781             0.12296583
903104225595.7781             0.28431064
903105202690.778              -0.0510629
903106179785.778              -0.053334583
903107156880.778              0.2920525
903108133975.778              0.227501
903109111070.778              0.15518458
903110088165.778              -0.07256164
903111065260.7778             -0.044470083
903112042355.7778             -0.22745946
903113019450.7778             -0.09805836
903113996545.7778             -0.19419107
903114973640.7778             -0.22279097
903115950735.7778             0.14937724
903116927830.7777             0.004521353
903117904925.7777             0.055097513
903118882020.7777             0.042833876
903119859115.7777             -0.00026771866
903120836210.7777             0.0667621
903121813305.7777             0.1292093
903122790400.7776             0.059461616
903123767495.7776             0.12084023
903124744590.7776             0.04945517
903125721685.7776             0.029752996
903126698780.7776             0.16559742
903127675875.7776             0.03613487
903128652970.7775             0.15511046
903129630065.7775             0.020069417
903130607160.7775             -0.06639509
903131584255.7775             0.038637184
903132561350.7775             0.1856771
903133538445.7775             0.026880417
903134515540.7773             0.045051888
903135492635.7773             0.12603888
903136469730.7773             0.13594595
903137446825.7773             -0.002078738
903138423920.7773             0.28039128
903139401015.7772             0.16950092
903140378110.7772             0.030815072
903141355205.7772             0.14647706
903142332300.7772             -0.018772
903143309395.7772             -0.06623433
903144286490.7772             0.050635368
903145263585.7771             -0.08141014
903146240680.7771             -0.07187788
903147217775.7771             -0.13037771
903148194870.7771             0.0204491
903149171965.7771             -0.04926495
903150149060.7771             -0.24974246
903151126155.777              -0.30140153
903152103250.777              -0.20506431
903153080345.777              0.10933412
903154057440.777              0.024576798
903155034535.777              0.042130195
903156011630.777              -0.037807003
903156988725.7769             -0.2047815
903157965820.7769             0.032110967
903158942915.7769             -0.18104428
903159920010.7769             0.061715975
903160897105.7769             0.047550235
903161874200.7769             0.07351491
903162851295.7767             0.020958595
903163828390.7767             -0.115535006
903164805485.7767             -0.34886488
903165782580.7767             -0.07457233
903166759675.7767             -0.096361525
903167736770.7766             0.25056687
903168713865.7766             0.25040126
903169690960.7766             0.16064627
903170668055.7766             0.09660066
903171645150.7766             0.22863983
903172622245.7766             0.25855657
903173599340.7765             0.06142911
903174576435.7765             0.040963978
903175553530.7765             0.037751313
903176530625.7765             -0.104403175
903177507720.7765             -0.08530595
903178484815.7765             -0.15496376
903179461910.7764             -0.047153555
903180439005.7764             0.018549798
903181416100.7764             0.14629173
903182393195.7764             0.1626927
903183370290.7764             -0.0610036
903184347385.7764             -0.22739506
903185324480.7762             -0.038239807
903186301575.7762             -0.013041678
903187278670.7762             -0.07067969
903188255765.7762             0.019867364
903189232860.7762             0.111549154
903190209955.7762             0.047689967
903191187050.7761             0.11303577
903192164145.7761             -0.03810782
903193141240.7761             -0.1796083
903194118335.7761             -0.23353378
903195095430.7761             -0.045568608
903196072525.776              -0.0353993
903197049620.776              0.0126216365
903198026715.776              0.19040659
903199003810.776              0.20685636
903199980905.776              -0.18058346
903200958000.776              -0.22374949
903201935095.7759             0.039088275
903202912190.7759             0.143207
903203889285.7759             0.030168321
903204866380.7759             -0.12204524
903205843475.7759             -0.031271815
903206820570.7759             -0.017835528
903207797665.7758             -0.09816744
903208774760.7758             -0.104496226
903209751855.7758             -0.011140232
903210728950.7758             0.092216946
903211706045.7758             0.16221346
903212683140.7758             0.1670644
903213660235.7756             -0.12506205
903214637330.7756             -0.16425562
903215614425.7756             -0.008873839
903216591520.7756             -0.19343525
903217568615.7756             -0.1354089
903218545710.7756             -0.062110547
903219522805.7755             -0.23481977
903220499900.7755             -0.00047736123
903221476995.7755             0.1742545
903222454090.7755             -0.04701679
903223431185.7755             -0.35994306
903224408280.7754             0.06558765
903225385375.7754             0.093462855
903226362470.7754             0.047226693
903227339565.7754             -0.0032919443
903228316660.7754             -0.046610698
903229293755.7754             -0.026071552
903230270850.7753             -1.8901565e-05
903231247945.7753             0.07607914
903232225040.7753             -0.19449984
903233202135.7753             -0.0983322
903234179230.7753             -0.0013889974
903235156325.7753             0.053142067
903236133420.7751             -0.078840725
903237110515.7751             -0.061085045
903238087610.7751             -0.13537762
903239064705.7751             -0.047025487
903240041800.7751             0.023737272
903241018895.7751             0.21221285
903241995990.775              0.23968963
903242973085.775              -0.15300123
903243950180.775              -0.2249868
903244927275.775              0.062298045
903245904370.775              -0.07011363
903246881465.775              0.10033799
903247858560.7749             0.13269374
903248835655.7749             0.034163006
903249812750.7749             -0.030558623
903250789845.7749             0.01812294
903251766940.7749             -0.21738799
903252744035.7748             -0.17105933
903253721130.7748             -0.012670957
903254698225.7748             0.053604294
903255675320.7748             -0.06853518
903256652415.7748             -0.17016873
903257629510.7748             0.16121075
903258606605.7747             0.016673971
903259583700.7747             -0.06691982
903260560795.7747             0.12701324
903261537890.7747             -0.07706788
903262514985.7747             0.056188088
903263492080.7747             -0.08116429
903264469175.7745             -0.13220061
903265446270.7745             -0.053838372
903266423365.7745             -0.21006429
903267400460.7745             -0.11510335
903268377555.7745             -0.1488409
903269354650.7745             -0.15892659
903270331745.7744             -0.10179692
903271308840.7744             -0.090126015
903272285935.7744             0.023744304
903273263030.7744             0.039053608
903274240125.7744             0.084098265
903275217220.7744             -0.06354674
903276194315.7743             0.1752495
903277171410.7743             -0.0077545606
903278148505.7743             0.13807459
903279125600.7743             -0.021126628
903280102695.7743             -0.09908428
903281079790.7742             0.11384079
903282056885.7742             0.1615177
903283033980.7742             -0.33654281
903284011075.7742             -0.21839775
903284988170.7742             0.07747233
903285965265.7742             0.03186419
903286942360.774              -0.013069858
903287919455.774              0.00038202916
903288896550.774              -0.049140554
903289873645.774              -0.111770354
903290850740.774              -0.08159589
903291827835.774              -0.004586202
903292804930.7739             0.18980986
903293782025.7739             0.11483197
903294759120.7739             -0.28704995
903295736215.7739             -0.1020242
903296713310.7739             0.017219776
903297690405.7739             -0.08489775
903298667500.7738             -0.03916405
903299644595.7738             -0.023029158
903300621690.7738             -0.12406449
903301598785.7738             0.08455977
903302575880.7738             0.14844969
903303552975.7738             0.027326202
903304530070.7737             -0.15245557
903305507165.7737             -0.03387758
903306484260.7737             0.030882303
903307461355.7737             -0.13847442
903308438450.7737             -0.36709896
903309415545.7737             -0.147409
903310392640.7736             0.12738249
903311369735.7736             -0.10167961
903312346830.7736             0.077500135
903313323925.7736             0.040385973
903314301020.7736             -0.22766303
903315278115.7734             -0.008810241
903316255210.7734             -0.05984978
903317232305.7734             -0.13588658
903318209400.7734             0.14976145
903319186495.7734             0.13909103
903320163590.7734             -0.055296812
903321140685.7733             0.036804836
903322117780.7733             0.12214592
903323094875.7733             -0.057179943
903324071970.7733             0.030601833
903325049065.7733             -0.054122258
903326026160.7733             -0.1316499
903327003255.7732             0.11131613
903327980350.7732             -0.0162678
903328957445.7732             -0.016296385
903329934540.7732             0.03357598
903330911635.7732             0.14669323
903331888730.7732             0.04503725
903332865825.7731             0.0805805
903333842920.7731             -0.05800166
903334820015.7731             0.23694053
903335797110.7731             0.30042684
903336774205.7731             0.050822213
903337751300.7731             -0.15125448
903338728395.773              -0.16712053
903339705490.773              -0.05929485
903340682585.773              0.10108266
903341659680.773              0.11388205
903342636775.773              -0.05396196
903343613870.7728             -0.21288727
903344590965.7728             -0.097966604
903345568060.7728             -0.13979657
903346545155.7728             0.037377894
903347522250.7728             -0.11154822
903348499345.7728             -0.09192524
903349476440.7727             0.08619359
903350453535.7727             -0.115457244
903351430630.7727             0.2221971
903352407725.7727             0.18434712
903353384820.7727             0.03236423
903354361915.7727             -0.05445233
903355339010.7726             -0.08111428
903356316105.7726             0.035925806
903357293200.7726             -0.2559087
903358270295.7726             -0.011449659
903359247390.7726             0.107251815
903360224485.7726             0.06789403
903361201580.7725             -0.20593704
903362178675.7725             -0.1283881
903363155770.7725             0.019305483
903364132865.7725             0.101050556
903365109960.7725             -0.13000971
903366087055.7725             -0.23305312
903367064150.7723             -0.17047925
903368041245.7723             -0.09654191
903369018340.7723             -0.06058126
903369995435.7723             0.17030725
903370972530.7723             0.15859075
903371949625.7722             -0.2006795
903372926720.7722             -0.16379933
903373903815.7722             0.03971647
903374880910.7722             0.08909245
903375858005.7722             -0.112736024
903376835100.7722             0.15601262
903377812195.7721             -0.06615859
903378789290.7721             -0.10257851
903379766385.7721             0.24121453
903380743480.7721             0.16527542
903381720575.7721             0.0874436
903382697670.7721             0.047718026
903383674765.772              0.03942718
903384651860.772              -0.019348394
903385628955.772              -0.1286664
903386606050.772              0.09532268
903387583145.772              0.20372611
903388560240.772              -0.00977258
903389537335.7719             -0.062362995
903390514430.7719             -0.015934275
903391491525.7719             0.0126717035
903392468620.7719             0.057141293
903393445715.7719             0.14285085
903394422810.7719             -0.18638042
903395399905.7717             -0.08588329
903396377000.7717             -0.16567829
903397354095.7717             -0.060341593
903398331190.7717             0.24522768
903399308285.7717             0.15491486
903400285380.7716             -0.042526405
903401262475.7716             -0.18122594
903402239570.7716             -0.076344915
903403216665.7716             0.038611136
903404193760.7716             -0.08994057
903405170855.7716             -0.02530977
903406147950.7715             -0.18977076
903407125045.7715             0.16618891
903408102140.7715             0.083407305
903409079235.7715             -0.008517193
903410056330.7715             0.052880153
903411033425.7715             -0.04359948
903412010520.7714             0.057695262
903412987615.7714             -0.16647163
903413964710.7714             -0.21293487
903414941805.7714             0.07745438
903415918900.7714             0.22061443
903416895995.7714             0.07179669
903417873090.7712             -0.045055103
903418850185.7712             -0.32954052
903419827280.7712             -0.15116835
903420804375.7712             -0.013923294
903421781470.7712             0.18309978
903422758565.7712             0.16305475
903423735660.7711             0.2265234
903424712755.7711             0.02629981
903425689850.7711             0.12406728
903426666945.7711             0.11918513
903427644040.7711             -0.16957475
903428621135.771              0.13076937
903429598230.771              0.037540384
903430575325.771              -0.15500982
903431552420.771              -0.08290453
903432529515.771              -0.03767918
903433506610.771              0.08325837
903434483705.7709             0.06462739
903435460800.7709             -0.09648265
903436437895.7709             -0.12540665
903437414990.7709             -0.020131059
903438392085.7709             0.09288359
903439369180.7709             0.09363127
903440346275.7708             -0.075119264
903441323370.7708             5.823088e-05
903442300465.7708             0.025899505
903443277560.7708             -0.0062973844
903444254655.7708             0.22733086
903445231750.7708             -0.0085002165
903446208845.7706             0.04577849
903447185940.7706             0.10717433
903448163035.7706             -0.06987264
903449140130.7706             0.04230886
903450117225.7706             -0.012944664
903451094320.7706             -0.057361115
903452071415.7705             0.04230938
903453048510.7705             -0.1016243
903454025605.7705             0.024645265
903455002700.7705             0.12218429
903455979795.7705             0.12560715
903456956890.7704             0.0043340833
903457933985.7704             -0.037206985
903458911080.7704             0.03309768
903459888175.7704             0.18567999
903460865270.7704             -0.01957899
903461842365.7704             -0.033430472
903462819460.7703             -0.16037369
903463796555.7703             -0.10333223
903464773650.7703             0.00038061448
903465750745.7703             0.00054176734
903466727840.7703             0.08385062
903467704935.7703             0.13507001
903468682030.7701             0.09372893
903469659125.7701             -0.024760302
903470636220.7701             0.015180037
903471613315.7701             -0.0919347
903472590410.7701             -0.033768207
903473567505.7701             -0.012129185
903474544600.77               0.055877082
903475521695.77               -0.037220098
903476498790.77               -0.03198113
903477475885.77               0.10891485
903478452980.77               -0.038652454
903479430075.77               0.19826932
903480407170.7699             0.29705092
903481384265.7699             0.035051376
903482361360.7699             0.12113413
903483338455.7699             0.036143765
903484315550.7699             0.030072102
903485292645.7698             -0.022442482
903486269740.7698             0.22609705
903487246835.7698             0.008088829
903488223930.7698             -0.2026232
903489201025.7698             0.17308205
903490178120.7698             0.12563628
903491155215.7697             -0.026699228
903492132310.7697             -0.10576835
903493109405.7697             0.14728013
903494086500.7697             0.117996104
903495063595.7697             0.217171
903496040690.7697             0.11912626
903497017785.7695             -0.20620818
903497994880.7695             -0.10781934
903498971975.7695             0.007563591
903499949070.7695             0.016304275
903500926165.7695             0.08029715
903501903260.7695             -0.18061067
903502880355.7694             0.038972147
903503857450.7694             -0.012233735
903504834545.7694             -0.19762506
903505811640.7694             -0.024707273
903506788735.7694             0.079382904
903507765830.7694             0.11643456
903508742925.7693             -0.026972998
903509720020.7693             -0.051112015
903510697115.7693             -0.059416335
903511674210.7693             -0.028321708
903512651305.7693             -0.07475847
903513628400.7693             0.024620077
903514605495.7692             0.043504108
903515582590.7692             0.06302686
903516559685.7692             -0.09265589
903517536780.7692             0.003703153
903518513875.7692             -0.11317593
903519490970.769              -0.055757616
903520468065.769              0.008100464
903521445160.769              0.06645503
903522422255.769              0.007972863
903523399350.769              0.06378599
903524376445.769              -0.0034845325
903525353540.7689             -0.026919793
903526330635.7689             0.03207322
903527307730.7689             -0.028478006
903528284825.7689             0.013545054
903529261920.7689             -0.13522018
903530239015.7689             -0.064436555
903531216110.7688             -0.06111864
903532193205.7688             0.033604182
903533170300.7688             0.20377669
903534147395.7688             0.09904163
903535124490.7688             -0.0661884
903536101585.7688             -0.34801957
903537078680.7687             -0.24286897
903538055775.7687             0.0101703815
903539032870.7687             0.047379814
903540009965.7687             0.1090421
903540987060.7687             0.028909637
903541964155.7687             -0.062403858
903542941250.7686             0.12464284
903543918345.7686             -0.010391019
903544895440.7686             0.20650892
903545872535.7686             -0.16324773
903546849630.7686             -0.012860557
903547826725.7684             0.008411848
903548803820.7684             -0.027255578
903549780915.7684             0.05877236
903550758010.7684             0.09216575
903551735105.7684             0.040824648
903552712200.7684             -0.22055861
903553689295.7683             0.05912693
903554666390.7683             0.18211618
903555643485.7683             0.07297073
903556620580.7683             0.15117908
903557597675.7683             0.109389074
903558574770.7683             0.07790403
903559551865.7682             -0.040293
903560528960.7682             -0.077764474
903561506055.7682             0.0033893562
903562483150.7682             0.19960839
903563460245.7682             0.11217014
903564437340.7682             0.12271505
903565414435.7681             0.07788542
903566391530.7681             -0.30012396
903567368625.7681             0.047248334
903568345720.7681             0.13588794
903569322815.7681             -0.0071694828
903570299910.7681             -0.05406987
903571277005.768              -0.16075623
903572254100.768              -0.13249266
903573231195.768              0.047009874
903574208290.768              0.023627222
903575185385.768              0.004718963
903576162480.7678             -0.014838636
903577139575.7678             0.1388082
903578116670.7678             -0.061709978
903579093765.7678             -0.21997103
903580070860.7678             -0.022574376
903581047955.7678             -0.17483927
903582025050.7677             0.0956528
903583002145.7677             0.14731275
903583979240.7677             0.14114088
903584956335.7677             -0.043283693
903585933430.7677             0.041080747
903586910525.7677             -0.0036736696
903587887620.7676             -0.008321444
903588864715.7676             0.12340972
903589841810.7676             -0.0021480003
903590818905.7676             0.13946865
903591796000.7676             0.03837309
903592773095.7676             -0.10784765
903593750190.7675             -0.05368722
903594727285.7675             0.07863831
903595704380.7675             0.068676986
903596681475.7675             0.07486686
903597658570.7675             0.2517117
903598635665.7675             0.18360868
903599612760.7673             -0.104639076
903600589855.7673             -0.21279179
903601566950.7673             -0.040299375
903602544045.7673             -0.01583348
903603521140.7673             0.13658814
903604498235.7672             0.13374762
903605475330.7672             -0.03352849
903606452425.7672             -0.08995838
903607429520.7672             -0.0121533545
903608406615.7672             -0.040341534
903609383710.7672             -0.073528074
903610360805.7671             -0.016010886
903611337900.7671             0.016372513
903612314995.7671             -0.0030606783
903613292090.7671             0.018866567
903614269185.7671             0.029524162
903615246280.7671             0.08434215
903616223375.767              -0.05725459
903617200470.767              -0.088522635
903618177565.767              0.02957207
903619154660.767              0.0067293057
903620131755.767              -0.064757764
903621108850.767              -0.08055968
903622085945.7668             -0.07425513
903623063040.7668             -0.003434912
903624040135.7668             -0.016527457
903625017230.7668             0.020979492
903625994325.7668             -0.08543993
903626971420.7668             0.013165465
903627948515.7667             0.059700895
903628925610.7667             0.15778245
903629902705.7667             -0.03466749
903630879800.7667             -0.20996337
903631856895.7667             -0.22064021
903632833990.7666             0.11954257
903633811085.7666             -0.10332047
903634788180.7666             -0.063218735
903635765275.7666             0.071044005
903636742370.7666             0.14893714
903637719465.7666             0.069193564
903638696560.7665             -0.052261665
903639673655.7665             -0.11561921
903640650750.7665             -0.1782456
903641627845.7665             -0.10288243
903642604940.7665             0.027915528
903643582035.7665             -0.11534373
903644559130.7664             0.024746371
903645536225.7664             0.07466517
903646513320.7664             0.11775215
903647490415.7664             0.07770128
903648467510.7664             -0.2535131
903649444605.7664             -0.037550144
903650421700.7662             0.03030406
903651398795.7662             0.1381917
903652375890.7662             -0.119402215
903653352985.7662             0.09479084
903654330080.7662             0.15135492
903655307175.7662             0.011031848
903656284270.7661             -0.11988335
903657261365.7661             -0.13610671
903658238460.7661             -0.20527352
903659215555.7661             0.10624213
903660192650.7661             0.08775462
903661169745.766              -0.13602693
903662146840.766              -0.0343351
903663123935.766              0.08007547
903664101030.766              0.06022444
903665078125.766              -0.08130294
903666055220.766              0.07899779
903667032315.7659             0.33213928
903668009410.7659             0.27465463
903668986505.7659             -0.053932454
903669963600.7659             -0.21758883
903670940695.7659             0.07053764
903671917790.7659             0.022243986
903672894885.7657             -0.07210135
903673871980.7657             0.08106101
903674849075.7657             -0.0927984
903675826170.7657             -0.050012358
903676803265.7657             0.0830055
903677780360.7657             0.1307005
903678757455.7656             -0.00916536
903679734550.7656             -0.08051245
903680711645.7656             -0.07191038
903681688740.7656             -0.25337702
903682665835.7656             -0.1334694
903683642930.7656             -0.0319239
903684620025.7655             -0.24899662
903685597120.7655             0.05742599
903686574215.7655             0.031203408
903687551310.7655             -0.2460989
903688528405.7655             0.19347312
903689505500.7655             0.04231475
903690482595.7654             0.0055097546
903691459690.7654             -0.07340589
903692436785.7654             -0.039543886
903693413880.7654             0.244336
903694390975.7654             0.28114235
903695368070.7653             0.13524745
903696345165.7653             0.041143756
903697322260.7653             -0.034265265
903698299355.7653             0.0833393
903699276450.7653             -0.005106222
903700253545.7653             0.1367476
903701230640.7651             0.048407335
903702207735.7651             -0.04633186
903703184830.7651             -0.17949536
903704161925.7651             -0.13417852
903705139020.7651             0.04759588
903706116115.7651             -0.024672173
903707093210.765              0.013015362
903708070305.765              0.19697416
903709047400.765              -0.0983328
903710024495.765              0.06731231
903711001590.765              0.08504058
903711978685.765              0.03298998
903712955780.7649             -0.13465074
903713932875.7649             -0.18847269
903714909970.7649             -0.18717079
903715887065.7649             -0.16775551
903716864160.7649             0.1090186
903717841255.7649             0.15486085
903718818350.7648             0.08722537
903719795445.7648             0.040575564
903720772540.7648             0.02499971
903721749635.7648             0.036065582
903722726730.7648             -0.07302137
903723703825.7646             -0.045612186
903724680920.7646             0.10713365
903725658015.7646             -0.15787303
903726635110.7646             -0.107613295
903727612205.7646             -0.0881104
903728589300.7646             -0.07916237
903729566395.7645             -0.055559013
903730543490.7645             0.08364919
903731520585.7645             0.016164321
903732497680.7645             0.030006394
903733474775.7645             0.077867314
903734451870.7645             -0.016072292
903735428965.7644             -0.056935295
903736406060.7644             -0.13137995
903737383155.7644             -0.08016263
903738360250.7644             0.046913132
903739337345.7644             -0.02762635
903740314440.7644             -0.076027796
903741291535.7643             -0.070731394
903742268630.7643             -0.07799745
903743245725.7643             -0.10719349
903744222820.7643             0.08733736
903745199915.7643             0.19833134
903746177010.7643             -0.024062773
903747154105.7642             -0.16502762
903748131200.7642             -0.16508567
903749108295.7642             -0.0136791635
903750085390.7642             0.06689518
903751062485.7642             0.2312541
903752039580.764              0.09249786
903753016675.764              0.08293086
903753993770.764              0.048972264
903754970865.764              0.15773824
903755947960.764              -0.08292228
903756925055.764              0.19377887
903757902150.7639             -0.08363636
903758879245.7639             -0.0587694
903759856340.7639             -0.082643814
903760833435.7639             0.1017445
903761810530.7639             -0.03956899
903762787625.7639             -0.038360186
903763764720.7638             -0.19760044
903764741815.7638             -0.087950334
903765718910.7638             -0.10141602
903766696005.7638             -0.043034602
903767673100.7638             -0.2460228
903768650195.7638             -0.08738249
903769627290.7637             -0.06827714
903770604385.7637             -0.012663887
903771581480.7637             -0.012790006
903772558575.7637             0.11656866
903773535670.7637             0.23321794
903774512765.7637             0.25623012
903775489860.7635             0.08625742
903776466955.7635             0.036567394
903777444050.7635             -0.0034717477
903778421145.7635             0.027785575
903779398240.7635             -0.09094483
903780375335.7634             -0.061754562
903781352430.7634             0.077588536
903782329525.7634             0.07889346
903783306620.7634             -0.1281505
903784283715.7634             -0.064821854
903785260810.7634             -0.014630273
903786237905.7633             0.20025028
903787215000.7633             0.053949587
903788192095.7633             -0.12623313
903789169190.7633             -0.010639547
903789200015.9                -0.021183392
903790146285.7633             -0.2658726
903790177110.6343             0.100182064
903791123380.7633             0.17185651
903791154205.3684             0.09126156
903792100475.7632             0.090731055
903792131300.1027             -0.19662234
903793077570.7632             -0.12975632
903793108394.8369             0.07707483
903794054665.7632             0.086284906
903794085489.5712             -0.11254806
903795031760.7632             0.029098881
903795062584.3053             -0.08882627
903796008855.7632             0.035248883
903796039679.0396             -0.022252444
903796985950.7632             -0.018004611
903797016773.7738             0.054582007
903797963045.7631             -0.013431857
903797993868.5079             0.13861409
903798940140.7631             -0.0054790485
903798970963.2422             -0.14294678
903799917235.7631             0.068040214
903799948057.9764             -0.03543409
903800894330.7631             0.059214935
903800925152.7106             0.04884357
903801871425.7631             0.019997634
903801902247.4448             0.18743943
903802848520.7631             0.015156786
903802879342.1791             -0.050460245
903803825615.763              -0.14422509
903803856436.9133             0.090552285
903804802710.763              0.023434415
903804833531.6475             0.19288886
903805779805.763              0.14030989
903805810626.3817             0.30844045
903806756900.763              0.05744973
903806787721.116              0.04777438
903807733995.763              0.08528579
903807764815.8501             -0.08067607
903808711090.7628             -0.19571231
903808741910.5844             -0.25215095
903809688185.7628             -0.2585939
903809719005.3186             -0.113027066
903810665280.7628             -0.07704057
903810696100.0527             -0.037507232
903811642375.7628             0.03733011
903811673194.787              -0.096391745
903812619470.7628             0.044264633
903812650289.5212             0.00798437
903813596565.7628             0.09237558
903813627384.2555             -0.04883658
903814573660.7627             -0.046001323
903814604478.9896             0.0026571557
903815550755.7627             0.1985375
903815581573.7239             0.028220156
903816527850.7627             -0.048493642
903816558668.4581             -0.00083338073
903817504945.7627             -0.05818913
903817535763.1923             0.0008557531
903818482040.7627             0.002093128
903818512857.9265             -0.05755415
903819459135.7627             -0.0799938
903819489952.6608             -0.2281139
903820436230.7626             -0.15555215
903820467047.395              0.10275275
903821413325.7626             -0.14897051
903821444142.1292             0.26944533
903822390420.7626             0.11761754
903822421236.8634             0.43903676
903823367515.7626             0.35008007
903823398331.5977             -0.030312322
903824344610.7626             -0.026347315
903824375426.3318             0.05039426
903825321705.7626             -0.051526967
903825352521.066              0.057106964
903826298800.7625             0.045114256
903826329615.8003             0.16862625
903827275895.7625             0.04133632
903827306710.5344             0.1071354
903828252990.7625             -0.04829554
903828283805.2687             0.18033023
903829230085.7625             0.121639006
903829260900.0029             0.02349056
903830207180.7625             0.21068572
903830237994.7372             0.26459438
903831184275.7625             0.29327458
903831215089.4713             0.11353311
903832161370.7623             -0.0055298246
903832192184.2056             0.23102453
903833138465.7623             0.118889205
903833169278.9398             0.17605081
903834115560.7623             0.023686513
903834146373.674              0.037299998
903835092655.7623             0.044930536
903835123468.4082             0.029443244
903836069750.7623             0.06945725
903836100563.1425             0.043466732
903837046845.7622             0.040490292
903837077657.8767             0.057367984
903838023940.7622             0.118995644
903838054752.6108             -0.028623769
903839001035.7622             0.030566331
903839031847.3451             0.08033004
903839978130.7622             0.119122826
903840008942.0793             -0.1006267
903840955225.7622             -0.004609398
903840986036.8135             -0.25012967
903841932320.7622             -0.09562621
903841963131.5477             0.0071631423
903842909415.7621             -0.08470415
903842940226.282              0.18230696
903843886510.7621             0.11892387
903843917321.0161             0.13653739
903844863605.7621             -0.15252611
903844894415.7504             0.046203956
903845840700.7621             -0.21255721
903845871510.4846             -0.14280763
903846817795.7621             -0.107903086
903846848605.2189             -0.16832241
903847794890.7621             -0.084938295
903847825699.953              0.051204644
903848771985.762              0.06921918
903848802794.6873             0.06231068
903849749080.762              0.10054875
903849779889.4215             0.002588476
903850726175.762              0.020573793
903850756984.1556             0.09773684
903851703270.762              0.021459788
903851734078.8899             -0.012383078
903852680365.762              -0.057086088
903852711173.6241             -0.074902035
903853657460.762              -0.072094396
903853688268.3583             0.15481715
903854634555.7618             0.15848942
903854665363.0925             0.14126708
903855611650.7618             0.09177807
903855642457.8268             0.21660857
903856588745.7618             0.15906197
903856619552.561              -0.029057266
903857565840.7618             -0.15162021
903857596647.2952             -0.24616836
903858542935.7618             -0.10246409
903858573742.0294             0.024811782
903859520030.7618             -0.17511564
903859550836.7637             0.19418845
903860497125.7617             -0.100154124
903860527931.4978             0.16092792
903861474220.7617             -0.0501439
903861505026.232              -0.016140647
903862451315.7617             0.12344488
903862482120.9663             0.06107516
903863428410.7617             -0.03774935
903863459215.7006             0.10888243
903864405505.7617             -0.006960816
903864436310.4347             0.27726352
903865382600.7617             0.21886586
903865413405.169              0.025584234
903866359695.7616             -0.014249701
903866390499.9032             -0.08947876
903867336790.7616             -0.16534296
903867367594.6373             -0.06374522
903868313885.7616             -0.1798651
903868344689.3716             -0.15872984
903869290980.7616             -0.2432444
903869321784.1058             0.060298413
903870268075.7616             -0.16794169
903870298878.84               -0.11627178
903871245170.7615             -0.11616029
903871275973.5742             0.050131083
903872222265.7615             0.040562812
903872253068.3085             0.15207148
903873199360.7615             0.14836603
903873230163.0427             0.14058636
903874176455.7615             0.06696285
903874207257.7769             -0.046681512
903875153550.7615             -0.26311877
903875184352.5111             -0.13958
903876130645.7615             -0.24362926
903876161447.2454             -0.20563002
903877107740.7614             -0.034071155
903877138541.9795             0.09557278
903878084835.7614             0.09201215
903878115636.7137             -0.030448535
903879061930.7614             -0.109740645
903879092731.448              0.18354796
903880039025.7614             0.017689487
903880069826.1821             0.10283535
903881016120.7614             -0.062897004
903881046920.9164             0.24503371
903881993215.7614             0.048494346
903882024015.6506             -0.17877555
903882970310.7612             -0.15423046
903883001110.3849             -0.15880282
903883947405.7612             -0.13164331
903883978205.119              -0.06776017
903884924500.7612             -0.10706289
903884955299.8533             0.11812196
903885901595.7612             0.20031647
903885932394.5875             0.03471458
903886878690.7612             0.11921648
903886909489.3217             -0.009895346
903887855785.7612             -0.120484605
903887886584.0559             -0.16189305
903888832880.7611             -0.06406444
903888863678.7902             -0.059806872
903889809975.7611             -0.0787255
903889840773.5244             -0.052162725
903890787070.7611             -0.19783013
903890817868.2585             0.038561866
903891764165.7611             0.05011783
903891794962.9928             0.04452511
903892741260.7611             0.17298497
903892772057.727              -0.065493256
903893718355.7611             -0.019715888
903893749152.4612             0.15715706
903894695450.761              0.09636802
903894726247.1954             -0.006683859
903895672545.761              -0.040526573
903895703341.9297             0.047098327
903896649640.761              0.032911047
903896680436.6638             0.059981454
903897626735.761              0.080820315
903897657531.3981             0.39047986
903898603830.761              0.15331042
903898634626.1323             0.053030353
903899580925.7609             0.08193826
903899611720.8666             0.03351607
903900558020.7609             0.2052421
903900588815.6007             -0.118716985
903901535115.7609             -0.07791837
903901565910.335              -0.16781841
903902512210.7609             -0.14574781
903902543005.0692             0.342294
903903489305.7609             0.19398357
903903520099.8033             0.091055766
903904466400.7609             0.032872166
903904497194.5376             0.17871186
903905443495.7607             0.12055684
903905474289.2719             0.23997498
903906420590.7607             0.089345954
903906451384.0061             0.161796
903907397685.7607             0.0872966
903907428478.7402             -0.010005955
903908374780.7607             -0.018995518
903908405573.4745             0.18611823
903909351875.7607             0.14520235
903909382668.2087             0.0057702153
903910328970.7607             -0.055128384
903910359762.9429             -0.28265885
903911306065.7606             -0.27031243
903911336857.6771             -0.0009690273
903912283160.7606             -0.011895326
903912313952.4114             0.14587292
903913260255.7606             0.13318224
903913291047.1455             0.033340894
903914237350.7606             -0.016968329
903914268141.8798             0.18266262
903915214445.7606             0.20939967
903915245236.614              -0.06942958
903916191540.7606             0.015129371
903916222331.3483             -0.24984407
903917168635.7605             -0.09457414
903917199426.0824             -0.19242406
903918145730.7605             -0.27229014
903918176520.8167             0.14118408
903919122825.7605             0.20614317
903919153615.5509             0.15599509
903920099920.7605             0.21339251
903920130710.285              0.10652073
903921077015.7605             0.032421455
903921107805.0193             0.07845281
903922054110.7605             -0.19720618
903922084899.7535             0.055773277
903923031205.7604             -0.14078683
903923061994.4877             -0.053279273
903924008300.7604             -0.003027366
903924039089.2219             0.13609995
903924985395.7604             0.05827699
903925016183.9562             0.33166212
903925962490.7604             0.25612423
903925993278.6904             0.12214805
903926939585.7604             -0.008154148
903926970373.4246             0.19438446
903927916680.7603             0.18712856
903927947468.1588             0.07796751
903928893775.7603             0.1459582
903928924562.8931             0.0557685
903929870870.7603             -0.009104805
903929901657.6272             0.15026571
903930847965.7603             0.19897452
903930878752.3615             -0.1688194
903931825060.7603             -0.10813989
903931855847.0957             0.04290737
903932802155.7603             -0.03053826
903932832941.83               -0.047398973
903933779250.7601             0.044693336
903933810036.5641             0.42240548
903934756345.7601             0.40143374
903934787131.2983             0.1901919
903935733440.7601             0.16713287
903935764226.0326             0.017470216
903936710535.7601             -0.07591444
903936741320.7667             -0.11252469
903937687630.7601             -0.05024211
903937718415.501              0.069730274
903938664725.7601             0.08916217
903938695510.2352             0.20702188
903939641820.76               0.05804819
903939672604.9694             0.03956745
903940618915.76               -0.018405039
903940649699.7036             0.037770476
903941596010.76               -0.06007515
903941626794.4379             0.21073762
903942573105.76               0.007197796
903942603889.1721             0.09340104
903943550200.76               0.2429136
903943580983.9062             0.10095376
903944527295.76               0.011203345
903944558078.6405             0.090012394
903945504390.7599             -0.06884083
903945535173.3748             -0.06195567
903946481485.7599             -0.014190402
903946512268.1089             0.048283983
903947458580.7599             0.050124094
903947489362.8431             -0.112431936
903948435675.7599             -0.12220246
903948466457.5774             -0.08222403
903949412770.7599             -0.14804767
903949443552.3115             0.16406947
903950389865.7599             0.011917661
903950420647.0458             0.12781353
903951366960.7598             0.009025751
903951397741.78               0.067377225
903952344055.7598             0.14304052
903952374836.5143             0.0006649525
903953321150.7598             -0.045341775
903953351931.2484             -0.031813532
903954329025.9827             -0.017394934
903955306120.7169             -0.09406284
903956283215.451              -0.043436695
903957260310.1853             0.036700148
903958237404.9196             -0.06520681
903959214499.6538             -0.121725656
903960191594.388              -0.07877861
903961168689.1222             0.0011323967
903962145783.8564             0.036315635
903963122878.5906             -0.22198832
903964099973.3248             -0.12631994
903965077068.0591             -0.16143817
903966054162.7932             -0.14949726
903967031257.5275             0.03740772
903968008352.2617             -0.12040268
903968985446.996              0.07392571
903969962541.7301             -0.19150876
903970939636.4644             -0.14167093
903971916731.1986             0.20907572
903972893825.9327             0.2870913
903973870920.667              0.14625974
903974848015.4012             -0.051552266
903975825110.1355             0.007733175
903976802204.8696             0.07680877
903977779299.6039             0.19690554
903978756394.3381             0.23953903
903979733489.0723             0.2435528
903980710583.8065             -0.08735284
903981687678.5408             -0.021917095
903982664773.2749             0.06616213
903983641868.0092             0.062936254
903984618962.7434             0.03765517
903985596057.4777             -0.1190498
903986573152.2118             -0.11741223
903987550246.946              -0.071674116
903988527341.6803             -0.18222342
903989504436.4144             0.055985775
903990481531.1487             -0.1042401
903991458625.8829             0.010441112
903992435720.6171             -0.15527217
903993412815.3513             0.06441974
903994389910.0856             0.041118477
903995367004.8198             -0.115733504
903996344099.554              0.04620684
903997321194.2882             0.03444474
903998298289.0225             -0.13649157
903999275383.7566             -0.019802839
904000252478.4908             -0.13878915
904001229573.2251             0.0064329626
904002206667.9594             0.25364533
904003183762.6935             0.06140622
904004160857.4277             -0.027179204
904005137952.162              0.21318494
904006115046.8961             0.2659464
904007092141.6304             0.16267979
904008069236.3646             -0.03347736
904009046331.0988             -0.019202204
904010023425.833              -0.18625197
904011000520.5673             -0.08083282
904011977615.3015             0.12956764
904012954710.0356             0.07817952
904013931804.7699             0.029887864
904014908899.5042             -0.057996903
904015885994.2383             0.04233876
904016863088.9725             0.057409365
904017840183.7068             0.055430528
904018817278.4409             0.012127857
904019794373.1752             -0.16829538
904020771467.9094             -0.087781556
904021748562.6437             -0.16703276
904022725657.3778             0.0152023565
904023702752.112              -0.40142485
904024679846.8463             -0.21674147
904025656941.5804             0.036030605
904026634036.3147             0.12948178
904027611131.049              0.22272345
904028588225.7832             0.27105784
904029565320.5173             0.1347541
904030542415.2516             -0.10910882
904031519509.9858             -0.0835927
904032496604.72               -0.18001144
904033473699.4542             -0.0008700648
904034450794.1885             0.018818304
904035427888.9226             0.17542498
904036404983.6569             -0.05430878
904037382078.3911             -0.056867287
904038359173.1254             0.09781675
904039336267.8595             0.024801357
904040313362.5938             -0.0034805606
904041290457.328              -0.11091175
904042267552.0621             0.08032911
904043244646.7964             0.1224499
904044221741.5306             -0.0021593114
904045198836.2649             -0.025684822
904046175930.999              0.09465925
904047153025.7333             0.09793738
904048130120.4675             0.10070214
904049107215.2017             0.4100177
904050084309.9359             0.13532454
904051061404.6702             0.26287302
904052038499.4043             0.3071026
904053015594.1385             -0.053633492
904053992688.8728             -0.15390263
904054969783.607              0.023096055
904055946878.3412             -0.08497234
904056923973.0754             -0.09217195
904057901067.8097             0.21977669
904058878162.5438             0.048650328
904059855257.2781             -0.04891947
904060832352.0123             0.09842105
904061809446.7465             0.24743378
904062786541.4807             0.2992456
904063763636.215              0.22244315
904064740730.9492             0.19951862
904065717825.6833             0.13452573
904066694920.4176             0.11017731
904067672015.1519             -0.04475735
904068649109.886              0.078832515
904069626204.6202             0.022869555
904070603299.3545             0.07753364
904071580394.0887             0.045194194
904072557488.8229             -0.053268157
904073534583.5571             0.12634407
904074511678.2914             -0.06368282
904075488773.0255             -0.05076518
904076465867.7598             0.059960004
904077442962.494              0.123643376
904078420057.2281             0.20993634
904079397151.9624             0.26149443
904080374246.6967             0.032789014
904081351341.4309             0.073543325
904082328436.165              0.055186696
904083305530.8993             -0.14725135
904084282625.6335             -0.13342011
904085259720.3677             0.12855309
904086236815.1019             0.12479949
904087213909.8362             0.19772577
904088191004.5703             0.12155624
904089168099.3046             0.1844206
904090145194.0388             -0.026437368
904091122288.7731             0.003022183
904092099383.5072             -0.17585675
904093076478.2415             -0.05108848
904094053572.9757             0.13969506
904095030667.7098             0.07691664
904096007762.4441             0.006718582
904096984857.1783             0.1774079
904097961951.9126             0.26034814
904098939046.6467             0.18524428
904099916141.381              0.012258117
904100893236.1152             0.04127
904101870330.8494             -0.12473481
904102847425.5836             -0.28950247
904103824520.3179             0.046864964
904104801615.052              -0.012129932
904105778709.7863             -0.01940944
904106755804.5205             -0.11728997
904107732899.2548             -0.026561083
904108709993.9889             -0.09848096
904109687088.7231             -0.13393967
904110664183.4574             -0.18703474
904111641278.1915             -0.09452086
904112618372.9258             0.062695704
904113595467.66               0.0971263
904114572562.3943             0.062041655
904115549657.1284             0.0999541
904116526751.8627             -0.040117078
904117503846.5969             -0.011681022
904118480941.331              0.2594464
904119458036.0653             0.07846022
904120435130.7996             -0.031023422
904121412225.5337             -0.14288056
904122389320.268              -0.1260195
904123366415.0022             0.019627187
904124343509.7365             0.0502292
904125320604.4706             -0.18360278
904126297699.2048             -0.012693669
904127274793.9391             0.12540275
904128251888.6732             -0.02484928
904129228983.4075             -0.03254424
904130206078.1417             -0.13243707
904131183172.8759             -0.22152534
904132160267.6101             0.082848
904133137362.3444             -0.11344062
904134114457.0786             -0.0389104
904135091551.8127             -0.0127631435
904136068646.547              0.28746116
904137045741.2812             0.051362876
904138022836.0154             -0.05771575
904138999930.7496             0.15993747
904139977025.4839             0.24204834
904140954120.2181             0.012952036
904141931214.9523             0.11493914
904142908309.6865             -0.06350891
904143885404.4208             -0.085889734
904144862499.1549             0.029237533
904145839593.8892             0.16830477
904146816688.6234             -0.06229992
904147793783.3575             -0.14080383
904148770878.0918             -0.04216342
904149747972.826              0.04264849
904150725067.5603             -0.15183732
904151702162.2944             -0.19052991
904152679257.0287             0.021867722
904153656351.763              -0.033061266
904154633446.4971             0.030210078
904155610541.2313             -0.029444112
904156587635.9656             0.014803661
904157564730.6997             0.042110085
904158541825.434              -0.029571906
904159518920.1682             0.057035837
904160496014.9025             0.10339809
904161473109.6366             0.16509713
904162450204.3708             0.11985071
904163427299.1051             0.21771568
904164404393.8392             -0.008622665
904165381488.5735             0.046351302
904166358583.3077             -0.16444616
904167335678.042              0.068980366
904168312772.7761             0.10708915
904169289867.5104             -0.03177561
904170266962.2446             0.34549204
904171244056.9788             0.38705865
904172221151.713              0.20749983
904173198246.4473             0.12529068
904174175341.1814             -0.08304496
904175152435.9156             0.22113118
904176129530.6499             0.21791978
904177106625.3842             -0.0041605183
904178083720.1183             -0.14185798
904179060814.8525             -0.059274822
904180037909.5868             0.0059853536
904181015004.3209             0.100399554
904181992099.0552             0.19523682
904182969193.7894             -0.0059809973
904183946288.5237             -0.12918903
904184923383.2578             0.006199975
904185900477.9921             0.119167306
904186877572.7263             0.061597332
904187854667.4604             -0.047144916
904188831762.1947             -0.107189454
904189808856.929              -0.18339065
904190785951.6631             -0.1125618
904191763046.3973             0.24266934
904192740141.1316             0.18106632
904193717235.8658             0.12764125
904194694330.6                -0.05203443
904195671425.3342             -0.08381383
904196648520.0685             -0.11234973
904197625614.8026             0.20577659
904198602709.5369             0.06005422
904199579804.2711             0.099769786
904200556899.0052             0.09361074
904201533993.7395             0.09939878
904202511088.4738             -0.07060046
904203488183.208              -0.11535339
904204465277.9421             -0.036452513
904205442372.6764             0.007896539
904206419467.4106             0.16124986
904207396562.1448             0.057123672
904208373656.879              0.123414844
904209350751.6133             -0.0885777
904210327846.3475             -0.189686
904211304941.0817             -0.0902802
904212282035.8159             0.014611472
904213259130.5502             0.1003542
904214236225.2843             -0.015506977
904215213320.0186             -0.037508484
904216190414.7528             0.07482201
904217167509.4869             0.20913687
904218144604.2212             0.059643574
904219121698.9554             -0.24077505
904220098793.6897             -0.0069144773
904221075888.4238             0.13769647
904222052983.1581             0.10998216
904223030077.8923             0.1210069
904224007172.6265             0.06326728
904224984267.3607             0.008151214
904225961362.095              -0.0077976314
904226938456.8291             -0.29659745
904227915551.5634             -0.090881765
904228892646.2976             0.10490155
904229869741.0319             0.11147164
904230846835.766              0.06900238
904231823930.5002             0.06624934
904232801025.2345             0.044831004
904233778119.9686             -0.103485584
904234755214.7029             -0.029214283
904235732309.4371             0.096389405
904236709404.1714             0.013104311
904237686498.9055             0.08732902
904238663593.6398             0.20749763
904239640688.374              0.14737326
904240617783.1082             -0.056533482
904241594877.8424             0.02952778
904242571972.5767             0.18851882
904243549067.3108             -0.031055875
904244526162.045              -0.11390083
904245503256.7793             -0.026594158
904246480351.5135             0.08849075
904247457446.2477             0.16402009
904248434540.9819             -0.018138109
904249411635.7162             -0.056163725
904250388730.4503             -0.04738051
904251365825.1846             -0.12058114
904252342919.9188             -0.2696964
904253320014.6531             -0.15717393
904254297109.3872             0.21266274
904255274204.1215             0.08655099
904256251298.8557             -0.00050538545
904257228393.5898             -0.23901318
904258205488.3241             -0.109078266
904259182583.0583             -0.15807651
904260159677.7925             -0.2841764
904261136772.5267             0.10726884
904262113867.261              0.0010473048
904263090961.9952             -0.044185665
904264068056.7294             0.016958797
904265045151.4636             -0.04349448
904266022246.1979             0.18160059
904266999340.932              0.06832353
904267976435.6663             -0.07686676
904268953530.4005             0.3499609
904269930625.1346             0.106797196
904270907719.8689             0.037784986
904271884814.6031             -0.1749105
904272861909.3374             -0.08984261
904273839004.0715             -0.045144968
904274816098.8058             -0.3429874
904275793193.54               -0.20080996
904276770288.2742             0.3382783
904277747383.0084             0.18603094
904278724477.7427             0.0701875
904279701572.4769             0.089656144
904280678667.211              0.0041000275
904281655761.9453             -0.23607203
904282632856.6796             0.29564035
904283609951.4137             0.036296673
904284587046.148              -0.23860656
904285564140.8822             -0.08790977
904286541235.6163             0.2723558
904287518330.3506             -0.0069142254
904288495425.0848             -0.06356511
904289472519.8191             -0.10215047
904290449614.5532             -0.0009945859
904291426709.2875             0.08169955
904292403804.0217             0.14897868
904293380898.7559             0.1524335
904294357993.4901             0.0765683
904295335088.2244             -0.029011024
904296312182.9585             0.055866927
904297289277.6927             -0.16179611
904298266372.427              -0.03806352
904299243467.1613             -0.020367073
904300220561.8954             -0.036044445
904301197656.6296             0.14796548
904302174751.3639             0.19564766
904303151846.098              -0.036268122
904304128940.8323             -0.10031261
904305106035.5665             -0.051438466
904306083130.3008             -0.059891995
904307060225.0349             0.051895082
904308037319.7692             -0.08634035
904309014414.5034             0.009597391
904309991509.2375             0.19643335
904310968603.9718             -0.024459533
904311945698.706              0.057357002
904312922793.4402             0.10955381
904313899888.1744             0.105983585
904314876982.9087             -0.054852698
904315854077.643              -0.08494334
904316831172.3771             -0.25491405
904317808267.1113             -0.1149533
904318785361.8456             -0.29406914
904319762456.5797             -0.06006988
904320739551.314              0.05754462
904321716646.0482             -0.03288979
904322693740.7825             0.22629796
904323670835.5166             -0.012490048
904324647930.2509             0.03273812
904325625024.9851             -0.09134344
904326602119.7192             0.16712984
904327579214.4535             0.20662957
904328556309.1877             0.3121413
904329533403.9219             0.08018456
904330510498.6561             0.107492924
904331487593.3904             0.21435875
904332464688.1246             -0.004805165
904333441782.8588             -0.18604912
904334418877.593              0.16282605
904335395972.3273             -0.036997173
904336373067.0614             -0.129669
904337350161.7957             -0.32969862
904338327256.5299             -0.10573014
904339304351.264              0.045403853
904340281445.9983             -0.057205662
904341258540.7325             -0.13047162
904342235635.4668             -0.0052080415
904343212730.2009             -0.019766742
904344189824.9352             -0.03958291
904345166919.6694             -0.038123537
904346144014.4036             -0.027559867
904347121109.1378             -0.12216291
904348098203.8721             0.12306253
904349075298.6063             0.121567234
904350052393.3405             0.14037082
904351029488.0747             -0.10350366
904352006582.809              0.13469552
904352983677.5431             0.09525415
904353960772.2773             0.1905026
904354937867.0116             -0.011375907
904355914961.7457             -0.18374203
904356892056.48               -0.019344037
904357869151.2142             0.25345522
904358846245.9485             0.36603203
904359823340.6826             0.1537319
904360800435.4169             -0.16283031
904361777530.1511             -0.013644093
904362754624.8853             0.0022691651
904363731719.6195             -0.16652283
904364708814.3538             0.022637915
904365685909.0879             0.16127333
904366663003.8221             0.34908065
904367640098.5564             0.15415011
904368617193.2906             -0.11944918
904369594288.0248             0.12736377
904370571382.759              0.017418476
904371548477.4933             -0.10439379
904372525572.2274             0.057404693
904373502666.9617             -0.023212012
904374479761.6959             -0.024016349
904375456856.4302             -0.045054294
904376433951.1643             0.19490805
904377411045.8986             -0.120231874
904378388140.6328             -0.13802578
904379365235.367              0.085287176
904380342330.1012             -0.103277646
904381319424.8354             -0.06983099
904382296519.5696             0.09613982
904383273614.3038             0.17424943
904384250709.0381             0.08672265
904385227803.7723             -0.008206772
904386204898.5065             -0.096950956
904387181993.2407             -0.047942698
904388159087.975              -0.109446324
904389136182.7091             0.02288576
904390113277.4434             -0.018007759
904391090372.1776             0.061047766
904392067466.9119             0.1236551
904393044561.646              -0.060946807
904394021656.3802             -0.11527812
904394998751.1145             -0.25025764
904395975845.8486             -0.21291344
904396952940.5829             -0.028627178
904397930035.3171             0.3370914
904398907130.0513             0.14322591
904399884224.7855             0.08447279
904400861319.5198             0.07701035
904401838414.254              -0.00313486
904402815508.9882             0.050021455
904403792603.7224             -0.13096893
904404769698.4567             -0.123006694
904405746793.1908             0.047696747
904406723887.925              0.10829595
904407700982.6593             -0.046845946
904408678077.3934             0.29828113
904409655172.1277             -0.14053737
904410632266.8619             -0.29405752
904411609361.5962             -0.011727969
904412586456.3303             0.25145373
904413563551.0646             0.18255006
904414540645.7988             0.23055406
904415517740.533              -0.086548425
904416494835.2672             -0.16867399
904417471930.0015             -0.1506854
904418449024.7357             -7.757995e-05
904419426119.4698             0.0020949775
904420403214.2041             0.08161307
904421380308.9384             -0.100521624
904422357403.6725             -0.025191769
904423334498.4067             -0.07182306
904424311593.141              -0.071855836
904425288687.8751             -0.03674241
904426265782.6094             0.013877716
904427242877.3436             -0.27010602
904428219972.0779             -0.14501941
904429197066.812              -0.18964913
904430174161.5463             -0.0004885598
904431151256.2805             0.18462875
904432128351.0146             0.020628424
904433105445.7489             -0.32024094
904434082540.4832             -0.11070205
904435059635.2173             -0.15316787
904436036729.9515             -0.020851193
904437013824.6858             -0.035323646
904437990919.42               -0.0068718144
904438968014.1542             -0.030515099
904439945108.8884             -0.13365589
904440922203.6227             0.057652317
904441899298.3568             -0.12262182
904442876393.0911             -0.20628838
904443853487.8253             -0.008932962
904444830582.5596             0.09589005
904445807677.2937             0.0047740405
904446784772.028              -0.09918682
904447761866.7622             0.16607708
904448738961.4963             0.11337834
904449716056.2306             0.024523893
904450693150.9648             0.08598797
904451670245.699              0.16073264
904452647340.4332             0.015298569
904453624435.1675             0.23008075
904454601529.9017             0.1393434
904455578624.6359             -0.13242748
904456555719.3701             0.016360912
904457532814.1044             0.100946665
904458509908.8385             -0.026633201
904459487003.5728             0.101580486
904460464098.307              0.085931204
904461441193.0413             -0.12019149
904462418287.7754             -0.17130639
904463395382.5096             0.14315046
904464372477.2439             -0.028221637
904465349571.978              0.061591778
904466326666.7123             -0.18253812
904467303761.4465             -0.09659868
904468280856.1807             0.3928307
904469257950.9149             0.20706205
904470235045.6492             0.12370149
904471212140.3834             0.04537596
904472189235.1176             -0.104638614
904473166329.8518             -0.216889
904474143424.586              -0.09313054
904475120519.3202             0.080327556
904476097614.0544             0.03654862
904477074708.7887             -0.2245753
904478051803.5228             -0.119094536
904479028898.2571             -0.101745486
904480005992.9913             -0.1504443
904480983087.7256             0.038912714
904481960182.4597             0.13039896
904482937277.194              -0.10492805
904483914371.9282             -0.07601393
904484891466.6624             -0.16777545
904485868561.3966             -0.20126344
904486845656.1309             -0.06592808
904487822750.8651             -0.0032926842
904488799845.5992             0.020798985
904489776940.3335             0.23547271
904490754035.0677             0.12286219
904491731129.8019             -0.11130415
904492708224.5361             -0.0860793
904493685319.2704             -0.07883622
904494662414.0045             -0.17747138
904495639508.7388             -0.11893719
904496616603.473              -0.30601943
904497593698.2073             0.07146556
904498570792.9414             0.08577955
904499547887.6757             -0.19796246
904500524982.4099             -0.331437
904501502077.144              -0.16433957
904502479171.8783             0.079338536
904503456266.6125             0.036775075
904504433361.3467             0.114662655
904505410456.0809             0.141996
904506387550.8152             0.050820034
904507364645.5494             -0.06028567
904508341740.2836             -0.25477907
904509318835.0178             -0.30682105
904510295929.7521             -0.1366194
904511273024.4862             0.1070096
904512250119.2205             0.25191435
904513227213.9547             0.1240648
904514204308.689              -0.024009949
904515181403.4231             -0.16565487
904516158498.1573             -0.009335656
904517135592.8916             -0.08066761
904518112687.6257             -0.07295955
904519089782.36               -0.033136275
904520066877.0942             -0.06004542
904521043971.8284             0.32294452
904522021066.5626             0.10364239
904522998161.2969             -0.032840338
904523975256.0311             -0.00062538806
904524952350.7653             0.16679147
904525929445.4995             0.014460301
904526906540.2338             0.23038042
904527883634.9679             0.13275264
904528860729.7021             0.06972584
904529837824.4364             0.031423025
904530814919.1707             0.17668995
904531792013.9048             0.053881694
904532769108.639              -0.022111578
904533746203.3733             -0.01813868
904534723298.1074             0.11326506
904535700392.8417             -0.020918192
904536677487.5759             -0.13458477
904537654582.31               0.0104331365
904538631677.0443             0.12612286
904539608771.7786             0.08797654
904540585866.5128             -0.022157853
904541562961.247              -0.045029145
904542540055.9812             0.06518885
904543517150.7155             0.10672688
904544494245.4496             -0.07703175
904545471340.1838             0.007064956
904546448434.9181             0.15018298
904547425529.6522             -0.124813184
904548402624.3865             0.018150486
904549379719.1207             0.15034556
904550356813.855              0.052190624
904551333908.5891             -0.036180425
904552311003.3234             0.008081819
904553288098.0576             -0.22884764
904554265192.7917             -0.2183514
904555242287.526              -0.18654525
904556219382.2603             0.0021921908
904557196476.9945             -0.0434981
904558173571.7286             -0.13073568
904559150666.4629             -0.009250021
904560127761.1971             -0.054440185
904561104855.9313             0.17618422
904562081950.6655             -0.059721824
904563059045.3998             -0.037543695
904564036140.1339             -0.19963266
904565013234.8682             -0.20828095
904565990329.6024             -0.18014005
904566967424.3367             0.07641015
904567944519.0708             0.0931656
904568921613.805              0.22517136
904569898708.5393             -0.018551176
904570875803.2734             0.07327132
904571852898.0077             0.18550651
904572829992.742              0.09538014
904573807087.4761             -0.081517905
904574784182.2103             0.12873675
904575761276.9446             -0.18324673
904576738371.6788             -0.07513188
904577715466.413              0.087684706
904578692561.1472             0.0440449
904579669655.8815             0.24091087
904580646750.6156             0.17331718
904581623845.3499             -0.23422252
904582600940.0841             -0.25897053
904583578034.8184             -0.106455304
904584555129.5525             0.040598243
904585532224.2867             0.077692345
904586509319.021              0.13172919
904587486413.7551             0.010082973
904588463508.4894             -0.07695009
904589440603.2236             -0.06718649
904590417697.9578             -0.10743257
904591394792.692              0.1860204
904592371887.4263             0.0039199223
904593348982.1605             -0.28934544
904594326076.8947             -0.002191618
904595303171.6289             0.16457461
904596280266.3632             0.056926016
904597257361.0973             0.10553944
904598234455.8315             0.08223524
904599211550.5658             -0.15880153
904600188645.3                0.0072626006
904601165740.0342             0.007338414
904602142834.7684             0.11605073
904603119929.5027             -0.045501966
904604097024.2368             0.18600397
904605074118.9711             -0.041019857
904606051213.7053             0.063542604
904607028308.4395             0.10310249
904608005403.1737             0.03244151
904608982497.908              -0.15401341
904609959592.6422             -0.042120505
904610936687.3763             -0.0699305
904611913782.1106             -0.060736455
904612890876.8448             -0.061906487
904613867971.579              0.13076732
904614845066.3132             -0.040084217
904615822161.0475             -0.01335176
904616799255.7816             -0.045086488
904617776350.5159             -0.04450153
904618753445.2501             -0.12619412
904619730539.9844             -0.034444053
904620707634.7185             0.015718328
904621684729.4528             -0.1110644
904622661824.187              0.005210906
904623638918.9211             0.2855335
904624616013.6554             0.14454427
904625593108.3896             -0.00984475
904626570203.1239             -0.12745526
904627547297.858              -0.18327342
904628524392.5923             0.15646945
904629501487.3265             0.2854406
904630478582.0607             0.018406851
904631455676.7949             -0.10730611
904632432771.5292             -0.06657126
904633409866.2633             0.22848758
904634386960.9976             -0.07560831
904635364055.7318             -0.1965517
904636341150.4661             0.17927697
904637318245.2002             0.04929085
904638295339.9344             -0.16911551
904639272434.6687             -0.12726088
904640249529.4028             -0.17187065
904641226624.1371             -0.2723702
904642203718.8713             -0.2930024
904643180813.6055             0.09299514
904644157908.3397             0.1391686
904645135003.074              -0.22836646
904646112097.8082             -0.044677608
904647089192.5424             0.020747846
904648066287.2766             -0.29346678
904649043382.0109             -0.24268286
904650020476.745              -0.1515535
904650997571.4792             -0.023195196
904651974666.2135             -0.013609022
904652951760.9478             -0.0020037782
904653928855.6819             0.07333922
904654905950.4161             0.30932742
904655883045.1504             0.31751314
904656860139.8845             -0.14632855
904657837234.6188             0.12519878
904658814329.353              0.19763987
904659791424.0872             -0.0043486683
904660768518.8214             -0.15180716
904661745613.5557             -0.12831938
904662722708.2899             -0.011560084
904663699803.024              0.013858894
904664676897.7583             0.185582
904665653992.4926             -0.06844559
904666631087.2267             -0.10354701
904667608181.9609             -0.15726697
904668585276.6952             -0.09954093
904669562371.4294             0.019279221
904670539466.1636             -0.14495139
904671516560.8978             -0.24938634
904672493655.6321             0.04904156
904673470750.3662             0.085936464
904674447845.1005             0.05028111
904675424939.8347             -0.1028298
904676402034.5688             0.16702154
904677379129.3031             0.2130278
904678356224.0374             -0.18851852
904679333318.7716             -0.14425257
904680310413.5057             0.13465717
904681287508.24               -0.066845044
904682264602.9742             0.066332184
904683241697.7084             0.0030630669
904684218792.4426             0.10475937
904685195887.1769             -0.047047563
904686172981.911              0.110437565
904687150076.6453             -0.008293885
904688127171.3795             -0.098749176
904689104266.1138             -0.0049418528
904690081360.8479             0.06861913
904691058455.5822             0.10202149
904692035550.3164             0.02677349
904693012645.0505             -0.025951546
904693989739.7848             0.1745333
904694966834.519              -0.06782052
904695943929.2533             0.014529893
904696921023.9874             0.061022475
904697898118.7217             -0.11201535
904698875213.4559             0.07208944
904699852308.1901             -0.23632216
904700829402.9243             -0.112538494
904701806497.6586             0.041053426
904702783592.3927             0.032642856
904703760687.127              -0.06454957
904704737781.8612             -0.18070732
904705714876.5955             -0.04022197
904706691971.3296             0.015680324
904707669066.0638             0.10749989
904708646160.7981             0.05668239
904709623255.5322             0.3054598
904710600350.2665             0.14354497
904711577445.0007             -0.015889969
904712554539.7349             -0.20623235
904713531634.4691             -0.13915578
904714508729.2034             0.15618142
904715485823.9376             -0.04883915
904716462918.6718             0.15154888
904717440013.406              0.21562192
904718417108.1403             0.06399266
904719394202.8744             -0.15872142
904720371297.6086             0.1761383
904721348392.3429             0.17950885
904722325487.0771             0.3604821
904723302581.8113             -0.089378476
904724279676.5455             0.14771086
904725256771.2798             -0.07497782
904726233866.0139             -0.04061491
904727210960.7482             0.030147456
904728188055.4824             -0.22944522
904729165150.2166             -0.21493623
904730142244.9508             0.054047156
904731119339.685              -0.07322753
904732096434.4193             -0.3542227
904733073529.1534             -0.24804384
904734050623.8877             -0.13617097
904735027718.622              0.16373047
904736004813.3561             -0.15242055
904736981908.0903             -0.11482702
904737959002.8246             -0.048555348
904738936097.5588             0.012150364
904739913192.293              0.09539886
904740890287.0272             0.018037658
904741867381.7615             -0.10567069
904742844476.4956             -0.0026499603
904743821571.2299             0.06031568
904744798665.9641             0.03406796
904745775760.6982             0.20197162
904746752855.4325             0.1912722
904747729950.1667             0.1681049
904748707044.901              0.17716347
904749684139.6351             0.28703153
904750661234.3694             0.27745655
904751638329.1036             0.073604606
904752615423.8378             0.18473259
904753592518.572              0.13341725
904754569613.3063             -0.006931337
904755546708.0404             -0.10157249
904756523802.7747             -0.11469018
904757500897.5089             0.06981761
904758477992.2432             -0.09291639
904759455086.9773             -0.19755714
904760432181.7115             -0.026847217
904761409276.4458             0.15010099
904762386371.1799             0.008824968
904763363465.9142             -0.008173703
904764340560.6484             0.287444
904765317655.3827             0.20161903
904766294750.1168             -0.061349135
904767271844.8511             0.07479321
904768248939.5853             -0.24400789
904769226034.3195             -0.009041629
904770203129.0537             0.0692478
904771180223.788              0.034445424
904772157318.5221             0.1505088
904773134413.2563             0.1926415
904774111507.9906             0.18302743
904775088602.7249             -0.2706633
904776065697.459              -0.078640215
904777042792.1932             -0.04051667
904778019886.9275             -0.124732554
904778996981.6616             -0.1277751
904779974076.3959             -0.034103096
904780951171.1301             0.12967652
904781928265.8643             -0.02236007
904782905360.5985             0.045118976
904783882455.3328             0.16788273
904784859550.067              0.030946871
904785836644.8011             -0.1943508
904786813739.5354             0.02005743
904787790834.2697             -0.096767664
904788767929.0038             -0.13928054
904789745023.738              0.12645656
904790722118.4723             0.24497485
904791699213.2065             0.22961594
904792676307.9407             -0.06051553
904793653402.6749             0.02633409
904794630497.4092             0.14259967
904795607592.1433             -0.034476403
904796584686.8776             -0.072880186
904797561781.6118             -0.21570712
904798538876.346              -0.0026619048
904799515971.0802             0.10269167
904800493065.8145             -0.12026053
904801470160.5487             -0.17912687
904802447255.2828             -0.12147517
904803424350.0171             0.061489165
904804401444.7513             -0.04154176
904805378539.4855             -0.2495326
904806355634.2197             -0.2651575
904807332728.954              -0.014618406
904808309823.6882             0.12429049
904809286918.4224             -0.14662614
904810264013.1566             -0.064172134
904811241107.8909             0.072875366
904812218202.625              0.13647653
904813195297.3593             -0.0030966776
904814172392.0935             -0.088965334
904815149486.8276             -0.30666226
904816126581.5619             0.04253281
904817103676.2961             0.05257893
904818080771.0304             0.07055337
904819057865.7645             0.013113314
904820034960.4988             -0.13466696
904821012055.233              -0.05773438
904821989149.9672             -0.07468382
904822966244.7014             -0.022097839
904823943339.4357             0.13063277
904824920434.1698             -0.020279605
904825897528.904              0.06569126
904826874623.6383             0.022300297
904827851718.3726             -0.08532209
904828828813.1067             0.14332062
904829805907.841              0.058556918
904830783002.5752             0.049582098
904831760097.3093             -0.04462769
904832737192.0436             0.013266402
904833714286.7778             0.06152079
904834691381.5121             -0.07060325
904835668476.2462             -0.022471134
904836645570.9805             -0.15190329
904837622665.7147             -0.083968975
904838599760.4489             -0.116699025
904839576855.1831             0.045424845
904840553949.9174             0.16170484
904841531044.6515             -0.013880418
904842508139.3857             -0.19726743
904843485234.12               -0.1341556
904844462328.8542             -0.092943914
904845439423.5884             0.1040262
904846416518.3226             -0.04814248
904847393613.0569             0.180483
904848370707.791              -0.050645612
904849347802.5253             0.080992885
904850324897.2595             0.014108743
904851301991.9937             0.021957625
904852279086.7279             0.086681955
904853256181.4622             0.055691026
904854233276.1964             -0.15337978
904855210370.9305             0.06105665
904856187465.6648             0.0023906615
904857164560.399              -0.14613248
904858141655.1332             -0.08097709
904859118749.8674             -0.07831655
904860095844.6017             -0.0021538422
904861072939.3359             0.2287237
904862050034.0701             0.03084035
904863027128.8043             -0.019899124
904864004223.5386             0.0140252495
904864981318.2727             -0.037543695
904865958413.007              -0.1048183
904866935507.7412             0.07630868
904867912602.4753             -0.14393288
904868889697.2096             -0.1296593
904869866791.9438             -0.21521682
904870843886.6781             -0.22966798
904871820981.4122             0.11208649
904872798076.1465             -0.09568321
904873775170.8807             0.18871424
904874752265.6149             0.09823124
904875729360.3491             -0.06631924
904876706455.0834             0.15998144
904877683549.8176             0.015001788
904878660644.5518             0.11534347
904879637739.286              -0.029408643
904880614834.0203             0.3039029
904881591928.7544             0.073206946
904882569023.4886             0.025201172
904883546118.2229             -0.1208483
904884523212.957              -0.08318207
904885500307.6913             0.03852843
904886477402.4255             0.16541241
904887454497.1598             -0.16760579
904888431591.8939             -0.112792954
904889408686.6282             -0.13233188
904890385781.3624             0.09034065
904891362876.0966             -0.006374964
904892339970.8308             0.18705952
904893317065.5651             -0.093055
904894294160.2992             -0.0155671695
904895271255.0334             -0.21516974
904896248349.7677             -0.023036214
904897225444.502              0.15507135
904898202539.2361             0.27578342
904899179633.9703             0.13512345
904900156728.7046             0.13313863
904901133823.4387             -0.018862454
904902110918.173              0.21299896
904903088012.9072             0.30435866
904904065107.6415             0.058078814
904905042202.3756             -0.026245378
904906019297.1099             -0.09745954
904906996391.8441             -0.071213596
904907973486.5782             -0.008582138
904908950581.3125             -0.15165702
904909927676.0468             -0.014064786
904910904770.7809             -0.030832289
904911881865.5151             -0.15097095
904912858960.2494             -0.078513004
904913836054.9836             -0.052759632
904914813149.7178             -0.20298754
904915790244.452              0.054778777
904916767339.1863             0.25058904
904917744433.9204             0.16420503
904918721528.6547             0.1612641
904919698623.3889             0.041227154
904920675718.123              0.055152614
904921652812.8573             0.2902927
904922629907.5916             0.13125174
904923607002.3258             0.20284435
904924584097.0599             0.3116883
904925561191.7942             -0.03551306
904926538286.5284             0.10561646
904927515381.2626             0.269185
904928492475.9968             0.009446624
904929469570.7311             0.19289877
904930446665.4653             -0.070027694
904931423760.1995             -0.061224062
904932400854.9337             0.049205154
904933377949.668              0.281788
904934355044.4021             0.0015387784
904935332139.1364             -0.009492315
904936309233.8706             -0.15631373
904937286328.6047             -0.21287563
904938263423.339              -0.056845576
904939240518.0732             0.17572708
904940217612.8075             0.020455882
904941194707.5416             -0.13041113
904942171802.2759             -0.15308109
904943148897.0101             0.055214014
904944125991.7443             -0.1754972
904945103086.4785             -0.07198141
904946080181.2128             -0.0763858
904947057275.947              0.11351144
904948034370.6812             0.067400426
904949011465.4154             -0.3022267
904949988560.1497             -0.34471413
904950965654.8838             -0.03202944
904951942749.618              0.15667051
904952919844.3523             0.06859714
904953896939.0864             -0.09029803
904954874033.8207             0.24933775
904955851128.5549             0.30856955
904956828223.2892             0.1320504
904957805318.0233             0.07841266
904958782412.7576             0.017992906
904959759507.4918             -0.16950342
904960736602.226              -0.1355401
904961713696.9602             0.079916894
904962690791.6945             -0.07651636
904963667886.4286             -0.20727858
904964644981.1628             -0.117132425
904965622075.8971             0.25534514
904966599170.6313             0.12449266
904967576265.3655             0.0865911
904968553360.0997             -0.0822667
904969530454.834              -0.060612366
904970507549.5681             -0.15211256
904971484644.3024             -0.18261102
904972461739.0366             0.013208848
904973438833.7709             0.056435898
904974415928.505              0.15935127
904975393023.2393             0.2137657
904976370117.9735             -0.055770233
904977347212.7076             -0.22028627
904978324307.4419             -0.14899097
904979301402.1761             -0.15784352
904980278496.9103             0.13797672
904981255591.6445             0.07612472
904982232686.3788             0.24929395
904983209781.113              0.00040922046
904984186875.8472             -0.002959103
904985163970.5814             0.12580909
904986141065.3157             -0.20385036
904987118160.0498             -0.096736714
904988095254.784              -0.071799345
904989072349.5183             -0.051890876
904990049444.2524             0.08150952
904991026538.9867             -0.09646333
904992003633.721              -0.059516083
904992980728.4552             0.12406888
904993957823.1893             -0.099045865
904994934917.9236             0.05006722
904995912012.6578             0.20507933
904996889107.392              0.07740982
904997866202.1262             -0.17490248
904998843296.8605             -0.11713209
904999820391.5947             0.027166175
905000797486.3289             -0.06468574
905001774581.0631             -0.14773303
905002751675.7974             -0.07053097
905003728770.5315             0.08215849
905004705865.2657             0.18015702
905005682960.0                -0.10327345
905006660054.7341             0.023394536
905007637149.4684             -0.08336283
905008614244.2026             -0.11976411
905009591338.9369             -0.3170286
905010568433.671              -0.04846394
905011545528.4053             0.07577998
905012522623.1395             -0.34169343
905013499717.8737             -0.13588421
905014476812.6079             -0.29389197
905015453907.3422             0.11513617
905016431002.0764             0.0710402
905017408096.8105             0.2634804
905018385191.5448             0.38187078
905019362286.279              0.1932253
905020339381.0132             -0.0051462473
905021316475.7474             0.04126834
905022293570.4817             -0.11384615
905023270665.2158             -0.10570465
905024247759.9501             -0.032588676
905025224854.6843             -0.044485416
905026201949.4186             -0.025445614
905027179044.1527             0.017982056
905028156138.887              0.114907004
905029133233.6212             0.3568501
905030110328.3553             0.24797909
905031087423.0896             0.44699916
905032064517.8239             0.336793
905033041612.558              -0.022833603
905034018707.2922             -0.3409706
905034995802.0265             0.09511424
905035972896.7607             0.2847638
905036949991.4949             0.028006596
905037927086.2291             0.11188136
905038904180.9634             -0.14854206
905039881275.6975             -0.25632507
905040858370.4318             0.31504434
905041835465.166              0.3253169
905042812559.9003             0.012075926
905043789654.6344             -0.09488912
905044766749.3687             0.009577242
905045743844.1029             0.0202711
905046720938.837              0.12334078
905047698033.5713             0.062652275
905048675128.3055             0.10442648
905049652223.0397             0.24462453
905050629317.7739             0.0962769
905051606412.5082             0.05230294
905052583507.2424             -0.16285947
905053560601.9766             -0.13939449
905054537696.7108             0.049752787
905055514791.4451             0.19419591
905056491886.1792             0.26227453
905057468980.9135             0.014869773
905058446075.6477             -0.26494658
905059423170.3818             -0.1595675
905060400265.1161             -0.09920374
905061377359.8503             0.040284585
905062354454.5846             0.12773004
905063331549.3187             0.19742912
905064308644.053              -0.04192334
905065285738.7872             0.0111724315
905066262833.5214             -0.07960558
905067239928.2556             0.12441389
905068217022.9899             -0.06272751
905069194117.7241             0.0461152
905070171212.4583             0.093310304
905071148307.1925             0.10130901
905072125401.9268             -0.0025219172
905073102496.6609             0.13832189
905074079591.3951             0.20658241
905075056686.1294             -0.12614517
905076033780.8635             0.115886465
905077010875.5978             0.38101783
905077987970.332              0.0935138
905078965065.0663             0.21162109
905079942159.8004             -0.023671797
905080919254.5347             -0.29490346
905081896349.2689             -0.15869197
905082873444.003              -0.19919847
905083850538.7373             -0.19533415
905084827633.4716             -0.052711904
905085804728.2058             -0.010140512
905086781822.94               0.053183973
905087758917.6742             0.29690883
905088736012.4084             -0.03647624
905089713107.1426             0.18826646
905090690201.8768             0.15324232
905091667296.6111             -0.0030106427
905092644391.3452             0.053344257
905093621486.0795             0.14322884
905094598580.8137             0.17842732
905095575675.548              -0.037945136
905096552770.2821             0.08487606
905097529865.0164             -0.06654009
905098506959.7506             0.09673552
905099484054.4847             0.38073596
905100461149.219              0.3523826
905101438243.9532             0.10071232
905102415338.6874             -0.073386386
905103392433.4216             0.25518996
905104369528.1559             0.13892965
905105346622.8901             0.25826806
905106323717.6243             -0.13091627
905107300812.3585             -0.056338113
905108277907.0928             0.17977804
905109255001.8269             0.33080232
905110232096.5612             0.0444353
905111209191.2954             0.054672547
905112186286.0297             -0.016844757
905113163380.7638             0.2508163
905114140475.498              0.31419632
905115117570.2323             -0.107400164
905116094664.9664             0.09953668
905117071759.7007             0.095031485
905118048854.4349             0.11920034
905119025949.1691             0.23846476
905120003043.9033             0.09308886
905120980138.6376             0.049250335
905121957233.3718             -0.0752978
905122934328.106              -0.10310872
905123911422.8402             -0.0038390863
905124888517.5745             0.08933101
905125865612.3086             0.11228718
905126842707.0428             0.14080581
905127819801.7771             -0.15892963
905128796896.5112             0.024568515
905129773991.2455             0.35200512
905130751085.9797             0.05527381
905131728180.714              -0.18998294
905132705275.4481             0.22466321
905133682370.1824             0.11580925
905134659464.9166             -0.051348507
905135636559.6508             -0.13901018
905136613654.385              0.035577595
905137590749.1193             0.06695607
905138567843.8535             0.24326046
905139544938.5876             -0.079282865
905140522033.3219             0.106693886
905141499128.0562             -0.09323733
905142476222.7903             -0.20665127
905143453317.5245             -0.08508542
905144430412.2588             -0.25763404
905145407506.9929             -0.034965612
905146384601.7272             0.13773523
905147361696.4614             0.23397058
905148338791.1957             0.20679617
905149315885.9298             0.31875876
905150292980.6641             -0.076208554
905151270075.3983             0.006775899
905152247170.1324             0.105085194
905153224264.8667             0.0067921616
905154201359.601              0.088237226
905155178454.3352             0.042991914
905156155549.0693             0.15050554
905157132643.8036             0.1407481
905158109738.5378             0.07144096
905159086833.272              0.07499151
905160063928.0062             0.30144203
905161041022.7405             0.21346931
905162018117.4746             0.085467614
905162995212.2089             0.07003521
905163972306.9431             -0.13727194
905164949401.6774             0.22835784
905165926496.4115             0.12919572
905166903591.1458             0.0714062
905167880685.88               0.17102103
905168857780.6141             0.36246324
905169834875.3484             0.586047
905170811970.0826             0.22324955
905171789064.8168             0.16255474
905172766159.551              0.18319003
905173743254.2853             0.07599034
905174720349.0195             0.03940559
905175697443.7537             0.097186975
905176674538.4879             -0.070650615
905177651633.2222             0.26060224
905178628727.9563             0.07074312
905179605822.6906             -0.013080949
905180582917.4248             -0.095134504
905181560012.159              0.120540455
905182537106.8932             0.18135501
905183514201.6274             -0.17958796
905184491296.3617             -0.2510983
905185468391.0958             -0.2393621
905186445485.8301             0.026503244
905187422580.5643             0.15061459
905188399675.2985             0.08360538
905189376770.0327             0.1803241
905190353864.767              0.17218618
905191330959.5012             0.28221694
905192308054.2354             0.08081534
905193285148.9696             0.094953135
905194262243.7039             -0.0149977505
905195239338.438              0.14660369
905196216433.1722             0.34428507
905197193527.9065             0.39091873
905198170622.6406             0.17714815
905199147717.3749             -0.13613103
905200124812.1091             -0.077583745
905201101906.8434             -0.069453135
905202079001.5775             -0.13714837
905203056096.3118             -0.25035033
905204033191.046              0.068913475
905205010285.7802             -0.3172182
905205987380.5144             -0.33385554
905206964475.2487             0.02876991
905207941569.9829             -0.06784987
905208918664.717              -0.100989126
905209895759.4513             0.20877029
905210872854.1855             0.28538647
905211849948.9197             0.25489816
905212827043.6539             -0.02829511
905213804138.3882             0.038563766
905214781233.1223             0.03583788
905215758327.8566             -0.109692
905216735422.5908             0.07336528
905217712517.3251             0.2941166
905218689612.0592             0.0046510794
905219666706.7935             0.005382758
905220643801.5277             0.047683135
905221620896.2618             0.088731006
905222597990.9961             0.0701879
905223575085.7303             0.09772339
905224552180.4646             -0.023310471
905225529275.1987             0.20486586
905226506369.933              0.24020432
905227483464.6672             0.21164723
905228460559.4014             0.21132126
905229437654.1356             -0.1116772
905230414748.8699             -0.08554782
905231391843.604              0.083232485
905232368938.3383             0.53241384
905233346033.0725             0.29215884
905234323127.8068             0.21989186
905235300222.5409             0.33911994
905236277317.2751             0.19006278
905237254412.0094             0.40016085
905238231506.7435             0.3517507
905239208601.4778             0.23497726
905240185696.212              -0.06625942
905241162790.9462             -0.11043476
905242139885.6804             0.2829086
905243116980.4147             0.2577952
905244094075.1489             0.14972882
905245071169.883              0.05894524
905246048264.6173             0.05906446
905247025359.3516             0.064061046
905248002454.0857             0.048846204
905248979548.82               -0.21291687
905249956643.5542             -0.10497942
905250933738.2885             0.16934532
905251910833.0226             0.21471278
905252887927.7568             0.056355678
905253865022.4911             -0.45141223
905254842117.2252             0.025864322
905255819211.9595             0.30564886
905256796306.6937             -0.06837425
905257773401.4279             -0.2763567
905258750496.1621             -0.03908331
905259727590.8964             0.30957454
905260704685.6306             0.08141843
905261681780.3647             0.2486278
905262658875.099              0.21259391
905263635969.8333             0.30994222
905264613064.5674             0.49491358
905265590159.3016             0.21889137
905266567254.0359             0.14173393
905267544348.77               0.025934568
905268521443.5043             0.18908957
905269498538.2385             0.010803372
905270475632.9728             0.118441455
905271452727.7069             0.26869678
905272429822.4412             -0.07957488
905273406917.1754             0.12484208
905274384011.9095             0.016647993
905275361106.6438             -0.17531598
905276338201.378              0.14646107
905277315296.1123             -0.10260556
905278292390.8464             0.2819784
905279269485.5807             0.2693498
905280246580.315              -0.018016348
905281223675.0491             0.2058535
905282200769.7833             0.2393312
905283177864.5176             -0.33468646
905284154959.2517             -0.112587914
905285132053.986              0.14718668
905286109148.7202             0.1907646
905287086243.4545             0.030388616
905288063338.1886             0.036686998
905289040432.9229             -0.042770382
905290017527.6571             -0.0788204
905290994622.3912             0.29825097
905291971717.1255             0.25907487
905292948811.8597             -0.11112776
905293925906.594              0.13613726
905294903001.3281             -0.064045966
905295880096.0624             0.048406713
905296857190.7966             0.019790743
905297834285.5308             -0.0059206756
905298811380.265              0.014226965
905299788474.9993             0.18133324
905300765569.7334             0.06506199
905301742664.4677             0.23571052
905302719759.2019             0.19947046
905303696853.9362             0.32518438
905304673948.6703             0.22840889
905305651043.4045             0.021583699
905306628138.1388             0.022105519
905307605232.8729             0.15267527
905308582327.6072             0.1146204
905309559422.3414             0.19068375
905310536517.0756             0.22993116
905311513611.8098             0.527626
905312490706.5441             0.34031636
905313467801.2783             0.22265218
905314444896.0125             0.1611135
905315421990.7467             0.17790556
905316399085.481              0.16313423
905317376180.2151             0.075310215
905318353274.9493             0.043772634
905319330369.6836             0.093283415
905320307464.4178             0.43094125
905321284559.152              0.11272146
905322261653.8862             -0.10082283
905323238748.6205             0.108722664
905324215843.3546             0.053918887
905325192938.0889             0.180876
905326170032.8231             0.33157
905327147127.5573             0.053693984
905328124222.2915             0.08669148
905329101317.0258             0.029238475
905330078411.76               -0.17038244
905331055506.4941             0.105713665
905332032601.2284             0.41748628
905333009695.9626             -0.007938134
905333986790.6968             -0.0039593615
905334963885.431              0.13562934
905335940980.1653             0.29032823
905336918074.8994             0.4024385
905337895169.6337             0.18332635
905338872264.3679             0.035983473
905339849359.1022             0.10867663
905340826453.8363             -0.11060913
905341803548.5706             -0.19125515
905342780643.3048             -0.21062216
905343757738.039              -0.0071554813
905344734832.7732             0.094376765
905345711927.5074             0.2783101
905346689022.2417             0.19592205
905347666116.9758             0.019783245
905348643211.7101             0.11229597
905349620306.4443             0.0046655214
905350597401.1785             -0.0895552
905351574495.9127             0.3219418
905352551590.647              0.07012309
905353528685.3811             0.2788321
905354505780.1154             0.13720867
905355482874.8496             0.0214298
905356459969.5839             -0.05677067
905357437064.318              0.21354446
905358414159.0522             0.17710252
905359391253.7865             -0.091185346
905360368348.5206             0.021055227
905361345443.2549             0.14316839
905362322537.9891             -0.042725552
905363299632.7234             0.114523865
905364276727.4575             0.27425724
905365253822.1918             0.31034634
905366230916.926              0.18805234
905367208011.6602             0.089919
905368185106.3944             0.036788043
905369162201.1287             0.29001966
905370139295.8628             0.07268658
905371116390.597              0.07676351
905372093485.3313             0.3955462
905373070580.0656             0.17155378
905374047674.7997             0.22025459
905375024769.5339             0.20999147
905376001864.2682             0.0409868
905376978959.0023             0.13840863
905377956053.7366             -0.038419347
905378933148.4708             0.09354071
905379910243.205              -0.038046364
905380887337.9392             0.19088586
905381864432.6735             0.09525879
905382841527.4077             -0.09288403
905383818622.1418             -0.03331791
905384795716.8761             -0.0026133205
905385772811.6104             -0.074559785
905386749906.3445             -0.043997847
905387727001.0787             0.06616184
905388704095.813              0.14112662
905389681190.5472             0.307313
905390658285.2814             -0.1367726
905391635380.0156             -0.20035072
905392612474.7499             0.2791193
905393589569.484              0.05921932
905394566664.2183             0.07097444
905395543758.9525             0.3086631
905396520853.6866             -0.083605
905397497948.4209             -0.2900602
905398475043.1552             0.11074206
905399452137.8894             0.1201087
905400429232.6235             0.067369685
905401406327.3578             0.10111439
905402383422.092              -0.020076228
905403360516.8262             0.16131422
905404337611.5604             -0.14196648
905405314706.2947             -0.10843143
905406291801.0288             0.089278236
905407268895.7631             0.09298461
905408245990.4973             -0.03628894
905409223085.2316             -0.021550016
905410200179.9657             -0.076672286
905411177274.7                0.33517992
905412154369.4342             -0.027635518
905413131464.1683             0.16853966
905414108558.9026             -0.1141935
905415085653.6368             -0.09612402
905416062748.3711             -0.12478168
905417039843.1052             0.22207148
905418016937.8395             0.20338048
905418994032.5737             -0.10713904
905419971127.3079             0.0016580643
905420948222.0421             -0.013288823
905421925316.7764             -0.069146276
905422902411.5105             0.022310263
905423879506.2448             0.22881986
905424856600.979              0.23294143
905425833695.7133             0.13399708
905426810790.4474             0.07397209
905427787885.1816             0.0015265595
905428764979.9159             0.20068969
905429742074.65               -0.0023545953
905430719169.3843             0.20077111
905431696264.1185             0.2088688
905432673358.8528             0.21035902
905433650453.5869             0.2650392
905434627548.3212             0.3160139
905435604643.0554             0.14731893
905436581737.7896             0.032685105
905437558832.5238             0.14742042
905438535927.258              -0.1913625
905439513021.9922             0.0050789923
905440490116.7264             0.33168733
905441467211.4607             -0.13562219
905442444306.195              0.18876575
905443421400.9291             -0.14809854
905444398495.6633             0.09346028
905445375590.3976             0.3727283
905446352685.1317             0.05592398
905447329779.866              -0.026445873
905448306874.6002             0.12980038
905449283969.3344             0.019073952
905450261064.0686             -0.19178708
905451238158.8029             0.016705299
905452215253.5371             0.26262775
905453192348.2712             0.18709
905454169443.0055             0.077493705
905455146537.7397             0.079278104
905456123632.4739             0.2440843
905457100727.2081             -0.19371423
905458077821.9424             -0.02302384
905459054916.6766             0.16534302
905460032011.4108             -0.04332268
905461009106.145              -0.18238142
905461986200.8793             0.082370326
905462963295.6134             0.08760435
905463940390.3477             0.058441203
905464917485.0819             -0.065861024
905465894579.816              -0.1265009
905466871674.5503             0.15537547
905467848769.2845             -0.11433865
905468825864.0188             0.06277438
905469802958.7529             -0.05066395
905470780053.4872             0.15284425
905471757148.2214             0.36327657
905472734242.9556             0.50653785
905473711337.6898             0.093061
905474688432.4241             -0.04094362
905475665527.1582             0.027096475
905476642621.8925             -0.29109073
905477619716.6267             -0.446652
905478596811.361              -0.32369286
905479573906.0951             -0.19081205
905480551000.8293             0.23393026
905481528095.5636             0.07190028
905482505190.2977             0.0040842425
905483482285.032              0.056959957
905484459379.7662             -0.06621553
905485436474.5005             -0.18947807
905486413569.2346             -0.040869273
905487390663.9689             0.19580823
905488367758.7031             0.41566983
905489344853.4373             0.18039809
905490321948.1715             0.18929617
905491299042.9058             0.0421113
905492276137.6399             -0.05078164
905493253232.3741             -0.05776723
905494230327.1084             0.012988681
905495207421.8427             -0.04934427
905496184516.5768             -0.24605006
905497161611.311              0.05101132
905498138706.0453             0.10825498
905499115800.7794             -0.027623666
905500092895.5137             0.05992063
905501069990.2479             -0.057387847
905502047084.9822             -0.28775588
905503024179.7163             -0.10227601
905504001274.4506             0.15603724
905504978369.1848             0.11678269
905505955463.919              0.19584145
905506932558.6532             -0.023990853
905507909653.3875             0.061091647
905508886748.1216             0.10401828
905509863842.8558             0.17800061
905510840937.5901             0.4063625
905511818032.3243             0.124383405
905512795127.0585             0.1183403
905513772221.7927             -0.083459966
905514749316.527              -0.00834431
905515726411.2611             -0.21348308
905516703505.9954             -0.3369726
905517680600.7296             -0.08463164
905518657695.4637             0.16060111
905519634790.198              0.09755115
905520611884.9323             -0.14422593
905521588979.6665             0.041169696
905522566074.4006             0.25381526
905523543169.1349             0.0999362
905524520263.8691             -0.08297752
905525497358.6033             -0.10192673
905526474453.3375             -0.027936986
905527451548.0718             0.2945356
905528428642.806              0.11485261
905529405737.5402             -0.1488361
905530382832.2744             -0.046206195
905531359927.0087             -0.11628165
905532337021.7428             0.0130348215
905533314116.477              0.28947684
905534291211.2113             0.16224292
905535268305.9454             0.052391425
905536245400.6797             -0.059104748
905537222495.414              0.12291351
905538199590.1482             -0.07131249
905539176684.8823             0.35153005
905539192726.2                0.10290963
905540153779.6166             0.22080912
905540169821.3002             0.078320585
905541130874.3508             0.0036734128
905541146916.4005             0.079927996
905542107969.085              -0.12977126
905542124011.5007             -0.007326808
905543085063.8192             -0.11247678
905543101106.601              0.06534015
905544062158.5535             -0.03912793
905544078201.7012             0.18295497
905545039253.2876             0.09860377
905545055296.8015             0.16442095
905546016348.0219             0.110262975
905546032391.9017             0.09214547
905546993442.7561             -0.02084791
905547009487.002              0.11949053
905547970537.4904             -0.056027636
905547986582.1022             -0.16575311
905548947632.2245             -0.05550335
905548963677.2025             0.057032067
905549924726.9587             -0.2318126
905549940772.3027             0.05326813
905550901821.693              -0.17600411
905550917867.403              0.085029624
905551878916.4271             -0.024221167
905551894962.5032             -0.1203844
905552856011.1614             -0.0937452
905552872057.6035             0.25309482
905553833105.8956             0.03787938
905553849152.7037             0.18297783
905554810200.6299             -0.10131149
905554826247.804              0.39665812
905555787295.364              0.17018291
905555803342.9042             0.24515389
905556764390.0983             0.14632387
905556780438.0045             0.091877274
905557741484.8325             0.00064555847
905557757533.1047             0.47370082
905558718579.5667             0.16429348
905558734628.205              0.046144098
905559695674.3009             0.039176267
905559711723.3052             -0.019856086
905560672769.0352             -0.03903012
905560688818.4055             0.10188084
905561649863.7693             0.0042735455
905561665913.5057             -0.053080674
905562626958.5035             -0.12094559
905562643008.606              0.04058904
905563604053.2378             0.11937143
905563620103.7062             0.12343975
905564581147.972              -0.08440164
905564597198.8065             0.20151332
905565558242.7062             0.12230688
905565574293.9067             0.12474656
905566535337.4404             0.08517634
905566551389.007              0.2374279
905567512432.1747             -0.03162221
905567528484.1072             0.08008655
905568489526.9088             0.050285637
905568505579.2075             -0.038314205
905569466621.6431             -0.1814565
905569482674.3077             0.26158625
905570443716.3773             0.07686325
905570459769.408              -0.05501161
905571420811.1116             -0.050613545
905571436864.5082             -0.107154675
905572397905.8457             0.03860305
905572413959.6085             -0.06084987
905573375000.58               -0.23575719
905573391054.7087             -0.16857173
905574352095.3142             -0.31535992
905574368149.809              0.044424232
905575329190.0483             0.2696999
905575345244.9092             0.04687639
905576306284.7826             0.11110738
905576322340.0095             0.07014652
905577283379.5168             0.023991603
905577299435.1097             0.06251388
905578260474.251              0.14476728
905578276530.21               0.05819103
905579237568.9852             0.008875481
905579253625.3102             0.08083332
905580214663.7195             -0.11870173
905580230720.4105             0.15319617
905581191758.4537             0.07975623
905581207815.5107             0.13403374
905582168853.1879             0.15777715
905582184910.611              0.17938747
905583145947.9221             -0.10418383
905583162005.7113             0.24189743
905584123042.6564             -0.040852427
905584139100.8115             -0.07184957
905585100137.3905             0.048368793
905585116195.9117             -0.005037791
905586077232.1248             -0.24550271
905586093291.012              0.2966473
905587054326.859              0.11981125
905587070386.1123             0.30680895
905588031421.5931             0.13622643
905588047481.2125             0.33624506
905589008516.3274             0.19778489
905589024576.3127             0.16955253
905589985611.0616             0.09575973
905590001671.413              0.03881887
905590962705.7959             -0.056876644
905590978766.5133             0.04704956
905591939800.53               -0.050577857
905591955861.6135             0.16382556
905592916895.2643             -0.0031475823
905592932956.7137             0.30725852
905593893989.9985             0.1175984
905593910051.814              0.18749902
905594871084.7327             -0.010514239
905594887146.9143             0.23442799
905595848179.4669             0.10746541
905595864242.0145             0.13783966
905596825274.2012             0.12605211
905596841337.1147             0.13855152
905597802368.9354             -0.0027031244
905597818432.215              0.26193216
905598779463.6696             0.255424
905598795527.3153             0.1958006
905599756558.4038             0.15866432
905599772622.4155             0.067873605
905600733653.1381             0.20419978
905600749717.5157             -0.07328703
905601710747.8722             0.060652513
905601726812.616              0.11587837
905602687842.6064             0.19616589
905602703907.7163             0.0614225
905603664937.3407             -0.0392939
905603681002.8165             0.35557124
905604642032.0748             0.2868461
905604658097.9167             0.18366411
905605619126.8091             0.11803566
905605635193.017              0.13551022
905606596221.5433             -0.05045757
905606612288.1173             0.15759213
905607573316.2776             0.049187217
905607589383.2175             -0.0010045153
905608550411.0117             -0.15207407
905608566478.3177             0.1782807
905609527505.746              -0.07590793
905609543573.418              -0.06934612
905610504600.4802             0.0770426
905610520668.5183             -0.08243055
905611481695.2144             0.107309476
905611497763.6185             0.23804261
905612458789.9486             0.21189678
905612474858.7188             0.4299479
905613435884.6829             0.33014798
905613451953.819              0.12623484
905614412979.417              0.00950412
905614429048.9193             0.26025546
905615390074.1512             0.2307502
905615406144.0195             0.05962259
905616367168.8855             -0.052729316
905616383239.1198             0.03667162
905617344263.6198             -0.19113989
905617360334.22               -0.27792412
905618321358.3539             -0.35620052
905618337429.3203             -0.43639126
905619298453.0881             -0.41089237
905619314524.4205             -0.21462336
905620275547.8224             -0.08636638
905620291619.5208             -0.008566466
905621252642.5565             0.12361481
905621268714.621              0.3230927
905622229737.2908             0.34746462
905622245809.7213             0.015547174
905623206832.025              -0.099085465
905623222904.8215             -0.21074723
905624183926.7593             -0.28709155
905624199999.9218             -0.0073511484
905625161021.4934             -0.06854243
905625177095.0221             -0.14874697
905626138116.2277             -0.22454439
905626154190.1223             0.00996753
905627115210.9619             0.013595952
905627131285.2225             0.04824133
905628092305.696              -0.055086635
905628108380.3228             -0.0067160716
905629069400.4303             -0.107447654
905629085475.4231             0.14458245
905630046495.1646             0.014720833
905630062570.5233             0.027506283
905631023589.8987             -0.18871406
905631039665.6235             -0.0014464617
905632000684.6329             -0.2552454
905632016760.7238             -0.03324765
905632977779.3672             -0.16318923
905632993855.8241             0.07313464
905633954874.1014             -0.014333309
905633970950.9243             -0.03434541
905634931968.8356             -0.09083408
905634948046.0245             0.026140885
905635909063.5698             0.2375705
905635925141.1248             0.3111194
905636886158.3041             0.24287127
905636902236.2251             0.3208989
905637863253.0382             0.23894934
905637879331.3253             0.302088
905638840347.7725             0.18877661
905638856426.4255             0.07815497
905639817442.5067             0.13046242
905639833521.5258             0.080097765
905640794537.241              -0.16924775
905640810616.6261             -0.14173034
905641771631.9751             -0.32533514
905641787711.7263             -0.09434644
905642748726.7094             -0.16055903
905642764806.8265             0.017504226
905643725821.4436             0.10445272
905643741901.9268             0.10740386
905644702916.1777             0.18620266
905644718997.0271             0.2452535
905645680010.912              0.22959176
905645696092.1273             0.22454526
905646657105.6462             -0.10831158
905646673187.2275             -0.10556224
905647634200.3804             -0.24075036
905647650282.3278             0.019980803
905648611295.1146             -0.081927836
905648627377.4281             0.28369722
905649588389.8489             0.03090765
905649604472.5283             0.31983408
905650565484.5831             0.16441357
905650581567.6285             0.24876013
905651542579.3173             -0.07467176
905651558662.7288             -0.14913835
905652519674.0515             -0.27119017
905652535757.8291             0.10964808
905653496768.7858             -0.2041923
905653512852.9293             0.32226717
905654473863.5199             0.063578136
905654489948.0295             0.14786234
905655450958.2542             -0.091717884
905655467043.1298             -0.028675508
905656428052.9884             -0.2818252
905656444138.2301             0.07042801
905657405147.7225             -0.22215347
905657421233.3303             0.0923719
905658382242.4568             0.15754206
905658398328.4305             0.32166427
905659359337.191              0.14920613
905659375423.5308             -0.21043131
905660336431.9253             -0.24124627
905660352518.6311             -0.08854307
905661313526.6594             -0.09715265
905661329613.7313             0.073727615
905662290621.3937             0.05797446
905662306708.8315             0.045956444
905663283803.9318             0.0713799
905664260899.0321             0.14235799
905665237994.1323             0.025261894
905666215089.2325             -0.17370142
905667192184.3329             0.20440774
905668169279.4331             0.07023368
905669146374.5333             -0.11070116
905670123469.6335             0.06527309
905671100564.7339             -0.0042444556
905672077659.8341             0.0038429413
905673054754.9343             -0.30075905
905674031850.0345             -0.20181382
905675008945.1349             -0.29489586
905675986040.2351             -0.19596036
905676963135.3353             0.2354226
905677940230.4355             -0.12294702
905678917325.5359             -0.31551898
905679894420.6361             -0.26976323
905680871515.7363             0.006644824
905681848610.8365             -0.07332068
905682825705.9369             -0.026146429
905683802801.0371             0.019284273
905684779896.1373             -0.09435665
905685756991.2375             0.024864273
905686734086.3379             0.19968876
905687711181.4381             0.021964535
905688688276.5383             -0.05274699
905689665371.6385             -0.1798934
905690642466.7389             -0.015331235
905691619561.8391             0.11719034
905692596656.9393             0.29411265
905693573752.0396             0.17432506
905694550847.1399             -0.07092392
905695527942.2401             -0.04347274
905696505037.3403             -0.08353117
905697482132.4406             0.07646078
905698459227.5409             -0.18961367
905699436322.6411             0.03517317
905700413417.7413             0.07441056
905701390512.8416             -0.09244543
905702367607.9419             0.0017265745
905703344703.0421             -0.054895166
905704321798.1423             0.092492685
905705298893.2426             0.34635732
905706275988.3429             -0.028006397
905707253083.4431             0.037877925
905708230178.5433             0.29307988
905709207273.6436             0.03191524
905710184368.7439             -0.008686034
905711161463.8441             0.12372736
905712138558.9443             -0.019493865
905713115654.0447             0.061178077
905714092749.1449             0.01731381
905715069844.2451             0.08260756
905716046939.3453             0.080922045
905717024034.4457             -0.11929763
905718001129.5459             0.079348385
905718978224.6461             -0.15515691
905719955319.7463             -0.08610252
905720932414.8467             -0.0701998
905721909509.9469             -0.13204528
905722886605.0471             -0.093184054
905723863700.1473             -0.08806795
905724840795.2477             0.14854495
905725817890.3479             0.18580317
905726794985.4481             -0.07387016
905727772080.5483             0.2587471
905728749175.6487             0.19354858
905729726270.7489             -0.017730843
905730703365.8491             0.30073756
905731680460.9493             0.43382856
905732657556.0497             0.0638202
905733634651.1499             -0.13993132
905734611746.2501             0.051225476
905735588841.3503             0.0800143
905736565936.4507             0.07004564
905737543031.5509             -0.07648509
905738520126.6511             -0.088858694
905739497221.7513             0.24301338
905740474316.8517             -0.0115424255
905741451411.9519             0.04555911
905742428507.0521             -0.20830727
905743405602.1523             -0.1699165
905744382697.2527             -0.2958305
905745359792.3529             -0.035429906
905746336887.4531             -0.11152475
905747313982.5533             0.16547559
905748291077.6537             0.009102593
905749268172.7539             0.23156275
905750245267.8541             -0.14480743
905751222362.9543             0.010074263
905752199458.0547             0.08882933
905753176553.1549             0.18554349
905754153648.2551             0.15247151
905755130743.3555             0.048843607
905756107838.4557             0.26477993
905757084933.5559             -0.094908096
905758062028.6561             -0.08086359
905759039123.7565             -0.25009033
905760016218.8567             -0.041595813
905760993313.9569             -0.21730936
905761970409.0571             -0.202026
905762947504.1575             0.1392683
905763924599.2577             0.11877974
905764901694.3579             -0.057108987
905765878789.4581             -0.12775144
905766855884.5585             -0.14365803
905767832979.6587             -0.16293202
905768810074.7589             0.2750772
905769787169.8591             0.10791458
905770764264.9595             -0.19663395
905771741360.0597             0.020048233
905772718455.1599             -0.09313355
905773695550.2601             -0.16869111
905774672645.3605             0.026537348
905775649740.4607             0.010639543
905776626835.5609             0.034171104
905777603930.6611             -0.45798644
905778581025.7615             -0.27146918
905779558120.8617             0.025774375
905780535215.9619             0.04252757
905781512311.0621             0.30829546
905782489406.1625             0.10989154
905783466501.2627             0.12158349
905784443596.3629             0.30394992
905785420691.4631             0.13665314
905786397786.5635             0.04256902
905787374881.6637             -0.018840596
905788351976.7639             0.06537044
905789329071.8641             0.33755872
905790306166.9645             0.008866652
905791283262.0647             0.07379023
905792260357.1649             -0.14922833
905793237452.2651             -0.02390554
905794214547.3655             0.11653981
905795191642.4657             0.052289527
905796168737.5659             0.19398895
905797145832.6663             0.19882809
905798122927.7665             0.16517928
905799100022.8667             0.06767262
905800077117.9669             0.29052183
905801054213.0673             -0.072345056
905802031308.1675             0.07256512
905803008403.2677             -0.035296235
905803985498.3679             -0.19823255
905804962593.4683             -0.20222959
905805939688.5685             0.13522854
905806916783.6687             0.058992524
905807893878.7689             -0.19334048
905808870973.8693             -0.08765525
905809848068.9695             0.096675985
905810825164.0697             -0.00033664147
905811802259.1699             -0.07399313
905812779354.2703             0.21847
905813756449.3705             0.0833118
905814733544.4707             0.04703233
905815710639.5709             0.07809892
905816687734.6713             0.06736152
905817664829.7715             -0.25600356
905818641924.8717             -0.079671174
905819619019.9719             -0.104395054
905820596115.0723             -0.1783823
905821573210.1725             -0.14748555
905822550305.2727             -0.0015959712
905823527400.3729             0.0033096373
905824504495.4733             -0.03124342
905825481590.5735             -0.10153503
905826458685.6737             -0.08134958
905827435780.7739             -0.10820017
905828412875.8743             -0.29306924
905829389970.9745             0.032047987
905830367066.0747             0.21088016
905831344161.1749             0.27812323
905832321256.2753             0.15130204
905833298351.3755             -0.14877108
905834275446.4757             0.017041653
905835252541.5759             0.13363647
905836229636.6763             -0.1222355
905837206731.7765             0.36039293
905838183826.8767             0.090370364
905839160921.977              -0.07460906
905840138017.0773             -0.04838669
905841115112.1775             -0.19077712
905842092207.2777             -0.13642593
905843069302.378              0.053505436
905844046397.4783             0.015438601
905845023492.5785             0.0018662043
905846000587.6787             0.10163467
905846977682.779              0.19789279
905847954777.8793             0.2264391
905848931872.9795             0.15701766
905849908968.0797             0.17945106
905850886063.18               0.14498602
905851863158.2803             -0.015404775
905852840253.3805             -0.041067097
905853817348.4807             -0.2085881
905854794443.581              -0.23633865
905855771538.6813             0.029530348
905856748633.7815             0.22132005
905857725728.8817             0.12728918
905858702823.982              -0.2013522
905859679919.0823             -0.28755027
905860657014.1825             -0.0623465
905861634109.2827             -0.05121495
905862611204.383              -0.06536364
905863588299.4833             -0.088711895
905864565394.5835             0.060672678
905865542489.6837             -0.055262245
905866519584.784              -0.015607772
905867496679.8843             0.004960747
905868473774.9845             -0.03959001
905869450870.0847             -0.24623387
905870427965.185              -0.06589897
905871405060.2853             0.15525052
905872382155.3855             0.2568605
905873359250.4857             0.2196343
905874336345.586              0.010968162
905875313440.6863             0.030491484
905876290535.7865             0.1286156
905877267630.8867             0.38811126
905878244725.987              -0.06336813
905879221821.0873             0.1249732
905880198916.1875             -0.038112696
905881176011.2878             -0.08669192
905882153106.3881             0.08135124
905883130201.4883             0.10467281
905884107296.5885             0.33214545
905885084391.6888             0.08130758
905886061486.7891             -0.14795879
905887038581.8893             0.045823798
905888015676.9895             0.041191116
905888992772.0898             -0.10113493
905889969867.1901             -0.111068524
905890946962.2903             -0.2624302
905891924057.3905             -0.19452071
905892901152.4908             -0.029268872
905893878247.5911             -0.26041332
905894855342.6913             0.13832381
905895832437.7915             0.08578492
905896809532.8918             0.08956732
905897786627.9921             -0.051080532
905898763723.0923             0.16259332
905899740818.1925             0.13163693
905900717913.2928             0.14018548
905901695008.3931             0.008217504
905902672103.4933             -0.18438847
905903649198.5935             -0.17471847
905904626293.6938             -0.02278845
905905603388.7941             -0.07394314
905906580483.8943             -0.017462775
905907557578.9945             -0.11903905
905908534674.0948             -0.25806755
905909511769.1951             0.08356258
905910488864.2953             -0.19339801
905911465959.3955             -0.15989144
905912443054.4958             0.018943505
905913420149.5961             0.06595646
905914397244.6963             -0.24455981
905915374339.7965             -0.12518984
905916351434.8969             0.086636886
905917328529.9971             -0.148377
905918305625.0973             -0.035893656
905919282720.1975             -0.08769861
905920259815.2979             0.021541797
905921236910.3981             -0.051890474
905922214005.4983             -0.17390466
905923191100.5986             -0.15869157
905924168195.6989             -0.45182857
905925145290.7991             -0.06208913
905926122385.8993             0.20774646
905927099480.9996             -0.08383793
905928076576.0999             0.0904339
905929053671.2001             0.26346424
905930030766.3003             0.21258365
905931007861.4006             0.11914565
905931984956.5009             -0.24732149
905932962051.6011             -0.26650083
905933939146.7013             -0.15812485
905934916241.8016             -0.019934703
905935893336.9019             0.26411197
905936870432.0021             -0.061317187
905937847527.1023             0.07836498
905938824622.2026             -0.23988017
905939801717.3029             -0.109783955
905940778812.4031             -0.15072536
905941755907.5033             -0.024571998
905942733002.6036             -0.1260982
905943710097.7039             -0.08098121
905944687192.8041             -0.06641606
905945664287.9043             0.13446797
905946641383.0046             0.019649597
905947618478.1049             -0.12085528
905948595573.2051             -0.008880745
905949572668.3053             -0.11828621
905950549763.4056             -0.048301466
905951526858.5059             -0.0064074607
905952503953.6061             -0.040338974
905953481048.7063             -0.059361003
905954458143.8066             0.029009903
905955435238.9069             -0.06460832
905956412334.0071             0.114803955
905957389429.1073             0.19019607
905958366524.2076             0.25093207
905959343619.3079             0.31405377
905960320714.4081             0.24304226
905961297809.5083             0.0948372
905962274904.6086             0.084476516
905963251999.7089             -0.009214913
905964229094.8091             0.1704071
905965206189.9094             0.09138071
905966183285.0096             -0.052236103
905967160380.1099             0.038763512
905968137475.2101             0.38546443
905969114570.3104             0.034149706
905970091665.4106             -0.07813225
905971068760.5109             0.16085815
905972045855.6111             -0.033348296
905973022950.7114             0.1597901
905974000045.8116             0.19691049
905974977140.9119             0.13297428
905975954236.0121             0.028514301
905976931331.1124             0.17275918
905977908426.2126             0.13751127
905978885521.3129             -0.16733845
905979862616.4131             -0.18178622
905980839711.5134             0.15216577
905981816806.6136             -0.05990989
905982793901.7139             -0.13529828
905983770996.8141             0.049859576
905984748091.9144             -0.049587414
905985725187.0146             -0.14638312
905986702282.1149             -0.045351952
905987679377.2151             0.024776144
905988656472.3154             0.2658885
905989633567.4156             -0.016749136
905990610662.5159             0.022420678
905991587757.6161             0.20146473
905992564852.7164             0.06709241
905993541947.8167             0.39169735
905994519042.9169             0.18851095
905995496138.0171             -0.15459768
905996473233.1174             -0.28731534
905997450328.2177             0.14836179
905998427423.3179             -0.10238098
905999404518.4181             0.10718274
906000381613.5184             -0.06868162
906001358708.6187             -0.18140039
906002335803.7189             -0.086311586
906003312898.8191             0.2578324
906004289993.9194             0.04350283
906005267089.0197             -0.06726712
906006244184.1199             -0.057172097
906007221279.2202             -0.14095154
906008198374.3204             -0.0068296283
906009175469.4207             0.40872505
906010152564.5209             -0.093779586
906011129659.6212             0.25656247
906012106754.7214             0.04684379
906013083849.8217             -0.11597244
906014060944.9219             0.10511438
906015038040.0222             0.2768441
906016015135.1224             -0.039271276
906016992230.2227             -0.1302166
906017969325.3229             0.034537207
906018946420.4232             0.07506195
906019923515.5234             0.11372891
906020900610.6237             -0.17908442
906021877705.7239             0.14662428
906022854800.8242             0.37402323
906023831895.9244             -0.09145277
906024808991.0247             -0.0682189
906025786086.1249             -0.113883555
906026763181.2252             -0.21015751
906027740276.3254             -0.057910398
906028717371.4257             0.23051403
906029694466.5259             -0.06712931
906030671561.6262             -0.18974558
906031648656.7264             0.043364026
906032625751.8267             0.056436814
906033602846.9269             -0.03162618
906034579942.0272             -0.31075197
906035557037.1274             -0.13769452
906036534132.2277             -0.08502792
906037511227.3279             -0.27257478
906038488322.4282             -0.06368979
906039465417.5284             -0.15079251
906040442512.6287             -0.007033388
906041419607.7289             -0.1394399
906042396702.8292             0.09380224
906043373797.9294             -0.21599543
906044350893.0297             -0.2664313
906045327988.1299             -0.36450016
906046305083.2302             -0.08863184
906047282178.3304             0.010767179
906048259273.4307             0.14069805
906049236368.5309             0.035867162
906050213463.6312             0.07555778
906051190558.7314             0.07539137
906052167653.8317             -0.09375865
906053144748.932              0.19179454
906054121844.0322             0.23358935
906055098939.1324             0.19188322
906056076034.2327             0.26185745
906057053129.333              0.2274632
906058030224.4332             -0.09397271
906059007319.5334             0.026277458
906059984414.6337             0.1035386
906060961509.734              -0.1671242
906061938604.8342             -0.28517082
906062915699.9344             0.067074776
906063892795.0347             0.27339435
906064869890.135              -0.09502652
906065846985.2352             -0.35513604
906066824080.3354             0.21459025
906067801175.4357             -0.07272296
906068778270.536              -0.15824416
906069755365.6362             -0.28603533
906070732460.7365             0.05766821
906071709555.8367             -0.38835254
906072686650.937              0.12291316
906073663746.0372             -0.38595495
906074640841.1375             -0.15869959
906075617936.2377             0.1463373
906076595031.338              0.10798786
906077572126.4382             0.09333422
906078549221.5385             0.056935042
906079526316.6387             -0.13955264
906080503411.739              0.18062456
906081480506.8392             0.301931
906082457601.9395             0.054053165
906083434697.0397             0.03385034
906084411792.14               0.12944083
906085388887.2402             -0.025551166
906086365982.3405             -0.34315446
906087343077.4407             0.32786527
906088320172.541              -0.2381986
906089297267.6412             -0.5071555
906090274362.7415             -0.09285266
906091251457.8417             0.07904932
906092228552.942              0.049289934
906093205648.0422             0.0940135
906094182743.1425             0.009934584
906095159838.2428             0.037635323
906096136933.343              -0.026920715
906097114028.4432             -0.024852034
906098091123.5435             0.083544165
906099068218.6438             -0.15626323
906100045313.744              0.14966305
906101022408.8442             0.19441876
906101999503.9445             0.033151273
906102976599.0448             -0.31429407
906103953694.145              -0.15097582
906104930789.2452             -0.22522207
906105907884.3455             0.3089997
906106884979.4458             0.11675656
906107862074.546              0.10199818
906108839169.6462             0.013676097
906109816264.7465             -0.023541551
906110793359.8468             0.023036271
906111770454.947              -0.11006845
906112747550.0472             -0.20777796
906113724645.1475             0.09572629
906114701740.2478             0.12593348
906115678835.348              0.05821018
906116655930.4482             0.18080573
906117633025.5485             0.26493576
906118610120.6488             0.14609942
906119587215.749              -0.08903734
906120564310.8492             0.10490718
906121541405.9495             -0.026570262
906122518501.0498             0.04105046
906123495596.15               -0.32927907
906124472691.2502             -0.01802341
906125449786.3505             -0.110910624
906126426881.4508             -0.25731146
906127403976.551              0.30418774
906128381071.6512             0.09050367
906129358166.7515             0.08085662
906130335261.8518             0.035000145
906131312356.952              -0.091029234
906132289452.0522             -0.1660078
906133266547.1525             0.18527563
906134243642.2528             0.013552318
906135220737.353              -0.12235937
906136197832.4532             -0.04142114
906137174927.5536             0.11600154
906138152022.6538             0.20689309
906139129117.754              0.19082439
906140106212.8542             -0.004152989
906141083307.9546             0.0117186345
906142060403.0548             -0.10112846
906143037498.155              -0.16067809
906144014593.2552             -0.13290267
906144991688.3556             0.12601174
906145968783.4558             0.006890953
906146945878.556              0.0044183386
906147922973.6562             -0.22615223
906148900068.7566             -0.03171326
906149877163.8568             -0.06906168
906150854258.957              -0.29686862
906151831354.0573             -0.045974728
906152808449.1576             0.096448444
906153785544.2578             0.096457794
906154762639.358              0.09888833
906155739734.4583             -0.14109896
906156716829.5586             -0.19804956
906157693924.6588             -0.130143
906158671019.759              -0.14884308
906159648114.8593             0.047505166
906160625209.9596             0.10002928
906161602305.0598             -0.02614019
906162579400.16               -0.014148096
906163556495.2603             -0.13646623
906164533590.3606             -0.12608871
906165510685.4608             0.15057877
906166487780.561              0.2179718
906167464875.6613             -0.20166999
906168441970.7616             0.33602965
906169419065.8618             -0.011094056
906170396160.962              -0.29650417
906171373256.0623             -0.07085079
906172350351.1626             0.073793314
906173327446.2628             0.2254654
906174304541.363              -0.050595455
906175281636.4633             -0.15916061
906176258731.5636             -0.12238112
906177235826.6638             -0.11432802
906178212921.764              0.08219198
906179190016.8644             0.05190189
906180167111.9646             0.0019807026
906181144207.0648             -0.019397017
906182121302.165              0.10861759
906183098397.2654             -0.03350069
906184075492.3656             -0.06269482
906185052587.4658             -0.10960086
906186029682.566              -0.18313019
906187006777.6664             -0.19461764
906187983872.7666             0.17917745
906188960967.8668             -0.57551706
906189938062.967              -0.23841837
906190915158.0674             0.0026527408
906191892253.1676             -0.23036122
906192869348.2678             0.072263
906193846443.368              0.17143409
906194823538.4684             0.012994027
906195800633.5686             -0.19048192
906196777728.6688             -0.009489073
906197754823.769              0.1069185
906198731918.8694             -0.3632994
906199709013.9696             -0.19419636
906200686109.0698             -0.17832193
906201663204.17               -0.028297286
906202640299.2704             0.03134652
906203617394.3706             0.10899742
906204594489.4708             0.23486811
906205571584.571              -0.010014458
906206548679.6714             0.11715385
906207525774.7716             0.03456827
906208502869.8718             0.22049582
906209479964.972              0.070210665
906210457060.0724             -0.08045432
906211434155.1726             -0.4427877
906212411250.2728             -0.20368133
906213388345.373              -0.13857055
906214365440.4734             0.084466904
906215342535.5736             -0.38345718
906216319630.6738             -0.083098136
906217296725.774              0.19795686
906218273820.8744             0.009139312
906219250915.9746             -0.04270087
906220228011.0748             0.50556326
906221205106.1752             0.052856658
906222182201.2754             -0.08021239
906223159296.3756             -0.21110804
906224136391.4758             0.18861935
906225113486.5762             -0.18466055
906226090581.6764             -0.11958881
906227067676.7766             0.017597929
906228044771.8768             0.04075342
906229021866.9772             0.52629536
906229998962.0774             0.30873206
906230976057.1776             -0.07294343
906231953152.2778             0.16154063
906232930247.3782             0.43438336
906233907342.4784             0.45916757
906234884437.5786             0.29781106
906235861532.6788             0.078889266
906236838627.7792             0.091813564
906237815722.8794             -0.41938716
906238792817.9796             0.10105384
906239769913.0798             0.19059561
906240747008.1802             -0.23469797
906241724103.2804             0.11212029
906242701198.3806             -0.0727874
906243678293.4808             -0.03303243
906244655388.5812             -0.35120553
906245632483.6814             -0.20576124
906246609578.7816             0.36094603
906247586673.8818             0.15962626
906248563768.9822             0.01774353
906249540864.0824             -0.37020767
906250517959.1826             -0.18051215
906251495054.2828             0.026619691
906252472149.3832             -0.055895597
906253449244.4834             -0.18423665
906254426339.5836             0.0023797164
906255403434.6838             0.05632542
906256380529.7842             0.05897527
906257357624.8844             -0.12636323
906258334719.9846             -0.06453786
906259311815.0848             0.08504875
906260288910.1852             0.09290605
906261266005.2854             0.25401524
906262243100.3856             0.016443431
906263220195.486              -0.20458278
906264197290.5862             0.053738244
906265174385.6864             -0.071745634
906266151480.7866             -0.16412726
906267128575.887              0.40342733
906268105670.9872             0.26595584
906269082766.0874             0.41042075
906270059861.1876             0.13905175
906271036956.288              0.18034612
906272014051.3882             0.3385747
906272991146.4884             0.06476434
906273968241.5886             -0.0012644675
906274945336.689              0.2982303
906275922431.7892             0.14741175
906276899526.8894             0.20046748
906277876621.9896             -0.2562183
906278853717.09               0.03070619
906279830812.1902             0.033650916
906280807907.2904             0.14912753
906281785002.3906             0.18966275
906282762097.491              0.4323863
906283739192.5912             0.19324408
906284716287.6914             -0.028514331
906285693382.7916             -0.0079174815
906286670477.892              0.115814306
906287647572.9922             0.2005256
906288624668.0924             0.27904248
906289601763.1926             0.1910431
906290578858.293              0.043906163
906291555953.3932             0.1968938
906292533048.4934             0.071866415
906293510143.5936             0.05538061
906294487238.694              -0.15538894
906295464333.7942             -0.08838261
906296441428.8944             -0.0007899385
906297418523.9946             -0.13252044
906298395619.095              0.03269023
906299372714.1952             0.031394087
906300349809.2954             0.12116996
906301326904.3956             0.29296187
906302303999.496              0.019884214
906303281094.5962             0.02240237
906304258189.6964             0.36041993
906305235284.7968             -0.007446766
906306212379.897              0.29927307
906307189474.9972             0.38063827
906308166570.0974             -0.15856656
906309143665.1978             0.1342009
906310120760.298              0.03312267
906311097855.3982             0.016343128
906312074950.4984             -0.036524083
906313052045.5988             -0.1338118
906314029140.699              0.16875908
906315006235.7992             0.09378199
906315983330.8994             0.11381155
906316960425.9998             -0.003017759
906317937521.1                0.11876515
906318914616.2002             0.022088915
906319891711.3004             -0.23845334
906320868806.4008             -0.27549446
906321845901.501              0.24285169
906322822996.6012             0.058654524
906323800091.7014             -0.029373096
906324777186.8018             0.095039085
906325754281.902              -0.22930564
906326731377.0022             -0.05679446
906327708472.1024             0.27642548
906328685567.2028             0.23339522
906329662662.303              -0.00067826756
906330639757.4032             0.20924957
906331616852.5034             -0.039177436
906332593947.6038             0.078691185
906333571042.704              0.07747309
906334548137.8042             0.051487256
906335525232.9044             -0.015480522
906336502328.0048             -0.077886656
906337479423.105              -0.25329542
906338456518.2052             0.015516826
906339433613.3054             0.0856671
906340410708.4058             0.19204073
906341387803.506              0.15866719
906342364898.6062             0.31171733
906343341993.7064             0.24415877
906344319088.8068             -0.25933465
906345296183.907              -0.26607817
906346273279.0072             -0.10999937
906347250374.1074             0.21866468
906348227469.2078             0.17274924
906349204564.308              0.18025701
906350181659.4082             0.019363
906351158754.5085             0.22569217
906352135849.6088             -0.1808378
906353112944.709              -0.20520185
906354090039.8092             -0.039456114
906355067134.9095             0.3736654
906356044230.0098             0.11654725
906357021325.11               -0.019959128
906357998420.2102             -0.1006574
906358975515.3105             -0.09176692
906359952610.4108             -0.21225962
906360929705.511              0.114308916
906361906800.6112             -0.17856872
906362883895.7115             -0.075620785
906363860990.8118             0.037314303
906364838085.912              -0.040098365
906365815181.0122             0.072236605
906366792276.1125             0.034765095
906367769371.2128             -0.13261716
906368746466.313              -0.21533643
906369723561.4132             0.03302901
906370700656.5135             0.28391194
906371677751.6138             0.09548601
906372654846.714              0.030484313
906373631941.8142             0.09279483
906374609036.9146             -0.17747568
906375586132.0148             -0.20956694
906376563227.115              -0.021271288
906377540322.2152             -0.2031737
906378517417.3156             0.065547206
906379494512.4158             0.19849369
906380471607.516              0.07714398
906381448702.6162             -0.12197208
906382425797.7166             -0.42241704
906383402892.8168             -0.5003222
906384379987.917              0.04091068
906385357083.0172             -0.105016954
906386334178.1176             -0.027188195
906387311273.2178             -0.22244696
906388288368.318              0.076969996
906389265463.4182             -0.10560247
906390242558.5186             -0.0912858
906391219653.6188             0.033262607
906392196748.719              0.011921413
906393173843.8193             0.02928518
906394150938.9196             0.075420596
906395128034.0198             0.13885036
906396105129.12               -0.12181266
906397082224.2203             0.07833499
906398059319.3206             -0.07827724
906399036414.4208             0.09253636
906400013509.521              0.041863814
906400990604.6213             -0.06486892
906401967699.7216             -0.11141191
906402944794.8218             -0.26943293
906403921889.922              -0.06808345
906404898985.0223             0.02315098
906405876080.1226             -0.063381195
906406853175.2228             0.14376123
906407830270.323              -0.10318172
906408807365.4233             -0.17144342
906409784460.5236             -0.13899858
906410761555.6238             0.010028141
906411738650.724              -0.14827022
906412715745.8243             -0.21710907
906413692840.9246             0.00037138385
906414669936.0248             0.06653594
906415647031.125              -0.054300416
906416624126.2253             0.1230327
906417601221.3256             0.037958536
906418578316.4258             0.07028579
906419555411.526              0.24346624
906420532506.6263             0.45556465
906421509601.7266             0.28299126
906422486696.8268             -0.024420852
906423463791.927              0.09263198
906424440887.0273             0.22186235
906425417982.1276             0.25730172
906426395077.2278             -0.06573917
906427372172.328              -0.11300692
906428349267.4283             -0.15215155
906429326362.5286             -0.21785924
906430303457.6288             -0.123004034
906431280552.729              -0.16587767
906432257647.8293             0.35960558
906433234742.9296             0.08657501
906434211838.0298             -0.10454188
906435188933.1301             -0.23757318
906436166028.2303             0.23239912
906437143123.3306             0.25231302
906438120218.4308             0.40737748
906439097313.5311             0.2463064
906440074408.6313             0.1493527
906441051503.7316             0.13618338
906442028598.8318             0.09631848
906443005693.9321             0.07426102
906443982789.0323             -0.5344524
906444959884.1326             -0.09687545
906445936979.2328             -0.09314116
906446914074.3331             0.24421513
906447891169.4333             0.019479036
906448868264.5336             -0.4458536
906449845359.6338             -0.0028694929
906450822454.7341             -0.1385595
906451799549.8344             -0.044324324
906452776644.9346             0.04776187
906453753740.0348             -0.13266988
906454730835.1351             0.17459786
906455707930.2354             0.24960676
906456685025.3356             -0.03883532
906457662120.4358             -0.34457424
906458639215.5361             -0.2628874
906459616310.6364             -0.09855041
906460593405.7366             0.10532032
906461570500.8368             0.1000456
906462547595.9371             -0.09356991
906463524691.0374             0.0135717
906464501786.1376             -0.111840904
906465478881.2378             -0.14943399
906466455976.3381             -0.38205537
906467433071.4384             0.061574824
906468410166.5386             0.08222068
906469387261.6388             0.08193356
906470364356.7391             -0.22828446
906471341451.8394             0.070034906
906472318546.9396             0.08178436
906473295642.0398             0.096960664
906474272737.1401             0.03877253
906475249832.2404             0.10532282
906476226927.3406             0.0969996
906477204022.4409             -0.0053344793
906478181117.5411             -0.16115788
906479158212.6414             -0.11953993
906480135307.7416             -0.14492133
906481112402.8419             -0.010230075
906482089497.9421             0.05100971
906483066593.0424             0.4550004
906484043688.1426             0.37210214
906485020783.2429             -0.0020788948
906485997878.3431             -0.27047497
906486974973.4434             0.044658363
906487952068.5436             -0.07003622
906488929163.6439             -0.09380882
906489906258.7441             -0.18864027
906490883353.8444             -0.18890882
906491860448.9446             -0.22194119
906492837544.0449             0.015509588
906493814639.1451             0.08792667
906494791734.2454             -0.08239465
906495768829.3456             -0.03772277
906496745924.4459             -0.3459372
906497723019.5461             -0.26410472
906498700114.6464             -0.27477178
906499677209.7466             0.05634931
906500654304.8469             -0.38492647
906501631399.9471             -0.116857834
906502608495.0474             -0.11028031
906503585590.1476             0.043256648
906504562685.2479             0.10564295
906505539780.3481             0.059973225
906506516875.4484             0.099803135
906507493970.5486             0.10242556
906508471065.6489             -0.36536384
906509448160.7491             -0.00959758
906510425255.8494             0.17909275
906511402350.9496             0.33332393
906512379446.0499             0.25359344
906513356541.1501             -0.16424422
906514333636.2504             0.18629572
906515310731.3506             0.33660665
906516287826.4509             0.28729773
906517264921.5511             -0.1211322
906518242016.6514             0.17664683
906519219111.7517             0.01976336
906520196206.8519             0.3969509
906521173301.9521             0.30884966
906522150397.0524             -0.25267154
906523127492.1527             -0.46130604
906524104587.2529             -0.23066638
906525081682.3531             0.05564067
906526058777.4534             0.10306981
906527035872.5537             0.5043562
906528012967.6539             0.18390405
906528990062.7542             -0.03215545
906529967157.8544             -0.03632164
906530944252.9547             -0.028499044
906531921348.0549             -0.07599211
906532898443.1552             -0.16022208
906533875538.2554             0.17152387
906534852633.3557             -0.024592893
906535829728.4559             0.07698404
906536806823.5562             -0.14092413
906537783918.6564             0.0070701973
906538761013.7567             -0.05308689
906539738108.8569             -0.070824295
906540715203.9572             0.06367884
906541692299.0574             0.11239076
906542669394.1577             0.108740434
906543646489.2579             -0.17593884
906544623584.3582             -0.017504523
906545600679.4584             -0.2875649
906546577774.5587             -0.20462547
906547554869.6589             0.1353377
906548531964.7592             -0.11335
906549509059.8594             0.21381204
906550486154.9597             -0.0100135
906551463250.0599             -0.22782816
906552440345.1602             -0.09908696
906553417440.2604             -0.09545591
906554394535.3607             -0.117121726
906555371630.4609             0.044297192
906556348725.5612             -0.028196996
906557325820.6614             -0.13493614
906558302915.7617             -0.31519243
906559280010.8619             -0.07148687
906560257105.9622             0.23799413
906561234201.0625             -0.15936421
906562211296.1627             -0.012691917
906563188391.263              0.11290255
906564165486.3632             0.09712208
906565142581.4635             0.12186576
906566119676.5637             -0.23413923
906567096771.664              0.0073773772
906568073866.7642             0.05141848
906569050961.8645             -0.18055879
906570028056.9647             -0.0050818413
906571005152.065              0.1333887
906571982247.1652             0.056320943
906572959342.2655             0.15211041
906573936437.3657             0.06701083
906574913532.466              0.09780003
906575890627.5662             0.0951062
906576867722.6665             0.016053865
906577844817.7667             -0.0907782
906578821912.867              -0.17635301
906579799007.9672             -0.09760734
906580776103.0675             0.19006848
906581753198.1677             0.2930884
906582730293.268              -0.2300125
906583707388.3682             0.15365276
906584684483.4685             0.27730238
906585661578.5687             0.3766885
906586638673.669              0.13688618
906587615768.7692             0.08690868
906588592863.8695             -0.59724706
906589569958.9697             0.006423327
906590547054.07               0.05992468
906591524149.1702             -0.08718396
906592501244.2705             -0.16439337
906593478339.3707             -0.4271497
906594455434.471              -0.1766531
906595432529.5712             0.07224798
906596409624.6715             0.06303858
906597386719.7717             0.271537
906598363814.872              -0.051992655
906599340909.9722             -0.17637403
906600318005.0725             -0.07471023
906601295100.1727             0.29579458
906602272195.273              0.16004565
906603249290.3733             0.38447648
906604226385.4735             0.39011642
906605203480.5737             0.047158267
906606180575.674              -0.15197755
906607157670.7743             -0.14879417
906608134765.8745             -0.120412834
906609111860.9747             -0.36505678
906610088956.075              0.12308977
906611066051.1753             0.08280146
906612043146.2755             -0.021122392
906613020241.3757             -0.02605187
906613997336.476              0.21674977
906614974431.5763             0.29821575
906615951526.6765             -0.31622565
906616928621.7767             -0.06793292
906617905716.877              -0.3708597
906618882811.9773             -0.34351602
906619859907.0775             0.24327385
906620837002.1777             -0.1458822
906621814097.278              -0.13210095
906622791192.3783             -0.27944535
906623768287.4785             -0.10493059
906624745382.5787             -0.08260441
906625722477.679              -0.28620154
906626699572.7793             -0.24677137
906627676667.8795             -0.100009315
906628653762.9797             -0.08704716
906629630858.08               -0.043365825
906630607953.1803             0.030923152
906631585048.2805             0.1133418
906632562143.3807             0.025533939
906633539238.481              0.01808052
906634516333.5813             0.06970646
906635493428.6815             0.10177571
906636470523.7817             -0.061481036
906637447618.882              -0.3972819
906638424713.9823             -0.2212246
906639401809.0825             0.24366394
906640378904.1827             -0.078014724
906641355999.283              -0.011626768
906642333094.3833             -0.42474285
906643310189.4835             -0.35578775
906644287284.5837             0.11464004
906645264379.684              0.39553264
906646241474.7843             -0.20243159
906647218569.8845             0.23357749
906648195664.9847             -0.1992004
906649172760.0851             -0.112494476
906650149855.1853             -0.0067233276
906651126950.2855             0.0072267265
906652104045.3857             0.32238284
906653081140.4861             -0.15522026
906654058235.5863             -0.08578094
906655035330.6865             -0.08601519
906656012425.7867             0.009037723
906656989520.8871             -0.048682388
906657966615.9873             -0.09199285
906658943711.0875             0.1648485
906659920806.1877             -0.073209375
906660897901.2881             -0.14424293
906661874996.3883             0.013612181
906662852091.4885             0.04004111
906663829186.5887             0.0044391425
906664806281.6891             0.0046174796
906665783376.7893             0.15258704
906666760471.8895             0.04765476
906667737566.9897             0.01213019
906668714662.0901             -0.031990275
906669691757.1903             0.08710064
906670668852.2905             -0.15669271
906671645947.3907             -0.12837596
906672623042.4911             -0.10740665
906673600137.5913             0.0057376185
906674577232.6915             -0.009072617
906675554327.7917             -0.04475337
906676531422.8921             0.0017750023
906677508517.9923             -0.14371109
906678485613.0925             -0.017306566
906679462708.1927             -0.23224023
906680439803.2931             0.084760025
906681416898.3933             -0.17999913
906682393993.4935             -0.32971027
906683371088.5938             -0.05989489
906684348183.6941             0.35760468
906685325278.7943             -0.055768754
906686302373.8945             0.2878436
906687279468.9948             0.49882862
906688256564.0951             0.011276823
906689233659.1953             -0.24142914
906690210754.2955             0.16077581
906691187849.3959             -0.005812569
906692164944.4961             -0.29041728
906693142039.5963             -0.09434281
906694119134.6965             -0.077865295
906695096229.7969             -0.24610537
906696073324.8971             -0.30888805
906697050419.9973             -0.2257958
906698027515.0975             0.14122021
906699004610.1979             0.21303476
906699981705.2981             -0.29525188
906700958800.3983             -0.41593057
906701935895.4985             0.029736845
906702912990.5989             -0.06102216
906703890085.6991             -0.0489404
906704867180.7993             -0.07336671
906705844275.8995             -0.16483632
906706821370.9999             -0.0024496175
906707798466.1001             0.12511224
906708775561.2003             0.016455803
906709752656.3005             -0.068144046
906710729751.4009             0.29682723
906711706846.5011             -0.0336489
906712683941.6013             -0.084053405
906713661036.7015             0.2157636
906714638131.8019             -0.3599354
906715615226.9021             -0.24143763
906716592322.0023             0.015255204
906717569417.1025             -0.1567575
906718546512.2029             -0.12508558
906719523607.3031             -0.08016009
906720500702.4033             -0.07770151
906721477797.5035             -0.14097485
906722454892.6039             0.20680168
906723431987.7041             0.0116463
906724409082.8043             -0.02588444
906725386177.9045             -0.11081372
906726363273.0049             0.20649986
906727340368.1051             -0.1694884
906728317463.2053             0.017185258
906729294558.3055             0.25536025
906730271653.4059             0.14948304
906731248748.5061             0.18260238
906732225843.6063             0.27289242
906733202938.7067             -0.041132282
906734180033.8069             0.069646396
906735157128.9071             0.13069838
906736134224.0073             0.1882119
906737111319.1077             -0.022363007
906738088414.2079             -0.35223913
906739065509.3081             -0.23985982
906740042604.4083             -0.09520421
906741019699.5087             -0.18156171
906741996794.6089             0.11439034
906742973889.7091             -0.04917182
906743950984.8093             0.29929468
906744928079.9097             0.31600013
906745905175.0099             0.083695896
906746882270.1101             -0.1448166
906747859365.2103             -0.2116804
906748836460.3107             -0.22434992
906749813555.4109             0.21420105
906750790650.5111             0.1145438
906751767745.6113             -0.004441209
906752744840.7117             0.09391155
906753721935.8119             0.06649259
906754699030.9121             0.058514167
906755676126.0123             0.10204558
906756653221.1127             0.040800907
906757630316.2129             0.21521135
906758607411.3131             0.2601897
906759584506.4133             -0.17583857
906760561601.5137             0.1127732
906761538696.6139             -0.19788598
906762515791.7141             -0.16248801
906763492886.8143             -0.2531457
906764469981.9147             -0.3757933
906765447077.0149             -0.022377
906766424172.1151             0.029801928
906767401267.2153             0.0009626909
906768378362.3157             -0.16837983
906769355457.4159             0.0034247679
906770332552.5161             0.14064623
906771309647.6163             -0.0436973
906772286742.7167             -0.22222513
906773263837.8169             -0.1253652
906774240932.9171             -0.23266047
906775218028.0175             -0.086346224
906776195123.1177             -0.03202284
906777172218.2179             -0.009119944
906778149313.3181             -0.16470459
906779126408.4185             -0.023299031
906780103503.5187             0.08907957
906781080598.6189             -0.010614282
906782057693.7191             -0.04566405
906783034788.8195             0.1092645
906784011883.9197             -0.20373939
906784988979.0199             -0.15995486
906785966074.1201             -0.034678414
906786943169.2205             -0.033548255
906787920264.3207             -0.24981727
906788897359.4209             0.26407287
906789874454.5211             0.18307762
906790851549.6215             -0.029919226
906791828644.7217             -0.10753405
906792805739.8219             -0.03837508
906793782834.9221             -0.01511783
906794759930.0225             -0.18433106
906795737025.1227             -0.24628751
906796714120.2229             0.028451417
906797691215.3231             -0.11691018
906798668310.4235             0.115615346
906799645405.5237             -0.0032376521
906800622500.6239             0.0271393
906801599595.7241             0.044635497
906802576690.8245             -0.051035106
906803553785.9247             -0.12211287
906804530881.0249             -0.071842924
906805507976.1251             0.08327283
906806485071.2255             -0.1490963
906807462166.3257             0.14947695
906808439261.4259             0.088437706
906809416356.5261             -0.18842883
906810393451.6265             -0.14732282
906811370546.7267             -0.04280673
906812347641.8269             0.25722605
906813324736.9271             0.087208204
906814301832.0275             0.047115024
906815278927.1277             0.06282029
906816256022.2279             0.15027137
906817233117.3282             0.15250733
906818210212.4285             0.19821598
906819187307.5287             -0.085840635
906820164402.6289             0.20495985
906821141497.7292             0.1554185
906822118592.8295             -0.111665994
906823095687.9297             0.026098385
906824072783.0299             0.04054055
906825049878.1302             0.12208272
906826026973.2305             0.13444433
906827004068.3307             0.07635233
906827981163.4309             0.4611204
906828958258.5312             0.14425154
906829935353.6315             -0.24529648
906830912448.7317             -0.23087506
906831889543.8319             -0.08830083
906832866638.9323             -0.23061498
906833843734.0325             -0.0308016
906834820829.1327             0.039816752
906835797924.2329             -0.1763127
906836775019.3333             -0.017953299
906837752114.4335             -0.033036593
906838729209.5337             0.06797218
906839706304.6339             -0.12133593
906840683399.7343             -0.26204807
906841660494.8345             -0.040004455
906842637589.9347             0.06572501
906843614685.0349             -0.0034553767
906844591780.1353             0.18330528
906845568875.2355             -0.21431379
906846545970.3357             0.19630596
906847523065.4359             0.05784674
906848500160.5363             -0.14737202
906849477255.6365             0.251746
906850454350.7367             -0.17537206
906851431445.8369             -0.39864317
906852408540.9373             0.052413434
906853385636.0375             0.18800218
906854362731.1377             0.063883126
906855339826.2379             0.22848092
906856316921.3383             0.073413625
906857294016.4385             0.33896378
906858271111.5387             0.09723734
906859248206.639              0.25241968
906860225301.7393             0.14961374
906861202396.8395             -0.031887256
906862179491.9397             0.05260928
906863156587.04               0.12087087
906864133682.1403             -0.04039782
906865110777.2405             -0.06573228
906866087872.3407             -0.0029281662
906867064967.441              -0.2028026
906868042062.5413             -0.17643757
906869019157.6415             -0.15384138
906869996252.7417             0.04289391
906870973347.842              0.15027003
906871950442.9423             -0.08846653
906872927538.0425             -0.10880864
906873904633.1427             0.20647335
906874881728.243              0.05221131
906875858823.3433             -0.01047401
906876835918.4435             -0.07380701
906877813013.5437             -0.15983975
906878790108.644              0.326725
906879767203.7443             -0.00086317357
906880744298.8445             -0.092652805
906881721393.9447             0.33294958
906882698489.045              0.33909267
906883675584.1453             0.42298964
906884652679.2455             0.021578452
906885629774.3457             0.09841275
906886606869.446              0.031073729
906887583964.5463             0.35819873
906888561059.6465             -0.06483128
906889538154.7467             -0.0999708
906890515249.847              0.3050531
906891492344.9473             0.10852843
906892469440.0475             -0.10910564
906893446535.1477             -0.13032657
906894423630.248              -0.26804727
906895400725.3483             0.016655304
906896377820.4485             0.009963545
906897354915.5487             -0.14232653
906898332010.649              0.07150148
906899309105.7493             0.05358392
906900286200.8495             0.16315706
906901263295.9498             0.26435947
906902240391.05               0.23510644
906903217486.1503             -0.21505164
906904194581.2505             -0.056926824
906905171676.3508             -0.11299227
906906148771.451              -0.14491779
906907125866.5513             -0.06768761
906908102961.6515             -0.024331631
906909080056.7518             0.03312796
906910057151.852              0.10526934
906911034246.9523             0.003979464
906912011342.0525             -0.26492497
906912988437.1528             -0.15887342
906913965532.253              0.019857515
906914942627.3533             0.04578551
906915919722.4535             0.048058018
906916896817.5538             0.11396867
906917873912.654              -0.050547957
906918851007.7543             -0.060106624
906919828102.8545             -0.22070977
906920805197.9548             -0.2205727
906921782293.055              -0.21330006
906922759388.1553             -0.05715631
906923736483.2555             0.28410336
906924713578.3558             0.031127708
906925690673.456              0.009104808
906926667768.5563             -0.09502463
906927644863.6565             0.110522345
906928621958.7568             -0.11829111
906929599053.857              0.014755554
906930576148.9573             -0.026662454
906931553244.0575             0.13160677
906932530339.1578             0.08023147
906933507434.258              -0.030970763
906934484529.3583             0.14847918
906935461624.4585             0.055618253
906936438719.5588             0.24664466
906937415814.659              0.101142846
906938392909.7593             -0.15272626
906939370004.8595             0.10302124
906940347099.9598             -0.06633056
906941324195.06               -0.26325244
906942301290.1603             -0.086640075
906943278385.2605             -0.0033924114
906944255480.3608             -0.1601313
906945232575.461              -0.26447722
906946209670.5613             -0.20293228
906947186765.6616             -0.07896768
906948163860.7618             -0.028622327
906949140955.862              0.1406243
906950118050.9623             0.13690022
906951095146.0626             0.019991124
906952072241.1628             -0.12740135
906953049336.2631             0.09850374
906954026431.3633             0.24250837
906955003526.4636             -0.060176365
906955980621.5638             -0.017529642
906956957716.6641             -0.056163818
906957934811.7643             0.09112381
906958911906.8646             -0.04320246
906959889001.9648             -0.096968
906960866097.0651             0.16209242
906961843192.1653             -0.21001138
906962820287.2656             -0.32680124
906963797382.3658             -0.1364985
906964774477.4661             -0.24253337
906965751572.5663             -0.2668457
906966728667.6666             -0.37047285
906967705762.7668             0.10581989
906968682857.8671             0.28650934
906969659952.9673             -0.07956548
906970637048.0676             -0.2680007
906971614143.1678             -0.23341621
906972591238.2681             -0.44665295
906973568333.3683             -0.12292785
906974545428.4686             -0.07369741
906975522523.5688             0.05493853
906976499618.6691             0.2763621
906977476713.7693             0.097386986
906978453808.8696             0.3832065
906979430903.9698             0.21921934
906980407999.0701             0.111070074
906981385094.1703             -0.0034662203
906982362189.2706             0.072892606
906983339284.3708             0.022961862
906984316379.4711             -0.17673235
906985293474.5713             0.041528203
906986270569.6716             -0.15859552
906987247664.7719             -0.35236886
906988224759.8721             -0.10991292
906989201854.9724             -0.2940949
906990178950.0726             0.17066307
906991156045.1729             0.15334024
906992133140.2731             0.3301315
906993110235.3734             0.15139736
906994087330.4736             0.091898024
906995064425.5739             -0.09811349
906996041520.6741             0.052211963
906997018615.7744             -0.3180103
906997995710.8746             -0.10255822
906998972805.9749             -0.0053171874
906999949901.0751             -0.0057880515
907000926996.1754             -0.06810189
907001904091.2756             -0.39421812
907002881186.3759             -0.21601075
907003858281.4761             -0.49843833
907004835376.5764             -0.0010877294
907005812471.6766             0.20201027
907006789566.7769             0.35498568
907007766661.8771             0.056315336
907008743756.9774             0.032251015
907009720852.0776             -0.054587748
907010697947.1779             -0.11474956
907011675042.2781             -0.05713234
907012652137.3784             0.096552335
907013629232.4786             -0.030284707
907014606327.5789             0.06364169
907015583422.6791             -0.0050947187
907016560517.7794             -0.1766025
907017537612.8796             0.013709208
907018514707.9799             0.14333232
907019491803.0801             -0.09211669
907020468898.1804             -0.031668175
907021445993.2806             0.27090314
907022423088.3809             -0.09404715
907023400183.4811             0.04866162
907024377278.5814             0.056210767
907025354373.6816             -0.04142088
907026331468.7819             0.13678205
907027308563.8821             -0.09072117
907028285658.9824             0.11772046
907029262754.0826             0.14988072
907030239849.1829             -0.027050138
907031216944.2832             0.10029385
907032194039.3834             -0.025235416
907033171134.4836             0.092934966
907034148229.5839             0.025838623
907035125324.6842             0.11117528
907036102419.7844             0.057798862
907037079514.8846             0.045948967
907038056609.9849             -0.18052045
907039033705.0852             -0.01685819
907040010800.1854             0.032210935
907040987895.2856             0.06112566
907041964990.3859             0.057689875
907042942085.4862             -0.1988926
907043919180.5864             0.15151663
907044896275.6866             -0.04358357
907045873370.7869             -0.02042214
907046850465.8872             -0.12753251
907047827560.9874             0.029647572
907048804656.0876             0.0029574737
907049781751.1879             0.2559626
907050758846.2882             -0.25682566
907051735941.3884             -0.1555798
907052713036.4886             0.084795654
907053690131.5889             0.1984793
907054667226.6892             0.020620106
907055644321.7894             -0.030581983
907056621416.8896             0.14647487
907057598511.9899             -0.044599887
907058575607.0902             0.20632257
907059552702.1904             0.08345168
907060529797.2906             0.120680235
907061506892.3909             0.25356492
907062483987.4912             0.12207113
907063461082.5914             -0.3830978
907064438177.6917             -0.21697955
907065415272.7919             -0.09153209
907066392367.8922             -0.2332615
907067369462.9924             -0.27856517
907068346558.0927             0.0704439
907069323653.1929             0.04984993
907070300748.2932             -0.19850747
907071277843.3934             -0.21492122
907072254938.4937             -0.29153785
907073232033.594              -0.019923925
907074209128.6942             0.12870526
907075186223.7944             0.36976826
907076163318.8947             0.20937549
907077140413.995              -0.047885757
907078117509.0952             0.027319565
907079094604.1954             0.094230115
907080071699.2957             -0.13055436
907081048794.396              -0.09058744
907082025889.4962             -0.17986074
907083002984.5964             0.022729719
907083980079.6967             -0.050276272
907084957174.797              0.02425339
907085934269.8972             0.3052647
907086911364.9974             0.17545174
907087888460.0977             -0.04689771
907088865555.198              -0.034599993
907089842650.2982             0.14676386
907090819745.3984             -0.11969782
907091796840.4987             0.12822779
907092773935.599              0.15479782
907093751030.6992             -0.2428163
907094728125.7994             -0.0024777148
907095705220.8997             -0.07555148
907096682316.0                0.20527399
907097659411.1002             0.3019702
907098636506.2004             -0.30073228
907099613601.3007             -0.3175208
907100590696.401              0.100278415
907101567791.5012             -0.11953947
907102544886.6014             -0.10611982
907103521981.7017             -0.3621768
907104499076.802              0.13041402
907105476171.9022             -0.107045084
907106453267.0024             -0.08030869
907107430362.1027             0.20422393
907108407457.203              0.07884663
907109384552.3032             0.15731049
907110361647.4034             0.09523439
907111338742.5037             0.22174954
907112315837.604              -0.053020783
907113292932.7042             0.040958915
907114270027.8044             0.030080395
907115247122.9048             0.10417608
907116224218.005              0.15879728
907117201313.1052             0.038208626
907118178408.2054             0.09362241
907119155503.3058             -0.007447145
907120132598.406              -0.03221578
907121109693.5062             0.06342346
907122086788.6064             -0.13238722
907123063883.7068             -0.38699412
907124040978.807              -0.057237495
907125018073.9072             0.056476448
907125995169.0074             -0.1045537
907126972264.1078             -0.09687518
907127949359.208              -0.18887389
907128926454.3082             0.032074537
907129903549.4084             -0.15892449
907130880644.5088             -0.11435391
907131857739.609              0.115428515
907132834834.7092             0.13604502
907133811929.8094             0.15054488
907134789024.9098             0.045697145
907135766120.01               -0.16698375
907136743215.1102             0.1858028
907137720310.2104             0.05380201
907138697405.3108             -0.27154478
907139674500.411              -0.26987496
907140651595.5112             -0.21895964
907141628690.6115             0.019108156
907142605785.7118             0.28676495
907143582880.812              0.0013111016
907144559975.9122             0.1503548
907145537071.0125             0.24737933
907146514166.1128             0.22127692
907147491261.213              0.019462887
907148468356.3132             -0.15315664
907149445451.4135             0.006386028
907150422546.5138             0.1080155
907151399641.614              0.15754741
907152376736.7142             0.19254012
907153353831.8145             0.2795054
907154330926.9148             0.28731123
907155308022.015              -0.25985444
907156285117.1152             -0.037177328
907157262212.2156             -0.34579533
907158239307.3158             -0.061501097
907159216402.416              0.07537843
907160193497.5162             0.10936262
907161170592.6166             0.08576426
907162147687.7168             0.09456878
907163124782.817              -0.23916854
907164101877.9172             -0.32519946
907165078973.0176             -0.15192853
907166056068.1178             0.10577114
907167033163.218              -0.0025956668
907168010258.3182             0.08082114
907168987353.4186             0.081212394
907169964448.5188             0.0067896713
907170941543.619              -0.22670358
907171918638.7192             -0.11133869
907172895733.8196             -0.24281363
907173872828.9198             0.0457267
907174849924.02               0.100633346
907175827019.1202             0.11927359
907176804114.2206             -0.11670091
907177781209.3208             -0.061635904
907178758304.421              0.10004936
907179735399.5212             0.08921281
907180712494.6216             -0.105949104
907181689589.7218             -0.11497823
907182666684.822              0.067810684
907183643779.9222             -0.008732786
907184620875.0226             0.15091841
907185597970.1228             0.13373357
907186575065.223              0.2575336
907187552160.3232             -0.234983
907188529255.4236             -0.09834334
907189506350.5238             0.22592956
907190483445.624              -0.005400106
907191460540.7242             -0.06927482
907192437635.8246             0.16193539
907193414730.9248             0.2022998
907194391826.025              -0.28487659
907195368921.1252             -0.16478209
907196346016.2256             0.020737326
907197323111.3258             -0.03173694
907198300206.426              -0.09773721
907199277301.5264             0.05242031
907200254396.6266             0.018799618
907201231491.7268             -0.1600743
907202208586.827              -0.031071046
907203185681.9274             0.22793207
907204162777.0276             0.30812964
907205139872.1278             -0.23318075
907206116967.228              -0.18312395
907207094062.3284             -0.12022558
907208071157.4286             0.011132011
907209048252.5288             0.049560204
907210025347.629              -0.24016757
907211002442.7294             0.1243799
907211979537.8296             -0.06158641
907212956632.9298             0.14458352
907213933728.03               0.11413925
907214910823.1304             0.023048678
907215887918.2306             0.0541387
907216865013.3308             0.21260922
907217842108.431              0.26355776
907218819203.5314             0.05678966
907219796298.6316             0.011916051
907220773393.7318             0.17769468
907221750488.832              -0.37029254
907222727583.9324             -0.30172348
907223704679.0326             0.054557215
907224681774.1328             -0.14452901
907225658869.233              0.033701386
907226635964.3334             0.041066118
907227613059.4336             0.07310174
907228590154.5338             0.010625183
907229567249.634              -0.14749832
907230544344.7344             0.12278251
907231521439.8346             0.01878501
907232498534.9348             -0.012241036
907233475630.035              -0.041822225
907234452725.1354             -0.17770152
907235429820.2356             -0.10584136
907236406915.3358             -0.033521928
907237384010.436              -0.1464586
907238361105.5364             -0.07862779
907239338200.6366             0.14787129
907240315295.7368             0.26550496
907241292390.8372             0.3250555
907242269485.9374             0.29351327
907243246581.0376             0.06413645
907244223676.1378             0.25522178
907245200771.2382             0.11860096
907246177866.3384             -0.100279234
907247154961.4386             -0.12299444
907248132056.5388             -0.06249574
907249109151.6392             -0.043479357
907250086246.7394             -0.20852132
907251063341.8396             0.054269914
907252040436.9398             -0.25129676
907253017532.0402             -0.29878682
907253994627.1404             -0.1123071
907254971722.2406             0.1671929
907255948817.3408             0.056031153
907256925912.4412             0.24706255
907257903007.5414             -0.0094522955
907258880102.6416             0.021081796
907259857197.7418             -0.040773407
907260834292.8422             0.12443244
907261811387.9424             0.055129938
907262788483.0426             -0.2785941
907263765578.1428             -0.16072135
907264742673.2432             -0.0929715
907265719768.3434             0.24616936
907266696863.4436             -0.09913566
907267673958.5438             0.14793783
907268651053.6442             0.22297406
907269628148.7444             0.105246864
907270605243.8446             -0.058860026
907271582338.9448             0.1521549
907272559434.0452             0.19270067
907273536529.1454             0.19738688
907274513624.2456             -0.034630984
907275490719.3458             -0.03179895
907276467814.4462             0.15462545
907277444909.5464             0.10774737
907278422004.6466             -0.22667101
907279399099.7468             0.19394606
907280376194.8472             -0.27405608
907281353289.9474             -0.064160906
907282330385.0476             -0.13370565
907283307480.1478             0.15421523
907284284575.2482             -0.15129171
907285261670.3484             -0.05139579
907286238765.4486             0.08732747
907287215860.549              0.04806602
907288192955.6492             0.20486979
907289170050.7494             0.33185998
907290147145.8496             0.26257634
907291124240.95               0.24404481
907292101336.0502             0.13289933
907293078431.1504             0.27061373
907294055526.2506             0.38772464
907295032621.351              0.5420362
907296009716.4512             0.11146524
907296986811.5514             -0.08831404
907297963906.6516             -0.20789339
907298941001.752              0.46046126
907299918096.8522             0.19085793
907300895191.9524             0.15822491
907301872287.0526             0.07913289
907302849382.153              0.06692276
907303826477.2532             -0.0075671864
907304803572.3534             0.14430821
907305780667.4536             0.15286441
907306757762.554              0.08972251
907307734857.6542             -0.14735071
907308711952.7544             0.09302041
907309689047.8546             -0.15011276
907310666142.955              -0.27029705
907311643238.0552             0.01214312
907312620333.1554             0.08140661
907313597428.2556             -0.09443999
907314574523.356              -0.42969167
907315551618.4562             -0.16053893
907316528713.5564             0.100393906
907317505808.6566             -0.060325723
907318482903.757              -0.0085811345
907319459998.8572             -0.1651714
907320437093.9574             -0.44556102
907321414189.0576             -0.43521893
907322391284.158              0.06014558
907323368379.2582             0.16851692
907324345474.3584             0.20030242
907325322569.4586             0.18754756
907326299664.559              -0.16211258
907327276759.6592             0.11059975
907328253854.7594             -0.1646
907329230949.8597             -0.18111043
907330208044.96               -0.022490464
907331185140.0602             0.03961758
907332162235.1604             0.12663822
907333139330.2607             0.39723638
907334116425.361              0.16467324
907335093520.4612             0.015183222
907336070615.5614             -0.21791488
907337047710.6617             0.13549376
907338024805.762              0.4046619
907339001900.8622             -0.11263464
907339978995.9624             -0.058509402
907340956091.0627             -0.19568352
907341933186.163              -0.06650227
907342910281.2632             -0.18213496
907343887376.3634             -0.24084254
907344864471.4637             -0.18379988
907345841566.564              0.13941957
907346818661.6642             -0.25470543
907347795756.7644             0.085834555
907348772851.8647             -0.030946165
907349749946.965              0.058400363
907350727042.0652             0.29929242
907351704137.1654             0.14459966
907352681232.2657             0.083181895
907353658327.366              -0.123854324
907354635422.4662             0.15666126
907355612517.5664             -0.12048932
907356589612.6667             -0.023285666
907357566707.767              0.40498656
907358543802.8672             0.020651523
907359520897.9674             0.19944689
907360497993.0677             0.070843175
907361475088.168              0.087603204
907362452183.2682             -0.0143647995
907363429278.3684             0.24997441
907364406373.4688             0.37516776
907365383468.569              0.1223071
907366360563.6692             -0.10262186
907367337658.7694             0.08803975
907368314753.8698             0.28750882
907369291848.97               0.17892607
907370268944.0702             0.05736215
907371246039.1705             -0.13651146
907372223134.2708             -0.13691829
907373200229.371              0.1492416
907374177324.4712             -0.08344771
907375154419.5715             0.209995
907376131514.6718             -0.13787413
907377108609.772              0.050174423
907378085704.8722             0.026594525
907379062799.9725             -0.17225082
907380039895.0728             -0.032942858
907381016990.173              -0.05961507
907381994085.2732             -0.022068597
907382971180.3735             -0.35063082
907383948275.4738             -0.02678947
907384925370.574              -0.0039017356
907385902465.6742             0.08989289
907386879560.7745             -0.008830112
907387856655.8748             -0.053780597
907388833750.975              -0.049293373
907389810846.0752             0.006717783
907390787941.1755             0.12371217
907391765036.2758             -0.056702938
907392742131.376              -0.095956676
907393719226.4762             -0.33594325
907394696321.5765             -0.19715814
907395673416.6768             -0.18327813
907396650511.777              -0.104882605
907397627606.8772             -0.028089939
907398604701.9775             -0.0035853486
907399581797.0778             -0.14764546
907400558892.178              -0.12128215
907401535987.2782             0.1219427
907402513082.3785             -0.101967946
907403490177.4788             -0.13996404
907404467272.579              0.010601906
907405444367.6792             -0.048966844
907406421462.7795             0.10475312
907407398557.8798             -0.011270981
907408375652.98               -0.047720604
907409352748.0802             -0.020147126
907410329843.1805             0.024259487
907411306938.2808             -0.019325366
