417456451954.4                0.0037743081
417457429011.44635            -0.005109261
417458406068.4926             -0.008618989
417459383125.53894            -0.0009380638
417460360182.58527            -0.013442632
417461337239.63153            -0.009318719
417462314296.67786            0.008509357
417463291353.7241             0.0014398728
417464268410.77045            0.0035081452
417465245467.8168             -0.0076691727
417466222524.86304            -0.0072522988
417467199581.90936            -0.006419714
417468176638.9557             -0.002808996
417469153696.00195            0.006917742
417470130753.0483             0.0021193984
417471107810.09454            -0.00225412
417472084867.14087            0.001061086
417473061924.1872             0.0037658948
417474038981.23346            -0.0079829255
417475016038.2798             -0.0056728283
417475993095.3261             0.0018751974
417476970152.3724             0.0034230005
417477947209.4187             -0.004722427
417478924266.46497            0.0056458716
417479901323.5113             -0.00455254
417480878380.5576             -0.0022590982
417481855437.6039             -0.005331724
417482832494.6502             -0.00915071
417483809551.69653            -0.006029809
417484786608.7428             -0.0035864236
417485763665.7891             0.0025469412
417486740722.8354             0.008302409
417487717779.8817             0.010549607
417488694836.92804            0.005814964
417489671893.9743             0.00034986602
417490648951.0206             0.00018822386
417491626008.06696            0.0021294074
417492603065.1132             0.000917011
417493580122.15955            -0.0029760308
417494557179.2058             -0.011137407
417495534236.25214            -0.010425236
417496511293.29846            -0.004114708
417497488350.3447             -0.0016096196
417498465407.39105            0.003978802
417499442464.4374             -0.0029213582
417500419521.48364            -0.008063881
417501396578.52997            0.0030977111
417502373635.57623            0.0021100598
417503350692.62256            0.008820086
417504327749.6689             -0.004875889
417505304806.71515            -0.0022650978
417506281863.7615             -0.0019308205
417507258920.8078             -0.00564516
417508235977.85406            -0.005207965
417509213034.9004             -0.0030447084
417510190091.94666            -0.013476598
417511167148.993              -0.016322473
417512144206.0393             -0.0032603194
417513121263.0856             0.0011910934
417514098320.1319             0.0072767967
417515075377.1782             -0.0027132232
417516052434.2245             0.0025385742
417517029491.2708             -8.7251145e-05
417518006548.31714            0.0012785799
417518983605.3634             0.0036807465
417519960662.4097             -0.002044467
417520937719.456              -0.0008989743
417521914776.5023             0.00018931561
417522891833.54865            -0.003966628
417523868890.5949             -0.008977926
417524845947.64124            -0.010530988
417525823004.68756            -0.0048390073
417526800061.7338             0.0044135675
417527777118.78015            0.001446596
417528754175.8264             0.004829522
417529731232.87274            0.0026656773
417530708289.91907            0.005899625
417531685346.96533            -0.0062209647
417532662404.01166            -0.011332987
417533639461.058              -0.002190535
417534616518.10425            0.0038989594
417535593575.1506             0.006349316
417536570632.19684            0.00063191337
417537547689.24316            -0.005792285
417538524746.2895             -0.008032566
417539501803.33575            -0.008835474
417540478860.3821             0.0049407864
417541455917.4284             0.0034476665
417542432974.4747             -0.0020168268
417543410031.521              0.0044520875
417544387088.56726            0.00629413
417545364145.6136             -0.003965164
417546341202.6599             0.003300538
417547318259.7062             -0.0019075482
417548295316.7525             0.00040572
417549272373.7988             0.00023139788
417550249430.8451             -0.008146756
417551226487.8914             -0.005821729
417552203544.9377             0.0053783646
417553180601.984              -0.0031380556
417554157659.03033            0.0024889205
417555134716.0766             -0.0042013726
417556111773.1229             -0.009083944
417557088830.16925            -0.008617664
417558065887.2155             -0.015340456
417559042944.26184            -0.009507312
417560020001.3081             -0.0025853666
417560997058.35443            0.0012007556
417561974115.40076            0.0062497864
417562951172.447              0.0076016462
417563928229.49335            -0.0027464759
417564905286.5397             -0.0048890775
417565882343.58594            0.006314719
417566859400.63226            -0.00017602257
417567836457.6785             -0.0010612549
417568813514.72485            0.003821565
417569790571.7712             0.0019463986
417570767628.81744            0.0038169888
417571744685.8638             0.0015286967
417572721742.9101             0.008362732
417573698799.95636            0.001486846
417574675857.0027             -0.004351248
417575652914.049              -0.0076505365
417576629971.0953             0.0032256895
417577607028.1416             0.0023787252
417578584085.18787            -0.000175131
417579561142.2342             -0.0068417117
417580538199.2805             0.003535407
417581515256.3268             0.00610342
417582492313.3731             0.013520893
417583469370.41943            0.0039285864
417584446427.4657             -0.0040236353
417585423484.512              -0.0021565624
417586400541.5583             0.0018422189
417587377598.6046             -0.010942415
417588354655.65094            -0.01212504
417589331712.6972             -0.0061654937
417590308769.7435             0.013623742
417591285826.78986            -0.0004886336
417592262883.8361             0.003409085
417593239940.88245            0.01815985
417594216997.9287             0.011287726
417595194054.97504            0.01187567
417596171112.02136            0.0089007905
417597148169.0676             -0.0036705143
417598125226.11395            -0.013657619
417599102283.1603             -0.0036089022
417600079340.20654            0.008063853
417601056397.25287            0.013605557
417602033454.29913            -2.1082476e-05
417603010511.34546            -0.0041691195
417603987568.3918             0.0034118206
417604964625.43805            0.003397987
417605941682.4844             -0.002376955
417606918739.5307             -0.005884539
417607895796.57697            -0.0030472446
417608872853.6233             0.0025095646
417609849910.66956            0.004010747
417610826967.7159             0.00073324476
417611804024.7622             -0.008575389
417612781081.8085             -0.009281534
417613758138.8548             -0.014619843
417614735195.9011             -0.009488569
417615712252.9474             -0.003753307
417616689309.9937             -0.0082164
417617666367.04               0.0047841263
417618643424.0863             0.011868545
417619620481.1326             0.00032453425
417620597538.1789             -0.01101669
417621574595.2252             -0.008338042
417622551652.27155            -0.00039952176
417623528709.3178             -0.014475713
417624505766.36414            -0.0017148964
417625482823.4104             0.0061298134
417626459880.4567             0.0021998382
417627436937.50305            0.004290019
417628413994.5493             -0.0011037042
417629391051.59564            -0.004015892
417630368108.64197            0.004945019
417631345165.68823            0.014903968
417632322222.73456            -0.00447891
417633299279.7809             -0.01224289
417634276336.82715            -0.018100156
417635253393.8735             -0.009295819
417636230450.91974            0.0026845085
417637207507.96606            -0.00740147
417638184565.0124             -0.0012349922
417639161622.05865            -0.010004825
417640138679.105              -0.01925869
417641115736.1513             -0.013441421
417642092793.1976             -0.0081796665
417643069850.2439             -0.0120982705
417644046907.29016            -0.0060332646
417645023964.3365             0.00019389886
417646001021.3828             -0.0027510454
417646978078.4291             0.0039523975
417647955135.4754             0.001423524
417648932192.5217             0.0026686916
417649909249.568              0.00047820967
417650886306.6143             0.0018674638
417651863363.6606             -0.0002564932
417652840420.7069             0.0042083217
417653817477.75323            0.013627171
417654794534.7995             0.009975558
417655771591.8458             -0.0054608164
417656748648.89215            -0.0007821679
417657725705.9384             0.0015809989
417658702762.98474            -0.004491407
417659679820.031              -0.0042596674
417660656877.07733            0.0019096424
417661633934.12366            0.0040829936
417662610991.1699             -0.0006334759
417663588048.21625            -0.008064982
417664565105.2626             -0.0031536438
417665542162.30884            -0.0064912224
417666519219.35516            -0.0027749245
417667496276.4014             0.0008287913
417668473333.44775            0.0012888177
417669450390.4941             -0.0010296017
417670427447.54034            -0.00065930525
417671404504.5867             0.0049411957
417672381561.633              -0.0031353198
417673358618.67926            -0.005308157
417674335675.7256             0.00015514757
417675312732.77185            -2.0514824e-05
417676289789.8182             -0.0050374744
417677266846.8645             -0.0037619534
417678243903.91077            0.00085436937
417679220960.9571             -0.00430618
417680198018.0034             -0.00072729774
417681175075.0497             -0.011890673
417682152132.096              0.0003120034
417683129189.1423             0.0040923445
417684106246.1886             -0.00027766617
417685083303.2349             0.006672333
417686060360.2812             0.00627892
417687037417.3275             0.008135338
417688014474.37384            0.007561713
417688991531.4201             -0.0025719241
417689968588.46643            -0.010894807
417690945645.51276            -0.00057643844
417691922702.559              0.0053268294
417692899759.60535            -0.01105995
417693876816.6516             -0.0114173675
417694853873.69794            -0.0015808732
417695830930.74426            0.0070374957
417696807987.7905             0.0028685266
417697785044.83685            0.0030070303
417698762101.8832             0.010892752
417699739158.92944            0.007628311
417700716215.97577            -5.080868e-05
417701693273.02203            0.0056856293
417702670330.06836            0.006317236
417703647387.1147             0.0047239824
417704624444.16095            -0.012052765
417705601501.2073             -0.011380517
417706578558.2536             -0.0008729868
417707555615.29987            0.005338615
417708532672.3462             -0.0074116536
417709509729.39246            -0.0059721433
417710486786.4388             -0.014020666
417711463843.4851             0.004934582
417712440900.5314             -0.0029009425
417713417957.5777             -0.000907775
417714395014.624              -0.0017307112
417715372071.6703             -0.0006659366
417716349128.7166             0.0006254384
417717326185.7629             0.0024522818
417718303242.8092             0.0010286747
417719280299.8555             -0.0040399795
417720257356.9018             -0.0016396828
417721234413.9481             -0.007042011
417722211470.99445            -0.0007419417
417723188528.0407             0.0016417605
417724165585.08704            0.0033368876
417725142642.1333             0.005402243
417726119699.1796             -1.3144255e-05
417727096756.22595            -0.00072537427
417728073813.2722             0.0005887579
417729050870.31854            -0.006245448
417730027927.36487            -0.0014918208
417731004984.41113            -0.005436546
417731982041.45746            -0.0004910012
417732959098.5037             0.0037340077
417733936155.55005            -0.0016691235
417734913212.5964             0.0004299167
417735890269.64264            0.000612075
417736867326.68896            0.0017770823
417737844383.7353             0.0071579046
417738821440.78156            0.0099144345
417739798497.8279             0.0037658988
417740775554.8742             -0.010722626
417741752611.9205             -0.012307868
417742729668.9668             -0.0019526242
417743706726.01306            0.008580962
417744683783.0594             -0.0017738845
417745660840.1057             -0.008422589
417746637897.152              -0.009202998
417747614954.1983             0.0041348455
417748592011.2446             -0.0045503583
417749569068.2909             -0.0031408956
417750546125.3372             -0.006540451
417751523182.3835             -0.008845958
417752500239.4298             -0.004030968
417753477296.47614            -0.003447741
417754454353.5224             0.008399155
417755431410.5687             0.001464957
417756408467.61505            -0.002763952
417757385524.6613             0.005593271
417758362581.70764            0.00128239
417759339638.7539             -0.007950467
417760316695.80023            -0.007482415
417761293752.84656            -0.007970731
417762270809.8928             0.0077943667
417763247866.93915            0.0060212063
417764224923.9855             0.0012251821
417765201981.03174            -0.0045545828
417766179038.07806            -0.0035290485
417767156095.1243             -0.007137358
417768133152.17065            0.0018311661
417769110209.217              0.009909668
417770087266.26324            0.006906527
417771064323.3096             0.0007360217
417772041380.3559             0.010029369
417773018437.40216            0.0014489003
417773995494.4485             3.473211e-06
417774972551.49475            -0.00185611
417775949608.5411             -0.0056579183
417776926665.5874             0.011849345
417777903722.63367            0.016623685
417778880779.68               0.0066551035
417779857836.7263             0.008183959
417780834893.7726             0.018851154
417781811950.8189             0.006367785
417782789007.8652             0.011416242
417783766064.9115             -0.0023105685
417784743121.9578             0.0052775214
417785720179.0041             0.003100307
417786697236.0504             -0.0037868505
417787674293.09674            -0.002393178
417788651350.143              -0.0037305772
417789628407.18933            0.0046736463
417790605464.2356             0.011803396
417791582521.2819             0.0007152044
417792559578.32825            0.0021774403
417793536635.3745             -0.0027429613
417794513692.42084            -0.007836743
417795490749.46716            -0.008063766
417796467806.5134             -0.0069228867
417797444863.55975            -0.0011099273
417798421920.6061             0.0025068396
417799398977.65234            0.009148174
417800376034.69867            -0.0019106802
417801353091.74493            0.0021425465
417802330148.79126            -0.004398671
417803307205.8376             0.00068764907
417804284262.88385            -0.0016443591
417805261319.9302             -0.00595844
417806238376.9765             -0.004711713
417807215434.02277            0.0021352095
417808192491.0691             0.0057964902
417809169548.11536            0.008450717
417810146605.1617             0.012860897
417811123662.208              0.0031510214
417812100719.2543             0.0071237036
417813077776.3006             0.008062775
417814054833.3469             0.007943035
417815031890.3932             0.0065983078
417816008947.4395             0.0023444039
417816986004.4858             -0.008532862
417817963061.5321             0.0010639403
417818940118.5784             -0.0058534015
417819917175.6247             -0.0011331269
417820894232.671              -0.00509433
417821871289.71735            -0.0009601705
417822848346.7636             0.0017129936
417823825403.80994            -0.0066004037
417824802460.8562             -0.0034770374
417825779517.9025             0.0014911809
417826756574.94885            0.0068872008
417827733631.9951             0.018237228
417828710689.04144            0.011270401
417829687746.08777            0.004989387
417830664803.13403            0.0034264065
417831641860.18036            -0.0052682427
417832618917.2266             -0.0001949246
417833595974.27295            -0.0046237977
417834573031.3193             -0.0033472716
417835550088.36554            -0.0014864226
417836527145.41187            0.0072163907
417837504202.4582             -0.00042914896
417838481259.50446            -0.00036257665
417839458316.5508             -0.00021498118
417840435373.59705            0.008253733
417841412430.6434             0.0033915245
417842389487.6897             0.008559288
417843366544.73596            0.004151531
417844343601.7823             0.0013635807
417845320658.8286             0.0076327794
417846297715.8749             0.003196364
417847274772.9212             0.0015795697
417848251829.96747            -0.0059536463
417849228887.0138             0.0015715708
417850205944.0601             0.004768462
417851183001.1064             -0.0011855452
417852160058.1527             -0.0062639476
417853137115.19904            -0.008113177
417854114172.2453             -0.010131953
417855091229.2916             -0.0076077003
417856068286.33795            0.0048881928
417857045343.3842             -0.0011217578
417858022400.43054            0.00066360255
417858999457.4768             -0.00435885
417859976514.52313            -0.0022632251
417860953571.56946            0.0052968482
417861930628.6157             0.0058331704
417862907685.66205            0.00096350134
417863884742.7084             -0.006941023
417864861799.75464            -0.0012235324
417865838856.80096            -0.006963845
417866815913.8472             -0.0071183383
417867792970.89355            0.0023444386
417868770027.9399             -0.0012394406
417869747084.98615            -0.0044897236
417870724142.0325             -0.0008726892
417871701199.0788             0.0026972932
417872678256.12506            -0.00036467123
417873655313.1714             0.0084241405
417874632370.21765            0.013213493
417875609427.264              0.010849563
417876586484.3103             -0.000986058
417877563541.35657            0.007894998
417878540598.4029             0.01466349
417879517655.4492             0.0038097159
417880494712.4955             -0.009914392
417881471769.5418             -0.0061772056
417882448826.5881             -0.00692464
417883425883.6344             0.014631315
417884402940.6807             0.012298067
417885379997.727              -0.0013702246
417886357054.7733             0.0046449252
417887334111.81964            -0.00020451953
417888311168.8659             -0.008557592
417889288225.91223            -0.009565661
417890265282.9585             -0.002285257
417891242340.0048             0.005978664
417892219397.05115            0.0015052018
417893196454.0974             -0.0048100683
417894173511.14374            -0.00086038414
417895150568.19006            -0.0056917835
417896127625.2363             -0.006841471
417897104682.28265            0.0023673933
417898081739.3289             0.0064560226
417899058796.37524            0.0094869295
417900035853.4216             -0.010133758
417901012910.46783            -0.0022045323
417901989967.51416            -0.005860784
417902967024.5605             -0.0159672
417903944081.60675            -0.015385874
417904921138.6531             -0.01692787
417905898195.69934            -0.008179241
417906875252.74567            0.005279552
417907852309.792              0.01820893
417908829366.83826            0.009317219
417909806423.8846             0.0080516655
417910783480.9309             0.0036481195
417911760537.9772             -0.007869386
417912737595.0235             -0.004629966
417913714652.0698             -0.0086507145
417914691709.1161             -0.013430697
417915668766.1624             -0.010118117
417916645823.2087             -0.0058978708
417917622880.255              -0.001058279
417918599937.30133            0.0029703905
417919576994.3476             0.0056830314
417920554051.3939             -0.0037910566
417921531108.44025            -0.0059880465
417922508165.4865             -0.00031770562
417923485222.53284            -0.009677535
417924462279.5791             -0.0062115425
417925439336.6254             -0.0006371522
417926416393.67175            0.012501699
417927393450.718              0.0035398027
417928370507.76434            0.005133029
417929347564.81067            -0.003209602
417930324621.85693            -0.005597551
417931301678.90326            3.03754e-05
417932278735.9495             0.005967337
417933255792.99585            -0.013114391
417934232850.0422             -0.008354927
417935209907.08844            -0.006373024
417936186964.13477            -0.0037693623
417937164021.1811             -0.0028446433
417938141078.22736            -0.009955089
417939118135.2737             -0.011434143
417940095192.31995            -0.014118944
417941072249.3663             0.0033912049
417942049306.4126             -0.0009737677
417943026363.45886            -0.00051047216
417944003420.5052             0.004038003
417944980477.5515             0.007473215
417945957534.5978             -0.0001567129
417946934591.6441             0.0061321054
417947911648.69037            0.0030051903
417948888705.7367             0.003470645
417949865762.783              -0.0024305943
417950842819.8293             -0.00010726611
417951819876.8756             -0.00014286891
417952796933.92194            -0.0055261296
417953773990.9682             -0.01105352
417954751048.0145             -0.003794875
417955728105.0608             0.004484341
417956705162.1071             -0.0044920477
417957682219.15344            -0.0044644186
417958659276.1997             0.0017029486
417959636333.24603            -0.004320358
417960613390.29236            0.002991462
417961590447.3386             -0.018431358
417962567504.38495            -0.0106291175
417963544561.4312             0.004699538
417964521618.47754            -0.010665796
417965498675.52386            -0.003526367
417966475732.5701             0.0017118148
417967452789.61646            -0.009373959
417968429846.6628             -0.0019425116
417969406903.70905            0.0051339744
417970383960.7554             0.010894129
417971361017.8017             0.008205258
417972338074.84796            0.0023649137
417973315131.8943             -0.0023450023
417974292188.94055            -0.00015543588
417975269245.9869             -0.006093606
417976246303.0332             -0.0079803
417977223360.07947            0.0033917902
417978200417.1258             -0.007904683
417979177474.1721             -0.0029986242
417980154531.2184             -0.0056775264
417981131588.2647             -0.004589247
417982108645.311              0.0017986731
417983085702.3573             -0.00014689262
417984062759.4036             -0.0014904636
417985039816.4499             -0.008621932
417986016873.4962             -0.0011029617
417986993930.54254            0.004410162
417987970987.5888             0.0030142816
417988948044.63513            0.005725213
417989925101.6814             -0.00057379203
417990902158.7277             -0.00031070216
417991879215.77405            0.005671272
417992856272.8203             0.0067921327
417993833329.86664            -0.008411579
417994810386.91296            -0.0013111904
417995787443.9592             -0.004266928
417996764501.00555            -0.0038894895
417997741558.0518             1.4434127e-05
417998718615.09814            0.0049868305
417999695672.1445             0.006403984
418000672729.19073            0.006069735
418001649786.23706            0.0028236555
418002626843.2834             -0.0059568053
418003603900.32965            -0.015107824
418004580957.376              -0.00807313
418005558014.42224            0.009399586
418006535071.46857            0.0023316462
418007512128.5149             0.00025995876
418008489185.56116            -0.007282755
418009466242.6075             -0.0037778227
418010443299.6538             -0.0002552546
418011420356.7001             -0.0058052815
418012397413.7464             0.0012737705
418013374470.79266            0.002972935
418014351527.839              -0.00788572
418015328584.8853             0.008378241
418016305641.9316             0.015242493
418017282698.9779             0.02156786
418018259756.02423            0.001963255
418019236813.0705             -0.0020741185
418020213870.1168             -0.006352165
418021190927.1631             0.0009013459
418022167984.2094             0.006858644
418023145041.25574            0.0053913807
418024122098.302              0.0055252467
418025099155.3483             0.0055048987
418026076212.39465            0.009366859
418027053269.4409             5.024629e-05
418028030326.48724            -0.0008989149
418029007383.53357            0.0026309327
418029984440.57983            -0.017970392
418030961497.62616            -0.011558573
418031938554.6724             -0.006221044
418032915611.71875            -0.010935948
418033892668.7651             0.0021045115
418034869725.81134            0.0041297046
418035846782.85767            0.005603439
418036823839.904              0.0056507248
418037800896.95026            0.0053565907
418038777953.9966             -0.007480968
418039755011.04285            0.0034425762
418040732068.0892             0.009601984
418041709125.1355             -0.009604829
418042686182.18176            -0.005027468
418043663239.2281             0.0015147695
418044640296.2744             -0.00026472477
418045617353.3207             -0.002029768
418046594410.367              -0.0032241405
418047571467.41327            0.013440564
418048548524.4596             0.0080085695
418049525581.5059             -0.0047332644
418050502638.5522             0.0036432256
418051479695.5985             0.0014015636
418052456752.64484            0.001969646
418053433809.6911             0.0035653622
418054410866.7374             -0.0043865284
418055387923.7837             -0.0049166013
418056364980.83               0.0021309706
418057342037.87634            -0.0029514325
418058319094.9226             -0.009766695
418059296151.96893            -0.0072817774
418060273209.01526            0.005433181
418061250266.0615             0.009450689
418062227323.10785            0.008779402
418063204380.1541             0.005603552
418064181437.20044            0.0033625546
418065158494.24677            -0.0027940837
418066135551.293              0.010623234
418067112608.33936            0.00013381516
418068089665.3857             -0.0024677196
418069066722.43195            0.0058860476
418070043779.4783             0.0023078967
418071020836.52454            -0.012154125
418071997893.57086            -0.0058311084
418072974950.6172             -0.011722281
418073952007.66345            0.003740969
418074929064.7098             0.0046767206
418075906121.7561             0.00025786064
418076883178.80237            0.00038096882
418077860235.8487             -0.0045499494
418078837292.89496            -0.010072282
418079814349.9413             -0.007831734
418080791406.9876             -0.001998208
418081768464.0339             0.005587048
418082745521.0802             -0.000848002
418083722578.1265             -0.001126749
418084699635.1728             8.284551e-06
418085676692.2191             0.0024789672
418086653749.26544            0.0023559558
418087630806.3117             0.0011883354
418088607863.35803            0.0035385701
418089584920.4043             -0.0005537723
418090561977.4506             0.0051335576
418091539034.49695            0.004745711
418092516091.5432             -0.017171483
418093493148.58954            -0.014518045
418094470205.63586            0.00066228694
418095447262.6821             -0.0015878838
418096424319.72845            0.0017002508
418097401376.7747             0.0021284383
418098378433.82104            -0.0010648426
418099355490.8674             -0.004249744
418100332547.91364            -0.013463198
418101309604.95996            -0.007689056
418102286662.0063             0.0043655112
418103263719.05255            -0.008437734
418104240776.0989             -0.0039268145
418105217833.14514            0.005579916
418106194890.19147            -0.0021980247
418107171947.2378             -0.00059983484
418108149004.28406            0.0023482947
418109126061.3304             -0.007037908
418110103118.3767             -0.00057108817
418111080175.423              0.0062979837
418112057232.4693             0.0039016926
418113034289.51556            -0.0040844386
418114011346.5619             -0.011838063
418114988403.6082             -0.008114311
418115965460.6545             0.0036655872
418116942517.7008             -0.009180592
418117919574.74713            -0.008741204
418118896631.7934             0.00073487806
418119873688.8397             -0.0053926427
418120850745.886              -0.0035329678
418121827802.9323             -0.014571169
418122804859.97864            -0.0108988825
418123781917.0249             -0.00019811094
418124758974.0712             0.009465215
418125736031.11755            0.00039956422
418126713088.1638             -0.0015349046
418127690145.21014            -0.0047292328
418128667202.2564             -0.0011487445
418129644259.30273            -0.009510041
418130621316.34906            0.00060947554
418131598373.3953             0.0045080744
418132575430.44165            0.008812882
418133552487.488              0.005834759
418134529544.53424            0.0049566817
418135506601.58057            0.007859758
418136483658.62683            0.016887773
418137460715.67316            0.0071358
418138437772.7195             0.0152305355
418139414829.76575            0.007451224
418140391886.8121             -0.006381735
418141368943.8584             0.0038028497
418142346000.90466            -0.010652719
418143323057.951              0.0010710411
418144300114.9973             -0.0018945527
418145277172.0436             0.0004148478
418146254229.0899             -0.002881202
418147231286.13617            0.008521387
418148208343.1825             0.006836838
418149185400.2288             -0.0020570434
418150162457.2751             -0.007683317
418151139514.3214             -0.004539535
418152116571.36774            -0.000146842
418153093628.414              -0.008694786
418154070685.4603             0.008057982
418155047742.5066             0.009286726
418156024799.5529             0.01321279
418157001856.59924            0.0045563653
418157978913.6455             0.009124016
418158955970.69183            -0.0013431527
418159933027.73816            -0.00063979917
418160910084.7844             -0.008292796
418161887141.83075            -0.006587676
418162864198.877              0.0018306386
418163841255.92334            0.002155479
418164818312.96967            -0.00642888
418165795370.0159             0.0036528166
418166772427.06226            0.0031730803
418167749484.1086             0.002404652
418168726541.15485            -0.005967156
418169703598.2012             -0.009337057
418170680655.24744            0.00095434464
418171657712.29376            0.00031963817
418172634769.3401             0.0020397722
418173611826.38635            -0.002548138
418174588883.4327             -0.0016001279
418175565940.479              0.00092310685
418176542997.52527            -0.008545857
418177520054.5716             -0.013586027
418178497111.61786            -0.01321506
418179474168.6642             -0.011255177
418180451225.7105             -0.0055310633
418181428282.7568             0.00057029614
418182405339.8031             -0.0005050375
418183382396.8494             -0.0034582214
418184359453.8957             0.0040521966
418185336510.942              0.009005531
418186313567.9883             0.0042029554
418187290625.0346             -0.0066843317
418188267682.08093            0.004215104
418189244739.1272             -0.0032532816
418190221796.1735             -0.0123843625
418191198853.21985            -0.005161744
418192175910.2661             -0.0069677406
418193152967.31244            0.0043294737
418194130024.35876            0.00020091055
418195107081.405              -0.0005950264
418196084138.45135            -0.0062250616
418197061195.4976             -0.0010578748
418198038252.54395            0.0045515737
418199015309.5903             0.0055532693
418199992366.63654            -0.0011171887
418200969423.68286            0.0057916627
418201946480.7292             0.0031919803
418202923537.77545            0.0034845686
418203900594.8218             0.00426223
418204877651.86804            0.0091967285
418205854708.91437            0.009171607
418206831765.9607             0.011032494
418207808823.00696            0.005913789
418208785880.0533             0.001043651
418209762937.0996             0.011609446
418210739994.1459             -0.0062042824
418211717051.1922             0.0008357235
418212694108.23846            -0.0016470022
418213671165.2848             -0.0046657287
418214648222.3311             -0.0015074259
418215625279.3774             0.0044861645
418216602336.4237             -0.0022662694
418217579393.47003            -0.015428552
418218556450.5163             -0.0068317745
418219533507.5626             0.007596452
418220510564.6089             0.0020725518
418221487621.6552             0.004064921
418222464678.70154            -0.0030494141
418223441735.7478             -0.0062423795
418224418792.7941             0.00086378923
418225395849.84045            0.0044083153
418226372906.8867             0.0022371968
418227349963.93304            0.003581473
418228327020.9793             -0.0034742448
418229304078.02563            -0.0068595335
418230281135.07196            0.0015914512
418231258192.1182             0.0033512188
418232235249.16455            0.010341758
418233212306.2109             -0.008476234
418234189363.25714            0.002458492
418235166420.30347            0.008210911
418236143477.34973            0.00857188
418237120534.39606            0.012452237
418238097591.4424             0.014775726
418239074648.48865            0.012494858
418240051705.535              0.012430909
418241028762.5813             -0.002728761
418242005819.62756            -0.0029423635
418242982876.6739             -0.006586979
418243959933.72015            0.0019230525
418244936990.7665             0.014492005
418245914047.8128             0.014806861
418246891104.8591             0.010272778
418247868161.9054             -0.008249546
418248845218.9517             -0.003387613
418249822275.998              0.0064191213
418250799333.0443             0.0007831642
418251776390.09064            -0.014011339
418252753447.1369             -0.00084598473
418253730504.1832             0.0036392459
418254707561.2295             0.00497598
418255684618.2758             0.0074576978
418256661675.32214            0.0060924133
418257638732.3684             0.007444353
418258615789.41473            0.0015019896
418259592846.46106            0.0023325067
418260569903.5073             0.002008968
418261546960.55365            0.0013415314
418262524017.5999             -0.010220875
418263501074.64624            -0.012589584
418264478131.69257            -0.015788676
418265455188.73883            0.0014356897
418266432245.78516            0.008110894
418267409302.8315             0.013237812
418268386359.87775            0.008351653
418269363416.9241             -0.0018919808
418270340473.97034            0.004172815
418271317531.01666            0.005397678
418272294588.063              -0.001981696
418273271645.10925            -0.00746115
418274248702.1556             -0.00058050506
418275225759.2019             -0.00709245
418276202816.24817            0.003121987
418277179873.2945             -0.00619545
418278156930.34076            -0.010139992
418279133987.3871             -0.006815311
418280111044.4334             0.014103127
418281088101.4797             0.008008586
418282065158.526              0.008994911
418283042215.5723             0.005382814
418284019272.6186             0.009805152
418284996329.6649             0.011200125
418285973386.7112             0.0032869498
418286950443.7575             -2.0966134e-05
418287927500.80383            0.0060174507
418288904557.8501             0.0046667336
418289881614.8964             -0.0029156036
418290858671.94275            0.0006828474
418291835728.989              -0.0073312684
418292812786.03534            -0.002655362
418293789843.0816             0.0105319
418294766900.1279             0.0084414985
418295743957.17426            0.0071426965
418296721014.2205             0.003646684
418297698071.26685            0.010833779
418298675128.3132             -0.00345608
418299652185.35944            -0.009079166
418300629242.40576            -0.0018206903
418301606299.452              0.0066007664
418302583356.49835            0.011223533
418303560413.5447             0.0019587246
418304537470.59094            -0.0019884324
418305514527.63727            0.004309227
418306491584.6836             0.00874332
418307468641.72986            0.006748653
418308445698.7762             -0.00857979
418309422755.8225             -0.00064396777
418310399812.8688             -0.004286981
418311376869.9151             -0.0050263987
418312353926.96136            -0.0030619705
418313330984.0077             0.003334716
418314308041.054              0.007445867
418315285098.1003             -0.007208815
418316262155.1466             -0.006329874
418317239212.19293            -0.0050237384
418318216269.2392             0.0011965649
418319193326.2855             0.0032195053
418320170383.3318             0.007845167
418321147440.3781             0.0034654636
418322124497.42444            0.002547497
418323101554.4707             -0.0043979995
418324078611.517              -0.0134706935
418325055668.56335            -0.008814495
418326032725.6096             -0.0041845734
418327009782.65594            -0.0014361423
418327986839.7022             0.008309818
418328963896.74854            -0.0013191394
418329940953.79486            -0.0010408892
418330918010.8411             -0.004877
418331895067.88745            0.0010007981
418332872124.9338             0.004702047
418333849181.98004            0.0069167926
418334826239.02637            -0.004137547
418335803296.07263            -0.0040511596
418336780353.11896            -0.0049996185
418337757410.1653             0.00028614074
418338734467.21155            0.009994925
418339711524.2579             0.005560453
418340688581.3042             -0.0051914407
418341665638.35046            -0.0014601153
418342642695.3968             -0.0035357228
418343619752.44305            -0.002703779
418344596809.4894             -0.0038096253
418345573866.5357             -0.0016029113
418346550923.582              -0.0057980847
418347527980.6283             0.0020125639
418348505037.6746             0.0100728385
418349482094.7209             0.0067370553
418350459151.7672             0.018853102
418351436208.8135             0.013428094
418352413265.8598             0.006105709
418353390322.9061             0.00039909512
418354367379.9524             -0.009659917
418355344436.9987             0.0032527684
418356321494.04504            0.0086534815
418357298551.0913             0.002023148
418358275608.13763            -0.00431313
418359252665.1839             0.00070144515
418360229722.2302             0.0020644115
418361206779.27655            0.005177973
418362183836.3228             -0.007806651
418363160893.36914            0.0014358724
418364137950.41547            -0.006567849
418365115007.46173            -0.009940966
418366092064.50806            -0.0071161087
418367069121.5544             0.0029342412
418368046178.60065            0.0053062458
418369023235.647              0.0020068965
418370000292.69324            -0.004818558
418370977349.73956            -0.01117832
418371954406.7859             0.0003169356
418372931463.83215            0.0025568246
418373908520.8785             -0.00026811368
418374885577.9248             0.00092473184
418375862634.97107            -0.0031016415
418376839692.0174             -0.0007363509
418377816749.06366            -0.0017583587
418378793806.11               0.0006194204
418379770863.1563             -0.013359209
418380747920.2026             -0.006632855
418381724977.2489             -0.004655566
418382702034.2952             0.0011245882
418383679091.3415             0.003767989
418384656148.3878             0.003636616
418385633205.4341             0.002696866
418386610262.4804             0.0073623075
418387587319.52673            0.005459457
418388564376.573              0.008733668
418389541433.6193             -0.008908167
418390518490.66565            -0.003674925
418391495547.7119             -0.008012694
418392472604.75824            0.0004366747
418393449661.8045             0.0049521104
418394426718.8508             -0.007317178
418395403775.89716            -0.007236703
418396380832.9434             0.0056641204
418397357889.98975            0.014634961
418398334947.0361             -0.0013061309
418399312004.08234            -0.0037093763
418400289061.12866            -0.00057098013
418401266118.1749             -0.0061777383
418402243175.22125            0.010051524
418403220232.2676             0.011502178
418404197289.31384            0.0037191059
418405174346.36017            -0.0023260857
418406151403.4065             0.0012247576
418407128460.45276            -0.0028547342
418408105517.4991             0.003229531
418409082574.54535            0.001141177
418410059631.5917             -0.00086544297
418411036688.638              0.0077818967
418412013745.68427            0.0022379886
418412990802.7306             -0.008947589
418413967859.7769             -0.0064094355
418414944916.8232             -0.005992252
418415921973.8695             -0.0051769856
418416899030.9158             -0.011438296
418417876087.9621             -0.01626324
418418853145.0084             -0.005744261
418419830202.0547             -0.013622531
418420807259.101              0.00074019894
418421784316.14734            -0.004627766
418422761373.1936             -0.0010745787
418423738430.2399             0.00081620604
418424715487.28625            -0.003568879
418425692544.3325             -0.0044480395
418426669601.37885            0.008328079
418427646658.4251             -0.00038788965
418428623715.47144            -0.0032875459
418429600772.51776            0.0053716013
418430577829.564              -0.0067946026
418431554886.61035            -0.004808108
418432531943.6567             -0.0034405962
418433509000.70294            0.0015763874
418434486057.74927            0.0040117446
418435463114.79553            0.012285413
418436440171.84186            9.613241e-05
418437417228.8882             0.0019107284
418438394285.93445            -0.0022296906
418439371342.9808             -0.008754551
418440348400.0271             -0.002864884
418441325457.07336            -0.006573648
418442302514.1197             0.00092111237
418443279571.16595            0.014745463
418444256628.2123             0.0069890865
418445233685.2586             0.0028504892
418446210742.3049             0.0034570445
418447187799.3512             0.0022152641
418448164856.3975             0.0032305368
418449141913.4438             -0.010494078
418450118970.4901             -0.008465293
418451096027.5364             0.010558132
418452073084.5827             -0.0010717708
418453050141.629              -0.0042707245
418454027198.6753             -0.008355818
418455004255.7216             0.0019303242
418455981312.76794            -0.004964814
418456958369.8142             -0.0025426515
418457935426.86053            -0.0026870947
418458912483.9068             -0.006614088
418459889540.9531             0.0032319457
418460866597.99945            0.006303773
418461843655.0457             -0.005695595
418462820712.09204            0.0007343311
418463797769.13837            0.0074026673
418464774826.18463            0.007878545
418465751883.23096            0.0051851487
418466728940.2772             0.011948981
418467705997.32355            -0.006849818
418468683054.3699             -0.014217475
418469660111.41614            -0.0036181877
418470637168.46246            -0.0031509825
418471614225.5088             -0.0034546112
418472591282.55505            0.005193853
418473568339.6014             0.0008599536
418474545396.64764            0.0058647823
418475522453.694              0.0066826516
418476499510.7403             -0.0035034202
418477476567.78656            0.0018156363
418478453624.8329             -0.0030707107
418479430681.8792             0.0017551467
418480407738.9255             0.0073346067
418481384795.9718             -0.0024865088
418482361853.0181             -0.005454682
418483338910.0644             0.0033345579
418484315967.1107             0.0021879731
418485293024.157              0.0031055782
418486270081.2033             -0.014878681
418487247138.24963            -0.02006128
418488224195.2959             -0.0046415245
418489201252.3422             0.010174939
418490178309.38855            0.006027678
418491155366.4348             0.0020089238
418492132423.48114            0.002212839
418493109480.5274             -0.00018822313
418494086537.5737             0.003440455
418495063594.62006            -0.0021335802
418496040651.6663             -0.0022374964
418497017708.71265            -0.0026457536
418497994765.759              0.015438678
418498971822.80524            0.0036005706
418499948879.85156            -0.007132224
418500925936.8978             -0.00065082766
418501902993.94415            -0.0059391377
418502880050.9905             -0.012216215
418503857108.03674            -0.0049200063
418504834165.08307            -0.0010739353
418505811222.1294             -0.0063972804
418506788279.17566            0.005895773
418507765336.222              0.0040239734
418508742393.26825            0.0010957246
418509719450.3146             0.01659735
418510696507.3609             0.01270204
418511673564.40717            0.01637688
418512650621.4535             0.0069228774
418513627678.4998             -0.001681651
418514604735.5461             -0.002037846
418515581792.5924             0.007019677
418516558849.6387             0.00092867215
418517535906.685              0.012777213
418518512963.7313             0.010452836
418519490020.7776             0.006056942
418520467077.8239             0.00552631
418521444134.87024            -0.00074807403
418522421191.9165             0.011965963
418523398248.9628             0.005196884
418524375306.0091             0.0015515055
418525352363.0554             -0.0017524096
418526329420.10175            0.008103582
418527306477.148              0.0066248495
418528283534.19434            0.0011150825
418529260591.24066            -0.0025094834
418530237648.2869             -0.001329419
418531214705.33325            0.0049259933
418532191762.3795             0.0071444544
418533168819.42584            0.0048841955
418534145876.47217            0.010147206
418535122933.51843            -0.00015809629
418536099990.56476            -0.0128398
418537077047.6111             -0.015223057
418538054104.65735            -0.0037464385
418539031161.7037             -0.0035648108
418540008218.75               -0.0064788256
418540985275.79626            -0.00082153745
418541962332.8426             0.004475561
418542939389.88885            0.0073227515
418543916446.9352             -0.0006165026
418544893503.9815             0.0057311375
418545870561.0278             0.02029932
418546847618.0741             0.0014886579
418547824675.1204             -0.0015387195
418548801732.1667             -0.0052308547
418549778789.213              -0.010937546
418550755846.2593             0.007525825
418551732903.3056             -0.0026298815
418552709960.3519             -0.00049976737
418553687017.3982             0.0051569603
418554664074.4445             -0.005799463
418555641131.49084            -0.010736982
418556618188.5371             -0.006251484
418557595245.58344            0.000669874
418558572302.6297             0.0017020222
418559549359.676              0.0021145826
418560526416.72235            0.0019127836
418561503473.7686             0.006931147
418562480530.81494            0.0034849958
418563457587.86127            -0.00026102754
418564434644.90753            0.006813045
418565411701.95386            0.008229305
418566388759.0001             0.0008604781
418567365816.04645            -0.0050267596
418568342873.0928             -0.0015320802
418569319930.13904            0.0019041578
418570296987.18536            0.0048759915
418571274044.2317             -0.008009874
418572251101.27795            0.0020147765
418573228158.3243             0.011872308
418574205215.37054            0.013179736
418575182272.4169             0.018334744
418576159329.4632             0.005263826
418577136386.50946            0.0003665605
418578113443.5558             0.0043621864
418579090500.6021             4.2054835e-05
418580067557.6484             -0.005384781
418581044614.6947             0.002452466
418582021671.74097            0.003589851
418582998728.7873             -0.00094951526
418583975785.8336             -0.006630488
418584952842.8799             -0.011282482
418585929899.9262             -0.0182561
418586906956.97253            0.0023726332
418587884014.0188             0.0012662743
418588861071.0651             -0.00077485613
418589838128.1114             -0.008254286
418590815185.1577             0.0008518197
418591792242.20404            0.008145112
418592769299.2503             0.00040843122
418593746356.29663            0.0028793567
418594723413.34296            0.002276888
418595700470.3892             0.0027425874
418596677527.43555            -0.0076419287
418597654584.4819             -0.022697944
418598631641.52814            -0.018865392
418599608698.57446            -0.014747287
418600585755.6207             -0.008516767
418601562812.66705            -0.0007670446
418602539869.7134             0.002314565
418603516926.75964            -0.004605815
418604493983.80597            0.0034350539
418605471040.8523             0.0052016354
418606448097.89856            -0.0008673541
418607425154.9449             0.00027629864
418608402211.99115            -0.0062490148
418609379269.0375             -0.005429759
418610356326.0838             0.0049735955
418611333383.13007            0.0016942072
418612310440.1764             -0.0015179564
418613287497.2227             -0.008515446
418614264554.269              0.0016188574
418615241611.3153             0.010714233
418616218668.3616             -0.002251639
418617195725.4079             -0.00029698832
418618172782.4542             0.0022491224
418619149839.5005             -0.0034133263
418620126896.5468             -0.012895268
418621103953.59314            0.0006327672
418622081010.6394             0.01034756
418623058067.6857             0.013810387
418624035124.732              0.010110368
418625012181.7783             -0.002770537
418625989238.82465            0.0011891573
418626966295.8709             0.0017863215
418627943352.91724            -0.0015851852
418628920409.96356            0.0017831571
418629897467.0098             -7.940081e-05
418630874524.05615            -0.0075298985
418631851581.1024             -0.006184294
418632828638.14874            -0.0023218957
418633805695.19507            0.014231458
418634782752.24133            0.012081087
418635759809.28766            0.0040718624
418636736866.334              0.0023167308
418637713923.38025            0.0032276912
418638690980.4266             -0.00027758096
418639668037.47284            0.0029686224
418640645094.51917            -0.0055697984
418641622151.5655             -0.010596166
418642599208.61176            -0.002922351
418643576265.6581             -0.0062533785
418644553322.7044             -0.002817708
418645530379.7507             -0.008023519
418646507436.797              -0.0016769195
418647484493.84326            0.0048158644
418648461550.8896             0.0063327695
418649438607.9359             -0.006503297
418650415664.9822             -0.010348652
418651392722.0285             -0.004391994
418652369779.0748             0.003933588
418653346836.1211             0.0037380431
418654323893.1674             0.013431614
418655300950.21375            -0.004420313
418656278007.26               -0.0081816465
418657255064.30634            -0.010665487
418658232121.3526             0.007880842
418659209178.3989             -0.0051494488
418660186235.44525            -0.002388078
418661163292.4915             0.002482657
418662140349.53784            0.0003994097
418663117406.58417            -0.0020170338
418664094463.63043            0.0026369507
418665071520.67676            0.002596052
418666048577.723              -0.0052851904
418667025634.76935            -0.001854067
418668002691.8157             0.005249973
418668979748.86194            0.0052272747
418669956805.90826            -0.00035838547
418670933862.9546             -0.0119082825
418671910920.00085            -0.010751913
418672887977.0472             -0.01444882
418673865034.09344            -0.0041997577
418674842091.1398             -0.00050780684
418675819148.1861             -0.005402456
418676796205.23236            0.0040688957
418677773262.2787             -0.0031565917
418678750319.325              -0.022968689
418679727376.3713             -0.014919777
418680704433.4176             -0.003966854
418681681490.46387            0.009985604
418682658547.5102             0.0076573156
418683635604.5565             0.0068671466
418684612661.6028             0.00014827999
418685589718.6491             0.009018282
418686566775.69543            0.00373143
418687543832.7417             -0.014011578
418688520889.788              -0.004377699
418689497946.8343             -0.0009526219
418690475003.8806             0.004931619
418691452060.92694            0.00033693324
418692429117.9732             -0.012342135
418693406175.01953            -0.0075020595
418694383232.06586            -0.0024318683
418695360289.1121             0.0022844188
418696337346.15845            -9.689326e-05
418697314403.2047             -0.012923662
418698291460.25104            -0.0056303954
418699268517.29736            0.0013182047
418700245574.3436             0.016312249
418701222631.38995            0.007845726
418702199688.4363             -0.0019628957
418703176745.48254            0.0043569044
418704153802.5289             0.0021679692
418705130859.5752             -0.010257567
418706107916.62146            -0.018335866
418707084973.6678             0.003426865
418708062030.71405            -0.0016473987
418709039087.7604             -6.877975e-05
418710016144.8067             -0.009147444
418710993201.85297            -0.0037576857
418711970258.8993             0.0072193397
418712947315.9456             0.004869861
418713924372.9919             -0.007519934
418714901430.0382             -0.011116218
418715878487.0845             -0.0025498276
418716855544.1308             -0.0054555456
418717832601.1771             -0.007223091
418718809658.2234             -0.0006476148
418719786715.2697             -0.00802679
418720763772.31604            -0.013512597
418721740829.3623             -0.009385335
418722717886.4086             -0.010941173
418723694943.4549             0.00046286386
418724672000.5012             0.0105881505
418725649057.54755            0.014372325
418726626114.5938             0.0038398616
418727603171.64014            0.0017586803
418728580228.68646            0.004703502
418729557285.7327             0.0064927205
418730534342.77905            0.0037812826
418731511399.8253             -0.011860323
418732488456.87164            -0.002405083
418733465513.91797            -0.004034351
418734442570.96423            -0.0059422846
418735419628.01056            -0.008636305
418736396685.0569             -0.0028146878
418737373742.10315            -0.0019751003
418738350799.1495             0.0016232168
418739327856.19574            0.0076335208
418740304913.24207            0.0020823502
418741281970.2884             0.0039981203
418742259027.33466            -3.9123293e-05
418743236084.381              -0.0022623977
418744213141.4273             0.015658202
418745190198.4736             0.016251773
418746167255.5199             0.0139631145
418747144312.56616            -0.0002004375
418748121369.6125             -0.0023336164
418749098426.6588             -0.0023585132
418750075483.7051             -0.009270581
418751052540.7514             -0.016697977
418752029597.7977             -0.012022235
418753006654.844              0.00187835
418753983711.8903             0.008176201
418754960768.9366             0.011483607
418755937825.9829             0.0058947373
418756914883.02924            0.010324876
418757891940.0755             -0.005431384
418758868997.1218             0.0009102995
418759846054.16815            -0.0050696316
418760823111.2144             -0.00073883747
418761800168.26074            0.007502526
418762777225.30707            0.0017271214
418763754282.35333            -0.0050839703
418764731339.39966            -0.009211255
418765708396.4459             -0.010411362
418766685453.49225            -0.011469109
418767662510.5386             -0.01222269
418768639567.58484            -0.0013076391
418769616624.63116            -0.012121678
418770593681.6775             -0.007619973
418771570738.72375            -0.011951361
418772547795.7701             -0.01602704
418773524852.81635            -0.002492216
418774501909.8627             -0.006699813
418775478966.909              -0.0013941368
418776456023.95526            -0.001944348
418777433081.0016             -0.0030508956
418778410138.0479             -0.005433584
418779387195.0942             0.0018729077
418780364252.1405             0.0077187284
418781341309.18677            0.0016161393
418782318366.2331             -0.0025759274
418783295423.2794             -0.0026798977
418784272480.3257             -0.0003624436
418785249537.372              -0.011732634
418786226594.41833            -0.018370457
418787203651.4646             -0.0071504866
418788180708.5109             -0.004412002
418789157765.5572             -0.011747753
418790134822.6035             -0.004835385
418791111879.64984            -0.0054333364
418792088936.6961             0.0022589487
418793065993.74243            -0.0031379934
418794043050.78876            -0.0075315894
418795020107.835              0.0032963094
418795997164.88135            -0.0054005715
418796974221.9276             0.0026835082
418797951278.97394            0.009691072
418798928336.02026            0.0047776964
418799905393.0665             -0.004473523
418800882450.11285            -0.008020979
418801859507.1592             -0.0061730337
418802836564.20544            -0.008458951
418803813621.2518             -0.0027112493
418804790678.29803            0.0058491696
418805767735.34436            -0.0018873897
418806744792.3907             -0.0034796805
418807721849.43695            -0.005787831
418808698906.4833             0.008112539
418809675963.5296             0.00960293
418810653020.57587            0.00484689
418811630077.6222             0.015000541
418812607134.66846            0.00767821
418813584191.7148             -0.002129065
418814561248.7611             -0.0035203623
418815538305.8074             -0.00577749
418816515362.8537             -0.016370343
418817492419.9                -0.011412946
418818469476.9463             -0.007587388
418819446533.9926             -0.013367645
418820423591.03894            -0.0012270876
418821400648.0852             0.0066017867
418822377705.13153            0.006729273
418823354762.1778             -0.0066282256
418824331819.2241             -0.0014736777
418825308876.27045            -0.00577332
418826285933.3167             0.00572936
418827262990.36304            0.010291444
418828240047.40936            0.017382832
418829217104.4556             0.009804435
418830194161.50195            0.0026864882
418831171218.5482             -0.0069219875
418832148275.59454            -0.0039260467
418833125332.64087            0.0100195445
418834102389.68713            0.016281584
418835079446.73346            0.0044162236
418836056503.7798             -0.0056256
418837033560.82605            -0.019339442
418838010617.8724             -0.019211685
418838987674.91864            -0.005357136
418839964731.96497            -0.0005472378
418840941789.0113             -0.0032894623
418841918846.05756            0.0018365963
418842895903.1039             0.004809252
418843872960.1502             0.0033415928
418844850017.1965             -0.0004519509
418845827074.2428             0.003947029
418846804131.28906            -0.010173499
418847781188.3354             -0.006171106
418848758245.3817             -0.0010761532
418849735302.428              -0.0056890505
418850712359.4743             -0.014410038
418851689416.5206             0.0001238492
418852666473.5669             -0.0084172115
418853643530.6132             -0.009041928
418854620587.6595             -0.0078109936
418855597644.7058             0.009292157
418856574701.75214            0.0049483515
418857551758.7984             0.0083789695
418858528815.8447             -0.0071649426
418859505872.89105            -0.0031220128
418860482929.9373             -0.0016643273
418861459986.98364            0.003181444
418862437044.0299             0.0104380315
418863414101.07623            0.0031526857
418864391158.12256            -0.008425369
418865368215.1688             0.0022663905
418866345272.21515            -0.0071236803
418867322329.2615             -0.0030696387
418868299386.30774            -0.005680878
418869276443.35406            -0.0032068926
418870253500.4003             -0.0017613999
418871230557.44666            0.0022897935
418872207614.493              0.0062728194
418873184671.53925            -0.0011365508
418874161728.5856             0.0010083438
418875138785.6319             0.0049767015
418876115842.67816            -0.003415011
418877092899.7245             -0.0012658669
418878069956.7708             0.0029582886
418879047013.8171             0.005316046
418880024070.8634             0.0022441982
418881001127.90967            0.00091474503
418881978184.956              0.0032715849
418882955242.0023             0.0018989526
418883932299.0486             0.0026119868
418884909356.0949             0.003922028
418885886413.14124            0.0031570804
418886863470.1875             0.012467474
418887840527.2338             0.0020040025
418888817584.2801             -0.008953548
418889794641.3264             -0.0051377113
418890771698.37274            -0.0038174142
418891748755.419              -0.00076699024
418892725812.46533            -0.001370684
418893702869.51166            0.011431301
418894679926.5579             0.008451983
418895656983.60425            -0.0015658641
418896634040.6505             -0.0035396249
418897611097.69684            -0.004178375
418898588154.74316            0.0033245173
418899565211.7894             0.018759137
418900542268.83575            0.0053261444
418901519325.8821             0.007895968
418902496382.92834            -0.0072632274
418903473439.9747             0.0048861993
418904450497.02094            -0.0032086342
418905427554.06726            -0.007196255
418906404611.1136             -0.0052753384
418907381668.15985            -0.0017868362
418908358725.2062             -0.0024632588
418909335782.2525             0.000943078
418910312839.29877            -0.00041470278
418911289896.3451             -0.0064371084
418912266953.39136            -0.012488956
418913244010.4377             -0.001529965
418914221067.484              0.0036799489
418915198124.5303             0.0013528898
418916175181.5766             -0.0013458271
418917152238.6229             0.0028668623
418918129295.6692             0.009474014
418919106352.7155             0.008844608
418920083409.7618             0.010715709
418921060466.8081             0.0025446338
418922037523.85443            0.0050058304
418923014580.9007             0.00052901736
418923991637.947              -0.0045567355
418924968694.99335            -0.00064158696
418925945752.0396             0.008666222
418926922809.08594            0.014169202
418927899866.1322             -0.0001309459
418928876923.1785             0.0061331545
418929853980.22485            -0.0017854694
418930831037.2711             -0.008327312
418931808094.31744            -0.0011991764
418932785151.3638             0.0044772257
418933762208.41003            -0.00036675774
418934739265.45636            -0.007812139
418935716322.5027             -0.005260809
418936693379.54895            0.0069892
418937670436.5953             -0.008308853
418938647493.64154            0.000112576505
418939624550.68787            -0.00023315473
418940601607.7342             0.003528823
418941578664.78046            0.005039384
418942555721.8268             -0.0030185087
418943532778.8731             -0.016905846
418944509835.9194             -0.0062799514
418945486892.9657             -0.008273142
418946463950.01196            -0.002703869
418947441007.0583             -0.008187296
418948418064.1046             0.0049799606
418949395121.1509             -0.0050535314
418950372178.1972             -0.011291064
418951349235.2435             0.014035965
418952326292.2898             0.02099127
418953303349.3361             0.013556083
418954280406.3824             -0.0074032354
418955257463.4287             -0.009699906
418956234520.47504            -0.008328168
418957211577.5213             -0.013998223
418958188634.5676             -0.009618632
418959165691.61395            -0.0022064003
418960142748.6602             0.0044016954
418961119805.70654            -0.0040447125
418962096862.7528             -0.010841082
418963073919.79913            -0.0060069435
418964050976.84546            -0.008397346
418965028033.8917             -0.0069968533
418966005090.93805            0.003311248
418966982147.9844             0.0006762407
418967959205.03064            0.006989353
418968936262.07697            0.0134268
418969913319.1232             0.012444375
418970890376.16956            -0.0015715287
418971867433.2159             -0.016641228
418972844490.26215            -0.0031181935
418973821547.3085             0.0036755898
418974798604.3548             -0.005750992
418975775661.40106            -0.010746649
418976752718.4474             0.0015685699
418977729775.49365            0.0046558115
418978706832.54               -0.0072087715
418979683889.5863             -0.010746649
418980660946.63257            -0.006471395
418981638003.6789             -0.016117238
418982615060.7252             -0.01243959
418983592117.7715             -0.0061525903
418984569174.8178             -0.009298566
418985546231.8641             0.004424789
418986523288.9104             0.006721702
418987500345.9567             6.822298e-05
418988477403.003              0.0038836137
418989454460.0493             -0.010772506
418990431517.09564            -0.0076527195
418991408574.1419             -0.0076977354
418992385631.18823            0.0046290923
418993362688.23456            0.013640662
418994339745.2808             0.010671414
418995316802.32715            -0.0021119649
418996293859.3734             -0.0053878278
418997270916.41974            -0.012578846
418998247973.46606            -0.007963655
418999225030.5123             0.0050183935
419000202087.55865            0.006712704
419001179144.605              0.009122773
419002156201.65125            0.012553516
419003133258.6976             -0.00017851465
419004110315.74384            0.0023493108
419005087372.79016            0.010591657
419006064429.8365             0.0026595173
419007041486.88275            0.0013845287
419008018543.9291             -0.0034102488
419008995600.9754             -0.0014609285
419009972658.02167            0.0034421494
419010949715.068              -0.0031679098
419011926772.11426            -0.010994326
419012903829.1606             -0.005740022
419013880886.2069             0.0030895951
419014857943.2532             0.0021118792
419015835000.2995             0.0068790438
419016812057.3458             0.006731043
419017789114.3921             0.0060514905
419018766171.4384             -0.0065937936
419019743228.4847             -0.006718895
419020720285.531              0.0065122647
419021697342.57733            0.0014510584
419022674399.6236             -0.0060905325
419023651456.6699             0.013410029
419024628513.71625            0.012772704
419025605570.7625             0.0033293136
419026582627.80884            0.0020647866
419027559684.8551             0.005554516
419028536741.9014             0.0055931746
419029513798.94775            0.004504802
419030490855.994              0.009892804
419031467913.04034            0.0050295717
419032444970.0867             0.009855734
419033422027.13293            0.0032662933
419034399084.17926            -0.0005130893
419035376141.2255             0.0032929145
419036353198.27185            -0.001574303
419037330255.3182             -0.0041721663
419038307312.36444            -0.0021950365
419039284369.41077            0.0064675296
419040261426.4571             -0.0026825974
419041238483.50336            -0.010361413
419042215540.5497             0.0046259416
419043192597.59595            -0.0012011146
419044169654.6423             0.0037326475
419045146711.6886             0.0030392131
419046123768.73486            -0.0038965163
419047100825.7812             0.004593773
419048077882.8275             0.0036924437
419049054939.8738             -0.0012074156
419050031996.9201             -0.014313803
419051009053.96643            0.00078516704
419051986111.0127             0.010634142
419052963168.059              -0.0002855377
419053940225.1053             0.0034612343
419054917282.1516             0.017249519
419055894339.19794            0.006143308
419056871396.2442             0.0012113855
419057848453.2905             0.0031775706
419058825510.33685            0.008531956
419059802567.3831             0.009734228
419060779624.42944            0.014456721
419061756681.4757             0.010480767
419062733738.52203            0.0040251752
419063710795.56836            -0.0024051378
419064687852.6146             4.1476713e-05
419065664909.66095            0.0015238257
419066641966.7073             -0.0021399455
419067619023.75354            -0.0034224957
419068596080.79987            -0.0068677547
419069573137.8461             -0.0043758447
419070550194.89246            0.008984399
419071527251.9388             -0.00065119186
419072504308.98505            -0.008289133
419073481366.0314             0.00020297729
419074458423.0777             0.0035450745
419075435480.12396            -0.0029974533
419076412537.1703             -0.012315775
419077389594.21655            -0.009400561
419078366651.2629             0.0018148259
419079343708.3092             -0.006955324
419080320765.35547            -0.006817324
419081297822.4018             -0.0080158375
419082274879.4481             -0.0008188434
419083251936.4944             -0.004193414
419084228993.5407             -0.00435731
419085206050.587              -0.0045268796
419086183107.6333             -0.005190448
419087160164.6796             0.0008963629
419088137221.7259             -0.010505599
419089114278.7722             0.008870435
419090091335.81854            0.004817522
419091068392.8648             -0.0027616448
419092045449.91113            0.008602746
419093022506.9574             -0.004008819
419093999564.0037             -0.0017085675
419094976621.05005            0.015351988
419095953678.0963             0.005857444
419096930735.14264            0.004907814
419097907792.18896            -0.008975909
419098884849.2352             -0.009276873
419099861906.28156            -0.004591458
419100838963.3279             -0.0041361875
419101816020.37415            0.0036901664
419102793077.4205             -0.0012132257
419103770134.46674            0.0061464524
419104747191.51306            -0.004292078
419105724248.5594             -0.0036575773
419106701305.60565            0.0032718536
419107678362.652              -0.006130836
419108655419.6983             -0.0052280845
419109632476.74457            -0.013211194
419110609533.7909             -0.0005567905
419111586590.83716            -0.0064262794
419112563647.8835             -0.004527676
419113540704.9298             -0.004722343
419114517761.9761             -0.0022488476
419115494819.0224             0.007293625
419116471876.0687             0.0017605069
419117448933.115              -0.0114790015
419118425990.1613             -0.0004999615
419119403047.2076             -0.0052365395
419120380104.2539             -0.002553394
419121357161.30023            -0.0023354173
419122334218.3465             0.005264436
419123311275.3928             0.008244278
419124288332.43915            -0.0011111143
419125265389.4854             0.011565387
419126242446.53174            0.0093085915
419127219503.578              -0.0005951013
419128196560.6243             0.0075407154
419129173617.67065            -0.001426633
419130150674.7169             -0.00243013
419131127731.76324            0.0014219991
419132104788.8096             0.010347211
419133081845.85583            -0.001051401
419134058902.90216            -0.009705391
419135035959.9484             -0.006258575
419136013016.99475            0.0021442035
419136990074.0411             0.0022970927
419137967131.08734            -0.0042221155
419138944188.13367            -0.005161124
419139921245.18               -0.0048483782
419140898302.22626            0.00060261757
419141875359.2726             -0.002071779
419142852416.31885            0.0003228404
419143829473.3652             0.0007182832
419144806530.4115             0.009552405
419145783587.45776            0.007781356
419146760644.5041             0.00033722995
419147737701.5504             -0.0017643678
419148714758.5967             0.0037792763
419149691815.643              -0.008485237
419150668872.6893             -0.018655991
419151645929.7356             -0.0111146495
419152622986.7819             0.0017122547
419153600043.8282             0.00040544092
419154267427.4                0.006339807
419154577100.8745             0.0001675871
419155244484.54626            0.015420879
419155554157.92084            0.0056886626
419156221541.69257            0.0032222096
419156531214.9671             0.009329881
419157198598.8388             -0.01184955
419157508272.0134             -0.011154776
419158175655.9851             -0.0063760024
419158485329.0597             -0.0113280695
419159152713.13135            -0.0036231687
419159462386.106              -0.0071253204
419160129770.27765            -0.0059879674
419160439443.15234            -0.0009059584
419161106827.4239             0.009435635
419161416500.1986             -0.011982688
419162083884.5702             0.01764761
419162393557.24493            0.00023112647
419163060941.71643            0.0016521999
419163370614.29126            0.001553926
419164037998.86273            -0.008365279
419164347671.3375             -0.003507092
419165015056.009              -0.01868743
419165324728.38385            -0.00709346
419165992113.1553             -0.006791598
419166301785.4302             0.0035080565
419166969170.3015             -0.00894915
419167278842.47644            -0.005631364
419167946227.4478             0.0050326427
419168255899.52277            -0.009879867
419168923284.59406            0.010298482
419169232956.56903            0.0030176507
419169900341.74036            -0.0016803633
419170210013.61536            0.0072366977
419170877398.8866             -0.008648241
419171187070.6617             -0.0044346005
419171854456.0329             -0.0048348936
419172164127.70795            -0.0072944085
419172831513.17914            -0.0018044837
419173141184.7543             0.0027923365
419173808570.32544            -0.0043450273
419174118241.8006             0.00062458136
419174785627.4717             -0.0023064844
419175095298.84686            -0.00796087
419175762684.618              -0.0018324025
419176072355.8932             0.0072481073
419176739741.7642             -0.007980548
419177049412.93945            -0.0040942654
419177716798.9105             -0.012210451
419178026469.9858             -0.0010402795
419178693856.05676            -0.007030306
419179003527.0321             -0.0043497374
419179670913.20306            0.0131199565
419179980584.07837            -0.0016175092
419180647970.3493             -0.010817837
419180957641.1247             -0.002760458
419181625027.4956             -0.011016943
419181934698.171              -0.0151529545
419182602084.64185            -0.012000109
419182911755.2173             -0.005267622
419183579141.7881             -0.014671133
419183888812.2636             -0.0073477044
419184556198.9344             -0.0018600071
419184865869.3099             -0.0041489047
419185533256.0806             0.006407366
419185842926.3562             0.008761294
419186510313.2269             -0.003975561
419186819983.4025             0.0053529185
419187487370.37317            -0.006771645
419187797040.4488             -0.013041224
419188464427.5195             0.00456278
419188774097.4951             -0.0029569657
419189441484.6657             0.008177404
419189751154.54144            0.0021768955
419190418541.812              0.00015691454
419190728211.5877             -0.002012585
419191395598.95825            0.011187478
419191705268.63403            0.0019851532
419192372656.10455            0.0048808614
419192682325.6803             0.01640793
419193349713.2508             0.0018958903
419193659382.7266             0.0016984591
419194326770.3971             0.014104267
419194636439.77295            0.008716907
419195303827.54333            -0.008292757
419195613496.8192             -0.0021495041
419196280884.68964            -0.005215783
419196590553.86554            -0.019821279
419197257941.8359             0.0058927536
419197567610.91187            -0.0037430022
419198234998.9822             -0.005002242
419198544667.9581             0.001672129
419199212056.1284             -0.0030314296
419199521725.00446            -0.000846771
419200189113.2747             0.011440547
419200498782.0507             0.0030344485
419201166170.42096            0.012329486
419201475839.09705            0.008788223
419202143227.56726            -0.00474033
419202452896.1434             -0.0055995234
419203120284.7135             -0.00621834
419203429953.18964            -0.011537355
419204097341.8598             -0.0069558127
419204407010.23596            -0.011008651
419205074399.00604            0.00674076
419205384067.2823             0.0011355395
419206051456.15234            0.008599284
419206361124.32855            0.0062123667
419207028513.2986             0.010220252
419207338181.3749             -0.0017086325
419208005570.4449             -0.0020232194
419208315238.42114            -0.004421182
419208982627.5911             -0.00085443765
419209292295.46747            -0.0040540434
419209959684.7374             -0.003028252
419210269352.5138             0.007451102
419210936741.88367            0.0063809203
419211246409.56006            0.00037920254
419211913799.0299             0.004698319
419212223466.6064             0.0019638562
419212890856.1762             0.0020663345
419213200523.6527             0.003442825
419213867913.32245            -0.004399504
419214177580.699              0.0015770758
419214844970.46875            -0.013166938
419215154637.7453             -0.013894682
419215822027.615              -0.006688257
419216131694.7916             -0.010269594
419216799084.7613             0.003808716
419217108751.8379             0.0026622412
419217776141.90753            0.0057233702
419218085808.8842             -0.0031147834
419218753199.05383            0.011012793
419219062865.9305             -0.0006581612
419219730256.2001             0.0034021635
419220039922.9768             0.0105115175
419220707313.3464             0.0010878635
419221016980.02313            -0.0021733996
419221684370.4926             0.010712795
419221994037.0694             0.00047463307
419222661427.6389             0.003950751
419222971094.1157             0.005430981
419223638484.78516            -0.00093391596
419223948151.16205            -0.0045926296
419224615541.93146            -3.100973e-05
419224925208.2083             0.00041979385
419225592599.0777             0.0020894238
419225902265.25464            -0.00091451843
419226569656.224              0.009097027
419226879322.3009             -0.001608778
419227546713.37024            0.0010220975
419227856379.3472             -0.0021488515
419228523770.51654            -0.0048034624
419228833436.39355            -0.0021877866
419229500827.6628             0.008250369
419229810493.4398             0.001269868
419230477884.8091             -0.0091676805
419230787550.48615            -0.0025829242
419231454941.9553             -0.0057288776
419231764607.5325             -0.0055034775
419232431999.1016             -0.01216638
419232741664.57874            0.003352662
419233409056.24786            -0.0013525692
419233718721.62506            0.0040714107
419234386113.39417            0.008379292
419234695778.6713             0.01069397
419235363170.5404             0.010252703
419235672835.71765            0.0053169727
419236340227.6867             0.019390052
419236649892.764              0.011749674
419237317284.83295            0.0092001995
419237626949.81024            0.0034794102
419238294341.97925            0.007479569
419238604006.85657            -0.0059954827
419239271399.1255             0.008832192
419239581063.9029             -0.0103490725
419240248456.2718             0.011600332
419240558120.94916            0.005495869
419241225513.418              0.0007869425
419241535177.9955             0.0011715537
419242202570.5643             -0.004340064
419242512235.04175            -0.0054836255
419243179627.7106             -0.013633372
419243489292.0881             -0.014054332
419244156684.8568             -0.0016423832
419244466349.1344             -0.010279606
419245133742.0031             0.0019324896
419245443406.18066            -0.0032810143
419246110799.14935            0.00792724
419246420463.227              -0.00892632
419247087856.29565            0.004617806
419247397520.2733             -0.0062637986
419248064913.4419             0.0008709752
419248374577.3196             -0.00010002342
419249041970.5882             0.018579584
419249351634.3659             0.002972268
419250019027.73444            0.00025460322
419250328691.4122             0.010708568
419250996084.88074            -0.0020611954
419251305748.4585             -0.010210664
419251973142.027              0.0014612994
419252282805.5048             -0.0038003023
419252950199.1733             0.011566948
419253259862.5511             0.0062023
419253927256.3195             -0.004332643
419254236919.5974             0.006613117
419254904313.4658             0.00021334621
419255213976.64374            0.0031190072
419255881370.61206            -0.00947401
419256191033.69               -0.006122385
419256858427.75836            -0.010740631
419257168090.7363             -0.012631147
419257835484.9046             0.0030454285
419258145147.7826             -0.019390414
419258812542.0509             0.013269566
419259122204.8289             0.002577497
419259789599.19714            0.00021842921
419260099261.87524            0.0069913683
419260766656.34344            -0.0030252333
419261076318.9215             0.0020475578
419261743713.4897             -0.005794458
419262053375.96783            -0.0040665963
419262720770.636              -0.008533403
419263030433.01416            -0.0006985603
419263697827.7822             0.008278807
419264007490.0604             0.0049107224
419264674884.9285             0.0016905398
419264984547.10675            0.004695661
419265651942.07477            -0.0049806074
419265961604.153              -0.0070002032
419266628999.22107            -0.0033711952
419266938661.19934            -0.0005446173
419267606056.3673             -0.014881073
419267915718.24567            -0.006128138
419268583113.5136             -0.0014567908
419268892775.29193            -0.013901981
419269560170.65985            0.005793211
419269869832.33826            0.000377301
419270537227.8061             0.0037340084
419270846889.3846             0.004557349
419271514284.9524             0.009855793
419271823946.43085            0.0049249814
419272491342.09863            -0.0040406147
419272801003.4772             0.00619811
419273468399.24493            0.0024308725
419273778060.5235             0.0014315405
419274445456.3912             0.0062801866
419274755117.56976            -0.0052890414
419275422513.5375             0.014957731
419275732174.6161             0.009954933
419276399570.6837             0.0018694465
419276709231.66235            0.017316272
419277376627.83               0.007824294
419277686288.7087             0.016302373
419278353684.97626            0.014577817
419278663345.755              0.018923016
419279330742.12256            0.009248057
419279640402.8013             0.0056413533
419280307799.2688             0.0042072614
419280617459.8476             0.0027196936
419281284856.4151             0.0024172817
419281594516.8939             0.009534328
419282261913.56134            0.0035787607
419282571573.9402             0.010744157
419283238970.70764            -0.0032379422
419283548630.9865             0.0026096366
419284216027.8539             -0.013072271
419284525688.0328             -0.012016449
419285193085.0002             -0.010959336
419285502745.0791             -0.0189796
419286170142.1464             -0.007055794
419286479802.1254             -0.017144045
419287147199.2927             -0.011691982
419287456859.1717             -0.023831233
419288124256.43896            -0.00044940604
419288433916.218              -0.013549615
419289101313.58527            -0.0022710112
419289410973.26434            -0.0013460394
419290078370.7315             -0.007916444
419290388030.3106             0.00025677885
419291055427.8778             0.0014841817
419291365087.35693            0.0021410517
419292032485.02405            0.007180971
419292342144.4032             0.004887882
419293009542.17035            0.0090549905
419293319201.4495             0.004013596
419293986599.3166             0.004708219
419294296258.49585            0.0015622879
419294963656.4629             0.002892654
419295273315.5421             -0.000377119
419295940713.60913            -0.0056849658
419296250372.58844            -0.003484341
419296917770.75543            -0.0055199056
419297227429.63477            -0.0056182113
419297894827.9017             -0.004122246
419298204486.681              -0.0069897408
419298871885.0479             0.005010249
419299181543.72736            0.0068284217
419299848942.1942             0.0052183075
419300158600.7736             0.0031083922
419300825999.34045            0.004145857
419301135657.81995            0.0049258396
419301803056.48676            0.008250232
419302112714.8663             0.004136113
419302780113.633              0.011649969
419303089771.91254            -0.003647735
419303757170.7793             -0.00078371965
419304066828.95886            -0.004059545
419304734227.92554            -0.0078054806
419305043886.0052             -0.010449469
419305711285.07184            -0.0037893928
419306020943.05145            -0.0097638145
419306688342.2181             0.009119186
419306998000.0978             -0.0035047042
419307665399.3644             0.002527008
419307975057.14404            -0.0053578466
419308642456.5106             -0.0065514166
419308952114.19037            -0.010637262
419309619513.6569             -0.004197605
419309929171.2367             -0.0022803694
419310596570.80316            0.006419888
419310906228.28296            0.010317831
419311573627.94946            0.008582338
419311883285.3293             0.01670626
419312550685.0957             -0.0021563987
419312860342.3756             0.004282292
419313527742.242              -0.0073305285
419313837399.4219             -0.00038927447
419314504799.38824            -0.013524806
419314814456.4682             -0.0066691274
419315481856.53455            -0.0029594984
419315791513.51447            -0.00087198976
419316458913.6808             0.00256569
419316768570.5608             -0.0020077503
419317435970.8271             0.010059786
419317745627.6071             0.00714978
419318413027.9733             0.0048562167
419318722684.6534             0.006413773
419319390085.1196             -0.0060669263
419319699741.6997             0.013799917
419320367142.26587            0.0006006944
419320676798.74603            0.0063942606
419321344199.4122             0.008863757
419321653855.7923             0.013901036
419322321256.5584             0.0036107183
419322630912.8386             0.0019603071
419323298313.7047             0.017985282
419323607969.8849             0.0030218048
419324275370.85095            0.0007302939
419324585026.9312             0.014209625
419325252427.99725            -0.0067127696
419325562083.97754            0.0010960568
419326229485.1435             0.003859859
419326539141.0238             0.005161118
419327206542.28973            0.00084833096
419327516198.0701             0.0064298427
419328183599.43604            -1.2811909e-05
419329160656.5823             -0.0046111643
419330137713.7286             -0.011606855
419331114770.8748             -0.0041078394
419332091828.0211             0.0007271805
419333068885.16736            -0.0096070105
419334045942.31366            0.005410693
419335022999.4599             0.002235786
419336000056.6062             -0.0006457625
419336977113.75244            -0.006502118
419337954170.89874            -0.006244242
419338931228.045              0.005125056
419339908285.1913             0.0015719946
419340885342.3375             -0.0061026025
419341862399.4838             -0.01569431
419342839456.63007            -0.021480469
419343816513.77637            -0.012995708
419344793570.9226             0.0020717643
419345770628.0689             -0.0022009604
419346747685.21515            -0.001020378
419347724742.36145            -0.0016144047
419348701799.5077             0.010894097
419349678856.654              -0.0052352096
419350655913.80023            -0.00016835549
419351632970.94653            -0.006155172
419352610028.0928             -0.0071080094
419353587085.2391             0.005140069
419354564142.3853             -0.009459751
419355541199.5316             0.00111507
419356518256.67786            0.010074783
419357495313.8241             0.006696444
419358472370.9704             0.015146501
419359449428.11664            0.006189147
419360426485.26294            0.005967528
419361403542.4092             0.0034803152
419362380599.5555             -0.0027558676
419363357656.7017             0.0013650192
419364334713.848              0.0045459373
419365311770.99426            -0.002078233
419366288828.14056            0.0008477236
419367265885.2868             -0.0022768076
419368242942.4331             0.0033049341
419369219999.57935            -0.0061715613
419370197056.72565            -0.0032959003
419371174113.8719             0.019520156
419372151171.0182             0.0110166855
419373128228.1644             0.004698872
419374105285.3107             0.0010797295
419375082342.457              0.0029841585
419376059399.6033             0.0012233855
419377036456.7495             -6.6976376e-05
419378013513.8958             0.011706191
419378990571.04205            0.019617718
419379967628.18835            0.0026254873
419380944685.3346             -0.004962885
419381921742.4809             -0.002753399
419382898799.62714            -0.010474369
419383875856.77344            -0.015989654
419384852913.9197             -0.005210491
419385829971.0659             -0.0070982585
419386807028.2122             -2.0996078e-05
419387784085.35846            -0.010182386
419388761142.50476            -0.013795775
419389738199.651              0.00090783846
419390715256.7973             0.00039266422
419391692313.94354            0.0040633716
419392669371.08984            -0.00814155
419393646428.2361             -0.009030286
419394623485.3824             -0.007321464
419395600542.5286             -0.0012077444
419396577599.6749             0.008882155
419397554656.82117            -0.009335832
419398531713.96747            -0.015939478
419399508771.1137             -0.01884709
419400485828.26               -0.011179147
419401462885.40625            0.0015458924
419402439942.55255            -0.012902595
419403416999.6988             -0.016632438
419404394056.8451             -0.007772483
419405371113.99133            -0.00549883
419406348171.13763            -0.0034579663
419407325228.2839             0.008035161
419408302285.4302             -0.0021074468
419409279342.5764             0.0005336133
419410256399.7227             0.010364035
419411233456.86896            0.009462222
419412210514.01526            0.0032328167
419413187571.1615             -0.0055286
419414164628.30774            0.0033074045
419415141685.45404            0.013547119
419416118742.6003             0.0044668494
419417095799.7466             -0.008178368
419418072856.8928             -0.008626057
419419049914.0391             -0.008503407
419420026971.18536            0.00785536
419421004028.33167            0.0016069298
419421981085.4779             0.004996888
419422958142.6242             -0.0033845154
419423935199.77045            -0.012270503
419424912256.91675            -0.01087663
419425889314.063              -0.006570073
419426866371.2093             -0.013969329
419427843428.3555             -0.0141908415
419428820485.50183            0.0003844399
419429797542.6481             0.007644806
419430774599.7944             0.005936027
419431751656.9406             -0.0062464606
419432728714.0869             0.009396124
419433705771.23315            0.0012311558
419434682828.37946            -0.00510666
419435659885.5257             -0.008415019
419436636942.672              -0.0112093855
419437613999.81824            0.00266594
419438591056.96454            0.0026643295
419439568114.1108             0.0074708075
419440545171.2571             0.0016884025
419441522228.4033             -0.0028838592
419442499285.54956            0.002642926
419443476342.69586            0.008164224
419444453399.8421             0.008573505
419445430456.9884             0.00070462475
419446407514.13464            0.0058195665
419447384571.28094            0.0071920725
419448361628.4272             -0.005407542
419449338685.5735             0.0073311403
419450315742.7197             0.004627555
419451292799.866              0.0116137825
419452269857.01227            0.0072710128
419453246914.15857            0.01461159
419454223971.3048             0.004232097
419455201028.4511             0.00045518132
419456178085.59735            0.0070102913
419457155142.74365            0.007427176
419458132199.8899             0.0039055606
419459109257.0362             0.011721638
419460086314.18243            0.0021620584
419461063371.32874            0.0017169806
419462040428.475              -0.009460134
419463017485.6213             -0.0026957914
419463994542.7675             0.0005733057
419464971599.9138             0.009413545
419465948657.06006            -0.0010137476
419466925714.20636            -0.014149365
419467902771.3526             -0.010449186
419468879828.4989             -0.0060170284
419469856885.64514            0.003488701
419470833942.79144            0.0073406836
419471810999.9377             -0.011600121
419472788057.0839             -0.017474335
419473765114.2302             -0.00465572
419474742171.37646            0.0037892882
419475719228.52277            0.007986286
419476696285.669              0.008328091
419477673342.8153             -0.0031964823
419478650399.96155            -0.008579765
419479627457.10785            -0.005199653
419480604514.2541             -0.013754457
419481581571.4004             -0.0022501114
419482558628.54663            0.007821673
419483535685.69293            -0.006374362
419484512742.8392             -0.012144755
419485489799.9855             0.0038991305
419486466857.1317             -0.0022551022
419487443914.278              -0.005386616
419488420971.42426            -0.0063748364
419489398028.57056            -0.0151099935
419490375085.7168             -0.008728914
419491352142.8631             -0.0035416884
419492329200.00934            0.0111593045
419493306257.15564            0.013807707
419494283314.3019             0.00921378
419495260371.4482             -0.0033141794
419496237428.5944             -0.004589688
419497214485.7407             -0.009591499
419498191542.88696            -0.0036552143
419499168600.03326            0.0061520548
419500145657.1795             0.0021182983
419501122714.32574            -0.004557585
419502099771.47205            -0.010059837
419503076828.6183             -0.019353386
419504053885.7646             -0.005337677
419505030942.9108             0.0051071458
419506008000.0571             0.0044634687
419506985057.20337            -0.009951836
419507962114.3497             -0.0016139238
419508939171.4959             0.009512812
419509916228.6422             0.005154716
419510893285.78845            -0.005749478
419511870342.93475            -0.00061826914
419512847400.081              0.008933932
419513824457.2273             0.0030666196
419514801514.37354            0.0043989425
419515778571.51984            -0.00489288
419516755628.6661             -0.008864873
419517732685.8124             -0.009937844
419518709742.9586             0.0059280973
419519686800.1049             0.009376391
419520663857.25116            0.0014785974
419521640914.39746            -0.009786335
419522617971.5437             -0.0078222705
419523595028.69               -0.0020169718
419524572085.83624            0.0015409027
419525549142.98254            -0.01361967
419526526200.1288             -0.0036760913
419527503257.2751             0.005147406
419528480314.4213             -0.0038577144
419529457371.56757            -0.011491398
419530434428.71387            -0.0080064675
419531411485.8601             0.005046387
419532388543.0064             0.006008809
419533365600.15265            -0.0008025216
419534342657.29895            0.006289787
419535319714.4452             0.001150078
419536296771.5915             -0.0016301383
419537273828.73773            -0.0107369395
419538250885.88403            -0.0056381784
419539227943.0303             -0.0059102196
419540205000.1766             -0.013884325
419541182057.3228             -0.009551282
419542159114.4691             -0.011609269
419543136171.61536            0.005413816
419544113228.76166            0.0063505764
419545090285.9079             -0.00096692727
419546067343.0542             0.004430332
419547044400.20044            -0.009429884
419548021457.34674            -0.011616382
419548998514.493              -0.0018755011
419549975571.6393             -0.0069831996
419550952628.7855             -0.013771867
419551929685.9318             0.0017510626
419552906743.07806            0.009944327
419553883800.22437            0.011382393
419554860857.3706             0.012356263
419555837914.5169             0.004732899
419556814971.66315            -0.0035283943
419557792028.8094             -0.008698591
419558769085.9557             -0.0031593551
419559746143.1019             0.003788594
419560723200.2482             0.00589286
419561700257.3945             -0.0041724634
419562677314.5408             -0.01079163
419563654371.687              -0.003164527
419564631428.8333             -0.003954156
419565608485.97955            -0.0056499746
419566585543.12585            -0.006129503
419567562600.2721             -0.0020533232
419568539657.4184             -0.012888067
419569516714.56464            -0.0037799957
419570493771.71094            -0.00418041
419571470828.8572             0.005259853
419572447886.0035             -0.0013308291
419573424943.1497             -0.009258718
419574402000.296              -0.0076890085
419575379057.44226            -0.005798467
419576356114.58856            0.006436871
419577333171.7348             0.017996304
419578310228.8811             0.012287375
419579287286.02734            0.0061968337
419580264343.17365            0.0015965364
419581241400.3199             0.0005998808
419582218457.4662             -0.01142374
419583195514.6124             -0.004472324
419584172571.7587             -0.0042835237
419585149628.90497            -0.0037274112
419586126686.0512             0.00853856
419587103743.1975             -0.0021201908
419588080800.34375            -2.6503096e-05
419589057857.49005            0.014571113
419590034914.6363             0.0038694704
419591011971.7826             -0.00046374774
419591989028.92883            0.0040243207
419592966086.07513            -0.007831065
419593943143.2214             -0.008418318
419594920200.3677             -0.0045065354
419595897257.5139             0.0065723965
419596874314.6602             0.004935444
419597851371.80646            0.017870372
419598828428.95276            0.002365651
419599805486.099              -0.00594627
419600782543.2453             -0.010236701
419601759600.39154            -0.011006873
419602736657.53784            0.005265939
419603713714.6841             -0.0021413984
419604690771.8304             -0.019332891
419605667828.9766             0.00046386968
419606644886.1229             0.009853435
419607621943.26917            -0.0002452358
419608599000.41547            -0.0026910813
419609576057.5617             0.001841494
419610553114.708              -0.00230858
419611530171.85425            0.0044485345
419612507229.00055            0.003184951
419613484286.1468             -0.0025217317
419614461343.2931             0.0067272927
419615438400.43933            0.0014730638
419616415457.5856             0.0022956573
419617392514.7319             -0.003180641
419618369571.8781             0.011286277
419619346629.0244             0.0036397516
419620323686.17065            -0.0049554803
419621300743.31696            0.0020650816
419622277800.4632             -0.0093675805
419623254857.6095             -0.015172621
419624231914.75574            -0.014883033
419625208971.90204            -0.0032178662
419626186029.0483             -0.00738779
419627163086.1946             0.00039331504
419628140143.3408             0.003985512
419629117200.4871             -0.0061030975
419630094257.63336            -0.00970202
419631071314.77966            -0.009914213
419632048371.9259             0.007438952
419633025429.0722             0.0084186755
419634002486.21844            0.0021455758
419634979543.36475            0.004755725
419635956600.511              -0.012078554
419636933657.6573             -0.012944228
419637910714.8035             0.0078718765
419638887771.9498             0.022635544
419639864829.09607            0.00010257313
419640841886.2424             0.00043301444
419641818943.3886             0.013319211
419642796000.5349             0.0046656867
419643773057.68115            -0.0010719483
419644750114.8274             -0.00085366267
419645727171.9737             -0.003779513
419646704229.11993            -0.0025611988
419647681286.26624            0.0016929817
419648658343.4125             0.00080303923
419649635400.5588             -0.011776995
419650612457.705              0.0018929868
419651589514.8513             0.0050777253
419652566571.99756            0.008536858
419653543629.14386            -0.0063282475
419654520686.2901             -0.0034973386
419655497743.4364             -0.010875961
419656474800.58264            -0.0040997374
419657451857.72894            -0.004259678
419658428914.8752             -0.020292373
419659405972.0215             -0.0060923616
419660383029.1677             0.005414704
419661360086.314              0.0013466702
419662337143.46027            -0.015789047
419663314200.60657            -0.010812203
419664291257.7528             -0.005779345
419665268314.8991             0.00075338426
419666245372.04535            -0.0047831447
419667222429.19165            0.0092708925
419668199486.3379             0.0061459756
419669176543.4842             -0.0030484393
419670153600.63043            0.0042747245
419671130657.77673            -0.0054708347
419672107714.923              0.006476985
419673084772.0692             0.0078892065
419674061829.2155             0.003979987
419675038886.36176            -0.001527862
419676015943.50806            -0.0042334613
419676993000.6543             -0.0012105171
419677970057.8006             -0.008625015
419678947114.94684            -0.009211331
419679924172.09314            -0.004082525
419680901229.2394             -0.00021764495
419681878286.3857             -0.007213761
419682855343.5319             -0.0036839475
419683832400.6782             0.0020169052
419684809457.82446            0.009725452
419685786514.97076            -0.01097544
419686763572.117              -0.006640546
419687740629.2633             -0.00033403782
419688717686.40955            0.007850996
419689694743.55585            0.004942798
419690671800.7021             -0.01448724
419691648857.8484             -0.0022588843
419692625914.9946             0.0114987595
419693602972.1409             0.0026682694
419694580029.2872             -0.0013212329
419695557086.4335             -0.00051742577
419696534143.5797             -0.0052102497
419697511200.726              -0.00043767394
419698488257.87225            -0.012248791
419699465315.01855            -0.029181238
419700442372.1648             -0.012026531
419701419429.31104            -0.0015515629
419702396486.45734            -0.008922446
419703373543.6036             -0.010971534
419704350600.7499             0.00046713775
419705327657.8961             -0.0031108663
419706304715.0424             0.010485836
419707281772.18866            0.02425275
419708258829.33496            0.023412915
419709235886.4812             0.0100565925
419710212943.6275             -0.0067105386
419711190000.77374            0.0051085246
419712167057.92004            0.0052159945
419713144115.0663             0.0020549716
419714121172.2126             -0.00877905
419715098229.3588             -0.015377497
419716075286.5051             -0.0069680796
419717052343.65137            0.0047190464
419718029400.79767            -0.0056684637
419719006457.9439             -0.0013141256
419719983515.0902             -0.0038400132
419720960572.23645            -0.005485147
419721937629.38275            0.002015868
419722914686.529              -0.006071562
419723891743.6753             -0.0034504714
419724868800.82153            0.0023366143
419725845857.96783            -0.005219537
419726822915.1141             -0.004279534
419727799972.2604             -0.0018318796
419728777029.4066             -0.011746255
419729754086.5529             -0.009624165
419730731143.69916            -0.0012472136
419731708200.8454             7.188651e-05
419732685257.9917             -0.005636452
419733662315.13794            -0.013238813
419734639372.28424            0.009610192
419735616429.4305             8.386138e-05
419736593486.5768             0.0045529827
419737570543.723              -0.009303988
419738547600.8693             -0.0011462577
419739524658.01556            0.0054127146
419740501715.16187            -0.0044423486
419741478772.3081             0.010699544
419742455829.4544             -0.0011645126
419743432886.60065            0.0013599852
419744409943.74695            0.007765395
419745387000.8932             -0.009889455
419746364058.0395             -0.0043318467
419747341115.1857             -0.0003886837
419748318172.33203            -0.013532291
419749295229.4783             0.0003864959
419750272286.6246             0.012190832
419751249343.7708             0.00545453
419752226400.9171             -0.008286152
419753203458.06335            -0.00093760126
419754180515.20966            -0.009569331
419755157572.3559             -0.0027425112
419756134629.5022             0.009186848
419757111686.64844            0.013339611
419758088743.79474            0.0032782885
419759065800.941              -0.006629802
419760042858.0872             -0.0013730174
419761019915.2335             0.0015104084
419761996972.37976            -0.0031471625
419762974029.52606            -0.010503566
419763951086.6723             0.0032170308
419764928143.8186             0.0064858077
419765905200.96484            0.0032074263
419766882258.11115            -0.0022209897
419767859315.2574             0.0025694636
419768836372.4037             -0.0040994757
419769813429.5499             -0.0006391447
419770790486.6962             -0.0030873513
419771767543.84247            -0.00981247
419772744600.9888             -0.009080818
419773721658.135              -0.013523411
419774698715.2813             -0.0023873122
419775675772.42755            0.0038857586
419776652829.57385            -0.0006316954
419777629886.7201             -0.0027998525
419778606943.8664             0.0005307544
419779584001.01263            0.008805019
419780561058.15894            0.0027259202
419781538115.3052             0.00790662
419782515172.4515             -0.0026884177
419783492229.5977             -0.01362081
419784469286.744              -0.004973625
419785446343.89026            -0.013159455
419786423401.03656            0.0011505721
419787400458.1828             0.0016584345
419788377515.32904            -0.0030462695
419789354572.47534            0.0024538315
419790331629.6216             0.024916504
419791308686.7679             0.025963023
419792285743.9141             0.00070027856
419793262801.0604             -0.0029160678
419794239858.20667            0.0058657513
419795216915.35297            0.027671121
419796193972.4992             0.0013412471
419797171029.6455             -0.0058593475
419798148086.79175            -0.0029358924
419799125143.93805            0.0025365918
419800102201.0843             0.013427284
419801079258.2306             0.00078678416
419802056315.37683            0.0020722551
419803033372.52313            0.014437227
419804010429.6694             0.0034428022
419804987486.8157             -0.012544003
419805964543.9619             -0.0047025643
419806941601.1082             0.0049014357
419807918658.25446            0.0030560219
419808895715.40076            -0.011701087
419809872772.547              -0.010264063
419810849829.6933             -0.0042188554
419811826886.83954            0.005345324
419812803943.98584            0.005326749
419813781001.1321             0.015870724
419814758058.2784             0.009918916
419815735115.4246             0.01440548
419816712172.57086            0.0022646238
419817689229.71716            0.0012001013
419818666286.8634             0.0014478617
419819643344.0097             -0.0055946354
419820620401.15594            0.014599728
419821597458.30225            0.017163543
419822574515.4485             0.005035517
419823551572.5948             -0.0021556648
419824528629.741              0.006242593
419825505686.8873             0.0058478527
419826482744.03357            0.00056906533
419827459801.1799             -0.003825945
419828436858.3261             -0.00031013932
419829413915.4724             0.015040671
419830390972.61865            0.021231527
419831368029.76495            0.00450431
419832345086.9112             0.0035939654
419833322144.0575             0.0016866709
419834299201.20374            0.0020617775
419835276258.35004            -0.0067130527
419836253315.4963             0.017462226
419837230372.6426             0.005007401
419838207429.7888             -0.013021431
419839184486.9351             -0.010466395
419840161544.08136            0.0075455825
419841138601.22766            0.014998511
419842115658.3739             -0.0036576209
419843092715.5202             -0.0078696655
419844069772.66644            -0.0073764883
419845046829.81274            0.0035772263
419846023886.959              0.0010313112
419847000944.1052             -0.004801557
419847978001.2515             0.0062630232
419848955058.39777            0.0072219004
419849932115.54407            -0.0040375567
419850909172.6903             0.0018405581
419851886229.8366             0.009575502
419852863286.98285            -0.0005786375
419853840344.12915            -0.024494335
419854817401.2754             -0.0077848923
419855794458.4217             0.0069604362
419856771515.56793            0.011656586
419857748572.71423            0.0037924652
419858725629.8605             0.0050246515
419859702687.0068             -0.006170977
419860679744.153              -0.008260334
419861656801.2993             0.005255749
419862633858.44556            -0.005052698
419863610915.59186            -0.009013903
419864587972.7381             -0.0088262055
419865565029.8844             0.0009299412
419866542087.03064            -0.00079244224
419867519144.17694            -0.0016217167
419868496201.3232             0.0053407433
419869473258.4695             -0.008809411
419870450315.6157             -0.008124912
419871427372.762              0.0051130876
419872404429.90826            0.004347692
419873381487.05457            0.00388433
419874358544.2008             0.0027798347
419875335601.34705            -0.004415911
419876312658.49335            0.00096431957
419877289715.6396             -0.0005456825
419878266772.7859             -0.0028758785
419879243829.9321             0.005222559
419880220887.0784             0.0061067254
419881197944.2247             -0.008666691
419882175001.371              -0.004807777
419883152058.5172             -0.005812472
419884129115.6635             0.0032942607
419885106172.80975            0.0047015143
419886083229.95605            -0.002735601
419887060287.1023             -0.0035022618
419888037344.2486             0.018562121
419889014401.39484            0.01103586
419889991458.54114            -0.0069788205
419890968515.6874             -0.01125934
419891945572.8337             -0.010837528
419892922629.9799             -0.00011735706
419893899687.1262             -0.00024654527
419894876744.27246            -0.008309815
419895853801.41876            0.012137119
419896830858.565              -0.0029262158
419897807915.7113             -0.01110217
419898784972.85754            -0.0030331092
419899762030.00385            0.00038905605
419900739087.1501             -0.008343362
419901716144.2964             -0.014934749
419902693201.4426             -0.006227074
419903670258.58887            0.0007536217
419904647315.73517            -0.003907866
419905624372.8814             0.00024871386
419906601430.0277             0.006487364
419907578487.17395            0.010516295
419908555544.32025            0.010933016
419909532601.4665             -0.00033774265
419910509658.6128             -0.002524583
419911486715.75903            0.0028402554
419912463772.90533            -0.0022183452
419913440830.0516             -0.006586285
419914417887.1979             -0.02172696
419915394944.3441             -0.016104909
419916372001.4904             0.0007788998
419917349058.63666            0.0013000529
419918326115.78296            0.0049394136
419919303172.9292             0.0023701268
419920280230.0755             0.0005101792
419921257287.22174            -0.0063492437
419922234344.36804            -0.021549817
419923211401.5143             -0.009550848
419924188458.6606             9.4784235e-05
419925165515.8068             0.002645991
419926142572.9531             -0.00667524
419927119630.09937            -0.014373069
419928096687.24567            -0.004007745
419929073744.3919             -0.0058511305
419930050801.5382             -0.012324884
419931027858.68445            -3.3764733e-05
419932004915.8307             -0.0038991624
419932981972.977              -0.0043332423
419933959030.1232             2.1270018e-05
419934936087.26953            0.0030787638
419935913144.4158             0.0020804582
419936890201.5621             -0.00044276126
419937867258.7083             0.0040586293
419938844315.8546             0.003070256
419939821373.00085            0.0013864978
419940798430.14716            -0.009484956
419941775487.2934             0.006231362
419942752544.4397             0.0010817494
419943729601.58594            0.00023314492
419944706658.73224            0.0042036776
419945683715.8785             0.013719168
419946660773.0248             -0.0012473778
419947637830.171              -0.013199177
419948614887.3173             -0.012380384
419949591944.46356            0.0050174803
419950569001.60986            0.00638211
419951546058.7561             0.013115739
419952523115.9024             0.0074548866
419953500173.04865            -0.005221897
419954477230.19495            -0.00011036004
419955454287.3412             0.0042775585
419956431344.4875             0.006494024
419957408401.6337             0.0050224112
419958385458.78               -0.010637182
419959362515.9263             -0.0165858
419960339573.0725             -0.014071506
419961316630.2188             -0.009755387
419962293687.36505            -0.0066470806
419963270744.51135            -0.0024008725
419964247801.6576             -0.00031975153
419965224858.8039             0.003959281
419966201915.95013            0.012229783
419967178973.09644            -0.002944901
419968156030.2427             0.013409161
419969133087.389              0.015144372
419970110144.5352             0.0072885277
419971087201.6815             0.005246592
419972064258.82776            0.017254239
419973041315.97406            0.00467102
419974018373.1203             -0.0097340355
419974995430.2666             0.0031865733
419975972487.41284            0.0042856894
419976949544.55914            0.0073443796
419977926601.7054             0.002626218
419978903658.8517             -0.0063125384
419979880715.9979             -0.008599493
419980857773.1442             0.0061939056
419981834830.29047            0.0042742547
419982811887.43677            0.004847283
419983788944.583              0.016209254
419984766001.7293             0.014706986
419985743058.87555            0.004107736
419986720116.02185            -0.0051731043
419987697173.1681             -0.0012774433
419988674230.3144             0.0015814644
419989651287.46063            -0.014795876
419990628344.6069             -0.010145567
419991605401.7532             -0.009958659
419992582458.8994             0.0047713756
419993559516.0457             0.009062479
419994536573.19196            -0.0022713125
419995513630.33826            -0.0037312459
419996490687.4845             0.016929192
419997467744.6308             0.014055212
419998444801.77704            0.0044516935
419999421858.92334            0.007206448
420000398916.0696             -5.6022727e-05
420001375973.2159             -0.0009327894
420002353030.3621             0.0019036336
420003330087.5084             0.0033888733
420004307144.65466            -0.0037536037
420005284201.80096            0.007672955
420006261258.9472             0.0148048205
420007238316.0935             -0.0037827853
420008215373.23975            -0.012543736
420009192430.38605            0.0053207
420010169487.5323             0.007526847
420011146544.6786             0.013031383
420012123601.8248             0.017458204
420013100658.9711             0.014881601
420014077716.1174             0.0012561883
420015054773.2637             -0.00012316064
420016031830.4099             -0.0035236317
420017008887.5562             0.0018421226
420017985944.70245            0.003494133
420018963001.8487             0.0016081188
420019940058.995              -0.0071113063
420020917116.14124            0.00032356405
420021894173.28754            -0.0069913273
420022871230.4338             0.0005635293
420023848287.5801             0.006847487
420024825344.7263             0.0009794035
420025802401.8726             0.001597348
420026779459.01886            0.0009158531
420027756516.16516            0.0013057028
420028733573.3114             0.016421527
420029710630.4577             0.01434604
420030687687.60394            0.0018409558
420031664744.75024            -0.002318512
420032641801.8965             0.004278809
420033618859.0428             0.004842967
420034595916.189              -0.0029342482
420035572973.3353             -0.0011595488
420036550030.48157            -0.017153665
420037527087.62787            -0.005082438
420038504144.7741             0.006018211
420039481201.9204             0.009261191
420040458259.06665            -0.015006338
420041435316.21295            -0.017253127
420042412373.3592             0.0005236032
420043389430.5055             -0.0026631453
420044366487.65173            -0.010313049
420045343544.79803            -0.011586471
420046320601.9443             0.0050579305
420047297659.0905             -0.007828089
420048274716.2368             -0.01006499
420049251773.38306            -0.007305106
420050228830.52936            -0.0028518923
420051205887.6756             -0.0013125213
420052182944.8219             0.005324188
420053160001.96814            0.005583703
420054137059.11444            -0.010118053
420055114116.2607             -0.0017432905
420056091173.407              0.0021569596
420057068230.5532             0.0031703596
420058045287.6995             -0.0033555825
420059022344.84576            0.0033158252
420059999401.99207            -0.006929718
420060976459.1383             -0.007984348
420061953516.2846             0.0022941623
420062930573.43085            0.003529705
420063907630.57715            0.006742002
420064884687.7234             0.0050726268
420065861744.8697             0.006211224
420066838802.0159             0.0070120143
420067815859.16223            -0.00031427667
420068792916.3085             0.0047400612
420069769973.4548             0.003055319
420070747030.601              0.0007109152
420071724087.7473             -0.0037827585
420072701144.89355            -0.010699531
420073678202.03986            -0.02056876
420074655259.1861             -0.0185198
420075632316.33234            -0.0052620983
420076609373.47864            0.009312162
420077586430.6249             0.0014341295
420078563487.7712             0.002576612
420079540544.9174             0.005011488
420080517602.0637             -0.0045386925
420081494659.20996            -0.0049310066
420082471716.35626            -0.0024060395
420083448773.5025             0.0008244051
420084425830.6488             -0.0032509214
420085402887.79504            0.0027739275
420086379944.94135            0.0039363313
420087357002.0876             -0.002847076
420088334059.2339             -0.0020358092
420089311116.3801             0.0067536174
420090288173.5264             -0.0041549
420091265230.67267            -0.013758373
420092242287.819              0.010006575
420093219344.9652             0.003630998
420094196402.1115             -0.0035500699
420095173459.25775            0.0020981103
420096150516.40405            0.005995364
420097127573.5503             -0.008058165
420098104630.6966             -0.010715565
420099081687.84283            0.0058002127
420100058744.98914            0.014216898
420101035802.1354             -0.0021540755
420102012859.2817             0.0017854265
420102989916.4279             -9.998907e-05
420103966973.5742             -0.011792283
420104944030.72046            -0.006073803
420105921087.8667             -0.0027503052
420106898145.013              0.00027338442
420107875202.15924            -0.010853502
420108852259.30554            -0.0104302475
420109829316.4518             -0.014631531
420110806373.5981             0.0077498844
420111783430.7443             0.00404252
420112760487.8906             0.0015933765
420113737545.03687            -0.0098240515
420114714602.18317            -0.008401612
420115691659.3294             0.0051369197
420116668716.4757             0.0070169833
420117645773.62195            0.0007307354
420118622830.76825            -0.0050356137
420119599887.9145             -0.008966678
420120576945.0608             -0.00016405068
420121554002.20703            0.0016209392
420122531059.35333            0.001529157
420123508116.4996             -0.0008625921
420124485173.6459             0.00022041467
420125462230.7921             0.006352958
420126439287.9384             -0.0063277693
420127416345.08466            0.011996013
420128393402.23096            0.0057747196
420129370459.3772             -0.00030993143
420130347516.5235             -0.0142883
420131324573.66974            -0.009161253
420132301630.81604            0.009612912
420133278687.9623             0.0048003183
420134255745.1085             0.016598066
420135232802.2548             0.015614085
420136209859.40106            0.008008797
420137186916.54736            0.0070811645
420138163973.6936             -0.004336983
420139141030.8399             -0.001711213
420140118087.98615            0.0012390648
420141095145.13245            -0.0012185728
420142072202.2787             0.0037003388
420143049259.425              0.0014247585
420144026316.5712             -0.0043292004
420145003373.7175             -0.0052160653
420145980430.8638             -0.0040927078
420146957488.0101             0.0035609347
420147934545.1563             -0.0031020406
420148911602.3026             -0.0024090654
420149888659.44885            0.007838782
420150865716.59515            -0.0095574055
420151842773.7414             -0.016284218
420152819830.8877             -0.0064454447
420153796888.03394            -0.018240018
420154773945.18024            -0.0075877863
420155751002.3265             -0.018153083
420156728059.4728             -0.017973252
420157705116.619              -0.013353022
420158682173.7653             -0.0037018987
420159659230.91156            -0.005883797
420160636288.05786            0.013228385
420161613345.2041             0.007774053
420162590402.35034            -0.009509729
420163567459.49664            -0.0070866956
420164544516.6429             0.005175892
420165521573.7892             0.0048552314
420166498630.9354             0.0029774923
420167475688.0817             2.7247832e-05
420168452745.22797            -0.009935508
420169429802.37427            -0.003720975
420170406859.5205             0.0060852803
420171383916.6668             -0.005646358
420172360973.81305            0.0006670624
420173338030.95935            0.0038237888
420174315088.1056             -0.018347269
420175292145.2519             0.0029817596
420176269202.39813            0.0023113033
420177246259.54443            -0.01548234
420178223316.6907             -0.009036965
420179200373.837              0.0061382
420180177430.9832             -0.0039803274
420181154488.1295             -0.011486987
420182131545.27576            0.0036657725
420183108602.42206            -0.006433849
420184085659.5683             -0.010887439
420185062716.7146             0.005654188
420186039773.86084            0.004207198
420187016831.00714            6.054479e-05
420187993888.1534             -0.011093919
420188970945.2997             -0.01306724
420189948002.4459             -0.011789764
420190925059.59216            -0.0017127942
420191902116.73846            0.02123652
420192879173.8847             0.00891364
420193856231.031              -0.0024495346
420194833288.17725            -0.013041405
420195810345.32355            -0.00066537684
420196787402.4698             0.013270656
420197764459.6161             -0.003913743
420198741516.7623             -0.006544484
420199718573.9086             0.004962956
420200695631.0549             0.0070897304
420201672688.2012             0.007468934
420202649745.3474             0.012968377
420203626802.4937             0.0058070575
420204603859.63995            0.008570501
420205580916.78625            0.005560204
420206557973.9325             0.013673326
420207535031.0788             0.016168289
420208512088.22504            0.010494447
420209489145.37134            0.0053154784
420210466202.5176             0.011520189
420211443259.6639             0.0017982257
420212420316.8101             -0.005448485
420213397373.9564             -0.002763417
420214374431.10266            -0.0110840425
420215351488.24896            -0.018090777
420216328545.3952             -0.012248427
420217305602.5415             0.008668302
420218282659.68774            0.015922494
420219259716.834              0.011774691
420220236773.9803             0.005010506
420221213831.1265             -0.0031993717
420222190888.2728             0.003253394
420223167945.41907            0.0051678065
420224145002.56537            -0.0009985059
420225122059.7116             -0.0029370533
420226099116.8579             -0.006455568
420227076174.00415            -0.006244021
420228053231.15045            -0.0048264847
420229030288.2967             -0.017033992
420230007345.443              -0.007807229
420230984402.58923            0.0049208715
420231961459.73553            -0.0072646975
420232938516.8818             0.011222457
420233915574.0281             0.00336455
420234892631.1743             -0.0073379343
420235869688.3206             0.0033149328
420236846745.46686            0.0055359793
420237823802.61316            0.0033935173
420238800859.7594             0.009685417
420239777916.9057             -0.004718935
420240754974.05194            0.002838959
420241732031.19824            0.009482267
420242709088.3445             -0.0056591183
420243686145.4908             -0.006785121
420244663202.637              -0.015616677
420245640259.7833             0.0044264663
420246617316.92957            0.017407726
420247594374.07587            -0.002436093
420248571431.2221             0.011491315
420249548488.36835            0.002320512
420250525545.51465            0.0012969995
420251502602.6609             0.00012329935
420252479659.8072             0.020222673
420253456716.9534             -0.0064049796
420254433774.09973            -0.00978004
420255410831.246              0.0024956204
420256387888.3923             -0.0018697697
420257364945.5385             0.0034440807
420258342002.6848             0.010914108
420259319059.83105            0.001933664
420260296116.97736            0.014645672
420261273174.1236             0.006745114
420262250231.2699             0.007244678
420263227288.41614            0.001227647
420264204345.56244            -0.0028317927
420265181402.7087             0.01602181
420266158459.855              -0.0008173324
420267135517.0012             0.0024806482
420268112574.1475             0.020383082
420269089631.29376            0.010678589
420270066688.44006            0.0011196552
420271043745.5863             0.0038949766
420272020802.7326             0.0014954346
420272997859.87885            -0.002453262
420273974917.02515            0.008842716
420274951974.1714             0.006474058
420275929031.3177             0.0033554991
420276906088.4639             0.0025712508
420277883145.61017            -0.0095257675
420278860202.7565             -0.009709878
420279837259.9027             -0.0026905907
420280814317.049              0.0024370041
420281791374.19525            -0.0069012474
420282768431.34155            -0.008079279
420283745488.4878             -0.0075556706
420284722545.6341             0.0035916034
420285699602.78033            -0.00640857
420286676659.92664            -0.003764861
420287653717.0729             0.00081901375
420288630774.2192             0.004633414
420289607831.3654             0.010598426
420290584888.5117             0.00960678
420291561945.65796            0.0019809462
420292539002.80426            -0.0055944864
420293516059.9505             0.0018332028
420294493117.0968             0.0058938116
420295470174.24304            0.0010284139
420296447231.38934            0.0047487756
420297424288.5356             0.00434175
420298401345.6819             0.008190372
420299378402.8281             0.008147116
420300355459.9744             0.011483769
420301332517.12067            0.011735835
420302309574.26697            -0.008161329
420303286631.4132             0.001428738
420304263688.5595             0.017102761
420305240745.70575            0.014250071
420306217802.852              0.008708535
420307194859.9983             0.015571128
420308171917.14453            -3.2647862e-05
420309148974.29083            0.010901684
420310126031.4371             -9.540128e-06
420311103088.5834             -0.00482248
420312080145.7296             0.0007972362
420313057202.8759             -0.008125928
420314034260.02216            0.005229254
420315011317.16846            0.010091757
420315988374.3147             -0.004046965
420316965431.461              -0.0005348684
420317942488.60724            -0.0020400342
420318919545.75354            -0.019463927
420319896602.8998             -0.018166736
420320873660.0461             -0.0133750895
420321850717.1923             -0.0072920634
420322827774.3386             -0.0014603839
420323804831.48486            -0.0013924941
420324781888.63116            -0.0012157232
420325758945.7774             -0.017630814
420326736002.9237             -0.007803533
420327713060.06995            -0.002641552
420328690117.21625            -0.012847428
420329667174.3625             -0.002367579
420330644231.5088             -0.0031248347
420331621288.655              -0.009663561
420332598345.80133            -0.0040904726
420333575402.9476             -0.020891257
420334552460.0939             -0.016279632
420335529517.2401             -0.007685703
420336506574.38635            0.0027947533
420337483631.53265            0.008663465
420338460688.6789             -0.00046398953
420339437745.8252             0.0068741934
420340414802.97144            0.0071577094
420341391860.11774            0.0029074876
420342368917.264              -0.003749105
420343345974.4103             0.010928729
420344323031.5565             0.009024076
420345300088.7028             0.0026465598
420346277145.84906            0.013580043
420347254202.99536            -0.0023247995
420348231260.1416             -0.0034219127
420349208317.2879             -0.024729358
420350185374.43414            -0.03089254
420351162431.58044            -0.0045138686
420352139488.7267             0.0020655112
420353116545.873              -0.00058661884
420354093603.0192             -0.004109711
420355070660.1655             0.0063539925
420356047717.31177            0.0013076755
420357024774.45807            -0.012516057
420358001831.6043             0.0025313196
420358978888.7506             0.0024048495
420359955945.89685            0.0048958682
420360933003.04315            0.006588834
420361910060.1894             0.010800041
420362887117.3357             -0.0030396662
420363864174.48193            0.0079997545
420364841231.6282             0.007093545
420365818288.7745             -0.0027396253
420366795345.9207             -0.0065517835
420367772403.067              0.0004466776
420368749460.21326            0.013629026
420369726517.35956            0.010768185
420370703574.5058             -0.009137738
420371680631.6521             -0.007886674
420372657688.79834            -0.007398507
420373634745.94464            -0.01590311
420374611803.0909             -0.013233615
420375588860.2372             -0.024127403
420376565917.3834             -0.02729591
420377542974.5297             -0.0081914775
420378520031.67596            0.0095934095
420379497088.82227            0.015447727
420380474145.9685             0.006871594
420381451203.1148             0.0060150526
420382428260.26105            -0.0077849627
420383405317.40735            -0.009847906
420384382374.5536             -0.027680824
420385359431.6999             -0.012704209
420386336488.8461             -0.004645891
420387313545.99243            -0.0045063472
420388290603.1387             -0.012486005
420389267660.285              -0.0042068544
420390244717.4312             -0.0010268826
420391221774.5775             0.012424716
420392198831.72375            -0.0032727234
420393175888.87               -0.008074699
420394152946.0163             -0.0068764
420395130003.16254            -0.012326181
420396107060.30884            -0.018332241
420397084117.4551             -0.021493427
420398061174.6014             -0.013846127
420399038231.7476             -0.0088099865
420400015288.8939             0.0012170773
420400992346.04016            -0.002451858
420401969403.18646            -0.0074689593
420402946460.3327             -0.01580947
420403923517.479              0.00278598
420404900574.62524            -0.0097478
420405877631.77155            -0.010444401
420406854688.9178             0.007924056
420407831746.0641             0.007529457
420408808803.2103             0.007449394
420409785860.3566             -0.00019750147
420410762917.50287            -0.0028640034
420411739974.6492             -0.004745523
420412717031.7954             -0.010839058
420413694088.9417             -0.01684362
420414671146.08795            -0.011311674
420415648203.23425            -0.0021671483
420416625260.3805             -0.01167572
420417602317.5268             0.006658832
420418579374.67303            0.00357249
420419556431.81934            0.005404183
420420533488.9656             -0.0046523516
420421510546.1118             -0.004875953
420422487603.2581             0.0013446921
420423464660.40436            0.0033478853
420424441717.55066            0.006422257
420425418774.6969             0.0065857945
420426395831.8432             0.011019767
420427372888.98944            -0.00639787
420428349946.13574            -0.023423769
420429327003.282              -7.308448e-06
420430304060.4283             -0.0015275372
420431281117.5745             -0.012688601
420432258174.7208             -0.003304165
420433235231.86707            0.0027294166
420434212289.01337            -0.003953795
420435189346.1596             -0.012696824
420436166403.3059             -0.008007839
420437143460.45215            -0.0064951223
420438120517.59845            0.0021751465
420439097574.7447             0.0014199129
420440074631.891              -0.008311699
420441051689.03723            -0.00730183
420442028746.18353            0.0030438364
420443005803.3298             -0.0030198952
420443982860.4761             0.0056366045
420444959917.6223             -0.0009256719
420445936974.7686             0.0060070553
420446914031.91486            -0.0007930094
420447891089.06116            -0.007927611
420448868146.2074             -0.0059381416
420449845203.35364            -0.0030856794
420450822260.49994            -0.0036333853
420451799317.6462             -0.0077183596
420452776374.7925             -0.013293561
420453753431.9387             -0.016229572
420454730489.085              -0.010139853
420455707546.23126            -0.005140648
420456684603.37756            -0.00014878366
420457661660.5238             0.008463847
420458638717.6701             -0.004476169
420459615774.81635            -0.009474528
420460592831.96265            -0.009253118
420461569889.1089             -0.00052496546
420462546946.2552             -0.0075881574
420463524003.4014             -0.007265032
420464501060.5477             -0.0020872725
420465478117.694              -0.013374268
420466455174.8403             -0.014541786
420467432231.9865             -0.016437262
420468409289.1328             -0.004365545
420469386346.27905            0.013661006
420470363403.42535            0.0012632238
420471340460.5716             0.0034754665
420472317517.7179             0.005405994
420473294574.86414            0.00029535583
420474271632.01044            0.0026240763
420475248689.1567             -0.0001397237
420476225746.303              -0.0024575943
420477202803.4492             -0.00016725542
420478179860.5955             -0.009894412
420479156917.74176            0.0020051252
420480133974.888              -0.0009791635
420481111032.0343             -0.0030880852
420482088089.18054            0.010109954
420483065146.32684            -0.0073037944
420484042203.4731             -0.0028514909
420485019260.6194             0.0030359328
420485996317.7656             -0.009143167
420486973374.9119             0.003489573
420487950432.05817            0.0034577702
420488927489.20447            -0.005481664
420489904546.3507             -0.003172211
420490881603.497              0.0046917414
420491858660.64325            0.009609908
420492835717.78955            0.009732893
420493812774.9358             0.011642877
420494789832.0821             0.005042155
420495766889.22833            0.001605093
420496743946.37463            -0.003407308
420497721003.5209             -0.01833849
420498698060.6672             -0.024078663
420499675117.8134             -0.011231403
420500652174.9597             -0.022197042
420501629232.10596            -0.0061622714
420502606289.25226            -0.010740538
420503583346.3985             0.0029655567
420504560403.5448             0.0065951273
420505537460.69104            0.006069953
420506514517.83734            0.016716901
420507491574.9836             -0.00026519367
420508468632.1298             0.004431918
420509445689.2761             -0.005933061
420510422746.42236            0.0009870653
420511399803.56866            -0.015639817
420512376860.7149             -0.0074926508
420513353917.8612             -0.003692387
420514330975.00745            0.012424188
420515308032.15375            0.0059408136
420516285089.3                0.002909204
420517262146.4463             -0.00028483762
420518239203.5925             -0.0032023108
420519216260.73883            0.019799814
420520193317.8851             0.009446995
420521170375.0314             -0.022283113
420522147432.1776             -0.010493786
420523124489.3239             0.0038336061
420524101546.47015            -0.005090023
420525078603.61646            -0.0072566844
420526055660.7627             0.00018499416
420527032717.909              -0.008889853
420528009775.05524            -0.00079742284
420528986832.20154            -0.011430326
420529963889.3478             -0.015036332
420530940946.4941             0.0018128954
420531918003.6403             0.011463153
420532895060.7866             0.0048512053
420533872117.93286            -0.0076813367
420534849175.07916            -0.003776983
420535826232.2254             -0.012573758
420536803289.37164            -0.008691213
420537780346.51794            -0.00019794842
420538757403.6642             0.0047751544
420539734460.8105             0.008294237
420540711517.9567             0.0016382037
420541688575.103              0.012600591
420542665632.24927            0.0126707805
420543642689.39557            0.0052515985
420544619746.5418             0.00858858
420545596803.6881             0.0061372216
420546573860.83435            0.0076967166
420547550917.98065            -0.0062318984
420548527975.1269             0.002894643
420549505032.2732             0.001151774
420550482089.41943            -0.014577761
420551459146.56573            -0.023769129
420552436203.712              0.000706548
420553413260.8583             -0.007341439
420554390318.0045             -0.014997406
420555367375.1508             -0.010773617
420556344432.29706            0.008353338
420557321489.44336            -0.0019550389
420558298546.5896             -0.0046670386
420559275603.7359             0.024146698
420560252660.88214            0.002704355
420561229718.02844            -0.011613392
420562206775.1747             -0.0002114324
420563183832.321              0.0017115623
420564160889.4672             -0.008916811
420565137946.61346            -0.007384148
420566115003.75977            -0.0051442916
420567092060.906              -0.0039050775
420568069118.0523             0.0073005217
420569046175.19855            -0.008986003
420570023232.34485            -0.009284127
420571000289.4911             -0.0010949716
420571977346.6374             -0.005161091
420572954403.7836             -0.0028386055
420573931460.92993            0.004737623
420574908518.0762             0.0052623805
420575885575.2225             -0.00093711773
420576862632.3687             -0.0007791274
420577839689.515              0.0070710005
420578816746.66125            -0.009109701
420579793803.80756            0.00074531615
420580770860.9538             -0.0028695697
420581747918.1001             0.019559536
420582724975.24634            0.011686095
420583702032.39264            0.0027615326
420584679089.5389             -0.013388279
420585656146.6852             -0.0028536392
420586633203.8314             -0.00089174043
420587610260.9777             0.0018786305
420588587318.12396            -0.0037548824
420589564375.27026            -0.011247869
420590541432.4165             0.007311057
420591518489.5628             0.0014936036
420592495546.70905            -0.006616703
420593472603.85535            -0.016844146
420594449661.0016             -0.0058153905
420595426718.1478             0.0052517466
420596403775.2941             0.0028842653
420597380832.44037            -0.0066712466
420598357889.5867             0.0007760386
420599334946.7329             -0.00827077
420600312003.8792             -0.0006136071
420601289061.02545            -0.0042526536
420602266118.17175            0.008085133
420603243175.318              0.006235764
420604220232.4643             0.014216586
420605197289.61053            -0.0005784398
420606174346.75684            0.008161584
420607151403.9031             -0.009137444
420608128461.0494             -0.008540088
420609105518.1956             0.0013370638
420610082575.3419             -0.012703687
420611059632.48816            0.0048560537
420612036689.63446            0.001575388
420613013746.7807             -0.0045791394
420613990803.927              -0.00761998
420614967861.07324            0.0054325224
420615944918.21954            0.004685067
420616921975.3658             0.0021348104
420617899032.5121             -0.0013840776
420618876089.6583             -0.008644899
420619853146.8046             0.013415176
420620830203.95087            0.013672704
420621807261.09717            0.007980712
420622784318.2434             0.008776056
420623761375.38965            0.019615535
420624738432.53595            0.0058666775
420625715489.6822             -0.009833864
420626692546.8285             -0.018842567
420627669603.97473            -0.00857276
420628646661.12103            0.00086801965
420629623718.2673             0.015823716
420630600775.4136             0.007346855
420631577832.5598             -0.0016842982
420632554889.7061             0.0063673644
420633531946.85236            0.0071722777
420634509003.99866            0.0013134363
420635486061.1449             0.006002146
420636463118.2912             0.0017429163
420637440175.43744            -0.0019041094
420638417232.58374            0.007329094
420639394289.73               0.012129998
420640371346.8763             -0.0028239866
420641348404.0225             -0.006684824
420642325461.1688             -0.01206581
420643302518.31506            -0.017279424
420644279575.46136            -0.027151613
420645256632.6076             0.0009790342
420646233689.7539             0.014221457
420647210746.90015            -0.00823506
420648187804.04645            -0.016905809
420649164861.1927             -0.0030677319
420650141918.339              -0.016332475
420651118975.4852             -0.012976238
420652096032.6315             0.009103863
420653073089.7778             -0.00034147114
420654050146.924              -0.0058667893
420655027204.0703             -0.004680252
420656004261.21655            0.010645063
420656981318.36285            0.009588319
420657958375.5091             0.009266866
420658935432.6554             -0.0016387164
420659912489.80164            -0.010248702
420660889546.94794            -0.015999876
420661866604.0942             0.0070504337
420662843661.2405             0.006701912
420663820718.3867             0.006345847
420664797775.533              -0.0033011062
420665774832.67926            -0.015238189
420666751889.82556            -0.006002472
420667728946.9718             0.00049184094
420668706004.1181             0.0034409612
420669683061.26434            0.010866492
420670660118.41064            0.0106331725
420671637175.5569             -0.0032468773
420672614232.7032             -0.013516117
420673591289.8494             -0.0045005446
420674568346.9957             0.012007043
420675545404.14197            0.020752817
420676522461.28827            -0.002629559
420677499518.4345             0.0046710353
420678476575.5808             -0.006056356
420679453632.72705            -0.008273675
420680430689.8733             -0.0310992
420681407747.0196             0.0007682971
420682384804.16583            0.0029834982
420683361861.31213            -0.010867594
420684338918.4584             -0.0158052
420685315975.6047             0.005547637
420686293032.7509             -0.004781056
420687270089.8972             0.005570512
420688247147.04346            0.0093312645
420689224204.18976            -0.011006879
420690201261.336              0.002475216
420691178318.4823             0.026202464
420692155375.62854            0.013266461
420693132432.77484            -0.00726041
420694109489.9211             -0.0015193957
420695086547.0674             0.002210605
420696063604.2136             0.001221421
420697040661.3599             -0.010493999
420698017718.50616            0.0043861293
420698994775.65247            0.0024002148
420699971832.7987             0.0075147348
420700948889.945              0.021884821
420701925947.09125            0.011112063
420702903004.23755            -0.01238664
420703880061.3838             -0.008287043
420704857118.5301             -0.0042427117
420705834175.67633            -0.0058962214
420706811232.82263            -0.0044238702
420707788289.9689             -0.002258918
420708765347.1151             -0.016165877
420709742404.2614             0.00053460244
420710719461.40765            0.0071344227
420711696518.55396            -0.005810835
420712673575.7002             -0.024900174
420713650632.8465             -0.0060987137
420714627689.99274            -0.017063526
420715604747.13904            -0.0062137884
420716581804.2853             0.0184273
420717558861.4316             0.0041296394
420718535918.5778             -0.018314919
420719512975.7241             -0.021736056
420720490032.87036            -0.0031074903
420721467090.01666            0.0006552388
420722444147.1629             0.009911606
420723421204.3092             -0.010134837
420724398261.45544            -0.0054063196
420725375318.60175            -0.005102212
420726352375.748              -0.0007099
420727329432.8943             -0.005881462
420728306490.0405             0.013060269
420729283547.1868             0.013315168
420730260604.33307            -0.004100237
420731237661.4794             -0.016840102
420732214718.6256             -0.013415119
420733191775.7719             0.0011578274
420734168832.91815            -0.0110794585
420735145890.06445            -0.012402942
420736122947.2107             0.006039679
420737100004.357              -0.0070062927
420738077061.50323            -0.010248046
420739054118.6495             -0.006080823
420740031175.7958             -0.0015434318
420741008232.942              0.004234135
420741985290.0883             -0.005837218
420742962347.23456            -1.6022837e-05
420743939404.38086            0.010546501
420744916461.5271             0.018045029
420745893518.6734             0.02085436
420746870575.81964            -0.012443934
420747847632.96594            -0.020511948
420748824690.1122             0.0029378554
420749801747.2585             -0.011158437
420750778804.4047             -0.031274818
420751755861.551              -0.02306267
420752732918.69727            -0.017591018
420753709975.84357            -0.008467829
420754687032.9898             -0.008246773
420755664090.1361             -0.001195359
420756641147.28235            0.01485138
420757618204.42865            -0.0015282423
420758595261.5749             -0.0023810484
420759572318.7212             -0.0072916686
420760549375.86743            0.003612293
420761526433.01373            0.0077017136
420762503490.16               -0.011689417
420763480547.3063             -0.005525413
420764457604.4525             -0.0015331182
420765434661.5988             0.0052881953
420766411718.74506            0.010068216
420767388775.8913             0.0060662962
420768365833.0376             0.0020139355
420769342890.18384            0.0040752664
420770319947.33014            -0.007024424
420771297004.4764             -0.02610194
420772274061.6227             -0.022888321
420773251118.7689             -0.019411834
420774228175.9152             -0.008931313
420775205233.06146            -0.0072086607
420776182290.20776            0.0011530868
420777159347.354              -0.0072204038
420778136404.5003             0.011591949
420779113461.64655            0.0034048231
420780090518.79285            0.01707762
420781067575.9391             0.01238683
420782044633.0854             0.013287561
420783021690.2316             0.00071992626
420783998747.3779             -0.017904865
420784975804.5242             -0.0044889697
420785952861.6705             0.0027448994
420786929918.8167             0.00038142395
420787906975.963              -0.008102197
420788884033.10925            0.010758577
420789861090.25555            0.015614571
420790838147.4018             -0.0027495145
420791815204.5481             0.0077646235
420792792261.69434            -0.008663517
420793769318.84064            -0.01689737
420794746375.9869             -0.008073402
420795723433.1331             -0.0028844613
420796700490.2794             -0.008347125
420797677547.42566            -0.00097496185
420798654604.57196            -0.0022780232
420799631661.7182             0.0047327676
420800608718.8645             0.026854193
420801585776.01074            0.026139911
420802562833.15704            -0.006601077
420803539890.3033             -0.013259561
420804516947.4496             -0.014066064
420805494004.5958             -0.0163878
420806471061.7421             -0.017792135
420807448118.88837            -0.014654678
420808425176.03467            -0.03541865
420809402233.1809             -0.006256745
420810379290.3272             0.009264977
420811356347.47345            -0.00048618988
420812333404.61975            0.005129675
420813310461.766              0.00045260577
420814287518.9123             0.010687277
420815264576.05853            0.013633666
420816241633.20483            0.0019943474
420817218690.3511             0.00012161339
420818195747.4974             0.00898706
420819172804.6436             0.005888802
420820149861.7899             0.017626
420821126918.93616            0.00017351593
420822103976.08246            0.023381073
420823081033.2287             0.01872924
420824058090.37494            0.007467332
420825035147.52124            0.018036883
420826012204.6675             0.0011643379
420826989261.8138             0.003875742
420827966318.96               -0.004857302
420828943376.1063             -0.017088799
420829920433.25256            -0.008950229
420830897490.39886            -0.003376905
420831874547.5451             -0.008412011
420832851604.6914             -0.015479696
420833828661.83765            -0.0037353807
420834805718.98395            -0.0024922863
420835782776.1302             -0.0052813436
420836759833.2765             0.0069369976
420837736890.4227             -0.00017050226
420838713947.56903            -0.010690987
420839691004.7153             -0.008761174
420840668061.8616             0.016409216
420841645119.0078             0.010072233
420842622176.1541             -0.0022233936
420843599233.30035            0.004285174
420844576290.44666            -0.017036922
420845553347.5929             -0.0009854053
420846530404.7392             0.0012735355
420847507461.88544            -0.009636698
420848484519.03174            -0.013533693
420849461576.178              -0.005100303
420850438633.3243             -0.011639146
420851415690.4705             -0.017453095
420852392747.6168             0.003675623
420853369804.76306            0.009683746
420854346861.9093             -0.01842211
420855323919.0556             -0.019583814
420856300976.20184            -0.010591571
420857278033.34814            0.004474205
420858255090.4944             0.01642618
420859232147.6407             -0.009483462
420860209204.7869             0.0068527977
420861186261.9332             -0.014391294
420862163319.07947            -0.014150719
420863140376.22577            -0.004032938
420864117433.372              0.0114854565
420865094490.5183             0.02162448
420866071547.66455            0.01008514
420867048604.81085            0.010941948
420868025661.9571             0.004694377
420869002719.1034             -0.017572735
420869979776.24963            -0.0071826247
420870956833.39594            0.0135844285
420871933890.5422             0.0044995304
420872910947.6885             0.001351647
420873888004.8347             -0.005233288
420874865061.981              -0.014004683
420875842119.12726            -0.005507881
420876819176.27356            0.0011296341
420877796233.4198             0.0036603261
420878773290.5661             0.0117853675
420879750347.71234            0.01538042
420880727404.85864            0.0072587696
420881704462.0049             -0.007676397
420882681519.1511             -0.027921906
420883658576.2974             -0.0110696275
420884635633.44366            -0.008307487
420885612690.58997            -0.0038698139
420886589747.7362             0.012356137
420887566804.8825             0.0032795945
420888543862.02875            -0.0017602369
420889520919.17505            0.008016001
420890497976.3213             -0.0011462689
420891475033.4676             0.008046783
420892452090.61383            0.020697387
420893429147.76013            -0.010072452
420894406204.9064             0.00010306562
420895383262.0527             -0.0016005092
420896360319.1989             -0.007478609
420897337376.3452             0.013230026
420898314433.49146            -0.0016998808
420899291490.63776            -0.0033043597
420900268547.784              -0.007718414
420901245604.9303             -0.017592225
420902222662.07654            -0.004432032
420903199719.22284            -0.009237694
420904176776.3691             -0.010557674
420905153833.5154             0.0029948454
420906130890.6616             0.0138492305
420907107947.8079             0.012793867
420908085004.95416            0.0077052615
420909062062.10046            0.0069721295
420910039119.2467             0.022269445
420911016176.39294            0.009634846
420911993233.53925            0.0097730765
420912970290.6855             0.013671543
420913947347.8318             -0.009988321
420914924404.978              -0.0009983247
420915901462.1243             0.005929219
420916878519.27057            0.009647516
420917855576.4169             0.0011108378
420918832633.5631             -0.0032924763
420919809690.7094             -0.0013674543
420920786747.85565            0.0028551258
420921763805.00195            -0.00011325401
420922740862.1482             0.018194683
420923717919.2945             0.015285405
420924694976.44073            -0.004489015
420925672033.58704            -0.008945227
420926649090.7333             0.003454452
420927626147.8796             -0.005546357
420928603205.0258             -0.020591844
420929580262.1721             -0.026090523
420930557319.31836            -0.013054626
420931534376.46466            -0.0015499458
420932511433.6109             -0.0068391454
420933488490.7572             0.0003178107
420934465547.90344            -0.0025244541
420935442605.04974            0.00020740922
420936419662.196              0.012925939
420937396719.3423             0.0016257787
420938373776.4885             0.00037725316
420939350833.63477            -0.01640757
420940327890.78107            -0.0007910736
420941304947.9273             0.00031421162
420942282005.0736             -0.0020148223
420943259062.21985            0.005352497
420944236119.36615            0.007061811
420945213176.5124             0.0075502885
420946190233.6587             -0.022168687
420947167290.80493            -0.015737979
420948144347.95123            0.008029626
420949121405.0975             0.009924097
420950098462.2438             0.015336644
420951075519.39               0.011702814
420952052576.5363             0.0035293812
420953029633.68256            0.014000561
420954006690.82886            0.020133372
420954983747.9751             0.009867438
420955960805.1214             0.008368089
420956937862.26764            -0.005549262
420957914919.41394            -0.0071961135
420958891976.5602             -0.0027928452
420959869033.7065             -0.0034604596
420960846090.8527             -0.0038891067
420961823147.999              -0.0035865547
420962800205.14526            0.010331217
420963777262.29156            0.013319157
420964754319.4378             0.011289541
420965731376.5841             0.0077559846
420966708433.73035            0.010248011
420967685490.8766             -0.006077919
420968662548.0229             0.009964071
420969639605.1691             0.0005844765
420970616662.3154             0.005052013
420971593719.4617             0.029707205
420972570776.608              0.010751779
420973547833.7542             -0.003314026
420974524890.9005             0.00016452203
420975501948.04675            -0.023003703
420976479005.19305            -0.005124341
420977456062.3393             -0.010924844
420978433119.4856             -0.023017213
420979410176.63184            -0.019243708
420980387233.77814            0.0029046831
420981364290.9244             0.01087884
420982341348.0707             0.0035426384
420983318405.2169             0.013530794
420984295462.3632             -0.0040563564
420985272519.50946            -0.0198942
420986249576.65576            -0.010158857
420987226633.802              -0.005679165
420988203690.9483             -0.0058795614
420989180748.09454            0.0010060427
420990157805.24084            0.0033710033
420991134862.3871             -0.009642569
420992111919.5334             0.002376293
420993088976.6796             0.01412202
420994066033.8259             0.019380756
420995043090.97217            0.01397426
420996020148.11847            0.0050511546
420996997205.2647             -0.017009301
420997974262.41095            -0.01675979
420998951319.55725            -0.0003010041
420999928376.7035             -0.0028841798
421000905433.8498             0.020246886
421001882490.99603            0.02218913
421002859548.14233            0.008825413
421003836605.2886             0.007885718
421004813662.4349             0.00075915456
421005790719.5811             0.0071018618
421006767776.7274             0.008412355
421007744833.87366            0.015218041
421008721891.01996            0.0114579
421009698948.1662             0.019753715
421010676005.3125             0.022430822
421011653062.45874            0.0024693583
421012630119.60504            -0.009803429
421013607176.7513             -0.0059961313
421014584233.8976             -0.0012368518
421015561291.0438             0.00890668
421016538348.1901             -0.0049183546
421017515405.33636            -0.0056502344
421018492462.48267            0.007569949
421019469519.6289             0.011458616
421020446576.7752             0.017999047
421021423633.92145            -0.012001707
421022400691.06775            -0.016166195
421023377748.214              -0.0027324962
421024354805.3603             0.007127794
421025331862.50653            0.003275248
429758551777.1                0.0047482154
429759528834.24634            -0.0020408186
429760505891.39276            -0.011097143
429761482948.5391             -0.0022528446
429762460005.68555            -0.0026960731
429763437062.8319             -0.0095609985
429764414119.97833            -0.007663873
429765391177.1247             -0.007624072
429766368234.2711             0.004470523
429767345291.4175             0.0063766637
429768322348.5639             -0.033924025
429769299405.71027            -0.020939799
429770276462.8567             -0.01746764
429771253520.00305            -0.017029593
429772230577.1495             -0.0052363584
429773207634.29584            -0.0010710494
429774184691.44226            0.014522595
429775161748.5886             -0.0027312397
429776138805.73505            -0.00512475
429777115862.8814             0.007536411
429778092920.02783            -0.008469486
429779069977.1742             -0.0034526573
429780047034.3206             0.012084011
429781024091.467              -0.0006741109
429782001148.6134             -0.0047950805
429782978205.75977            0.0036752725
429783955262.9062             0.0035455662
429784932320.05255            0.0067043467
429785909377.199              0.00026780975
429786886434.34534            0.0047573945
429787863491.4917             0.002041835
429788840548.6381             0.001783221
429789817605.7845             0.0018810625
429790794662.9309             -0.0032288285
429791771720.0773             -0.004603949
429792748777.2237             -0.00046435834
429793725834.37006            0.00396422
429794702891.5165             -0.0056480095
429795679948.66284            0.00278279
429796657005.80927            -0.0027845488
429797634062.9556             0.010596257
429798611120.10205            0.00447704
429799588177.2484             -0.0028728219
429800565234.39484            0.0036315415
429801542291.5412             0.004819243
429802519348.6876             0.0053574136
429803496405.834              0.0034872333
429804473462.9804             0.011702745
429805450520.1268             0.008991826
429806427577.2732             0.006049697
429807404634.41956            -0.006057202
429808381691.566              -0.018336637
429809358748.71234            -0.0025101549
429810335805.85876            -0.0029834013
429811312863.0051             -0.018570665
429812289920.15155            -0.0192247
429813266977.2979             -0.012712071
429814244034.44434            -0.0030443398
429815221091.5907             0.018801836
429816198148.73706            -0.0014621491
429817175205.8835             -0.0008946989
429818152263.02985            -0.0010504458
429819129320.1763             -0.0003485842
429820106377.32263            0.013287479
429821083434.46906            0.0004247506
429822060491.6154             -0.013736223
429823037548.76184            0.00062712777
429824014605.9082             0.008291529
429824991663.0546             0.010646729
429825968720.201              0.0086754225
429826945777.3474             0.0026779373
429827922834.4938             0.0018536072
429828899891.6402             -0.010516104
429829876948.78656            -0.013288374
429830854005.933              -0.011529451
429831831063.07935            -0.0067576743
429832808120.22577            0.01323949
429833785177.37213            -0.0011084438
429834762234.51855            -0.0033023048
429835739291.6649             -0.005122946
429836716348.81134            0.0014307054
429837693405.9577             -0.0042470316
429838670463.1041             0.0014904003
429839647520.2505             0.0047125085
429840624577.3969             0.008574484
429841601634.5433             0.0007676996
429842578691.6897             0.00012618906
429843555748.83606            -0.010987883
429844532805.9825             -0.0021081537
429845509863.12885            -0.02712772
429846486920.2752             -0.025060836
429847463977.42163            0.0015617003
429848441034.568              0.004435049
429849418091.7144             -0.0002591504
429850395148.8608             0.0047454983
429851372206.0072             0.0036580488
429852349263.15356            -0.0036604807
429853326320.3                -0.0119512165
429854303377.44635            -0.022529706
429855280434.5928             -0.014374734
429856257491.73914            -0.00023308961
429857234548.88556            0.0012682261
429858211606.0319             0.0075973887
429859188663.17834            0.009354194
429860165720.3247             -0.006395652
429861142777.4711             -0.0077802106
429862119834.6175             -0.007381708
429863096891.7639             -0.0058514406
429864073948.9103             -0.013956415
429865051006.0567             -0.0032647387
429866028063.20306            0.014102996
429867005120.3495             0.008666861
429867982177.49585            0.016285157
429868959234.6423             -0.00043597107
429869936291.78864            -0.013946274
429870913348.93506            -0.011763644
429871890406.0814             0.0075416868
429872867463.22784            0.004205322
429873844520.3742             -0.007984691
429874821577.52057            0.011861924
429875798634.667              0.0109792445
429876775691.81335            0.010407957
429877752748.9598             0.006167768
429878729806.10614            0.022475392
429879706863.25256            0.0012684031
429880683920.3989             0.0054972265
429881660977.54535            0.002694937
429882638034.6917             0.006167117
429883615091.83813            -0.0014503206
429884592148.9845             0.0022703595
429885569206.1309             -0.0008079442
429886546263.2773             -0.0050629443
429887523320.4237             -0.0073525533
429888500377.57007            0.0028241763
429889477434.7165             0.005304347
429890454491.86285            -0.0006174049
429891431549.0093             -0.012977857
429892408606.15564            -0.017595956
429893385663.30206            -0.008640464
429894362720.4484             0.0040114704
429895339777.59485            -0.007694327
429896316834.7412             -0.004481223
429897293891.88763            0.0010545602
429898270949.034              -0.013387398
429899248006.1804             -0.0012179634
429900225063.3268             -0.007009376
429901202120.4732             -0.0048663137
429902179177.61957            0.0082214195
429903156234.7659             0.0135724945
429904133291.91235            -0.011756587
429905110349.0587             -0.007651633
429906087406.20514            0.0038397026
429907064463.3515             -0.0019329156
429908041520.4979             0.004551613
429909018577.6443             0.0023228023
429909995634.7907             -0.0010623022
429910972691.9371             0.012987876
429911949749.0835             0.005747795
429912926806.22986            -0.0103590125
429913903863.3763             -0.0064231767
429914880920.52264            -0.009770223
429915857977.66907            0.0008804546
429916835034.8154             -0.0067901774
429917812091.96185            -0.009212905
429918789149.1082             0.003928734
429919766206.25464            0.01625771
429920743263.401              0.01168008
429921720320.5474             0.005434136
429922697377.6938             -0.00945561
429923674434.8402             -0.015682744
429924651491.9866             -0.010010875
429925628549.133              -0.00855255
429926605606.27936            0.0019603146
429927582663.4258             0.0060179923
429928559720.57214            0.01150617
429929536777.71857            0.003604863
429930513834.8649             -0.009532433
429931490892.0113             0.0048305783
429932467949.1577             0.006984306
429933445006.3041             -0.005013357
429934422063.4505             -0.011829848
429935399120.59686            0.008985213
429936376177.7433             0.018015573
429937353234.88965            0.0074681076
429938330292.0361             -0.00042669126
429939307349.18243            -0.0050903647
429940284406.32886            -0.014924719
429941261463.4752             -0.015683949
429942238520.62164            -0.0034224885
429943215577.768              0.009052195
429944192634.9144             0.01471798
429945169692.0608             0.022420276
429946146749.2072             0.016316261
429947123806.3536             0.0047163023
429948100863.5                0.0152809825
429949077920.64636            -0.0009407473
429950054977.7928             -0.00227188
429951032034.93915            0.013105059
429952009092.0856             0.013064877
429952986149.23193            0.010747445
429953963206.37836            5.7277448e-05
429954940263.5247             0.0024636076
429955917320.67114            0.0005119497
429956894377.8175             0.0064782146
429957871434.9639             0.0037699174
429958848492.1103             0.0036409495
429959825549.2567             0.015603113
429960802606.4031             0.0110818725
429961779663.54944            -0.0059080375
429962756720.69586            -0.007858455
429963733777.8422             -0.0018260715
429964710834.98865            -0.0016800414
429965687892.135              0.006929186
429966664949.28143            0.009839797
429967642006.4278             0.010658569
429968619063.5742             0.0009717194
429969596120.7206             0.015591914
429970573177.867              0.005649957
429971550235.01337            0.0070620845
429972527292.1598             -0.0057977447
429973504349.30615            0.0018405824
429974481406.4526             0.01571997
429975458463.59894            0.0053373594
429976435520.74536            0.0012174587
429977412577.8917             0.013779708
429978389635.03815            0.00645319
429979366692.1845             0.0053488812
429980343749.33093            -0.010753467
429981320806.4773             -0.015368184
429982297863.6237             -0.0078089936
429983274920.7701             0.0082324585
429984251977.9165             0.013775491
429985229035.06287            -0.008412167
429986206092.2093             -0.013719814
429987183149.35565            -0.0050407597
429988160206.5021             0.013199206
429989137263.64844            0.016086204
429990114320.7948             0.0058260188
429991091377.9412             -0.0063697235
429992068435.0876             -0.015203042
429993045492.234              -0.012172599
429994022549.3804             -0.0035044136
429994999606.5268             -0.005079899
429995976663.67316            -0.009675997
429996953720.8196             -0.01768874
429997930777.96594            -0.00554142
429998907835.11237            -0.0019019279
429999884892.2587             0.01144359
430000861949.40515            -0.019010693
430001839006.5515             0.008342032
430002816063.69794            0.0053901505
430003793120.8443             -0.008197497
430004770177.9907             0.00083100435
430005747235.1371             0.0022344696
430006724292.2835             -0.0028579088
430007701349.4299             0.0017063328
430008678406.5763             0.008099487
430009655463.72266            0.007768359
430010632520.8691             0.008333808
430011609578.01544            0.0021387674
430012586635.16187            0.0037929667
430013563692.3082             -0.018353624
430014540749.45465            -0.0068725673
430015517806.601              -0.010041294
430016494863.74744            -0.015839921
430017471920.8938             -0.004105766
430018448978.04016            -0.01444513
430019426035.1866             -0.012363123
430020403092.33295            0.0071684374
430021380149.4794             0.012613141
430022357206.62573            0.016441202
430023334263.77216            -0.0073154387
430024311320.9185             0.00092461705
430025288378.06494            -0.0003032498
430026265435.2113             0.014085225
430027242492.3577             0.02228906
430028219549.5041             0.011394808
430029196606.6505             -0.0064796335
430030173663.7969             -0.011593476
430031150720.9433             -0.007186835
430032127778.08966            -0.002535563
430033104835.2361             0.0017345864
430034081892.38245            0.00081663736
430035058949.5289             -0.002754554
430036036006.67523            0.000433826
430037013063.82166            0.0069270344
430037990120.968              0.00856008
430038967178.11444            0.016902488
430039944235.2608             -0.007640558
430040921292.4072             -0.015264768
430041898349.5536             -0.010508736
430042875406.7                -0.015167804
430043852463.8464             -0.008391079
430044829520.9928             -0.003770478
430045806578.13916            -0.006480833
430046783635.2855             3.589268e-05
430047760692.43195            0.014415996
430048737749.5783             0.005462064
430049714806.72473            -0.003955686
430050691863.8711             -0.002970746
430051668921.0175             0.0031940234
430052645978.1639             -0.0009995378
430053623035.3103             -0.011256394
430054600092.45667            0.0036271985
430055577149.6031             0.006593986
430056554206.74945            -0.00016249254
430057531263.8959             -0.006151392
430058508321.04224            -0.017649695
430059485378.18866            -0.01010296
430060462435.335              0.008653102
430061439492.48145            -0.0021491933
430062416549.6278             -0.014386953
430063393606.77423            0.0073966645
430064370663.9206             0.009805053
430065347721.067              0.010251458
430066324778.2134             0.00077997276
430067301835.3598             0.0113031
430068278892.50616            0.0066927695
430069255949.6526             -0.01003566
430070233006.79895            -0.009528542
430071210063.9454             -0.011317574
430072187121.09174            -0.005228975
430073164178.23816            -0.0065353466
430074141235.3845             0.0019137614
430075118292.53094            0.0060797674
430076095349.6773             -0.00042847916
430077072406.82367            -0.009110871
430078049463.9701             -0.0036043418
430079026521.11646            0.00093885476
430080003578.2629             0.01244854
430080980635.40924            0.00821211
430081957692.55566            -0.0071167722
430082934749.702              0.004675009
430083911806.84845            0.0026600012
430084888863.9948             0.0059464425
430085865921.14124            -0.0035619491
430086842978.2876             0.0071106954
430087820035.434              0.020507295
430088797092.5804             0.014850625
430089774149.7268             0.0013551308
430090751206.87317            -0.009177703
430091728264.0196             -0.009403344
430092705321.16595            0.0037515196
430093682378.3124             -0.011053571
430094659435.45874            -0.01154774
430095636492.60516            0.010329473
430096613549.7515             0.014233488
430097590606.89795            0.006705633
430098567664.0443             -0.013377776
430099544721.19073            -0.00039238948
430100521778.3371             -0.0008823219
430101498835.4835             -0.005312404
430102475892.6299             -0.008962356
430103452949.7763             -0.00032394164
430104430006.92267            -0.011796165
430105407064.06903            -0.009977009
430106384121.21545            0.0015702435
430107361178.3618             0.015540473
430108338235.50824            0.010988803
430109315292.6546             0.008504508
430110292349.801              0.0017004809
430111269406.9474             -0.0034896657
430112246464.0938             -0.010887491
430113223521.2402             0.005016114
430114200578.3866             0.005476455
430115177635.53296            -0.0040218933
430116154692.6794             -0.0005669414
430117131749.82574            0.004033224
430118108806.97217            0.0053576254
430119085864.1185             0.0053299535
430120062921.26495            0.0035911943
430121039978.4113             -0.0065688198
430122017035.55774            -0.012841532
430122994092.7041             -0.016911827
430123971149.8505             -0.011697662
430124948206.9969             -0.0049616504
430125925264.1433             -0.0042853053
430126902321.2897             0.013182713
430127879378.4361             0.0034359125
430128856435.58246            -0.015491284
430129833492.7289             -0.016014853
430130810549.87524            -0.009711909
430131787607.02167            -0.010903964
430132764664.168              0.016157521
430133741721.3144             0.013802811
430134718778.4608             0.016428178
430135695835.6072             0.009245729
430136672892.7536             0.012223717
430137649949.89996            0.008613711
430138627007.0464             -0.0032115486
430139604064.19275            -0.012865728
430140581121.3392             -0.0038710164
430141558178.48553            0.0076728016
430142535235.63196            -0.009547248
430143512292.7783             -0.007147054
430144489349.92474            0.0072473288
430145466407.0711             0.006976256
430146443464.2175             0.008092259
430147420521.3639             0.0006395265
430148397578.5103             -0.015016561
430149374635.6567             -0.0020931594
430150351692.8031             -0.008091807
430151328749.94946            -0.013792405
430152305807.0959             -0.009528719
430153282864.24225            -0.006861161
430154259921.3887             -0.0038654685
430155236978.53503            -0.0073446594
430156214035.68146            -0.0006080307
430157191092.8278             0.009818038
430158168149.97424            0.0025943501
430159145207.1206             0.014296892
430160122264.267              0.007556651
430161099321.4134             0.01390509
430162076378.55975            0.0033538812
430163053435.7062             -0.0053950455
430164030492.85254            -0.0054521626
430165007549.99896            0.005725381
430165984607.1453             0.0023265828
430166961664.29175            0.005464104
430167938721.4381             0.0033199005
430168915778.58453            -0.0073748087
430169892835.7309             -0.01428668
430170869892.8773             -0.01787759
430171846950.0237             -0.008415168
430172824007.1701             0.010632524
430173801064.31647            -0.01069701
430174778121.4629             -0.0022070312
430175755178.60925            -0.012738006
430176732235.7557             -0.0064888615
430177709292.90204            0.0039920737
430178686350.04846            -0.0053153518
430179663407.1948             -0.01122941
430180640464.34125            0.000627471
430181617521.4876             0.004154169
430182594578.63403            -0.008258344
430183571635.7804             0.0033720753
430184548692.9268             -0.0017981151
430185525750.0732             -0.011745637
430186502807.2196             0.0014726392
430187479864.36597            0.003245336
430188456921.5124             -0.011121317
430189433978.65875            -0.002360232
430190411035.8051             -0.014599885
430191388092.95154            -0.007725744
430192365150.0979             -0.005978918
430193342207.2443             0.008043004
430194319264.3907             -0.0018451373
430195296321.5371             -0.00613341
430196273378.6835             -0.0066420734
430197250435.8299             -0.009267899
430198227492.97626            -0.014416094
430199204550.1227             0.0060353987
430200181607.26904            0.0083941445
430201158664.41547            -0.005807162
430202135721.5618             -0.014113118
430203112778.70825            0.0013310802
430204089835.8546             0.0018832097
430205066893.00104            0.009078448
430206043950.1474             0.00038832639
430207021007.2938             0.0010428263
430207998064.4402             0.009331758
430208975121.5866             0.008257802
430209952178.733              -0.0030743752
430210929235.8794             0.002417528
430211906293.02576            0.008560729
430212883350.1722             0.00405947
430213860407.31854            -0.007888009
430214837464.46497            -0.001929327
430215814521.6113             0.009070462
430216791578.75775            0.005947246
430217768635.9041             0.006351248
430218745693.05054            -0.0037282356
430219722750.1969             -0.0044350214
430220699807.34326            0.01695571
430221676864.4897             -0.001293483
430222653921.63605            -0.0045369016
430223630978.7825             0.01129005
430224608035.92883            0.009339959
430225585093.07526            0.0041002333
430226562150.2216             0.008140339
430227539207.36804            0.01554905
430228516264.5144             0.0025626698
430229493321.6608             -0.00040927719
430230470378.8072             -0.004499684
430231447435.9536             0.016445734
430232424493.1                0.009809303
430233401550.2464             -0.012815702
430234378607.39276            -0.0052652126
430235355664.5392             -0.0023897456
430236332721.68555            -0.0038547448
430237309778.832              -0.0023551895
430238286835.97833            0.009632888
430239263893.12476            0.016938647
430240240950.2711             0.002540493
430241218007.41754            -0.009186771
430242195064.5639             -0.0034741303
430243172121.7103             -0.0036980186
430244149178.8567             -0.005410169
430245126236.0031             0.012101436
430246103293.1495             0.006218118
430247080350.2959             0.0128858555
430248057407.44226            0.0090741515
430249034464.5886             0.0012035302
430250011521.73505            -0.00021711345
430250988578.8814             -0.0076163607
430251965636.02783            -0.014668854
430252942693.1742             0.014810174
430253919750.3206             -0.0036545778
430254896807.467              -0.011843975
430255873864.6134             -0.013301083
430256850921.75977            0.01082869
430257827978.9062             0.004238524
430258805036.05255            0.0010673201
430259782093.199              0.0046641
430260759150.34534            -0.0010822699
430261736207.49176            0.002474253
430262713264.6381             -0.005275029
430263690321.78455            -0.016015325
430264667378.9309             -0.0016506406
430265644436.07733            -0.00045765762
430266621493.2237             0.01975043
430267598550.3701             0.03462223
430268575607.5165             -0.0015297943
430269552664.6629             -0.0005360046
430270529721.80927            0.0018220071
430271506778.9557             0.008925719
430272483836.10205            -0.0025105826
430273460893.2485             -0.000660415
430274437950.39484            0.0041775214
430275415007.54126            -0.009516169
430276392064.6876             0.0029258546
430277369121.834              0.005699144
430278346178.9804             0.0012520786
430279323236.1268             -0.005429244
430280300293.2732             -0.00025145206
430281277350.41956            -0.019683512
430282254407.566              -0.0005908862
430283231464.71234            -0.0006381774
430284208521.85876            0.002637164
430285185579.0051             -0.008560756
430286162636.15155            -0.015061444
430287139693.2979             -0.012228502
430288116750.44434            -0.009992179
430289093807.5907             -0.0013697911
430290070864.7371             0.006843373
430291047921.8835             -0.010500387
430292024979.0299             -0.0022927849
430293002036.1763             0.00020659283
430293979093.3227             -0.00024064815
430294956150.46906            -0.0061847805
430295933207.6155             0.0035611603
430296910264.76184            -0.011285562
430297887321.90826            -0.009474689
430298864379.0546             0.0025245068
430299841436.20105            0.001489638
430300818493.3474             -0.013117676
430301795550.49384            0.001075759
430302772607.6402             0.006981383
430303749664.7866             0.00073228165
430304726721.933              0.0050985767
430305703779.07935            -0.004796342
430306680836.22577            -0.0013323171
430307657893.37213            -0.009617799
430308634950.51855            -0.018263005
430309612007.6649             -0.012751842
430310589064.81134            -0.012368538
430311566121.9577             -0.008470355
430312543179.1041             0.0059174276
430313520236.2505             -0.0009346293
430314497293.3969             0.02895271
430315474350.5433             0.018993642
430316451407.6897             0.02378075
430317428464.83606            0.03153339
430318405521.9825             0.009512873
430319382579.12885            0.017831326
430320359636.27527            0.006172335
430321336693.42163            0.00023137082
430322313750.56805            -0.00539049
430323290807.7144             -0.008508716
430324267864.86084            -0.026583182
430325244922.0072             -0.019359909
430326221979.1536             -0.025340362
430327199036.3                -0.038291555
430328176093.4464             -0.035170518
430329153150.5928             0.00093547476
430330130207.7392             0.021519229
430331107264.88556            0.020540008
430332084322.032              0.009548123
430333061379.17834            0.009661307
430334038436.32477            -0.0023110502
430335015493.4711             0.019627633
430335992550.6175             0.013962098
430336969607.7639             0.01438366
430337946664.9103             0.0043377443
430338923722.0567             -0.0030356394
430339900779.20306            0.0009925171
430340877836.3495             -0.012340719
430341854893.49585            -0.014125948
430342831950.6423             -0.009356202
430343809007.78864            0.020599889
430344786064.93506            0.0134535
430345763122.0814             -0.0035768803
430346740179.22784            0.0077323457
430347717236.3742             0.019632071
430348694293.5206             0.022626923
430349671350.667              -0.00083069055
430350648407.8134             -0.0083898455
430351625464.9598             -0.013345773
430352602522.1062             -0.008127985
430353579579.25256            0.0008580321
430354556636.399              -0.0028149914
430355533693.54535            -0.008943334
430356510750.6918             -0.00910292
430357487807.83813            -0.011129322
430358464864.98456            -0.0021243298
430359441922.1309             0.00019936515
430360418979.27734            -0.0040647173
430361396036.4237             -0.007963798
430362373093.5701             0.0070963986
430363350150.7165             0.004039603
430364327207.86285            0.0045287856
430365304265.0093             0.01668352
430366281322.15564            0.005405003
430367258379.30206            -0.0051656156
430368235436.4484             -0.010716647
430369212493.59485            -0.020039307
430370189550.7412             -0.01079486
430371166607.88763            -0.012960235
430372143665.034              -0.005119663
430373120722.1804             0.0019315162
430374097779.3268             0.01025915
430375074836.4732             0.020690085
430376051893.61957            0.023962783
430377028950.766              0.00436694
430378006007.91235            -0.004748558
430378983065.0588             -0.0009499705
430379960122.20514            0.010153924
430380937179.35156            0.0029650938
430381914236.4979             0.0056571155
430382891293.64435            0.0021955122
430383868350.7907             -0.006118389
430384845407.93713            -0.0028743236
430385822465.0835             0.021447664
430386799522.2299             0.008523595
430387776579.3763             0.004753217
430388753636.5227             9.876107e-05
430389730693.66907            0.009503859
430390707750.8155             0.0069702743
430391684807.96185            0.0075811488
430392661865.1082             0.008295852
430393638922.25464            -1.4153017e-05
430394615979.401              -0.0028978928
430395593036.5474             0.0018307061
430396570093.6938             0.010741304
430397547150.8402             0.005409494
430398524207.9866             -0.01677049
430399501265.133              -0.021197319
430400478322.27936            -0.0010544282
430401455379.4258             -0.008802802
430402432436.57214            -0.011566301
430403409493.71857            0.007127679
430404386550.8649             0.009969088
430405363608.01135            -0.004773136
430406340665.1577             0.005764128
430407317722.30414            0.007016374
430408294779.4505             0.0064926534
430409271836.5969             0.014316394
430410248893.7433             -0.0051761484
430411225950.8897             -0.014400976
430412203008.0361             -0.009472634
430413180065.1825             0.0121271545
430414157122.32886            0.0023227634
430415134179.4753             0.004367571
430416111236.62164            0.0024954805
430417088293.76807            -0.0035615987
430418065350.9144             -0.014929427
430419042408.06085            0.00519165
430420019465.2072             -0.005673578
430420996522.3536             0.00071114354
430421973579.5                0.0112668965
430422950636.64636            0.008088742
430423927693.7928             -0.0035998092
430424904750.93915            -0.012959172
430425881808.0856             0.007950873
430426858865.23193            3.0668874e-05
430427835922.37836            0.015205092
430428812979.5247             0.013320174
430429790036.67114            -0.008002922
430430767093.8175             -0.0065866774
430431744150.9639             0.019306762
430432721208.1103             0.017711384
430433698265.2567             -0.0061672973
430434675322.4031             -0.012710434
430435652379.5495             0.003014694
430436629436.69586            0.02275186
430437606493.8423             0.010990394
430438583550.98865            -0.0034039938
430439560608.1351             -0.007803318
430440537665.28143            -0.016500702
430441514722.42786            0.0067696786
430442491779.5742             0.010881652
430443468836.72064            -0.005863423
430444445893.867              -0.011382738
430445422951.0134             0.0010943774
430446400008.1598             -0.0028312518
430447377065.3062             0.002454254
430448354122.4526             0.012983216
430449331179.599              -7.789763e-05
430450308236.74536            0.008101423
430451285293.8917             0.0106461765
430452262351.03815            0.005462258
430453239408.1845             -0.0069055683
430454216465.33093            -0.016584761
430455193522.4773             -0.01817374
430456170579.6237             -0.016286895
430457147636.7701             -0.00596739
430458124693.9165             0.00849175
430459101751.06287            -0.012009794
430460078808.2093             -0.015200689
430461055865.35565            -0.019678056
430462032922.5021             -0.0085882535
430463009979.64844            -0.0018014128
430463987036.79486            -0.006133355
430464964093.9412             0.0013876831
430465941151.08765            0.0033423149
430466918208.234              0.0038121413
430467895265.38043            -0.014202471
430468872322.5268             -0.0016943051
430469849379.6732             0.008983158
430470826436.8196             0.00055328495
430471803493.966              -0.0041658627
430472780551.11237            -0.007358465
430473757608.2588             -0.018038623
430474734665.40515            -0.0045862477
430475711722.5516             0.0039075403
430476688779.69794            0.01632892
430477665836.84436            0.02291957
430478642893.9907             0.012380924
430479619951.1371             0.008849795
430480597008.2835             0.011390518
430481574065.4299             0.015810747
430482551122.5763             0.007900941
430483528179.72266            -0.0072037713
430484505236.8691             -0.001997708
430485482294.01544            0.0019123252
430486459351.16187            -0.0028560467
430487436408.3082             0.0060330234
430488413465.45465            -0.0024565982
430489390522.601              -0.011297365
430490367579.74744            -0.016178947
430491344636.8938             -0.0035524685
430492321694.0402             -0.0067244447
430493298751.1866             -0.01146664
430494275808.333              -0.00049928686
430495252865.4794             -0.001722574
430496229922.6258             0.0011459667
430497206979.77216            -0.0048870794
430498184036.9186             -0.0079685645
430499161094.06494            0.005954333
430500138151.21136            0.0020326562
430501115208.3577             0.007286362
430502092265.50415            0.016484842
430503069322.6505             0.003788311
430504046379.79694            -0.00844865
430505023436.9433             -0.010193691
430506000494.0897             -0.0114244
430506977551.2361             -0.014651501
430507954608.38245            0.000794183
430508931665.5289             0.008646278
430509908722.67523            0.009506648
430510885779.82166            -0.01074295
430511862836.968              -0.005472215
430512839894.11444            -0.00022677741
430513816951.2608             -0.009413023
430514794008.4072             0.008404895
430515771065.5536             0.0013555308
430516748122.7                -0.013253605
430517725179.8464             0.0013329907
430518702236.9928             -0.0017439473
430519679294.13916            0.011609569
430520656351.2856             0.022199774
430521633408.43195            0.009386607
430522610465.57837            0.0040226965
430523587522.72473            0.0023439717
430524564579.87115            0.0076133236
430525541637.0175             0.016838457
430526518694.16394            0.0041951267
430527495751.3103             -0.0021333513
430528472808.4567             -0.016410638
430529449865.6031             -0.0037125605
430530426922.7495             0.0070518013
430531403979.8959             0.0036611413
430532381037.0423             -0.007849724
430533358094.18866            -0.020512363
430534335151.3351             -0.01931153
430535312208.48145            -0.008040359
430536289265.6278             0.0081419265
430537266322.77423            0.00018462192
430538243379.9206             0.0013156886
430539220437.067              0.008429668
430540197494.2134             0.0010736749
430541174551.3598             0.011830986
430542151608.50616            0.00923298
430543128665.6526             0.0091960225
430544105722.79895            -0.00313897
430545082779.9454             0.0033911008
430546059837.09174            0.003127845
430547036894.23816            0.0016401982
430548013951.3845             8.4019804e-05
430548991008.53094            0.0055243885
430549968065.6773             -0.0018640765
430550945122.8237             -0.004209488
430551922179.9701             0.008803915
430552899237.1165             0.004650217
430553876294.2629             -0.0007029525
430554853351.4093             -0.0038087794
430555830408.55566            -0.011386964
430556807465.7021             -0.013360263
430557784522.84845            -0.01637031
430558761579.9949             -0.0039067282
430559738637.14124            0.010408382
430560715694.28766            -0.0037219364
430561692751.434              -0.0011022221
430562669808.58044            0.0041465065
430563646865.7268             0.0033029497
430564623922.87317            0.0036203451
430565600980.0196             0.012959942
430566578037.16595            -0.02212199
430567555094.3124             -0.02796968
430568532151.45874            -0.0069981464
430569509208.60516            0.0056180125
430570486265.7515             0.0002526589
430571463322.89795            -0.011272922
430572440380.0443             -0.0008555561
430573417437.19073            0.008593969
430574394494.3371             0.013205913
430575371551.4835             0.012656799
430576348608.6299             0.001344661
430577325665.7763             -0.005599702
430578302722.92267            -0.004717282
430579279780.0691             -0.001581187
430580256837.21545            0.0051443144
430581233894.3619             0.0060252226
430582210951.50824            0.01021469
430583188008.65466            0.013273031
430584165065.801              -0.0007960854
430585142122.94745            -0.007514159
430586119180.0938             0.0078029945
430587096237.24023            0.008091418
430588073294.3866             0.0010771228
430589050351.533              0.004606679
430590027408.6794             -0.0058736256
430591004465.8258             -0.00316619
430591981522.97217            0.0079566315
430592958580.1186             0.004065896
430593935637.26495            -0.008900065
430594912694.4113             -0.0034182116
430595889751.55774            0.0028792692
430596866808.7041             0.019435154
430597843865.8505             0.014479935
430598820922.9969             0.006529697
430599797980.1433             -0.012576822
430600775037.2897             -0.009386872
430601752094.4361             0.0045289616
430602729151.58246            0.009771818
430603706208.7289             0.0053011174
430604683265.87524            0.0110590905
430605660323.02167            0.013773665
430606637380.168              0.0023999023
430607614437.31445            -9.487953e-06
430608591494.4608             0.016530765
430609568551.60724            0.016630856
430610545608.7536             -0.004568168
430611522665.9                0.006838546
430612499723.0464             0.0014692222
430613476780.1928             0.0014290693
430614453837.3392             -0.0022611965
430615430894.4856             0.0018830961
430616407951.63196            0.007616216
430617385008.7784             0.007622448
430618362065.92474            0.008802
430619339123.07117            0.018546073
430620316180.2175             0.012194766
430621293237.36395            0.0040355967
430622270294.5103             -0.01718457
430623247351.6567             -0.0068551153
430624224408.8031             -0.0014401709
430625201465.94946            8.7305074e-05
430626178523.0959             0.008154455
430627155580.24225            0.013596663
430628132637.3887             0.013169191
430629109694.53503            0.009293109
430630086751.68146            -0.009594214
430631063808.8278             -0.0066298484
430632040865.97424            -0.009151447
430633017923.1206             -0.0025255627
430633994980.267              -0.011076768
430634972037.4134             0.00039305192
430635949094.5598             0.0060088374
430636926151.7062             0.014579386
430637903208.8526             0.0024260972
430638880265.99896            -0.0048027146
430639857323.1454             0.0032674405
430640834380.29175            0.012949756
430641811437.4382             0.00059391407
430642788494.58453            -0.004633868
430643765551.73096            -0.0028006611
430644742608.8773             0.008132528
430645719666.02374            0.004111729
430646696723.1701             0.0037156576
430647673780.3165             -0.003998462
430648650837.4629             0.005976975
430649627894.6093             -0.0003628076
430650604951.7557             -0.00045400084
430651582008.90204            0.008313833
430652559066.04846            0.0042392956
430653536123.1948             0.009380515
430654513180.34125            -0.0035291568
430655490237.4876             0.005816676
430656467294.63403            -0.0024927356
430657444351.7804             0.0017312794
430658421408.9268             -0.0061090626
430659398466.0732             0.0003807639
430660375523.2196             0.0042694155
430661352580.36597            0.014827194
430662329637.5124             0.00098032
430663306694.65875            0.0077336766
430664283751.8052             0.0022183359
430665260808.95154            0.0046414803
430666237866.09796            0.00170602
430667214923.2443             -0.0019456876
430668191980.39075            -0.004294973
430669169037.5371             -0.0054559205
430670146094.68353            -0.0053906585
430671123151.8299             -0.00784972
430672100208.9763             -0.005308153
430673077266.1227             -0.011868023
430674054323.2691             -0.017303256
430675031380.41547            -0.012252226
430676008437.5619             -0.005434185
430676985494.70825            0.011175181
430677962551.8547             -0.0041063256
430678939609.00104            -0.008313262
430679916666.1474             0.0020392889
430680893723.2938             -0.015031521
430681870780.4402             -0.017861726
430682847837.5866             -0.010874148
430683824894.733              -0.0031119178
430684801951.8794             -0.0026999756
430685779009.02576            0.003094755
430686756066.1722             -0.007263023
430687733123.31854            0.00025900095
430688710180.46497            0.009510155
430689687237.6113             -0.010725157
430690664294.75775            0.00379279
430691641351.9041             0.0018304328
430692618409.05054            -0.009979762
430693595466.1969             -0.0129200965
430694572523.3433             -0.0076681124
430695549580.4897             -0.010162073
430696526637.6361             0.0038695359
430697503694.7825             -0.0012412808
430698480751.9289             -0.005199062
430699457809.07526            -0.011160452
430700434866.2217             -0.008520268
430701411923.36804            0.009405523
430702388980.51447            0.004252605
430703366037.6608             -0.0022857173
430704343094.80725            -0.0030830114
430705320151.9536             -0.008497831
430706297209.10004            -0.008405752
430707274266.2464             -0.0072496054
430708251323.3928             -0.019660397
430709228380.5392             0.0038070988
430710205437.68555            -2.6589838e-05
430711182494.832              -0.0029227575
430712159551.97833            0.0006049172
430713136609.12476            0.019485364
430714113666.2711             0.017050415
430715090723.41754            0.013861466
430716067780.5639             -4.9988957e-05
430717044837.7103             -0.0039032868
430718021894.8567             9.43865e-05
430718998952.0031             -0.0025685078
430719976009.1495             -0.0007730154
430720953066.2959             -0.004665298
430721930123.44226            -0.009893419
430722907180.5887             0.0076972246
430723884237.73505            0.01616149
430724861294.8815             0.008152302
430725838352.02783            0.0014129003
430726815409.17426            -0.00139537
430727792466.3206             -0.00278545
430728769523.46704            -0.013338952
430729746580.6134             -0.004530243
430730723637.7598             0.00788271
430731700694.9062             0.012686871
430732677752.0526             -0.001940005
430733654809.199              -0.004718425
430734631866.3454             0.010675527
430735608923.49176            -0.00043601744
430736585980.6382             -0.009425425
430737563037.78455            0.008561743
430738540094.9309             0.008463867
430739517152.07733            0.0054750857
430740494209.2237             -0.0008920914
430741471266.3701             -0.0027037098
430742448323.5165             -0.00042182955
430743425380.6629             -0.018216833
430744402437.80927            -0.006043955
430745379494.9557             0.004859358
430746356552.10205            0.0032129758
430747333609.2485             0.0107834935
430748310666.39484            0.020190924
430749287723.54126            0.011359788
430750264780.6876             -0.006483173
430751241837.83405            -0.013627504
430752218894.9804             0.0036221219
430753195952.12683            0.006734874
430754173009.2732             -0.0014915125
430755150066.4196             -0.007727533
430756127123.566              -0.0013404401
430757104180.7124             0.008335425
430758081237.85876            0.0062923166
430759058295.0052             0.0011797168
430760035352.15155            0.007055665
430761012409.298              -0.009669463
430761989466.44434            -0.003570408
430762966523.59076            0.01693579
430763943580.7371             0.025426853
430764920637.88354            0.014284557
430765897695.0299             -0.0034651875
430766874752.1763             -0.0068375105
430767851809.3227             0.0034078294
430768828866.46906            -0.011599214
430769805923.6155             -0.001750881
430770782980.76184            -0.017946718
430771760037.90826            -0.021345902
430772737095.0546             -0.025394253
430773714152.20105            -0.008958887
430774691209.3474             0.0035227565
430775668266.49384            0.013425988
430776645323.6402             0.0046493956
430777622380.7866             -0.01269242
430778599437.933              -0.03046299
430779576495.0794             -0.004008823
430780553552.22577            -0.00014398873
430781530609.3722             0.007887012
430782507666.51855            0.01267375
430783484723.665              0.013605222
430784461780.81134            0.007646411
430785438837.95776            -1.6317292e-05
430786415895.1041             -0.011454566
430787392952.25055            -0.00033659555
430788370009.3969             0.002109838
430789347066.54333            -0.0028569344
430790324123.6897             0.00933805
430791301180.8361             0.015688522
430792278237.9825             0.010367292
430793255295.1289             0.0042326483
430794232352.27527            0.0046256683
430795209409.42163            0.0058529996
430796186466.56805            0.006526239
430797163523.7144             0.0020489674
430798140580.86084            0.0022490644
430799117638.0072             -0.0048325006
430800094695.1536             -0.005807851
430801071752.3                6.858063e-05
430802048809.4464             0.009955353
430803025866.5928             0.010902618
430804002923.7392             -0.0033637101
430804979980.88556            -0.003318837
430805957038.032              -0.012120709
430806934095.17834            -0.016266275
430807911152.32477            0.005188989
430808888209.4711             -0.0072990954
430809865266.61755            -0.0049675214
430810842323.7639             -0.007595653
430811819380.91034            -0.0072893095
430812796438.0567             0.0023340185
430813773495.2031             0.012772044
430814750552.3495             0.006219776
430815727609.4959             -0.0062532187
430816704666.6423             0.007612334
430817681723.7887             0.00918878
430818658780.93506            0.004736709
430819635838.0815             -0.01928362
430820612895.22784            -0.00882689
430821589952.37427            -0.0038537404
430822567009.5206             0.008419488
430823544066.667              0.007825578
430824521123.8134             -0.008033197
430825498180.9598             -0.0065578003
430826475238.1062             -0.005356671
430827452295.25256            -0.005889672
430828429352.399              -0.0049612476
430829406409.54535            0.0017727854
430830383466.6918             0.0053290166
430831360523.83813            0.01149306
430832337580.98456            -0.004059292
430833314638.1309             -0.010798345
430834291695.27734            0.0010186817
430835268752.4237             0.00087654864
430836245809.5701             0.010534184
430837222866.7165             -0.00096336746
430838199923.8629             -0.0033532933
430839176981.0093             0.0072218045
430840154038.1557             0.005467202
430841131095.30206            -0.007130707
430842108152.4485             0.008103849
430843085209.59485            3.1999487e-05
430844062266.7413             -7.1730996e-05
430845039323.88763            -0.008275835
430846016381.03406            0.0013907903
430846993438.1804             -0.00019514361
430847970495.32684            -0.004038924
430848947552.4732             -0.009711483
430849924609.6196             -0.009211348
430850901666.766              -0.008557746
430851878723.9124             -0.015611489
430852855781.0588             -0.015123134
430853832838.20514            -0.0055709365
430854809895.35156            0.0009225207
430855786952.4979             -0.00064366835
430856764009.64435            -0.004637742
430857741066.7907             -0.0054950383
430858718123.93713            0.0064643156
430859695181.0835             0.0059404257
430860672238.2299             0.010756029
430861649295.3763             0.006473589
430862626352.5227             0.002616028
430863603409.66907            0.004042869
430864580466.8155             0.019002948
430865557523.96185            -0.0061089825
430866534581.1083             -0.0073045935
430867511638.25464            -0.0009810958
430868488695.40106            0.011177407
430869465752.5474             0.0020284601
430870442809.69385            0.0070941583
430871419866.8402             -0.0022296738
430872396923.98663            -0.008873673
430873373981.133              -0.0110169845
430874351038.2794             -0.0060485024
430875328095.4258             -0.0004934484
430876305152.5722             -0.019088665
430877282209.71857            -0.0123943165
430878259266.865              -0.0027307298
430879236324.01135            0.007933709
430880213381.1578             0.004965344
430881190438.30414            -0.005413858
430882167495.4505             -0.006226022
430883144552.5969             -0.0032468427
430884121609.7433             -0.013721104
430885098666.8897             -0.012937938
430886075724.0361             -0.012274931
430887052781.1825             -0.028469149
430888029838.32886            -0.009871109
430889006895.4753             0.004934282
430889983952.62164            0.008318172
430890961009.76807            -0.0077973483
430891938066.9144             0.00011420436
430892915124.06085            0.0047547095
430893892181.2072             0.0016049201
430894869238.35364            0.0031197036
430895846295.5                0.004430217
430896823352.6464             -0.013887059
430897800409.7928             -0.0014311267
430898777466.9392             0.008398378
430899754524.0856             0.004129853
430900731581.232              0.005970387
430901708638.37836            -0.0015045995
430902685695.5248             -0.013244913
430903662752.67114            -0.0006211777
430904639809.81757            -0.0036081832
430905616866.9639             0.014271586
430906593924.11035            0.020125004
430907570981.2567             0.008571117
430908548038.40314            0.0048873844
430909525095.5495             0.027688058
430910502152.69586            0.011790562
430911479209.8423             -0.0030640466
430912456266.98865            0.00031936605
430913433324.1351             0.0018348634
430914410381.28143            0.0049965074
430915387438.42786            -0.0137445005
430916364495.5742             -0.008811097
430917341552.72064            -0.001477515
430918318609.867              -0.000820638
430919295667.0134             0.002574974
430920272724.1598             -0.008898456
430921249781.3062             0.0064372686
430922226838.4526             0.013779258
430923203895.599              0.016424604
430924180952.74536            0.0027986916
430925158009.8918             0.013090031
430926135067.03815            0.016456082
430927112124.1846             0.00046454245
430928089181.33093            -0.0088855
430929066238.47736            -0.01149724
430930043295.6237             -0.00965899
430931020352.77014            -0.0011689669
430931997409.9165             -0.002689474
430932974467.0629             0.0035888904
430933951524.2093             -0.0007516932
430934928581.3557             -0.0025664147
430935905638.5021             0.005726637
430936882695.6485             -0.004892124
430937859752.79486            0.013520995
430938836809.9413             0.012071922
430939813867.08765            0.019220361
430940790924.234              0.0074219983
430941767981.38043            0.00519247
430942745038.5268             0.006652604
430943722095.6732             0.0049701063
430944699152.8196             0.007225957
430945676209.966              -0.006188166
430946653267.11237            -0.003249831
430947630324.2588             0.013062729
430948607381.40515            -0.00081210514
430949584438.5516             0.0029871291
430950561495.69794            -0.0026983172
430951538552.84436            0.007288269
430952515609.9907             -0.005783735
430953492667.13715            -0.0028186487
430954469724.2835             0.0073268213
430955446781.42993            0.009985271
430956423838.5763             0.012918146
430957400895.7227             0.0032279831
430958377952.8691             0.002482446
430959355010.0155             0.011428291
430960332067.16187            0.00045615627
430961309124.3083             -0.0023494258
430962286181.45465            0.00665231
430963263238.6011             0.0020710793
430964240295.74744            0.01193322
430965217352.89386            0.012793478
430966194410.0402             -0.00958873
430967171467.18665            -0.012053471
430968148524.333              -0.0036913573
430969125581.4794             0.019310892
430970102638.6258             0.013193421
430971079695.77216            -0.011916379
430972056752.9186             -0.014838915
430973033810.06494            0.00094353466
430974010867.21136            0.015438271
430974987924.3577             0.019346563
430975964981.50415            0.013072742
430976942038.6505             0.0061359704
430977919095.79694            0.00065904116
430978896152.9433             0.011969307
430979873210.0897             0.0041387705
430980850267.2361             -0.011498849
430981827324.3825             0.007564534
430982804381.5289             0.0024348032
430983781438.6753             0.0034771462
430984758495.82166            0.0012177377
430985735552.9681             -0.0027453841
430986712610.11444            0.013880546
430987689667.26086            0.004372531
430988666724.4072             0.0049542985
430989643781.55365            0.0026561045
430990620838.7                -0.0009500901
430991597895.84644            0.01040792
430992574952.9928             0.018967278
430993552010.1392             0.019627342
430994529067.2856             0.013048632
430995506124.432              0.015664034
430996483181.57837            0.010685944
430997460238.72473            -0.0028537745
430998437295.87115            0.009465653
430999414353.0175             0.016170694
431000391410.16394            0.01111011
431001368467.3103             0.021461794
431002345524.4567             0.020454098
431003322581.6031             0.00984489
431004299638.7495             -0.0016245104
431005276695.8959             0.0046275286
431006253753.0423             0.0031096833
431007230810.18866            0.006539881
431008207867.3351             -0.0046473304
431009184924.48145            -0.010876183
431010161981.62787            -0.016583579
431011139038.77423            -0.015670044
431012116095.92065            -0.0049636355
431013093153.067              -0.0033932894
431014070210.21344            0.003477418
431015047267.3598             0.007864996
431016024324.5062             0.0063215867
431017001381.6526             0.0038016255
431017978438.799              0.005552584
431018955495.9454             0.010728989
431019932553.0918             0.010276063
431020909610.23816            -0.0034289453
431021886667.3846             -0.004930502
431022863724.53094            0.0003440193
431023840781.67737            -0.0031682851
431024817838.8237             -0.000624398
431025794895.9701             0.0033293215
431026771953.1165             0.003750292
431027749010.2629             0.004218584
431028726067.4093             -0.0172768
431029703124.55566            -0.0150478715
431030680181.7021             -0.0019338174
431031657238.84845            0.015079369
431032634295.9949             0.019514099
431033611353.14124            0.011785757
431034588410.28766            0.010101157
431035565467.434              0.008120304
431036542524.58044            8.253424e-06
431037519581.7268             -0.007883641
431038496638.8732             -0.0079555
431039473696.0196             0.0042836117
431040450753.166              0.008824256
431041427810.3124             0.0144219585
431042404867.4588             -0.0019718953
431043381924.60516            -0.0035081243
431044358981.7516             0.004908569
431045336038.89795            -0.0076363897
431046313096.0444             -0.013466289
431047290153.19073            0.005480515
431048267210.33716            0.006549994
431049244267.4835             0.0017350349
431050221324.62994            -0.004859519
431051198381.7763             -0.004583167
431052175438.9227             -0.00068963954
431053152496.0691             -0.007431633
431054129553.21545            0.020042393
431055106610.3619             0.011981073
431056083667.50824            0.011549539
431057060724.65466            0.004492151
431058037781.801              -0.003129359
431059014838.94745            0.011366963
431059991896.0938             0.011805213
431060968953.24023            0.0063265315
431061946010.3866             0.0048030764
431062923067.533              0.0057455474
431063900124.6794             0.007574487
431064877181.8258             0.013182555
431065854238.97217            -0.0034048671
431066831296.1186             -0.0014268379
431067808353.26495            0.0035780773
431068785410.4114             0.011460237
431069762467.55774            0.0057930513
431070739524.70416            0.014741821
431071716581.8505             0.008539747
431072693638.99695            0.012609625
431073670696.1433             0.008739216
431074647753.28973            0.017052539
431075624810.4361             0.0010604676
431076601867.5825             -0.0011962806
431077578924.7289             0.008983403
431078555981.8753             0.007709502
431079533039.02167            0.012045052
431080510096.1681             0.013623332
431081487153.31445            0.015100909
431082464210.4609             0.0079109
431083441267.60724            0.0023572214
431084418324.7536             -0.00072157936
431085395381.9                -0.012143653
431086372439.0464             0.005426068
431087349496.1928             0.011916493
431088326553.3392             0.033930663
431089303610.4856             0.021042394
431090280667.63196            0.006645046
431091257724.7784             0.013115752
431092234781.92474            0.012745357
431093211839.07117            0.011455615
431094188896.2175             0.006813453
431095165953.36395            0.0031258853
431096143010.5103             0.0113380635
431097120067.65674            0.017880088
431098097124.8031             0.009327329
431099074181.9495             0.013663863
431100051239.0959             0.02011516
431101028296.2423             0.0068760416
431102005353.3887             0.0025283564
431102982410.5351             0.01362284
431103959467.68146            0.013530814
431104936524.8279             0.004978675
431105913581.97424            0.0046437373
431106890639.12067            0.0021494916
431107867696.267              0.0044150846
431108844753.41345            0.0011913615
431109821810.5598             0.0061204084
431110798867.70624            0.018803777
431111775924.8526             0.02071809
431112752981.99896            0.008572134
431113730039.1454             -0.0055418373
431114707096.29175            0.0009780135
431115684153.4382             -0.0027165813
431116661210.58453            -0.009599261
431117638267.73096            -0.0015499061
431118615324.8773             -0.004868877
431119592382.02374            -0.0045223706
431120569439.1701             0.0009207391
431121546496.3165             0.0068384684
431122523553.4629             0.010719896
431123500610.6093             0.019056471
431124477667.7557             0.0062450357
431125454724.9021             -0.013503588
431126431782.04846            0.005067559
431127408839.1949             0.025902214
431128385896.34125            0.0094028665
431129362953.4877             0.017657232
431130340010.63403            0.007377468
431131317067.78046            0.0041534575
431132294124.9268             0.008084866
431133271182.07324            0.011574361
431134248239.2196             0.015019915
431135225296.366              0.0067441864
431136202353.5124             0.00054929446
431137179410.6588             0.016988834
431138156467.8052             0.014498286
431139133524.9516             0.021818712
431140110582.09796            0.014481358
431141087639.2443             0.0036654759
431142064696.39075            0.009998304
431143041753.5371             0.013525054
431144018810.68353            -0.0067130593
431144995867.8299             -0.0015515415
431145972924.9763             -0.01117929
431146949982.1227             -0.01233021
431147927039.2691             0.012683487
431148904096.41547            0.019650351
431149881153.5619             0.01510955
431150858210.70825            0.0014187616
431151835267.8547             0.007228288
431152812325.00104            0.0049794093
431153789382.14746            0.018191572
431154766439.2938             0.021745244
431155743496.44025            0.026379721
431156720553.5866             0.01459011
431157697610.73303            0.010542858
431158674667.8794             0.009597713
431159651725.0258             -0.00033548547
431160628782.1722             0.0033357842
431161605839.3186             0.0062675616
431162582896.46497            0.001604297
431163559953.6114             0.0017518367
431164537010.75775            -0.0012159825
431165514067.9042             -0.010154306
431166491125.05054            -0.00070133596
431167468182.19696            0.0023799122
431168445239.3433             -0.00336134
431169422296.4897             0.009773423
431170399353.6361             0.0025190809
431171376410.7825             -0.0055287415
431172353467.9289             0.005751477
431173330525.07526            0.008749247
431174307582.2217             0.0132375965
431175284639.36804            0.0048536793
431176261696.51447            -0.0037310454
431177238753.6608             -0.007498557
431178215810.80725            0.00019876791
431179192867.9536             0.014258136
431180169925.10004            0.009196116
431181146982.2464             0.019073453
431182124039.3928             0.015518717
431183101096.5392             0.014220337
431184078153.6856             -0.0071458356
431185055210.832              -0.007466462
431186032267.9784             0.0031727275
431187009325.12476            0.0058496096
431187986382.2712             -0.014602294
431188963439.41754            0.004497831
431189940496.56396            0.011587666
431190917553.7103             0.015048303
431191894610.85675            0.007465596
431192871668.0031             -0.0073923236
431193848725.14954            0.009841632
431194825782.2959             0.013157623
431195802839.4423             0.019032335
431196779896.5887             0.0036879068
431197756953.7351             0.0011441668
431198734010.8815             0.007809061
431199711068.02783            0.019540654
431200688125.17426            0.023100603
431201665182.3206             0.02010865
431202642239.46704            0.0037322275
431203619296.6134             0.00057479244
431204596353.7598             0.001684595
431205573410.9062             0.0076456517
431206550468.0526             0.010885487
431207527525.199              0.013306713
431208504582.3454             0.007862517
431209481639.49176            0.009623883
431210458696.6382             0.013124211
431211435753.78455            0.01626637
431212412810.93097            0.007389726
431213389868.07733            -0.004367184
431214366925.22375            -0.0074009304
431215343982.3701             0.0026726427
431216321039.51654            0.008626584
431217298096.6629             0.010289981
431218275153.8093             0.014307005
431219252210.9557             0.0080980975
431220229268.1021             0.0027656904
431221206325.2485             -0.00092689507
431222183382.3949             -0.0075434614
431223160439.54126            -0.015027053
431224137496.6877             -0.0120843
431225114553.83405            0.009932907
431226091610.98047            0.011442803
431227068668.12683            0.0025195072
431228045725.2732             0.0036937962
431229022782.4196             0.0060703624
431229999839.566              0.0049047717
431230976896.7124             0.0053699315
431231953953.85876            0.00310926
431232931011.0052             -0.006779574
431233908068.15155            0.0031869712
431234885125.298              0.0013882027
431235862182.44434            0.0021959925
431236839239.59076            0.014982713
431237816296.7371             0.014905141
431238793353.88354            0.01913956
431239770411.0299             0.015120276
431240747468.17633            0.017157786
431241724525.3227             0.0121027175
431242701582.4691             -0.0119597325
431243678639.6155             -0.003004046
431244655696.7619             0.0039921124
431245632753.90826            0.008260338
431246609811.0547             -0.011447389
431247586868.20105            -0.0028977285
431248563925.3475             0.018556017
431249540982.49384            0.009344716
431250518039.64026            0.0047003157
431251495096.7866             0.0046272725
431252472153.93304            -0.0053889398
431253449211.0794             -0.0011199055
431254426268.2258             0.014586184
431255403325.3722             0.0059727835
431256380382.51855            0.01402359
431257357439.665              0.019500818
431258334496.81134            0.007423594
431259311553.95776            0.009222947
431260288611.1041             0.011907961
431261265668.25055            0.011612594
431262242725.3969             0.0013548711
431263219782.54333            0.012512014
431264196839.6897             0.0077174925
431265173896.8361             0.0035616832
431266150953.9825             -0.0007217525
431267128011.1289             -0.006826545
431268105068.27527            -0.0068024616
431269082125.4217             -0.0044754
431270059182.56805            0.0030145238
431271036239.7145             0.0064456593
431272013296.86084            0.006878436
431272990354.00726            0.0022255694
431273967411.1536             -0.004770468
431274944468.30005            0.005924772
431275921525.4464             0.003060423
431276898582.59283            0.02119829
431277875639.7392             0.020873118
431278852696.8856             0.015376813
431279829754.032              0.011489819
431280806811.1784             0.002451379
431281783868.32477            -0.0011436666
431282760925.4712             0.006117943
431283737982.61755            0.011137245
431284715039.7639             0.010236822
431285692096.91034            0.00558832
431286669154.0567             0.009388005
431287646211.2031             0.00054718315
431288623268.3495             -0.0022015763
431289600325.4959             0.00070278987
431290577382.6423             0.01938496
431291554439.7887             0.002826201
431292531496.93506            -0.003044863
431293508554.0815             0.0148288235
431294485611.22784            0.022670364
431295462668.37427            -0.008205163
431296439725.5206             -0.017477158
431297416782.66705            -0.0077032717
431298393839.8134             0.0009902347
431299370896.95984            -0.0046721785
431300347954.1062             -0.01193699
431301325011.2526             -0.012664062
431302302068.399              0.006142084
431303279125.5454             0.025306102
431304256182.6918             0.011541262
431305233239.8382             -0.006546154
431306210296.98456            0.0012840731
431307187354.131              0.007704231
431308164411.27734            -0.0024100028
431309141468.42377            0.002365822
431310118525.5701             0.007970266
431311095582.71655            -0.005337214
431312072639.8629             -0.009011368
431313049697.0093             -0.00493638
431314026754.1557             -0.0002903947
431315003811.30206            -0.015986906
431315980868.4485             -0.012409801
431316957925.59485            0.009616808
431317934982.7413             -0.003427972
431318912039.88763            0.0030514712
431319889097.03406            0.0024726198
431320866154.1804             -0.0072386893
431321843211.32684            -0.013939995
431322820268.4732             -0.014182969
431323797325.6196             0.00018198152
431324774382.766              0.011896946
431325751439.9124             0.0031920916
431326728497.0588             -0.003373974
431327705554.2052             -0.015450778
431328682611.35156            -0.005641686
431329659668.498              0.0029157884
431330636725.64435            -0.0030644778
431331613782.7908             0.009186946
431332590839.93713            0.007934675
431333567897.08356            0.0058320607
431334544954.2299             0.008953179
431335522011.37634            0.014584548
431336499068.5227             -0.006633824
431337476125.6691             0.004923621
431338453182.8155             0.0007892313
431339430239.9619             -0.016330346
431340407297.1083             -0.014484703
431341384354.2547             -0.005637862
431342361411.40106            0.000988259
431343338468.5474             0.009097061
431344315525.69385            0.0060107745
431345292582.8402             0.00045937515
431346269639.98663            -0.0067051905
431347246697.133              0.00042379412
431348223754.2794             0.0038635745
431349200811.4258             0.0059543103
431350177868.5722             0.006774815
431351154925.71857            0.016685016
431352131982.865              0.002070388
431353109040.01135            0.0015413546
431354086097.1578             5.6244135e-05
431355063154.30414            0.00035014589
431356040211.45056            -0.00017988987
431357017268.5969             -0.010218688
431357994325.74335            -0.0015265528
431358971382.8897             0.005651315
431359948440.03613            0.0015056101
431360925497.1825             -0.0037606645
431361902554.3289             0.014462703
431362879611.4753             0.0068112975
431363856668.6217             0.0034983235
431364833725.76807            0.0075377566
431365810782.9145             0.00073926046
431366787840.06085            0.0095761875
431367764897.2073             0.004319113
431368741954.35364            0.0025352451
431369719011.50006            -0.004645487
431370696068.6464             -0.0017130207
431371673125.7928             0.007722809
431372650182.9392             0.020641878
431373627240.0856             -0.0075984495
431374604297.232              0.0135062095
431375581354.37836            0.0030272182
431376558411.5248             -0.009381441
431377535468.67114            0.000403921
431378512525.81757            0.010214863
431379489582.9639             0.00057817326
431380466640.11035            0.008755782
431381443697.2567             0.007723081
431382420754.40314            -0.0103775235
431383397811.5495             -0.01428027
431384374868.6959             -0.0022064564
431385351925.8423             -0.0020664188
431386328982.9887             -2.2535158e-05
431387306040.1351             0.0076544927
431388283097.2815             0.006663193
431389260154.42786            5.6508503e-05
431390237211.5743             0.0051799524
431391214268.72064            0.0071599176
431392191325.86707            0.006431485
431393168383.0134             0.0023482314
431394145440.15985            -0.017823862
431395122497.3062             -0.004697227
431396099554.45264            0.0022041262
431397076611.599              0.009263
431398053668.7454             0.009493251
431399030725.8918             -0.00959714
431400007783.03815            0.0015608998
431400984840.1846             -0.009398027
431401961897.33093            -0.009957733
431402938954.47736            0.011053408
431403916011.6237             0.007049015
431404893068.77014            0.00096930907
431405870125.9165             0.009577191
431406847183.0629             0.006194381
431407824240.2093             0.002085571
431408801297.3557             -0.0032080843
431409778354.5021             0.004543628
431410755411.6485             0.01621121
431411732468.79486            -0.0067509445
431412709525.9413             -0.006698906
431413686583.08765            -0.011358979
431414663640.2341             -0.006751665
431415640697.38043            0.0052607795
431416617754.52686            -0.002431418
431417594811.6732             -0.004582871
431418571868.81964            -0.007990829
431419548925.966              0.0036865198
431420525983.1124             -0.0014600686
431421503040.2588             -0.008027723
431422480097.4052             -0.017798701
431423457154.5516             -0.0032428044
431424434211.698              0.0023357703
431425411268.84436            0.0012330825
431426388325.9908             0.007565142
431427365383.13715            0.0058889384
431428342440.2835             0.000117059564
431429319497.42993            -0.0032481416
431430296554.5763             0.0053784214
431431273611.7227             0.0064396025
431432250668.8691             0.0032333739
431433227726.0155             -0.0072700502
431434204783.16187            -0.0016997864
431435181840.3083             0.004178644
431436158897.45465            -0.0027421801
431437135954.6011             -0.010368373
431438113011.74744            -0.008014243
431439090068.89386            0.009942258
431440067126.0402             0.010314336
431441044183.18665            0.008195085
431442021240.333              -0.0034306964
431442998297.47943            0.012585136
431443975354.6258             0.01741678
431444952411.7722             -0.00345007
431445929468.9186             -0.011737743
431446906526.065              0.0037100194
431447883583.21136            0.0077626617
431448860640.3578             0.013691647
431449837697.50415            0.0065051215
431450814754.6506             0.009604042
431451791811.79694            0.017682744
431452768868.94336            0.0035794657
431453745926.0897             0.002107994
431454722983.23615            -0.0036183116
431455700040.3825             0.0057390565
431456167254.2                0.01071844
431456677097.52893            0.011299427
431457144311.4464             0.0012073441
431457654154.6753             0.012618467
431458121368.6929             -0.009069054
431458631211.82166            0.0021250474
431459098425.9393             -0.009266328
431459608268.9681             -0.012233052
431460075483.18567            -0.006154604
431460585326.11444            -0.0086465385
431461052540.4321             0.003603483
431461562383.26086            -0.008770246
431462029597.6785             0.012592745
431462539440.4072             0.0024940304
431463006654.9249             0.012265953
431463516497.55365            0.0035089885
431463983712.1714             0.0033491582
431464493554.7                0.0028144943
431464960769.4178             -0.0006521211
431465470611.84644            -0.012001126
431465937826.6642             -0.01226843
431466447668.9928             -0.0076287906
431466914883.91064            -0.016698312
431467424726.1392             -0.018509258
431467891941.15704            -0.0063492497
431468401783.2856             -0.0071242955
431468868998.40344            -0.0017641712
431469378840.432              -0.005635595
431469846055.6499             0.003402045
431470355897.57837            -0.010232101
431470823112.8963             0.009449191
431471332954.7248             0.004251213
431471800170.1427             0.00024360974
431472310011.87115            -0.0028838895
431472777227.38916            0.00034159835
431473287069.0176             -0.00039407721
431473754284.63556            0.004827662
431474264126.16394            -0.0072112996
431474731341.88196            0.0033483196
431475241183.31036            0.0059710485
431475708399.1284             -0.0028103911
431476218240.4567             0.0037471354
431476685456.3748             0.0051914044
431477195297.60315            0.009284137
431477662513.6212             0.012444545
431478172354.7495             -9.1620896e-05
431478639570.8677             0.0017154671
431479149411.89594            0.001214059
431479616628.1141             -0.005824721
431480126469.0423             -0.002030212
431480593685.3605             -0.0036401474
431481103526.1887             -0.001426555
431481570742.60693            -0.012086938
431482080583.3351             -0.0032473432
431482547799.85333            -0.023716154
431483057640.4815             -0.006300231
431483524857.09973            -0.021418022
431484034697.62787            -0.015308589
431484501914.3462             -0.002793515
431485011754.7743             -0.010130041
431485478971.5926             -0.011376998
431485988811.92065            0.0062633534
431486456028.839              -0.013407527
431486965869.067              -0.00018649412
431487433086.08545            -0.003825898
431487942926.21344            -0.006070164
431488410143.33185            0.0036854306
431488919983.3598             -0.0018489036
431489387200.5783             -0.00074296223
431489897040.5062             0.006752182
431490364257.8247             -0.0018456918
431490874097.6526             0.0017652774
431491341315.0711             0.002946406
431491851154.799              -0.005224286
431492318372.31757            -0.010523667
431492828211.9454             0.0008925875
431493295429.56396            0.005281162
431493805269.0918             -0.0045542093
431494272486.81036            0.019079437
431494782326.23816            0.009275494
431495249544.0568             0.0102360565
431495759383.3846             0.009993532
431496226601.3032             -0.009211382
431496736440.53094            -0.005144628
431497203658.5496             -0.013382553
431497713497.67737            -0.009296974
431498180715.7961             -0.0146070495
431498690554.8237             -0.015265997
431499157773.0425             0.015043325
431499667611.97015            -0.004668278
431500134830.2889             0.030427337
431500644669.1165             0.01398439
431501111887.53534            0.009368863
431501621726.26294            0.015639555
431502088944.78174            -0.005367949
431502598783.4093             -0.007012696
431503066002.02814            0.0033245792
431503575840.5557             0.010223798
431504043059.2746             -0.00042165237
431504552897.7021             0.0035456822
431505020116.521              0.008346879
431505529954.8485             0.0014022179
431505997173.7674             0.009681379
431506507011.9949             0.008929909
431506974231.01385            -0.0011582358
431507484069.1413             -0.00270661
431507951288.26025            0.0064822594
431508461126.28766            0.005700222
431508928345.50665            0.0019696415
431509438183.4341             0.004876135
431509905402.7531             -0.00067966676
431510415240.58044            0.0050143455
431510882459.9995             0.0067540566
431511392297.72687            0.002663294
431511859517.2459             0.0050003594
431512369354.8732             -0.0022693633
431512836574.4924             0.012939412
431513346412.01965            -0.0046437527
431513813631.7388             0.0031482617
431514323469.166              0.0005537155
431514790688.98517            0.006859645
431515300526.3124             0.0035565265
431515767746.2316             -0.000112153015
431516277583.4588             0.0033225422
431516744803.478              -0.0058693835
431517254640.60516            -0.00043826818
431517721860.7244             -0.0039553866
431518231697.7516             -0.0010808987
431518698917.9709             -0.005482492
431519208754.89795            -0.0025074917
431519675975.2173             0.005028083
431520185812.0444             0.0028936334
431520653032.4637             -0.0019412187
431521162869.19073            0.00014614029
431521630089.71014            -0.002398042
431522139926.33716            -0.007729249
431522607146.95654            0.0028178543
431523116983.4835             0.0045947703
431523584204.20294            0.007037943
431524094040.62994            0.009669661
431524561261.4494             0.002930025
431525071097.7763             0.007365008
431525538318.6958             -0.005510523
431526048154.9227             -0.0027124847
431526515375.9422             -0.0010068882
431527025212.0691             -0.012904717
431527492433.18866            0.011702855
431528002269.2155             0.0015890216
431528469490.43506            -0.006600084
431528979326.3619             0.0076556727
431529446547.68146            -0.009428103
431529956383.5083             0.00054955954
431530423604.9279             -0.014407716
431530933440.65466            -0.008114464
431531400662.1743             -0.019012237
431531910497.8011             -0.015760766
431532377719.4207             -0.0002382906
431532887554.94745            0.0047640195
431533354776.6672             0.012242806
431533864612.0939             0.014371546
431534331833.9136             0.009719528
431534841669.24023            0.01152218
431535308891.16               -0.0015701689
431535818726.38666            -0.007742215
431536285948.40643            0.005610022
431536795783.533              0.001486601
431537263005.65283            0.006584197
431537772840.67944            0.009866459
431538240062.89923            -0.00010117873
431538749897.8258             0.008257713
431539217120.1457             0.005141454
431539726954.9722             0.009720894
431540194177.3921             0.006515619
431540704012.1186             0.014352465
431541171234.6385             -0.0057502356
431541681069.265              0.0008804416
431542148291.88495            -0.0018608182
431542658126.4114             -0.004941588
431543125349.13135            0.0012542573
431543635183.55774            -0.00088792003
431544102406.37775            0.000539672
431544612240.70416            0.0010912358
431545079463.6242             -0.014922816
431545589297.8505             -0.0031139713
431546056520.8706             0.0015952215
431546566354.99695            9.9006524e-05
431547033578.117              0.014244852
431547543412.1433             0.013417818
431548010635.36346            -0.014682288
431548520469.28973            -0.011233908
431548987692.60986            -0.022142172
431549497526.4361             -0.01650986
431549964749.85626            -0.013247088
431550474583.5825             0.0038967493
431550941807.1027             0.005158803
431551451640.7289             0.004028652
431551918864.3491             -0.003368526
431552428697.8753             -0.0077677653
431552895921.5955             -0.0069132014
431553405755.02167            -0.008317578
431553872978.842              -0.0043934616
431554382812.1681             -0.005034577
431554850036.0884             0.011368358
431555359869.31445            0.014077888
431555827093.33484            0.0041708425
431556336926.4609             0.0023307127
431556804150.58124            0.0027208698
431557313983.60724            0.0026464695
431557781207.82764            -0.004481554
431558291040.75366            0.0014324343
431558758265.0741             0.0032485167
431559268097.9                -0.0065459358
431559735322.3205             0.009887206
431560245155.04645            0.0064306087
431560712379.5669             -0.005031819
431561222212.1928             0.004891404
431561689436.81335            -0.01238844
431562199269.33923            -0.010187628
431562666494.05975            -0.00814078
431563176326.4856             -0.007944917
431563643551.30615            0.0014366944
431564153383.632              0.004509051
431564620608.5526             0.0006874965
431565130440.7784             0.006100332
431565597665.799              0.0018260769
431566107497.9248             0.0011220071
431566574723.0454             0.012728633
431567084555.07117            0.014514866
431567551780.2919             0.0064241393
431568061612.2176             0.014679644
431568528837.53827            -0.010302397
431569038669.36395            0.0042983973
431569505894.78467            -0.002373739
431570015726.5104             -0.0011468471
431570482952.0311             -0.0025059439
431570992783.65674            0.005636863
431571460009.2775             -0.006755038
431571969840.8031             -0.0058658104
431572437066.5239             -0.0010363369
431572946897.9495             -0.0055645006
431573414123.7704             0.008019092
431573923955.0959             0.008855069
431574391181.0168             0.008357382
431574901012.2423             0.02389329
431575368238.2632             0.008034312
431575878069.3887             0.011043807
431576345295.50964            -0.0067067184
431576855126.5351             0.0010814993
431577322352.75604            0.0073291287
431577832183.68146            0.008069407
431578299410.00244            0.0061272685
431578809240.8279             0.0131843705
431579276467.2489             0.008920372
431579786297.97424            0.005897203
431580253524.4953             -0.00531015
431580763355.12067            0.0046219546
431581230581.7417             -0.01250194
431581740412.267              -0.004679671
431582207638.98816            0.0039970735
431582717469.41345            -0.00011854338
431583184696.23456            0.00966611
431583694526.5598             0.007842056
431584161753.48096            0.009042949
431584671583.70624            0.005420726
431585138810.7274             0.005497445
431585648640.8526             0.0028328304
431586115867.9738             -0.0021582323
431586625697.999              -0.0065312013
431587092925.2202             -0.003663128
431587602755.1454             0.00014848277
431588069982.4667             -0.0090024285
431588579812.2918             -0.00027454202
431589047039.7131             -0.0017134888
431589556869.4382             -0.010294239
431590024096.9595             0.00445051
431590533926.5846             0.011367067
431591001154.20593            -0.011549736
431591510983.73096            -0.005558267
431591978211.45233            -0.0015989329
431592488040.8774             0.004216505
431592955268.6987             -0.0025212609
431593465098.02374            0.012411008
431593932325.9452             0.00361901
431594442155.17017            3.1745818e-05
431594909383.1916             0.0022160509
431595419212.3165             0.0047804834
431595886440.438              -0.0030245876
431596396269.46295            0.0011620434
431596863497.68445            -0.004000361
431597373326.6093             -0.002072605
431597840554.93085            -0.0011897373
431598350383.75574            -0.0079902895
431598817612.17725            -0.009020332
431599327440.9021             0.0051222383
431599794669.4237             -0.012610169
431600304498.0485             -0.008216413
431600771726.6701             0.002058668
431601281555.1949             0.0113991285
431601748783.9165             0.004260157
431602258612.34125            0.012828439
431602725841.16296            -0.0002492289
431603235669.4877             -0.007057756
431603702898.40936            0.013309677
431604212726.63403            -0.0013789291
431604679955.65576            0.012944819
431605189783.78046            0.016048782
431605657012.9022             0.010006238
431606166840.9268             0.0169967
431606634070.1486             0.009559781
431607143898.07324            0.02458582
431607611127.395              -0.0054327305
431608120955.2196             0.010716712
431608588184.6415             0.0152898105
431609098012.366              0.01012755
431609565241.8879             0.014512323
431610075069.5124             0.018254202
431610542299.1343             0.0021537708
431611052126.6588             -0.0030740271
431611519356.38074            0.007713287
431612029183.8052             0.0026207697
431612496413.62714            0.013605369
431613006240.9516             0.009791635
431613473470.87354            0.003003496
431613983298.09796            -0.009371959
431614450528.12               0.0073805875
431614960355.2444             -0.009726811
431615427585.3664             0.0027539802
431615937412.39075            0.0012536356
431616404642.6128             -0.0129079055
431616914469.5372             -0.018968366
431617381699.85925            -0.004748311
431617891526.68353            -0.01620701
431618358757.10565            -0.016121786
431618868583.82996            -0.010294358
431619335814.3521             -0.008801713
431619845640.9763             -0.015332533
431620312871.5985             0.02158815
431620822698.12274            -0.0060278797
431621289928.8449             0.0061255572
431621799755.2691             0.0069882045
431622266986.0914             0.0112010185
431622776812.4155             0.016923524
431623244043.33777            0.010393912
431623753869.5619             0.011798554
431624221100.58417            -0.00017174661
431624730926.7083             0.00043597186
431625198157.8306             0.0020291004
431625707983.8547             -0.0033304805
431626175215.077              0.006834413
431626685041.0011             0.008908505
431627152272.3234             0.010795517
431627662098.14746            0.011445941
431628129329.5699             0.004720943
431628639155.2939             0.0065160934
431629106386.8163             0.0047069658
431629616212.44025            -0.008635062
431630083444.0627             -0.00048613627
431631060501.30914            0.006065868
431632037558.55554            0.016310582
431633014615.80194            0.011959939
431633991673.0484             -0.0026805527
431634968730.2948             0.001549242
431635945787.5412             -0.01323386
431636922844.78766            -0.013023329
431637899902.03406            -0.014633029
431638876959.28046            -0.011837996
431639854016.5269             -0.003906266
431640831073.7733             0.0022031104
431641808131.0197             0.018872067
431642785188.2662             0.020292835
431643762245.5126             0.011073361
431644739302.759              0.011537029
431645716360.00543            0.0030433238
431646693417.25183            0.0034198544
431647670474.4982             -0.0017911283
431648647531.7447             -0.010407258
431649624588.9911             0.0031928406
431650601646.2375             0.008627151
431651578703.48395            0.006668757
431652555760.73035            0.0014556939
431653532817.97675            -0.009371011
431654509875.2232             0.00064355735
431655486932.4696             0.013524188
431656463989.716              0.013147876
431657441046.96246            0.005994144
431658418104.20886            -0.003164431
431659395161.45526            -0.0045513874
431660372218.7017             0.00016955848
431661349275.9481             0.00076683547
431662326333.1945             0.00010462387
431663303390.441              -0.0020538212
431664280447.6874             -0.006161143
431665257504.9338             0.005903976
431666234562.18024            0.011192455
431667211619.42664            0.007503771
431668188676.67303            0.017158242
431669165733.9195             0.014628707
431670142791.1659             0.001681971
431671119848.4123             -0.0043562152
431672096905.65875            -0.015069052
431673073962.90515            -0.0053923
431674051020.15155            0.0082337335
431675028077.398              0.012165844
431676005134.6444             0.012734218
431676982191.8908             0.0033023763
431677959249.13727            -0.01221015
431678936306.38367            -0.009664734
431679913363.63007            -0.0033066194
431680890420.8765             -0.00058283866
431681867478.1229             0.0112881195
431682844535.3694             -0.006451866
431683821592.6158             -0.0044227852
431684798649.8622             0.0055710254
431685775707.10864            0.0061304895
431686752764.35504            0.016458763
431687729821.60144            0.015608626
431688706878.8479             0.006122079
431689683936.0943             -0.0020860906
431690660993.3407             -0.020022353
431691638050.58716            -0.009007601
431692615107.83356            -0.0010771662
431693592165.07996            -0.007191094
431694569222.3264             -0.0047095804
431695546279.5728             -0.001876773
431696523336.8192             -0.0016248656
431697500394.0657             0.0015148742
431698477451.3121             0.0039311247
431699454508.5585             0.0027933002
431700431565.80493            -0.011204479
431701408623.05133            -0.001332875
431702385680.2977             -0.00032215726
431703362737.5442             -0.0035996174
431704339794.7906             0.015800903
431705316852.037              0.019397326
431706293909.28345            0.006617681
431707270966.52985            -0.0040772744
431708248023.77625            0.010739217
431709225081.0227             0.013224367
431710202138.2691             0.0087763565
431711179195.5155             0.016525358
431712156252.76196            0.0012713457
431713133310.00836            0.00043002635
431714110367.25476            0.0025548488
431715087424.5012             -0.0035652304
431716064481.7476             0.005604185
431717041538.994              0.0028492918
431718018596.2405             0.0055254675
431718995653.4869             0.0015991499
431719972710.7333             0.003969598
431720949767.97974            0.0012095612
431721926825.22614            0.012121724
431722903882.47253            0.0070412336
431723880939.719              -0.0031341536
431724857996.9654             0.0019930035
431725835054.2118             0.0067065684
431726812111.45825            -0.005152446
431727789168.70465            0.0061748805
431728766225.95105            -0.0072804797
431729743283.1975             -0.008408094
431730720340.4439             0.0004489265
431731697397.6903             -0.0017008843
431732674454.93677            -0.0038979424
431733651512.18317            0.0044816355
431734628569.42957            0.008741028
431735605626.676              0.0019791117
431736582683.9224             0.0038344855
431737559741.1688             0.003948773
431738536798.4153             0.00086104515
431739513855.6617             -0.009103767
431740490912.9081             -0.009357945
431741467970.15454            0.0066812313
431742445027.40094            -0.0047067865
431743422084.64734            0.008891763
431744399141.8938             0.01296679
431745376199.1402             -0.00668502
431746353256.3866             -0.005653427
431747330313.63306            0.012000011
431748307370.87946            0.0009938052
431749284428.1259             -0.013209692
431750261485.3723             0.002697281
431751238542.6187             -0.0004295708
431752215599.8652             -0.0053560697
431753192657.1116             0.00073327165
431754169714.358              0.004118749
431755146771.60443            0.0010164712
431756123828.8508             -0.011162506
431757100886.0972             -0.021912483
431758077943.3437             -0.014689724
431759055000.5901             0.0029066233
431760032057.8365             0.0039484585
431761009115.08295            -0.0018870874
431761986172.32935            0.0051678694
431762963229.57574            0.0058599706
431763940286.8222             0.00536243
431764917344.0686             0.010894544
431765894401.315              0.009241434
431766871458.56146            0.011875735
431767848515.80786            -0.0014180631
431768825573.05426            0.0020693562
431769802630.3007             -0.0018574937
431770779687.5471             -0.010556933
431771756744.7935             -0.008350724
431772733802.04               -0.0056528086
431773710859.2864             0.005212339
431774687916.5328             0.006832612
431775664973.77924            0.007687239
431776642031.02563            0.003651801
431777619088.27203            0.00085996854
431778596145.5185             -0.008879264
431779573202.7649             -0.0026879085
431780550260.0113             -0.007302822
431781527317.25775            -0.0055294917
431782504374.50415            -0.007145058
431783481431.75055            -0.004299926
431784458488.997              -0.0010604194
431785435546.2434             -0.006277353
431786412603.4898             -0.014033082
431787389660.73627            -0.010367122
431788366717.98267            -0.011077664
431789343775.22906            -0.0025958768
431790320832.4755             -0.010689642
431791297889.7219             -0.011298449
431792274946.9683             -0.01270134
431793252004.2148             -0.006279495
431794229061.4612             0.0045257793
431795206118.7076             0.003691332
431796183175.95404            0.008114103
431797160233.20044            0.0028549721
431798137290.44684            0.0035404596
431799114347.6933             -0.00035833014
431800091404.9397             0.0007502364
431801068462.1861             -0.013106921
431802045519.43256            -0.013356566
431803022576.67896            -0.0005011348
431803999633.92535            -0.0113836005
431804976691.1718             -0.02212038
431805953748.4182             -0.0019919805
431806930805.6646             0.0052336208
431807907862.9111             -0.00085491606
431808884920.1575             -0.002859106
431809861977.4039             0.0004456981
431810839034.6503             0.002838862
431811816091.8967             0.0108515695
431812793149.1432             0.009289733
431813770206.3896             0.0002979676
431814747263.636              -0.0010948116
431815724320.88245            -0.0033055344
431816701378.12885            -0.00556108
431817678435.37524            0.0040061055
431818655492.6217             0.006945716
431819632549.8681             0.00770252
431820609607.1145             0.0062139938
431821586664.36096            0.003772564
431822563721.60736            -0.0057762233
431823540778.85376            0.0021368524
431824517836.1002             0.0073185656
431825494893.3466             0.008855355
431826471950.593              -0.0018229041
431827449007.8395             0.0032611585
431828426065.0859             -0.010138039
431829403122.3323             -0.008809588
431830380179.57874            -0.012750379
431831357236.82513            -0.013904532
431832334294.07153            -0.0025552101
431833311351.318              0.0008492652
431834288408.5644             0.0052398797
431835265465.8108             -0.0019243876
431836242523.05725            0.001146141
431837219580.30365            0.01072109
431838196637.55005            0.00060674484
431839173694.7965             -0.0061875787
431840150752.0429             -0.0130479755
431841127809.2893             -0.00016060605
431842104866.53577            -0.0017965717
431843081923.78217            -0.004234101
431844058981.02856            0.0036600772
431845036038.275              0.025409482
431846013095.5214             -0.0045784093
431846990152.7678             -0.007290571
431847967210.0143             0.006815587
431848944267.2607             -0.0020234257
431849921324.5071             -0.013709732
431850898381.75354            -0.003293293
431851875438.99994            -0.006751548
431852852496.24634            0.009567614
431853829553.4928             0.0009137125
431854806610.7392             0.0118553825
431855783667.9856             -0.0011368516
431856760725.23206            -0.0053317826
431857737782.47845            -0.015378519
431858714839.72485            -0.012385387
431859691896.9713             -0.0025337464
431860668954.2177             6.155407e-05
431861646011.4641             -0.008178435
431862623068.7106             -0.007773315
431863600125.957              -0.0005918246
431864577183.20337            -0.0017738655
431865554240.4498             -0.010137177
431866531297.6962             0.004946817
431867508354.9426             0.004741655
431868485412.1891             0.008834018
431869462469.4355             0.00397091
431870439526.6819             -0.015037881
431871416583.92834            -0.0014779591
431872393641.17474            0.0024547179
431873370698.42114            0.0014235209
431874347755.6676             0.0062309992
431875324812.914              -0.00060748024
431876301870.16046            -0.0017465849
431877278927.40686            -0.005204506
431878255984.65326            -0.005029867
431879233041.8997             -0.0029619464
431880210099.1461             -0.0018422715
431881187156.3925             -0.0028809854
431882164213.639              -0.006798193
431883141270.8854             -0.004415316
431884118328.1318             -0.0049985587
431885095385.37823            0.00018080168
431886072442.62463            0.0028613189
431887049499.87103            0.009975588
431888026557.1175             0.0011553701
431889003614.3639             -0.0009007714
431889980671.6103             -0.0034607155
431890957728.85675            0.004470757
431891934786.10315            0.0021188261
431892911843.34955            -0.015524713
431893888900.596              -0.0079518445
431894865957.8424             -0.011369728
431895843015.0888             0.00088222534
431896820072.33527            0.01496746
431897797129.58167            0.007414145
431898774186.82806            -0.009100279
431899751244.0745             -0.008276307
431900728301.3209             0.004080635
431901705358.5673             0.0012253056
431902682415.8138             0.007105262
431903659473.0602             -0.007861304
431904636530.3066             0.0037997856
431905613587.55304            0.005776138
431906590644.79944            0.004220661
431907567702.04584            0.009970841
431908544759.2923             0.006260227
431909521816.5387             0.00022245239
431910498873.7851             -0.0018191307
431911475931.03156            -0.009308909
431912452988.27795            -0.0064210114
431913430045.52435            0.0046118908
431914407102.7708             -0.008945912
431915384160.0172             -0.018866219
431916361217.2636             -0.008631318
431917338274.5101             -0.005386146
431918315331.7565             0.00027341192
431919292389.00287            -0.013215124
431920269446.2493             -0.008389543
431921246503.4957             0.016421761
431922223560.7421             0.010209865
431923200617.9886             0.0056742006
431924177675.235              0.011119301
431925154732.4814             0.006333612
431926131789.72784            0.0005656392
431927108846.97424            0.0012795959
431928085904.22064            0.015594131
431929062961.4671             0.0044328677
431930040018.7135             0.0038302972
431931017075.9599             -0.003380659
431931994133.20636            0.00015208832
431932971190.45276            -0.009451398
431933948247.69916            -0.0011812809
431934925304.9456             0.004810228
431935902362.192              0.014768128
431936879419.4384             0.008754392
431937856476.6849             0.021338256
431938833533.9313             0.016695283
431939810591.1777             -0.006311432
431940787648.42413            -0.00047490466
431941764705.67053            0.011356554
431942741762.917              0.0050855414
431943718820.1634             -0.004050207
431944695877.4098             0.0013909002
431945672934.65625            -0.0050921915
431946649991.90265            -0.0015172432
431947627049.14905            -0.012706062
431948604106.3955             0.0043804515
431949581163.6419             0.012807849
431950558220.8883             0.0031692027
431951535278.13477            0.0068841465
431952512335.38116            0.009518214
431953489392.62756            -0.0058896495
431954466449.874              -0.015071682
431955443507.1204             -0.0019964082
431956420564.3668             0.0048847627
431957397621.6133             0.0039301566
431958374678.8597             -0.007022516
431959351736.1061             -0.0031373568
431960328793.35254            0.008378417
431961305850.59894            0.0131060835
431962282907.84534            -0.0066837417
431963259965.0918             0.0014606201
431964237022.3382             0.012852083
431965214079.5846             0.018724106
431966191136.83105            0.006864957
431967168194.07745            -0.012345535
431968145251.32385            -0.0040561934
431969122308.5703             -0.011857319
431970099365.8167             0.00019200405
431971076423.0631             -0.0035920918
431972053480.3096             0.004472865
431973030537.55597            0.010217584
431974007594.80237            0.0020815232
431974984652.0488             -0.0025001592
431975961709.2952             0.019230098
431976938766.5416             0.015791167
431977915823.7881             0.010352962
431978892881.0345             0.0012230274
431979869938.2809             0.0104041025
431980846995.52734            -0.00847162
431981824052.77374            -0.009566272
431982801110.02014            0.007549775
431983778167.2666             0.0006617667
431984755224.513              -0.0026320335
431985732281.7594             0.0012973278
431986709339.00586            -0.0013904299
431987686396.25226            -0.0004055229
431988663453.49866            0.010250886
431989640510.7451             -0.0065441066
431990617567.9915             -0.0060171345
431991594625.2379             -0.00096619054
431992571682.4844             0.004739243
431993548739.7308             -0.0020517402
431994525796.9772             0.0036064065
431995502854.22363            0.006414341
431996479911.47003            -0.011296571
431997456968.71643            -0.012701123
431998434025.9629             -0.011597833
431999411083.2093             -0.022163374
432000388140.4557             -0.009220856
432001365197.70215            -0.012444284
432002342254.94855            -0.0018763654
432003319312.19495            0.0025532783
432004296369.4414             0.012685858
432005273426.6878             -0.002440466
432006250483.93427            -0.012585684
432007227541.18066            -0.011801394
432008204598.42706            -0.0032710193
432009181655.6735             0.002495454
432010158712.9199             0.0028402186
432011135770.1663             0.009690002
432012112827.4128             -0.0040815803
432013089884.6592             -0.011846245
432014066941.9056             0.010322848
432015043999.15204            0.0063919397
432016021056.39844            0.0047162883
432016998113.64484            -0.0035839502
432017975170.8913             -0.009207178
432018952228.1377             -0.0041605784
432019929285.3841             0.011241515
432020906342.63055            0.00864062
432021883399.87695            0.00017778632
432022860457.12335            -0.008275826
432023837514.3698             0.0022418464
432024814571.6162             -0.0066388864
432025791628.8626             -0.012735881
432026768686.1091             0.0050830706
432027745743.35547            0.0057792845
432028722800.60187            0.0008001605
432029699857.8483             -0.010310829
432030676915.0947             -0.020912979
432031653972.3411             -0.017771376
432032631029.5876             -0.009356651
432033608086.834              -0.004800599
432034585144.0804             -0.009724328
432035562201.32684            -0.008386726
432036539258.57324            -0.002315894
432037516315.81964            0.009217319
432038493373.0661             0.0052293935
432039470430.3125             0.008989849
432040447487.5589             0.003793347
432041424544.80536            -5.9569313e-05
432042401602.05176            -0.0071180905
432043378659.29816            -0.0013792036
432044355716.5446             0.0023400094
432045332773.791              -0.0027485958
432046309831.0374             0.0085185
432047286888.2839             -0.00091709197
432048263945.5303             -0.009269236
432049241002.7767             -0.0074414937
432050218060.02313            0.0004370275
432051195117.26953            -0.0025499032
432052172174.5159             0.0035202734
432053149231.7624             0.0010918804
432054126289.0088             0.0012993409
432055103346.2552             -0.0046664597
432056080403.50165            0.017683988
432057057460.74805            0.005686971
432058034517.99445            -0.015657168
432059011575.2409             -0.00463248
432059988632.4873             0.0026060073
432060965689.7337             -3.0610456e-05
432061942746.98016            -0.006172508
432062919804.22656            -0.006372584
432063896861.47296            -0.001971587
432064873918.7194             0.011350735
432065850975.9658             0.0048887837
432066828033.2122             -0.0043122363
432067805090.4587             -0.0033942766
432068782147.7051             -0.010781388
432069759204.95154            -0.012754698
432070736262.19794            -0.011759677
432071713319.44434            0.010944314
432072690376.6908             0.015598218
432073667433.9372             -0.002704009
432074644491.1836             -0.009003303
432075621548.43005            -0.00040226022
432076598605.67645            -0.0051942253
432077575662.92285            -0.005488009
432078552720.1693             0.007575936
432079529777.4157             0.00832399
432080506834.6621             -0.00320503
432081483891.90857            -0.0038641964
432082460949.15497            0.001956258
432083438006.40137            -0.007999216
432084415063.6478             -0.0114538865
432085392120.8942             -0.017353809
432086369178.1406             -0.0021998968
432087346235.3871             -0.002601211
432088323292.6335             -0.0077141393
432089300349.8799             -0.018720632
432090277407.12634            0.012985363
432091254464.37274            0.004902062
432092231521.61914            0.0015642302
432093208578.8656             0.004841287
432094185636.112              0.008772809
432095162693.3584             0.009785419
432096139750.60486            0.005277864
432097116807.85126            0.0031570252
432098093865.09766            -0.010060505
432099070922.3441             -0.006099207
432100047979.5905             -0.0019446427
432101025036.8369             0.0089541795
432102002094.0834             0.0017076873
432102979151.3298             -0.0027383016
432103956208.5762             -0.014869625
432104933265.82263            0.0013376985
432105910323.06903            0.0047259433
432106887380.3154             0.00010998522
432107864437.5619             -0.005795181
432108841494.8083             -0.0042444216
432109818552.0547             0.0061776573
432110795609.30115            0.005052231
432111772666.54755            0.00046746983
432112749723.79395            -0.0008325513
432113726781.0404             -0.01916568
432114703838.2868             -0.017267318
432115680895.5332             -0.009452161
432116657952.77966            0.014244889
432117635010.02606            -0.009688637
432118612067.27246            -0.0042202654
432119589124.5189             0.006029134
432120566181.7653             -0.0038882059
432121543239.0117             0.006440425
432122520296.2582             0.00053019554
432123497353.5046             0.0012589924
432124474410.751              0.0066775535
432125451467.99744            -0.0032061646
432126428525.24384            0.009316523
432127405582.49023            0.0031560436
432128382639.7367             0.0078469245
432129359696.9831             0.011227449
432130336754.2295             -0.00019203803
432131313811.47595            -0.0048875264
432132290868.72235            -0.0043089264
432133267925.96875            -0.0046979995
432134244983.2152             0.013570083
432135222040.4616             0.002991655
432136199097.70807            -0.00923599
432137176154.95447            -0.009177216
432138153212.20087            -0.003384634
432139130269.4473             0.003247978
432140107326.6937             0.011755016
432141084383.9401             0.014471879
432142061441.1866             -0.0015827217
432143038498.433              -0.016753998
432144015555.6794             -0.01180235
432144992612.92584            0.007421882
432145969670.17224            0.017758207
432146946727.41864            0.005902531
432147923784.6651             -0.008830136
432148900841.9115             -0.018941777
432149877899.1579             0.0024889582
432150854956.40436            0.0071541555
432151832013.65076            -0.0018284122
432152809070.89716            0.004996621
432153786128.1436             -0.0014953889
432154763185.39               0.00030962587
432155740242.6364             -0.0069359113
432156717299.8829             -0.014088001
432157694357.1293             -0.00828574
432158671414.3757             -0.014784896
432159648471.62213            -0.020952279
432160625528.8685             -0.0014862935
432161602586.1149             -0.0042661033
432162579643.3614             -0.015767882
432163556700.6078             0.00029571477
432164533757.8542             -0.006926922
432165510815.10065            0.0069260886
432166487872.34705            0.009887139
432167464929.59344            -0.0009966881
432168441986.8399             -0.00018128654
432169419044.0863             -0.00872075
432170396101.3327             0.0044189384
432171373158.57916            -0.0033666142
432172350215.82556            -0.00034407567
432173327273.07196            0.0026970643
432174304330.3184             -0.005853186
432175281387.5648             0.0036451474
432176258444.8112             0.002413631
432177235502.0577             -0.0066170925
432178212559.3041             -0.004516195
432179189616.5505             -0.009094172
432180166673.79694            -0.0063754567
432181143731.04333            -0.008635941
432182120788.28973            0.008142905
432183097845.5362             0.019834481
432184074902.7826             0.0007101722
432185051960.029              0.0016458087
432186029017.27545            -0.011695021
432187006074.52185            -0.010448176
432187983131.76825            -0.00085450424
432188960189.0147             -0.0046166014
432189937246.2611             0.0025893992
432190914303.5075             -0.0015241549
432191891360.75397            -0.0033532141
432192868418.00037            -0.001618233
432193845475.24677            -0.0017425609
432194822532.4932             0.0016673288
432195799589.7396             -0.008995767
432196776646.986              -0.017753998
432197753704.2325             -0.011103389
432198730761.4789             -0.00996181
432199707818.72534            -0.003962501
432200684875.97174            -0.0057715955
432201661933.21814            0.0020106137
432202638990.4646             0.003813416
432203616047.711              0.0032021122
432204593104.9574             0.004827046
432205570162.20386            -0.003936166
432206547219.45026            -0.013327487
432207524276.69666            -0.0007183117
432208501333.9431             -0.0062225154
432209478391.1895             0.0063167014
432210455448.4359             0.004651325
432211432505.6824             -0.0014864344
432212409562.9288             -0.008525973
432213386620.1752             0.0033286253
432214363677.42163            -0.00044082242
432215340734.668              0.0015951089
432216317791.9144             0.00019067567
432217294849.1609             -0.012833907
432218271906.4073             -0.013942255
432219248963.6537             -0.011326507
432220226020.90015            -0.020467814
432221203078.14655            -0.0005067776
432222180135.39294            -0.012485764
432223157192.6394             -0.0036170627
432224134249.8858             -0.002727538
432225111307.1322             0.0043236464
432226088364.37866            -0.00054620067
432227065421.62506            -0.0028096028
432228042478.87146            0.003942919
432229019536.1179             0.004020446
432229996593.3643             0.008324911
432230973650.6107             0.008090929
432231950707.8572             -0.0065445285
432232927765.1036             -0.009467524
432233904822.35               -0.0031270843
432234881879.59644            -0.0010192356
432235858936.84283            -0.008384688
432236835994.08923            0.002856264
432237813051.3357             0.011012762
432238790108.5821             5.5757595e-05
432239767165.8285             -0.0037861918
432240744223.07495            -0.011931266
432241721280.32135            -0.0068585626
432242698337.56775            0.013819228
432243675394.8142             0.0063091377
432244652452.0606             -0.0035798799
432245629509.307              -0.00013193446
432246606566.55347            -0.0004473768
432247583623.79987            -0.0040199026
432248560681.04626            0.002696095
432249537738.2927             0.011532834
432250514795.5391             0.0071177534
432251491852.7855             0.010630676
432252468910.032              0.0077471742
432253445967.2784             0.00871852
432254423024.5248             0.023655728
432255400081.77124            0.0039308043
432256377139.01764            -0.004429728
432257354196.26404            -0.0049389275
432258331253.5105             -0.0051450073
432259308310.7569             -0.01282784
432260285368.0033             0.0007146067
432261262425.24976            0.0006208938
432262239482.49615            0.0024524936
432263216539.7426             -0.007464098
432264193596.989              -0.0029936451
432265170654.2354             -0.0050040972
432266147711.4819             -0.0011407466
432267124768.7283             0.00011850076
432268101825.9747             0.017803038
432269078883.2211             0.0053578774
432270055940.4675             0.009192912
432271032997.7139             -0.0027080893
432272010054.9604             0.0021793616
432272987112.2068             0.004484067
432273964169.4532             -0.00063917285
432274941226.69965            0.00028287453
432275918283.94604            -0.005899407
432276895341.19244            -0.0034877346
432277872398.4389             -0.0015098585
432278849455.6853             0.0068490403
432279826512.9317             0.0039216015
432280803570.17816            -2.4352763e-05
432281780627.42456            -0.011792164
432282757684.67096            -0.019827481
432283734741.9174             -0.024411215
432284711799.1638             -0.014821079
432285688856.4102             -0.008931651
432286665913.6567             -0.008992008
432287642970.9031             0.0041821683
432288620028.1495             -0.009548077
432289597085.39594            -0.00010976911
432290574142.64233            -0.0011003842
432291551199.88873            0.0025870604
432292528257.1352             -0.005126848
432293505314.3816             -0.003779797
432294482371.628              -0.0021109045
432295459428.87445            -0.00027289224
432296436486.12085            0.0027670104
432297413543.36725            0.01663515
432298390600.6137             0.010743551
432299367657.8601             0.003813805
432300344715.1065             -0.0055356314
432301321772.35297            -0.0067333286
432302298829.59937            0.0022531212
432303275886.84576            0.009366675
432304252944.0922             -0.0025510634
432305230001.3386             0.0073653515
432306207058.585              0.0012704876
432307184115.8315             -0.008360222
432308161173.0779             -0.0014061873
432309138230.3243             0.0029551992
432310115287.57074            0.0072876466
432311092344.81714            0.0060267425
432312069402.06354            0.0044630016
432313046459.31               0.0043789768
432314023516.5564             0.001239403
432315000573.8028             -0.00037811036
432315977631.04926            0.012418025
432316954688.29565            0.0058417716
432317931745.54205            0.006565081
432318908802.7885             0.00012113996
432319885860.0349             -0.003637103
432320862917.2813             -0.01663982
432321839974.5278             -0.002175019
432322817031.7742             0.0057247286
432323794089.02057            0.0048304074
432324771146.267              0.0017283891
432325748203.5134             0.000117650576
432326725260.7598             0.008030164
432327702318.0063             0.00547037
432328679375.2527             -0.0043098526
432329656432.49915            -0.005006853
432330633489.74554            -0.008233936
432331610546.99194            -0.00017281677
432332587604.2384             0.00534507
432333564661.4848             0.008248371
432334541718.7312             0.00090008
432335518775.97766            -0.0026805704
432336495833.22406            0.007045257
432337472890.47046            -0.008116089
432338449947.7169             -0.010512295
432339427004.9633             0.0041892324
432340404062.2097             0.0065166196
432341381119.4562             -0.007561034
432342358176.7026             -0.009896604
432343335233.949              0.004091421
432344312291.19543            0.003587169
432345289348.44183            0.0103995595
432346266405.68823            0.007867629
432347243462.9347             0.0034415703
432348220520.1811             0.0064378856
432349197577.4275             -0.001974288
432350174634.67395            -0.0055703456
432351151691.92035            0.0016379538
432352128749.16675            -0.0036500436
432353105806.4132             -0.0046507837
432354082863.6596             -0.020014923
432355059920.906              -0.009145923
432356036978.15247            -0.010868374
432357014035.39886            -0.0030623595
432357991092.64526            -0.006966968
432358968149.8917             -0.008133585
432359945207.1381             -0.0033399756
432360922264.3845             -0.009987421
432361899321.631              -0.013156024
432362876378.8774             0.008539886
432363853436.1238             0.009355797
432364830493.37024            0.0046327296
432365807550.61664            0.010294294
432366784607.86304            0.002405459
432367761665.1095             -0.0041126492
432368738722.3559             -0.003467432
432369715779.6023             -0.0061648423
432370692836.84875            0.000830098
432371669894.09515            0.0009209571
432372646951.34155            -0.003211698
432373624008.588              0.0010746222
432374601065.8344             -0.0033542742
432375578123.0808             -0.0026395677
432376555180.3273             0.010137292
432377532237.57367            0.0029141086
432378509294.82007            -0.0072163213
432379486352.0665             -0.0151773
432380463409.3129             0.0015374443
432381440466.5593             -0.0044024247
432382417523.8058             -0.005890498
432383394581.0522             -0.007513664
432384371638.2986             -0.01338287
432385348695.54504            -0.0059698103
432386325752.79144            -0.0017538274
432387302810.03784            -0.003040753
432388279867.2843             0.0022160904
432389256924.5307             0.004355758
432390233981.7771             0.002606974
432391211039.02356            0.007607335
432392188096.26996            0.0029636067
432393165153.5164             0.003157129
432394142210.7628             0.0029659413
432395119268.0092             0.0028505346
432396096325.2557             0.008392702
432397073382.5021             -0.0055794874
432398050439.7485             3.7375063e-05
432399027496.99493            -0.0046860524
432400004554.24133            -0.0101637235
432400981611.48773            0.00086156395
432401958668.7342             0.0027773709
432402935725.9806             0.004642649
432403912783.227              0.0015299192
432404889840.47345            -0.0037497736
432405866897.71985            0.004896931
432406843954.96625            -0.003877035
432407821012.2127             -0.009385322
432408798069.4591             0.0005288431
432409775126.7055             -7.174573e-05
432410752183.95197            -0.0062124315
432411729241.19836            -0.0031056209
432412706298.44476            -0.007113383
432413683355.6912             -0.010402501
432414660412.9376             0.0056931367
432415637470.184              -0.000955616
432416614527.4305             0.0009114521
432417591584.6769             0.0018946693
432418568641.9233             -0.0020681901
432419545699.16974            -0.0016389599
432420522756.41614            0.00332083
432421499813.66254            0.0037901527
432422476870.909              0.0035187271
432423453928.1554             -0.009236571
432424430985.4018             -0.0062972596
432425408042.64825            -0.0030358874
432426385099.89465            -0.0012970084
432427362157.14105            -0.0011192232
432428339214.3875             -0.0043616462
432429316271.6339             0.008545201
432430293328.8803             0.004441682
432431270386.1268             0.00012115407
432432247443.37317            0.0024146729
432433224500.61957            0.010065778
432434201557.866              0.0024091275
432435178615.1124             0.009785354
432436155672.3588             0.017442258
432437132729.6053             0.004039138
432438109786.8517             0.004514765
432439086844.0981             0.0043041673
432440063901.34454            -0.009117046
432441040958.59094            -0.0075821606
432442018015.83734            0.0024966968
432442995073.0838             0.0044225976
432443972130.3302             0.0031658867
432444949187.5766             -0.008238111
432445926244.82306            0.007058563
432446903302.06946            -0.0014108217
432447880359.31586            -0.01534773
432448857416.5623             -0.013001133
432449834473.8087             -0.009516693
432450811531.0551             0.0019163962
432451788588.3016             0.006096866
432452765645.548              -0.006989156
432453742702.7944             0.0037748115
432454719760.04083            -0.015464291
432455696817.28723            -0.009839585
432456673874.5337             0.0072527705
432457650931.7801             0.006945038
432458627989.0265             -0.0016322602
432459605046.27295            -0.0076764445
432460582103.51935            -0.014709631
432461559160.76575            -0.0072192578
432462536218.0122             0.0066287555
432463513275.2586             0.01157402
432464490332.505              0.0033689775
432465467389.75146            0.006431996
432466444446.99786            0.004394876
432467421504.24426            -0.0017501084
432468398561.4907             0.004693864
432469375618.7371             0.0034875835
432470352675.9835             -0.0022167189
432471329733.23               -0.003309554
432472306790.4764             -0.011808812
432473283847.7228             -0.0080760615
432474260904.96924            0.0030959076
432475237962.21564            -0.0053903125
432476215019.46204            -0.004827443
432477192076.7085             -0.0047584213
432478169133.9549             -0.0051755942
432479146191.2013             -0.010798049
432480123248.44775            -0.015388112
432481100305.69415            -0.0026987968
432482077362.94055            -0.0020669377
432483054420.187              0.0012538019
432484031477.4334             -0.0055746287
432485008534.6798             0.002106066
432485985591.9263             -0.0010382762
432486962649.17267            -0.0053024394
432487939706.41907            -0.0029324188
432488916763.6655             0.010034882
432489893820.9119             0.013453345
432490870878.1583             -0.0029371474
432491847935.4048             -0.0018741802
432492824992.6512             0.004959033
432493802049.8976             -0.00091956276
432494779107.14404            0.005304819
432495756164.39044            -0.0040601534
432496733221.63684            -0.008296081
432497710278.8833             0.016312296
432498687336.1297             0.018662812
432499664393.3761             0.0019564482
432500641450.62256            -0.013486903
432501618507.86896            -0.0074698674
432502595565.11536            -0.0028048109
432503572622.3618             0.002331742
432504549679.6082             0.0021576595
432505526736.8546             0.0037055977
432506503794.1011             0.0013271822
432507480851.3475             0.0036115216
432508457908.5939             0.01429346
432509434965.84033            0.0047620507
432510412023.08673            -0.0035068672
432511389080.3331             -0.00081097
432512366137.5796             -0.0063173766
432513343194.826              0.0007208837
432514320252.0724             -0.0041118697
432515297309.31885            0.0058624395
432516274366.56525            0.013807108
432517251423.81165            0.0025624826
432518228481.0581             0.0063314033
432519205538.3045             -0.009812702
432520182595.5509             -0.00597447
432521159652.79736            0.012486101
432522136710.04376            0.009856188
432523113767.2902             -0.0055160965
432524090824.5366             -0.0029406925
432525067881.783              -0.0018377225
432526044939.0295             0.0041171117
432527021996.2759             -0.0040097074
432527999053.5223             0.0013182434
432528976110.76874            0.0014675446
432529953168.01514            0.004372466
432530930225.26154            0.0072007664
432531907282.508              0.0009195176
432532884339.7544             0.001162884
432533861397.0008             0.00731209
432534838454.24725            0.008241528
432535815511.49365            -0.003907269
432536792568.74005            -0.002389646
432537769625.9865             -0.0032373217
432538746683.2329             -0.0004835552
432539723740.4793             -0.017859107
432540700797.72577            -0.009204426
432541677854.97217            9.49124e-05
432542654912.21857            0.0008523614
432543631969.465              0.0029719055
432544609026.7114             0.0013857188
432545586083.9578             -0.006760873
432546563141.2043             -0.0065697157
432547540198.4507             -0.0114696175
432548517255.6971             -0.006200926
432549494312.94354            -0.009612831
432550471370.18994            0.0003694802
432551448427.43634            -0.005773435
432552425484.6828             -0.012020606
432553402541.9292             -0.0007955544
432554379599.1756             0.0056884643
432555356656.42206            -0.004048678
432556333713.66846            -0.0071955617
432557310770.91486            0.002572881
432558287828.1613             -0.0054386957
432559264885.4077             -0.00090609083
432560241942.6541             -0.008022188
432561218999.9006             -0.009015713
432562196057.147              -0.009680101
432563173114.3934             -0.0005263913
432564150171.63983            0.0033067425
432565127228.8862             -0.016429815
432566104286.1326             -0.009797467
432567081343.3791             0.00039018574
432568058400.6255             -0.007669196
432569035457.8719             -0.003924958
432570012515.11835            -0.0028599512
432570989572.36475            -0.008928749
432571966629.61115            -0.007451477
432572943686.8576             -0.0076959003
432573920744.104              -0.009187379
432574897801.3504             -0.005976993
432575874858.59686            0.0026692676
432576851915.84326            0.0065457467
432577828973.08966            0.0009404078
432578806030.3361             0.004693945
432579783087.5825             -0.0038496756
432580760144.8289             0.0027790081
432581737202.0754             0.0029995735
432582714259.3218             0.0015191011
432583691316.5682             -0.0031470477
432584668373.81464            -5.7509063e-05
432585645431.06104            0.015405445
432586622488.3075             0.01538175
432587599545.5539             -0.00069058285
432588576602.8003             -0.005370641
432589553660.04675            0.012483829
432590530717.29315            -0.0070905755
432591507774.53955            -0.005508268
432592484831.786              0.016633557
432593461889.0324             0.0057858834
432594438946.2788             -0.018819336
432595416003.52527            -0.007325474
432596393060.77167            -0.008598971
432597370118.01807            -0.007101822
432598347175.2645             0.022073872
432599324232.5109             0.012367055
432600301289.7573             -0.003509064
432601278347.0038             -0.0019050057
432602255404.2502             0.00092623907
432603232461.4966             -0.001957987
432604209518.74304            -0.016009951
432605186575.98944            -0.005319536
432606163633.23584            0.0027046625
432607140690.4823             -0.007177493
432608117747.7287             -0.005476207
432609094804.9751             -0.0081914775
432610071862.22156            -0.010745528
432611048919.46796            -0.0072296998
432612025976.71436            0.0034325058
432613003033.9608             0.013612932
432613980091.2072             0.017418524
432614957148.4536             0.024910606
432615934205.7001             0.011738966
432616911262.9465             -0.012908773
432617888320.1929             -0.011249585
432618865377.43933            0.0005244887
432619842434.6857             0.0014069598
432620819491.9321             -0.00014246865
432621796549.1786             0.000109098866
432622773606.425              -0.007912266
432623750663.6714             -0.0057127927
432624727720.91785            0.006970047
432625704778.16425            0.0058230856
432626681835.41064            0.00248477
432627658892.6571             0.004783378
432628635949.9035             0.004634711
432629613007.1499             0.003422663
432630590064.39636            0.0100877555
432631567121.64276            0.010862129
432632544178.88916            0.013616027
432633521236.1356             0.0011355808
432634498293.382              -0.017899912
432635475350.6284             -0.0044882162
432636452407.8749             0.0014206487
432637429465.1213             0.0057741543
432638406522.3677             0.0048773396
432639383579.61414            0.0068784505
432640360636.86053            0.013720866
432641337694.10693            0.0056106383
432642314751.3534             0.007784416
432643291808.5998             0.0004355171
432644268865.8462             -0.008001543
432645245923.09265            -0.010112476
432646222980.33905            -0.011547931
432647200037.58545            -0.01453508
432648177094.8319             -0.0002844715
432649154152.0783             0.008821308
432650131209.3247             0.0027102253
432651108266.57117            -0.0036799829
432652085323.81757            -0.011883637
432653062381.064              -0.012926668
432654039438.3104             -0.0068854317
432655016495.5568             0.009972189
432655993552.8033             0.0053227833
432656970610.0497             -0.006455523
432657947667.2961             -0.002844018
432658924724.54254            0.0040443134
432659901781.78894            -0.004266968
432660878839.03534            -0.015104445
432661855896.2818             -0.022926433
432662832953.5282             -0.014886338
432663810010.7746             -0.0037162916
432664787068.02106            0.006549193
432665764125.26746            0.011791153
432666741182.51385            0.008131228
432667718239.7603             0.00050824694
432668695297.0067             0.02126192
432669672354.2531             0.016421346
432670649411.4996             -0.004463321
432671626468.746              -0.0053122924
432672603525.9924             -0.007027465
432673580583.23883            0.001481807
432674557640.4852             0.010369843
432675534697.7316             -0.0005560187
432676511754.9781             -0.009912775
432677488812.2245             -0.0028117874
432678465869.4709             -0.0065101893
432679442926.71735            0.002570065
432680419983.96375            0.002161857
432681397041.21014            0.00071035366
432682374098.4566             0.007446798
432683351155.703              -0.00030546234
432684328212.9494             0.0021136322
432685305270.19586            0.0023614988
432686282327.44226            -0.0011705951
432687259384.68866            0.0015805601
432688236441.9351             0.0008506474
432689213499.1815             -0.011860078
432690190556.4279             -0.008993709
432691167613.6744             0.00021701904
432692144670.9208             -0.0018202037
432693121728.1672             -0.01031314
432694098785.41364            -0.000984714
432695075842.66003            0.006766583
432696052899.90643            0.011494985
432697029957.1529             0.0039083613
432698007014.3993             -0.008102967
432698984071.6457             0.007831406
432699961128.89215            0.008125802
432700938186.13855            0.00055813347
432701915243.38495            -0.012367333
432702892300.6314             -0.010957819
432703869357.8778             -0.011371329
432704846415.1242             -0.0043594795
432705823472.37067            -0.014219643
432706800529.61707            -0.0071678637
432707777586.86346            0.004115993
432708754644.1099             -0.0079094535
432709731701.3563             0.00025832703
432710708758.6027             0.0050476817
432711685815.8492             0.018893179
432712662873.0956             0.004365954
432713639930.342              -0.0035914097
432714616987.58844            -0.007890134
432715594044.83484            0.001276004
432716571102.0813             0.0065566557
432717548159.3277             0.008976641
432718525216.5741             0.0067580766
432719502273.82056            -0.006932426
432720479331.06696            -0.014279627
432721456388.31335            0.0016449752
432722433445.5598             -0.0008197954
432723410502.8062             -0.004915857
432724387560.0526             -0.004826854
432725364617.2991             0.00011671077
432726341674.5455             0.012287471
432727318731.7919             0.007395476
432728295789.0383             -0.013693644
432729272846.2847             -0.024113901
432730249903.5311             -0.015252349
432731226960.7776             -0.0005302862
432732204018.024              0.005478043
432733181075.2704             0.002605903
432734158132.51685            -0.006632079
432735135189.76324            -0.008076319
432736112247.00964            -0.007881414
432737089304.2561             -0.012044232
432738066361.5025             -0.010738889
432739043418.7489             0.0022832898
432740020475.99536            -0.0025876637
432740997533.24176            0.0022228311
432741974590.48816            -0.015013775
432742951647.7346             -0.018098202
432743928704.981              0.0067182193
432744905762.2274             -0.0038404057
432745882819.4739             -0.0018178191
432746859876.7203             -0.007041327
432747836933.9667             -0.003288877
432748813991.21313            -0.008917341
432749791048.45953            -0.010955336
432750768105.70593            -0.014864717
432751745162.9524             0.0042664153
432752722220.1988             0.0144353835
432753699277.4452             0.013849941
432754676334.69165            0.0034882606
432755653391.93805            0.008786254
432756630449.18445            0.0016170836
432757607506.4309             -0.015891926
432758584563.6773             -0.0014753132
432759561620.9237             0.0015818197
432760538678.17017            0.0074647614
432761515735.41656            0.0053184982
432762492792.66296            -0.0010479706
432763469849.9094             0.0071116085
432764446907.1558             0.0056130565
432765423964.4022             -0.011523786
432766401021.6487             -0.008143393
432767378078.8951             -0.012497935
432768355136.1415             -0.0010603134
432769332193.38794            -0.0005795811
432770309250.63434            0.009459475
432771286307.88074            0.0018437246
432772263365.1272             -0.007328406
432773240422.3736             -0.011754925
432774217479.62               9.010485e-05
432775194536.86646            -0.00097176095
432776171594.11285            -0.010280255
432777148651.35925            -0.0074170725
432778125708.6057             -0.010868154
432779102765.8521             -0.026778957
432780079823.0986             -0.0070009087
432781056880.345              -0.0025462739
432782033937.5914             -0.0015109634
432783010994.8378             -0.015531149
432783988052.0842             -0.010837772
432784965109.3306             0.009471184
432785942166.5771             0.0053719566
432786919223.8235             0.0026686408
432787896281.0699             -0.0067597213
432788873338.31635            0.0004886228
432789850395.56274            0.0012439941
432790827452.80914            -0.0062509123
432791804510.0556             -0.0037221934
432792781567.302              -0.0038192628
432793758624.5484             -0.004843302
432794735681.79486            -0.003625643
432795712739.04126            -0.004152851
432796689796.28766            -0.00885822
432797666853.5341             -0.012267083
432798643910.7805             0.0033099793
432799620968.0269             0.0063013113
432800598025.2734             -0.008034787
432801575082.5198             0.006008712
432802552139.7662             -0.0025539373
432803529197.01263            0.01084492
432804506254.25903            0.009983238
432805483311.50543            0.0030125263
432806460368.7519             0.011873316
432807437425.9983             0.01062471
432808414483.2447             0.007689868
432809391540.49115            -0.0058362526
432810368597.73755            -0.008630682
432811345654.98395            0.006985085
432812322712.2304             0.010580281
432813299769.4768             0.0051349755
432814276826.7232             0.0011146583
432815253883.96967            -0.010592975
432816230941.21606            0.0058311853
432817207998.46246            0.007591225
432818185055.7089             0.0024469804
432819162112.9553             0.0077871387
432820139170.2017             0.0005243638
432821116227.4482             -0.004129621
432822093284.6946             0.00075128564
432823070341.941              -0.014960712
432824047399.18744            -0.012038554
432825024456.43384            0.003984484
432826001513.68024            0.0105038
432826978570.9267             0.012335638
432827955628.1731             -0.00244307
432828932685.4195             -0.0118647935
432829909742.66595            -0.0007620819
432830886799.91235            -0.003487112
432831863857.15875            -0.0037535897
432832840914.4052             0.0062959967
432833817971.6516             0.015525209
432834795028.898              0.01505406
432835772086.1445             0.014486802
432836749143.39087            0.0066266726
432837726200.63727            -0.003988413
432838703257.8837             0.00996251
432839680315.1301             0.0050024334
432840657372.3765             -0.006592395
432841634429.623              0.0055092894
432842611486.8694             0.010365221
432843588544.11584            -0.0052123154
432844565601.36224            -0.009859027
432845542658.60864            0.0050840923
432846519715.8551             0.001647847
432847496773.1015             -0.0043726936
432848473830.3479             -0.00029349833
432849450887.59436            -0.0023287763
432850427944.84076            -0.002718417
432851405002.08716            -0.00017582014
432852382059.3336             0.010472136
432853359116.58               0.0045926725
432854336173.8264             -0.008192909
432855313231.0729             -0.003464207
432856290288.3193             0.016648196
432857267345.5657             0.0128477225
432858244402.81213            0.0005708293
432859221460.05853            -0.010508033
432860198517.30493            -0.0052874186
432861175574.5514             -0.014324866
432862152631.7978             -0.011678793
432863129689.0442             -0.009851712
432864106746.29065            -0.008352042
432865083803.53705            0.0047061993
432866060860.78345            -0.0019273013
432867037918.0299             -0.0044169608
432868014975.2763             -0.0077418676
432868992032.5227             0.010282649
432869969089.76917            0.008083546
432870946147.01556            -0.003701408
432871923204.26196            0.0016140135
432872900261.5084             0.0005386069
432873877318.7548             1.6334159e-06
432874854376.0012             0.004720146
432875831433.2477             0.00031787044
432876808490.4941             -0.0014298424
432877785547.7405             -0.00066366687
432878762604.98694            0.0014451783
432879739662.23334            0.007631182
432880716719.47974            0.0067178104
432881693776.7262             -0.008676685
432882670833.9726             -8.211978e-06
432883647891.219              -0.008118163
432884624948.46545            0.0022681903
432885602005.71185            -0.006669806
432886579062.95825            0.0009423982
432887556120.2047             0.011323395
432888533177.4511             0.016440315
432889510234.6975             0.01978546
432890487291.944              0.021490663
432891464349.19037            0.0023398022
432892441406.43677            0.0011144308
432893418463.6832             0.00038959258
432894395520.9296             -0.004366617
432895372578.176              -0.008253158
432896349635.4225             -0.007305669
432897326692.6689             0.004832628
432898303749.9153             0.0017655649
432899280807.16174            0.0063470434
432900257864.40814            -0.006388594
432901234921.65454            -0.00030342705
432902211978.901              0.012256277
432903189036.1474             -0.0039747646
432904166093.3938             -0.011811418
432905143150.64026            -0.016677426
432906120207.88666            0.0037555739
432907097265.13306            0.0046976293
432908074322.3795             0.0076597882
432909051379.6259             0.00312969
432910028436.8724             -0.010539016
432911005494.1188             -0.011752984
432911982551.3652             -0.015812853
432912959608.61163            -0.0063986615
432913936665.85803            0.006541261
432914913723.10443            -0.0021229282
432915890780.3509             0.006748909
432916867837.5973             0.011712198
432917844894.8437             -0.0032573736
432918821952.09015            0.002572551
432919799009.33655            -0.024652539
432920776066.58295            -0.010212727
432921753123.8294             -0.0036344428
432922730181.0758             -0.0043560164
432923707238.3222             -0.0010222687
432924684295.56866            -0.005962346
432925661352.81506            -0.0019251078
432926638410.06146            0.010371722
432927615467.3079             0.0045662755
432928592524.5543             -0.0047395234
432929569581.8007             -0.005824795
432930546639.0472             0.005722213
432931523696.2936             -0.0034513145
432932500753.54               -0.010027791
432933477810.78644            -0.019141583
432934454868.03284            -0.011082563
432935431925.27924            -0.0084782485
432936408982.5257             -0.0013111085
432937386039.7721             0.009109617
432938363097.0185             0.0058322875
432939340154.26495            0.0009068405
432940317211.51135            -0.014047841
432941294268.75775            -0.010608665
432942271326.0042             0.010188566
432943248383.2506             0.0083709825
432944225440.497              -0.0030547087
432945202497.74347            0.006596914
432946179554.98987            0.0026850635
432947156612.23627            0.020508533
432948133669.4827             0.010832986
432949110726.7291             -0.0006743827
432950087783.9755             -0.009254858
432951064841.222              -0.0073961574
432952041898.4684             0.0002391293
432953018955.7148             -0.014953389
432953996012.96124            -0.0026001162
432954973070.20764            0.008329848
432955950127.45404            -0.011048914
432956927184.7005             -0.019784203
432957904241.9469             -0.020865344
432958881299.1933             -0.013589364
432959858356.43976            -0.014155702
432960835413.68616            -0.004609865
432961812470.93256            -0.0036235428
432962789528.179              0.0019811513
432963766585.4254             -0.002372161
432964743642.6718             -1.1821015e-05
432965720699.9183             -0.00024145425
432966697757.1647             0.015035301
432967674814.4111             0.0012294629
432968651871.65753            -0.0062244055
432969628928.90393            -0.004967003
432970605986.1503             -0.010771669
432971583043.3968             -0.0053351168
432972560100.6432             0.014938309
432973537157.88965            0.004674793
432974514215.13605            0.00012202812
432975491272.38245            0.005724607
432976468329.6289             0.015868565
432977445386.8753             -0.0034327335
432978422444.1217             -0.0010165634
432979399501.36816            -0.012308805
432980376558.61456            -0.0046148063
432981353615.86096            -0.0066350303
432982330673.1074             -0.0035149304
432983307730.3538             -0.0048375763
432984284787.6002             0.0038472353
432985261844.8467             0.0020933195
432986238902.0931             -0.0017730525
432987215959.3395             -0.00664304
432988193016.58594            -0.0008811331
432989170073.83234            -0.0073466976
432990147131.07874            -0.01102204
432991124188.3252             0.011613152
432992101245.5716             0.020126432
432993078302.818              0.0066789775
432994055360.06445            0.0074992036
432995032417.31085            0.011259901
432996009474.55725            0.012662054
432996986531.8037             0.01795543
432997963589.0501             -0.00708687
432998940646.2965             0.012535853
432999917703.54297            0.01143518
433000894760.78937            0.01403123
433001871818.03577            0.0133466385
433002848875.2822             0.00637473
433003825932.5286             -0.0028866497
433004802989.775              0.0060616415
433005780047.0215             0.0081918575
433006757104.2679             0.006803402
433007734161.5143             0.009621773
433008711218.76074            -0.0012028653
433009688276.00714            0.014745204
433010665333.25354            0.022051767
433011642390.5                0.0038383934
433012619447.7464             0.00063035835
433013596504.9928             -0.010028026
433014573562.23926            -0.004933419
433015550619.48566            0.011642626
433016527676.73206            0.021143582
433017504733.9785             0.0068053547
433018481791.2249             0.014356767
433019458848.4713             0.008028499
433020435905.7178             0.0036798052
433021412962.9642             -0.0072929305
433022390020.2106             -0.007833766
433023367077.45703            1.5038451e-05
433024344134.7034             0.0017744916
433025321191.9498             0.0071300445
433026298249.1963             -0.00097477215
433027275306.4427             -0.007851273
433028252363.6891             -0.013231747
433029229420.93555            0.001682586
433030206478.18195            0.014148103
433031183535.42834            0.0099267345
433032160592.6748             0.0056766365
433033137649.9212             -0.0004725121
433034114707.1676             0.020119904
433035091764.41406            0.0038850904
433036068821.66046            -0.0053258287
433037045878.90686            0.010125247
433038022936.1533             -0.0026201026
433038999993.3997             0.0059359935
433039977050.6462             0.0048224973
433040954107.8926             0.0007508676
433041931165.139              0.008517379
433042908222.38544            0.012324782
433043885279.63184            0.005169855
433044862336.87823            0.019855112
433045839394.1247             0.026112178
433046816451.3711             0.011335262
433047793508.6175             0.008801965
433048770565.86395            0.021668047
433049747623.11035            0.018387916
433050724680.35675            0.0064473087
433051701737.6032             0.00091332383
433052678794.8496             -1.7772738e-05
433053655852.096              0.014942795
433054632909.34247            0.013158345
433055609966.58887            0.021659179
433056587023.83527            0.002656983
433057564081.0817             -0.0012928213
433058541138.3281             0.005834825
433059518195.5745             0.0061779977
433060495252.821              -0.0022431747
433061472310.0674             -0.0057996674
433062449367.3138             -0.00809512
433063426424.56024            -0.011704327
433064403481.80664            -0.009394262
433065380539.05304            0.0047564562
433066357596.2995             -0.010248186
433067334653.5459             -0.020421697
433068311710.7923             -0.006396428
433069288768.03876            0.011708744
433070265825.28516            0.015390278
433071242882.53156            0.015651707
433072219939.778              0.024160096
433073196997.0244             0.011646014
433074174054.2708             -0.009474203
433075151111.5173             0.011915255
433076128168.7637             0.013294167
433077105226.0101             0.0034611616
433078082283.25653            0.0071207555
433079059340.5029             0.013328093
433080036397.7493             -0.00021411433
433081013454.9958             -0.0035196384
433081990512.2422             -0.001993933
433082967569.4886             0.003106293
433083944626.73505            0.012347032
433084921683.98145            0.015410099
433085898741.22784            -0.00017014655
433086875798.4743             -0.0011685246
433087852855.7207             -0.006665913
433088829912.9671             -0.0047107562
433089806970.21356            0.017674042
433090784027.45996            0.0032684603
433091761084.70636            -0.0011169282
433092738141.9528             0.0035316562
433093715199.1992             0.012600815
433094692256.4456             0.009966895
433095669313.6921             0.008514969
433096646370.9385             -0.008287664
433097623428.1849             -0.0025294407
433098600485.43134            0.0116746165
433099577542.67773            0.012508022
433100554599.92413            -0.0021282071
433101531657.1706             -0.0071171946
433102508714.417              -0.0037325276
433103485771.66345            -0.0023518447
433104462828.90985            -0.004672306
433105439886.15625            -0.009076466
433106416943.4027             -0.011689541
433107394000.6491             -0.004066453
433108371057.8955             -0.0040386133
433109348115.14197            0.012385684
433110325172.38837            0.007936777
433111302229.63477            0.0013435702
433112279286.8812             0.0032321946
433113256344.1276             0.0024699643
433114233401.374              -0.0020858152
433115210458.6205             -0.0025730077
433116187515.8669             -0.0028126037
433117164573.1133             -0.009198529
433118141630.35974            -0.0040595997
433119118687.60614            0.00049207226
433120095744.85254            -0.009759397
433121072802.099              0.011346431
433122049859.3454             -0.0017733314
433123026916.5918             -0.013884763
433124003973.83826            -0.0007828528
433124981031.08466            -0.008707607
433125958088.33105            -0.0057571847
433126935145.5775             0.00072001526
433127912202.8239             0.0016125763
433128889260.0703             0.0026042655
433129866317.3168             -0.009739282
433130843374.5632             -0.0052145137
433131820431.8096             -0.0056911926
433132797489.056              0.002947402
433133774546.3024             0.008113508
433134751603.5488             0.0063828346
433135728660.7953             -0.0066274344
433136705718.0417             0.009149808
433137682775.2881             0.006800141
433138659832.53455            0.005867185
433139636889.78094            0.007174335
433140613947.02734            0.0037123964
433141591004.2738             -5.6395307e-05
433142568061.5202             0.008801434
433143545118.7666             0.013752021
433144522176.01306            0.012523811
433145499233.25946            0.016485995
433146476290.50586            0.014847606
433147453347.7523             0.0069030337
433148430404.9987             -0.005066239
433149407462.2451             -0.011898515
433150384519.4916             -0.004968602
433151361576.738              0.00090393226
433152338633.9844             0.0003549846
433153315691.23083            0.0090780975
433154292748.47723            0.015786173
433155269805.72363            0.0047131423
433156246862.9701             -0.008493234
433157223920.2165             0.01336802
433158200977.4629             0.017782431
433159178034.70935            0.00023771022
433160155091.95575            -0.008067679
433161132149.20215            -0.019282658
433162109206.4486             -2.862786e-05
433163086263.695              0.015630506
433164063320.9414             -0.0070328596
433165040378.18787            -3.6630467e-05
433166017435.43427            -0.008733784
433166994492.6807             -0.01629634
433167971549.9271             -0.0112140775
433168948607.1735             -0.010887363
433169925664.42               0.008598059
433170902721.6664             0.008456231
433171879778.9128             -0.007152578
433172856836.15924            0.008712747
433173833893.40564            0.0014500126
433174810950.65204            0.009750118
433175788007.8985             0.012357569
433176765065.1449             0.0066719474
433177742122.3913             -0.0038032546
433178719179.63776            -0.011306258
433179696236.88416            -0.0038869237
433180673294.13055            -0.0038023745
433181650351.377              -0.0069610034
433182627408.6234             0.0239806
433183604465.8698             0.010707081
433184581523.1163             0.0043002972
433185558580.3627             0.011606933
433186535637.6091             0.0050402055
433187512694.8555             0.007617112
433188489752.1019             0.0026617465
433189466809.3483             -0.0071066627
433190443866.5948             -0.021438748
433191420923.8412             -0.009578841
433192397981.0876             0.00477129
433193375038.33405            -0.0040480057
433194352095.58044            0.0040412457
433195329152.82684            0.0024773686
433196306210.0733             -0.0031317396
433197283267.3197             0.0014076687
433198260324.5661             0.006769749
433199237381.81256            0.005448679
433200214439.05896            0.009841663
433201191496.30536            0.003617293
433202168553.5518             -0.014810761
433203145610.7982             -0.0074574533
433204122668.0446             -0.009992221
433205099725.2911             0.008101797
433206076782.5375             0.004589694
433207053839.7839             -0.0045715445
433208030897.03033            0.006998307
433209007954.27673            0.0026702478
433209985011.52313            -0.010683567
433210962068.7696             -0.016243309
433211939126.016              -0.005192446
433212916183.2624             0.0016371853
433213893240.50885            -0.0008857575
433214870297.75525            0.010627023
433215847355.00165            -0.0015110703
433216824412.2481             -0.004350211
433217801469.4945             -0.0008000012
433218778526.7409             -0.002681448
433219755583.98737            -0.006787023
433220732641.23376            -0.008579187
433221709698.48016            0.002188677
433222686755.7266             -0.0045776493
433223663812.973              -0.00094
433224640870.2194             -0.011475848
433225617927.4659             -0.020589234
433226594984.7123             -0.014518751
433227572041.9587             -0.0001200699
433228549099.20514            -0.009220486
433229526156.45154            0.0011216422
433230503213.698              0.018540911
433231480270.9444             0.0024135364
433232457328.1908             -0.005801391
433233434385.43726            0.0021229344
433234411442.68365            0.0075189606
433235388499.93005            0.0031110432
433236365557.1765             -0.006823629
433237342614.4229             -0.009525098
433238319671.6693             0.0005782263
433239296728.9158             0.009821785
433240273786.1622             0.008750025
433241250843.40857            0.0070334114
433242227900.655              -4.1722848e-05
433243204957.9014             -0.008218782
433244182015.1478             -0.013231723
433245159072.3943             -0.0022729603
433246136129.6407             0.0055164155
433247113186.8871             0.0066553336
433248090244.13354            0.0011829329
433249067301.37994            -0.003433951
433250044358.62634            0.013235953
433251021415.8728             0.004228754
433251998473.1192             -0.007924239
433252975530.3656             -0.0008631343
433253952587.61206            0.0047668866
433254929644.85846            0.014357734
433255906702.10486            0.008516308
433256883759.3513             0.005637915
433257860816.5977             0.008638579
433258837873.8441             0.010621567
433259814931.0906             -0.019066775
433260791988.337              -0.02127369
433261769045.5834             -0.010850233
433262746102.82983            -0.003082604
433263723160.07623            -0.015138273
433264700217.32263            -0.0061081573
433265677274.5691             0.0035781616
433266654331.8155             0.00010808308
433267631389.0619             -0.0012797593
433268608446.30835            0.0031987657
433269585503.55475            0.0013962904
433270562560.80115            -0.005787965
433271539618.0476             -0.0007490256
433272516675.294              -0.0041595344
433273493732.5404             -0.0034952438
433274470789.78687            0.0019179106
433275447847.03326            -0.004136277
433276424904.27966            -0.010874596
433277401961.5261             -0.011137174
433278379018.7725             0.003665585
433279356076.0189             -0.013088108
433280333133.2654             0.0011130994
433281310190.5118             0.003090197
433282287247.7582             0.0051367013
433283264305.00464            -0.011812554
433284241362.25104            -0.013606449
433285218419.49744            0.0019843518
433286195476.7439             -0.0022158194
433287172533.9903             -0.0051539377
433288149591.2367             -0.0065797353
433289126648.48315            -0.004055652
433290103705.72955            -0.009712358
433291080762.97595            -0.0019208271
433292057820.2224             0.00020277414
433293034877.4688             -0.0023890089
433294011934.7152             -0.025726134
433294988991.9617             -0.014812109
433295966049.20807            0.013866121
433296943106.4545             0.0020239158
433297920163.7009             -0.005914729
433298897220.9473             -0.015903773
433299874278.1938             0.008580532
433300851335.4402             0.016700976
433301828392.6866             0.016161276
433302805449.93304            0.004406033
433303782507.17944            -0.0019474168
433304759564.42584            -0.00052619155
433305736621.6723             -0.011886193
433306713678.9187             -0.00037474986
433307690736.1651             0.0010313807
433308667793.41156            0.003959158
433309644850.65796            0.006907009
433310621907.90436            -0.0032018337
433311598965.1508             -0.0149533665
433312576022.3972             -0.009744766
433313553079.6436             -0.013960458
433314530136.8901             -0.010966467
433315507194.1365             -0.0043046274
433316484251.3829             0.0016657583
433317461308.62933            -0.0074602966
433318438365.87573            -0.012769366
433319415423.12213            -0.004604714
433320392480.3686             0.008968302
433321369537.615              0.0033028647
433322346594.8614             0.0034672916
433323323652.10785            9.068638e-05
433324300709.35425            -0.005977064
433325277766.60065            0.0078074196
433326254823.8471             0.010807791
433327231881.0935             -0.0001195772
