696082459851.5                0.04014639
696083436952.814              0.03130868
696084414054.1279             0.0147948
696085391155.4419             -0.08739926
696086368256.7559             -0.009375289
696087345358.07               0.029604102
696088322459.3839             -0.024088247
696089299560.6979             0.0078034485
696090276662.0118             0.039761
696091253763.3258             0.004088987
696092230864.6398             -0.022440726
696093207965.9537             0.0599685
696094185067.2677             0.0047254316
696095162168.5817             -0.014137688
696096139269.8956             -0.02888724
696097116371.2097             -0.106865734
696098093472.5237             -0.06236782
696099070573.8376             0.19661874
696100047675.1516             0.1253142
696101024776.4656             0.09786418
696102001877.7795             0.02408283
696102978979.0935             0.029749215
696103956080.4075             0.01303163
696104933181.7214             0.07847301
696105910283.0355             0.06146064
696106887384.3495             0.004932596
696107864485.6635             0.07926308
696108841586.9774             0.1610472
696109818688.2914             0.052570578
696110795789.6053             -0.05070766
696111772890.9193             -0.09285697
696112749992.2333             -0.07877525
696113727093.5472             -0.06051532
696114704194.8613             -0.04414359
696115681296.1753             -0.03951835
696116658397.4893             -0.008987345
696117635498.8032             0.0586153
696118612600.1172             0.07253741
696119589701.4312             0.026513645
696120566802.7451             -0.005377408
696121543904.0591             0.030428302
696122521005.373              0.018332066
696123498106.687              -0.024142789
696124475208.0011             -0.04793977
696125452309.3151             -0.08703529
696126429410.629              -0.08242126
696127406511.943              -0.04161875
696128383613.257              -0.025699532
696129360714.5709             -0.06865996
696130337815.8849             -0.09669773
696131314917.1989             0.07745154
696132292018.5128             0.02719907
696133269119.8269             0.055771276
696134246221.1409             0.01989425
696135223322.4548             -0.01754417
696136200423.7688             -0.021306427
696137177525.0828             0.048061002
696138154626.3967             -0.015253721
696139131727.7107             -0.035066884
696140108829.0247             0.027751887
696141085930.3386             0.06827608
696142063031.6527             0.04992089
696143040132.9667             0.07383931
696144017234.2806             0.06820983
696144994335.5946             0.014522997
696145971436.9086             -0.027985297
696146948538.2225             0.057842653
696147925639.5365             -0.035523042
696148902740.8505             -0.0016438501
696149879842.1644             -0.038871467
696150856943.4784             0.016613835
696151834044.7925             0.019301943
696152811146.1064             -0.07952236
696153788247.4204             -0.032163177
696154765348.7344             0.0004992735
696155742450.0483             0.0857805
696156719551.3623             -0.019289998
696157696652.6763             0.012367367
696158673753.9902             -0.0275056
696159650855.3042             -0.0451095
696160627956.6183             0.02830866
696161605057.9323             -0.02393729
696162582159.2462             -0.04120133
696163559260.5602             -0.0043899775
696164536361.8741             0.025608413
696165513463.1881             0.041478015
696166490564.5021             0.004536974
696167467665.816              0.062331386
696168444767.13               -0.0062092072
696169421868.444              -0.0051700473
696170398969.758              0.003591257
696171376071.072              0.03794039
696172353172.386              -0.026003161
696173330273.7                0.007604815
696174307375.0139             0.036570784
696175284476.3279             0.06918861
696176261577.6418             -0.0072744694
696177238678.9558             0.04766125
696178215780.2698             0.0018650475
696179192881.5839             -0.041702133
696180169982.8978             -0.07257483
696181147084.2118             -0.09044387
696182124185.5258             -0.10266244
696183101286.8397             -0.073204905
696184078388.1537             0.051920988
696185055489.4677             0.018183349
696186032590.7816             -0.04091863
696187009692.0956             -0.06963255
696187986793.4097             -0.04898256
696188963894.7236             -0.072726294
696189940996.0376             0.0041882256
696190918097.3516             0.07127238
696191895198.6655             0.035135675
696192872299.9795             0.015374128
696193849401.2935             -0.064793974
696194826502.6074             -0.14205012
696195803603.9214             -0.12536736
696196780705.2354             -0.08784758
696197757806.5494             -0.09611944
696198734907.8634             -0.14800727
696199712009.1774             0.0051593254
696200689110.4913             0.05566055
696201666211.8053             0.009203027
696202643313.1193             -0.011251772
696203620414.4332             -0.024083693
696204597515.7472             -0.028220497
696205574617.0612             0.04200562
696206551718.3752             0.052898515
696207528819.6892             -0.076952994
696208505921.0032             0.031967048
696209483022.3171             0.03838802
696210460123.6311             -0.028107697
696211437224.9451             0.022103658
696212414326.259              -0.0139314
696213391427.573              0.028585304
696214368528.887              0.021475933
696215345630.2009             -0.0225852
696216322731.515              -0.002342809
696217299832.829              -0.06316645
696218276934.143              0.025127552
696219254035.4569             0.02781807
696220231136.7709             -0.07614332
696221208238.0848             -0.07355786
696222185339.3988             0.02765446
696223162440.7128             0.059459034
696224139542.0267             -0.020236213
696225116643.3408             0.05654048
696226093744.6548             -0.0067856605
696227070845.9688             0.013885333
696228047947.2827             0.0049708746
696229025048.5967             0.036660336
696230002149.9106             -0.0047613424
696230979251.2246             -0.04728579
696231956352.5386             0.0826331
696232933453.8525             0.08660432
696233910555.1666             0.0021561077
696234887656.4806             -0.007071829
696235864757.7946             -0.047331512
696236841859.1085             0.055108335
696237818960.4225             0.061216757
696238796061.7365             0.032704387
696239773163.0504             0.038866613
696240750264.3644             -0.020201128
696241727365.6783             -0.0013742844
696242704466.9923             0.052673314
696243681568.3064             0.04618495
696244658669.6204             -0.0018924561
696245635770.9343             -0.07200327
696246612872.2483             0.025713015
696247589973.5623             0.027335994
696248567074.8762             -0.020618148
696249544176.1902             -0.042859603
696250521277.5042             0.037523158
696251498378.8181             0.006144182
696252475480.1322             0.08955837
696253452581.4462             0.018867945
696254429682.7601             0.044624973
696255406784.0741             0.07757728
696256383885.3881             0.084447354
696257360986.702              0.11255027
696258338088.016              0.03764589
696259315189.33               0.01168467
696260292290.6439             -0.101497374
696261269391.958              -0.083799206
696262246493.272              -0.058232788
696263223594.5859             -0.06146148
696264200695.8999             -0.050340578
696265177797.2139             -0.0037462527
696266154898.5278             0.027097654
696267131999.8418             -0.030313052
696268109101.1558             -0.10917609
696269086202.4697             -0.07020728
696270063303.7837             -0.07527276
696271040405.0978             -0.020747973
696272017506.4117             -0.0048793685
696272994607.7257             -0.035677105
696273971709.0397             -0.03855425
696274948810.3536             -0.03077449
696275925911.6676             -0.10656318
696276903012.9816             -0.029449936
696277880114.2955             0.03462942
696278857215.6095             0.05714596
696279834316.9236             0.049986716
696280811418.2375             0.014610344
696281788519.5515             -0.07115698
696282765620.8655             0.0032116056
696283742722.1794             0.011195358
696284719823.4934             -0.079963565
696285696924.8074             -0.06866037
696286674026.1213             0.029009337
696287651127.4353             0.02372858
696288628228.7493             -0.036886733
696289605330.0634             0.083642244
696290582431.3773             0.038673963
696291559532.6913             0.023301953
696292536634.0052             -0.04486351
696293513735.3192             -0.02020554
696294490836.6332             0.05508556
696295467937.9471             0.017357398
696296445039.2611             -0.043438178
696297422140.5751             -0.04387658
696298399241.8892             -0.0019101516
696299376343.2031             -0.001174519
696300353444.5171             0.060837038
696301330545.831              0.14335874
696302307647.145              0.028615562
696303284748.459              0.035902172
696304261849.773              0.05050116
696305238951.0869             0.006112586
696306216052.4009             -0.07587198
696307193153.715              0.036334187
696308170255.0289             -0.0036681858
696309147356.3429             -0.009820119
696310124457.6569             0.032763153
696311101558.9708             0.09809693
696312078660.2848             -0.06554666
696313055761.5988             -0.057004917
696314032862.9127             0.023079494
696315009964.2267             -0.06893353
696315987065.5406             -0.05012751
696316964166.8547             -0.04900321
696317941268.1687             0.0048815724
696318918369.4827             0.007630773
696319895470.7966             0.04486275
696320872572.1106             0.042850446
696321849673.4246             -0.02164861
696322826774.7385             -0.03926509
696323803876.0525             -0.025492806
696324780977.3665             -0.069652215
696325758078.6805             -0.046448
696326735179.9945             0.020575419
696327712281.3085             0.034835543
696328689382.6224             0.07397296
696329666483.9364             0.100153804
696330643585.2504             0.08502212
696331620686.5643             0.048444767
696332597787.8783             0.007271679
696333574889.1923             -0.026516182
696334551990.5063             -0.064420424
696335529091.8203             0.08514387
696336506193.1343             0.028000373
696337483294.4482             0.0008361648
696338460395.7622             0.0003751988
696339437497.0762             0.025589062
696340414598.3901             0.15908092
696341391699.7041             0.1002276
696342368801.0181             0.0029148196
696343345902.332              0.021704461
696344323003.6461             0.08481409
696345300104.9601             0.016931782
696346277206.274              0.052134335
696347254307.588              0.0417861
696348231408.902              -0.038876176
696349208510.216              -0.0011758048
696350185611.5299             -0.0062765814
696351162712.8439             -0.014743221
696352139814.1578             0.010361405
696353116915.4719             -0.034505937
696354094016.7859             -0.035341196
696355071118.0999             0.050820954
696356048219.4138             0.07416933
696357025320.7278             -0.035217144
696358002422.0417             0.109170415
696358979523.3557             0.07922778
696359956624.6697             0.02933504
696360933725.9836             -0.013029798
696361910827.2976             -0.022364466
696362887928.6117             -0.023073677
696363865029.9257             -0.0032249363
696364842131.2396             -0.0361514
696365819232.5536             0.0213183
696366796333.8676             -0.019638063
696367773435.1815             0.019432575
696368750536.4955             -0.049292438
696369727637.8094             0.043917507
696370704739.1234             0.0056201126
696371681840.4375             -0.03903102
696372658941.7515             -0.057224203
696373636043.0654             -0.071851484
696374613144.3794             0.049624294
696375590245.6934             -0.0012772474
696376567347.0073             -0.056422926
696377544448.3213             -0.0128558865
696378521549.6353             -0.045274388
696379498650.9492             -0.016338676
696380475752.2633             -0.02639896
696381452853.5773             -0.018372068
696382429954.8912             -0.03787919
696383407056.2052             0.027198944
696384384157.5192             -0.029747177
696385361258.8331             -0.047602553
696386338360.1471             -0.023795035
696387315461.461              0.0046139914
696388292562.775              -0.099858634
696389269664.089              -0.07803279
696390246765.4031             -0.00041321947
696391223866.717              -0.020541431
696392200968.031              -0.011313471
696393178069.345              0.0045486437
696394155170.6589             0.015369528
696395132271.9729             0.0019327801
696396109373.2869             -0.002893013
696397086474.6008             -0.07273832
696398063575.9148             -0.008969608
696399040677.2289             0.082304426
696400017778.5428             0.10564818
696400994879.8568             0.007942653
696401971981.1708             0.0055912468
696402949082.4847             -0.013122099
696403926183.7987             -0.06520766
696404903285.1127             -0.022907281
696405880386.4266             -0.02855816
696406857487.7406             -0.10134099
696407834589.0547             -0.016600141
696408811690.3687             0.0034656613
696409788791.6826             -0.033047657
696410765892.9966             0.0054703397
696411742994.3105             0.031589072
696412720095.6245             0.024970714
696413697196.9385             -0.07070149
696414674298.2524             -0.084800534
696415651399.5664             -0.017145513
696416628500.8804             -0.047878504
696417605602.1945             -0.0591154
696418582703.5084             -0.009767441
696419559804.8224             0.05549504
696420536906.1364             0.014106616
696421514007.4503             0.102422126
696422491108.7643             0.10622652
696423468210.0782             -0.019542014
696424445311.3922             0.04081402
696425422412.7062             0.040411673
696426399514.0203             0.05728767
696427376615.3342             0.026552329
696428353716.6482             -0.03653742
696429330817.9622             -0.009358992
696430307919.2761             -0.061090134
696431285020.5901             -0.09901462
696432262121.904              -0.00879827
696433239223.218              0.047303632
696434216324.532              0.03315957
696435193425.846              -0.023672098
696436170527.16               -0.007321092
696437147628.474              -0.029959692
696438124729.788              -9.003388e-05
696439101831.1019             0.000553518
696440078932.4159             -0.043143105
696441056033.7299             0.03286637
696442033135.0438             0.032810092
696443010236.3578             0.043718703
696443987337.6718             0.019307934
696444964438.9858             0.00019894235
696445941540.2998             -0.04319358
696446918641.6138             -0.009909712
696447895742.9277             -0.039669994
696448872844.2417             -0.028651817
696449849945.5557             -0.04840391
696450827046.8696             0.05013551
696451804148.1836             0.026638871
696452781249.4976             0.020848699
696453758350.8116             -0.04361582
696454735452.1256             -0.05353302
696455712553.4396             -0.044762906
696456689654.7535             0.043733343
696457666756.0675             0.07503021
696458643857.3815             0.12374573
696459620958.6954             0.09775448
696460598060.0094             0.087278314
696461575161.3234             0.006168431
696462552262.6373             0.012078388
696463529363.9514             -0.04850652
696464506465.2654             0.04526564
696465483566.5793             0.030175488
696466460667.8933             -0.01887083
696467437769.2073             -0.11751034
696468414870.5212             -0.06445174
696469391971.8352             0.05240453
696470369073.1492             0.06937086
696471346174.4631             0.030702144
696472323275.7772             0.044007774
696473300377.0912             0.07699047
696474277478.4052             0.05206097
696475254579.7191             0.0013302676
696476231681.0331             -0.017482497
696477208782.347              0.02979011
696478185883.661              0.092583805
696479162984.975              0.023806635
696480140086.289              -0.012258445
696481117187.603              0.04757343
696482094288.917              0.063200474
696483071390.231              0.05613582
696484048491.5449             0.039267927
696485025592.8589             -0.043385703
696486002694.1729             -0.036449783
696486979795.4868             -0.05790046
696487956896.8008             0.04203643
696488933998.1147             0.04222184
696489911099.4287             0.109395884
696490888200.7428             0.033180438
696491865302.0568             0.02152667
696492842403.3707             0.045395777
696493819504.6847             0.07744325
696494796605.9987             0.011637747
696495773707.3126             0.0035780263
696496750808.6266             -0.011937359
696497727909.9406             -0.034519263
696498705011.2545             -0.01574634
696499682112.5686             -0.044912804
696500659213.8826             -0.04719785
696501636315.1965             -0.021551516
696502613416.5105             -0.0067419847
696503590517.8245             -0.071702406
696504567619.1384             -0.051942874
696505544720.4524             0.015859988
696506521821.7664             -0.009254573
696507498923.0803             -0.016938742
696508476024.3943             0.06635723
696509453125.7084             0.07384494
696510430227.0223             0.010232072
696511407328.3363             0.018287173
696512384429.6503             -0.0028334684
696513361530.9642             -0.02537417
696514338632.2782             -0.03584212
696515315733.5922             0.05437572
696516292834.9061             -0.005088858
696517269936.2201             0.00906964
696518247037.5342             0.018163875
696519224138.8481             0.0025159456
696520201240.1621             0.023653861
696521178341.4761             0.048556976
696522155442.79               0.037738804
696523132544.104              -0.022951372
696524109645.418              -0.040931787
696525086746.7319             -0.07746503
696526063848.0459             -0.05374758
696527040949.36               -0.0049174293
696528018050.674              0.036751755
696528995151.9879             -0.005744515
696529972253.3019             0.088104606
696530949354.6158             0.0016510126
696531926455.9298             -0.08110398
696532903557.2438             -0.1096825
696533880658.5577             -0.015333001
696534857759.8717             0.026656415
696535834861.1857             0.042394355
696536811962.4998             0.045765303
696537789063.8137             0.007138971
696538766165.1277             -0.026341284
696539743266.4417             -0.04361761
696540720367.7556             -0.05553148
696541697469.0696             -0.06294686
696542674570.3835             -0.048891272
696543651671.6975             -0.03361027
696544628773.0115             -0.0022325364
696545605874.3256             -0.036773536
696546582975.6395             0.020574322
696547560076.9535             -0.02788342
696548537178.2675             -0.041352384
696549514279.5814             -0.098811105
696550491380.8954             -0.029863942
696551468482.2094             -0.061696243
696552445583.5233             0.031373516
696553422684.8373             0.04219288
696554399786.1512             0.022086306
696555376887.4653             -0.0037435885
696556353988.7793             -0.0605299
696557331090.0933             -0.10871185
696558308191.4072             -0.050151024
696559285292.7212             0.09727001
696560262394.0352             0.00043105913
696561239495.3491             -0.020869264
696562216596.6631             -0.028227767
696563193697.977              -0.07175186
696564170799.2911             -0.019714758
696565147900.6051             -0.07013975
696566125001.9191             -0.05870941
696567102103.233              -0.04351014
696568079204.547              -0.03129334
696569056305.861              0.0074217953
696570033407.1749             -0.08348766
696571010508.4889             -0.008240818
696571987609.8029             0.042984024
696572964711.117              -0.032143645
696573941812.4309             -0.05308796
696574918913.7449             -0.06296482
696575896015.0588             -0.030498445
696576873116.3728             0.0037915672
696577850217.6868             0.050901264
696578827319.0007             -0.024604073
696579804420.3147             -0.06289584
696580781521.6287             0.014431357
696581758622.9426             -0.037172507
696582735724.2567             -0.006978075
696583712825.5707             0.008113483
696584689926.8846             0.08048701
696585667028.1986             -0.026794935
696586644129.5126             -0.117629334
696587621230.8265             -0.02363351
696588598332.1405             -0.021620998
696589575433.4545             -0.087092556
696590552534.7684             -0.02563463
696591529636.0825             -0.025949722
696592506737.3965             0.05792968
696593483838.7104             -0.0048726415
696594460940.0244             -0.0636442
696595438041.3384             0.017179776
696596415142.6523             0.03776359
696597392243.9663             0.013191813
696598369345.2803             0.01564563
696599346446.5942             -0.06607859
696600323547.9083             -0.04126804
696601300649.2223             -0.10795372
696602277750.5363             0.017160047
696603254851.8502             0.07911674
696604231953.1642             0.0011256116
696605209054.4781             -0.026461579
696606186155.7921             -0.014902077
696607163257.1061             0.033758894
696608140358.42               -0.05178554
696609117459.734              0.04931611
696610094561.0481             0.065109834
696611071662.362              0.080019005
696612048763.676              0.047767494
696613025864.99               -7.8133715e-05
696614002966.304              -0.06769878
696614980067.6179             0.03330157
696615957168.9319             0.011575315
696616934270.2458             -0.018032
696617911371.5598             -0.059123486
696618888472.8739             -0.10659407
696619865574.1879             -0.01269729
696620842675.5018             0.019824805
696621819776.8158             -0.0250764
696622796878.1298             -0.096038066
696623773979.4437             -0.12504625
696624751080.7577             -0.035845898
696625728182.0717             -0.021956893
696626705283.3856             0.023427047
696627682384.6996             0.07814401
696628659486.0137             -0.010099255
696629636587.3276             0.020402964
696630613688.6416             -0.022778843
696631590789.9556             0.08049864
696632567891.2695             0.018193763
696633544992.5835             -0.05849929
696634522093.8975             -0.009020572
696635499195.2114             -0.031433836
696636476296.5254             0.006870368
696637453397.8395             -0.019129409
696638430499.1534             -0.08235488
696639407600.4674             -0.07996715
696640384701.7814             -0.10647131
696641361803.0953             -0.02907691
696642338904.4093             -0.050958794
696643316005.7233             -0.09347964
696644293107.0372             -0.14923017
696645270208.3512             -0.09373904
696646247309.6653             -0.084491074
696647224410.9792             -0.03704485
696648201512.2932             -0.036044754
696649178613.6072             0.04544511
696650155714.9211             0.02333599
696651132816.2351             0.030925943
696652109917.5491             0.0544117
696653087018.863              -0.00014764113
696654064120.177              -0.0104663
696655041221.491              0.024300186
696656018322.805              -0.05507324
696656995424.119              -0.026242815
696657972525.433              -0.00041671115
696658949626.747              -0.0632513
696659926728.0609             0.00037400553
696660903829.3749             0.011469001
696661880930.6888             -0.023632094
696662858032.0028             -0.006217566
696663835133.3168             0.018476626
696664812234.6309             -0.023992661
696665789335.9448             0.038565457
696666766437.2588             0.08125804
696667743538.5728             0.057634316
696668720639.8867             -0.015691174
696669697741.2007             -0.005309048
696670674842.5146             0.025148582
696671651943.8286             0.023406064
696672629045.1426             0.023230314
696673606146.4567             0.038699023
696674583247.7706             -0.028851213
696675560349.0846             0.02034143
696676537450.3986             -0.0034558454
696677514551.7125             -0.11463796
696678491653.0265             -0.036609773
696679468754.3405             -0.0074963523
696680445855.6544             -0.04451868
696681422956.9684             -0.006070192
696682400058.2823             0.015370066
696683377159.5964             -0.062634096
696684354260.9104             -0.09217185
696685331362.2244             0.022986328
696686308463.5383             0.0018993131
696687285564.8523             0.01967867
696688262666.1663             0.037981458
696689239767.4802             0.0134344045
696690216868.7942             0.10215304
696691193970.1082             0.1308364
696692171071.4222             -0.012848691
696693148172.7362             -0.013226077
696694125274.0502             -0.027731664
696695102375.3641             -0.061548073
696696079476.6781             -0.07342703
696697056577.9921             -0.09323384
696698033679.306              -0.011234764
696699010780.62               -0.010440555
696699987881.934              -0.045048445
696700964983.2479             -0.039279815
696701942084.562              -0.08406071
696702919185.876              -0.05565923
696703896287.19               -0.05306838
696704873388.5039             0.016865857
696705850489.8179             -0.042059157
696706827591.1318             -0.026100406
696707804692.4458             0.0072482815
696708781793.7598             0.07443721
696709758895.0737             -0.030084157
696710735996.3878             -0.028677603
696711713097.7018             -0.0361872
696712690199.0157             0.006570329
696713667300.3297             0.06512402
696714644401.6437             0.0688558
696715621502.9576             -0.0046990546
696716598604.2716             0.013234933
696717575705.5856             -0.008640395
696718552806.8995             0.026720636
696719529908.2136             -0.0482162
696720507009.5276             0.031259835
696721484110.8416             0.096666686
696722461212.1555             0.11008251
696723438313.4695             0.04717723
696724415414.7834             -0.052380826
696725392516.0974             -0.008771438
696726369617.4114             -0.03402244
696727346718.7253             0.015575779
696728323820.0393             0.0026122818
696729300921.3534             0.00018955706
696730278022.6674             -0.040810082
696731255123.9813             -0.0194734
696732232225.2953             0.073253654
696733209326.6093             0.13412847
696734186427.9232             0.07254678
696735163529.2372             -0.015423215
696736140630.5511             0.001832082
696737117731.8651             0.0002761489
696738094833.1792             -0.0044661365
696739071934.4932             0.035761517
696740049035.8071             0.054881755
696741026137.1211             -0.038665064
696742003238.435              -0.023605514
696742980339.749              0.012252972
696743957441.063              0.0018061195
696744934542.377              -0.069048256
696745911643.6909             -0.020695515
696746888745.0049             -0.052457377
696747865846.319              0.017097535
696748842947.6329             0.011610818
696749820048.9469             -0.03618853
696750797150.2609             -0.04966629
696751774251.5748             0.0002662943
696752751352.8888             0.033712942
696753728454.2028             0.017102808
696754705555.5167             -0.04656687
696755682656.8307             0.006384961
696756659758.1448             -0.014115686
696757636859.4587             -0.06921902
696758613960.7727             -0.016661622
696759591062.0867             0.02367926
696760568163.4006             0.083118506
696761545264.7146             0.022606181
696762522366.0286             -0.024263535
696763499467.3425             -0.08537674
696764476568.6565             0.02925108
696765453669.9706             0.08201657
696766430771.2845             0.0029983658
696767407872.5985             0.00193642
696768384973.9125             -0.019680692
696769362075.2264             0.047613382
696770339176.5404             0.016488733
696771316277.8544             0.025857504
696772293379.1683             0.068396166
696773270480.4823             0.06078038
696774247581.7963             -0.024174193
696775224683.1104             -0.03949646
696776201784.4243             -0.09332933
696777178885.7383             -0.090167806
696778155987.0522             -0.06113682
696779133088.3662             -0.017778339
696780110189.6802             0.03290653
696781087290.9941             -0.0017255825
696782064392.3081             0.009631065
696783041493.6221             0.017115418
696784018594.9362             0.053483937
696784995696.2501             0.025275892
696785972797.5641             0.07009085
696786949898.878              0.013114522
696787927000.192              -0.0636456
696788904101.506              0.012203816
696789881202.82               0.03301948
696790858304.1339             0.008541817
696791835405.4479             0.053790648
696792812506.762              -0.008818413
696793789608.0759             0.057136517
696794766709.3899             0.032942075
696795743810.7039             0.0007528291
696796720912.0178             0.017870035
696797698013.3318             0.010383075
696798675114.6458             -0.029310768
696799652215.9597             0.0061515444
696800629317.2737             0.0668009
696801606418.5876             0.026766814
696802583519.9017             0.020943673
696803560621.2157             0.017643057
696804537722.5297             -0.022836788
696805514823.8436             -0.012711473
696806491925.1576             0.04828345
696807469026.4716             0.08399582
696808446127.7855             0.05000443
696809423229.0995             -0.018249441
696810400330.4135             0.0325884
696811377431.7275             -0.014529921
696812354533.0415             -0.04477218
696813331634.3555             -0.062364966
696814308735.6694             -0.009261081
696815285836.9834             0.03353499
696816262938.2974             -0.05810376
696817240039.6113             -0.08048656
696818217140.9253             -0.09485901
696819194242.2393             -0.07249954
696820171343.5532             -0.03292587
696821148444.8673             -0.07089382
696822125546.1813             -0.061770678
696823102647.4952             -0.029298607
696824079748.8092             0.046117272
696825056850.1232             0.005778661
696826033951.4371             0.027591417
696827011052.7511             0.048418846
696827988154.0651             -7.251336e-05
696828965255.379              0.017697753
696829942356.6931             -0.05539824
696830919458.0071             -0.031653065
696831896559.321              -0.043160774
696832873660.635              -0.041235637
696833850761.949              0.028143344
696834827863.263              -0.05450936
696835804964.5769             -0.0408178
696836782065.8909             0.004915287
696837759167.2048             0.0070316596
696838736268.5189             0.0056088413
696839713369.8329             -0.06993299
696840690471.1469             0.019850517
696841667572.4608             -0.020580655
696842644673.7748             -0.12793887
696843621775.0887             -0.012037987
696844598876.4027             0.048872117
696845575977.7167             0.09970874
696846553079.0306             0.09469037
696847530180.3446             0.013661922
696848507281.6587             0.028986664
696849484382.9727             -0.016219629
696850461484.2866             -0.11760759
696851438585.6006             -0.027628954
696852415686.9146             0.05122065
696853392788.2285             0.023465963
696854369889.5425             0.035707053
696855346990.8564             0.008434902
696856324092.1704             0.03783531
696857301193.4845             0.084672935
696858278294.7985             0.11935744
696859255396.1124             0.024134694
696860232497.4264             0.015282152
696861209598.7404             -0.0031607212
696862186700.0543             -0.021510635
696863163801.3683             0.013781654
696864140902.6823             0.04743511
696865118003.9962             -0.02868684
696866095105.3103             0.03409021
696867072206.6243             -0.034796722
696868049307.9382             -0.046743505
696869026409.2522             -0.0114185
696870003510.5662             -0.0020635347
696870980611.8801             0.016210454
696871957713.1941             -0.03937278
696872934814.508              -0.06341276
696873911915.822              -0.0142325675
696874889017.136              0.0022133295
696875866118.4501             0.016272739
696876843219.764              -0.041018836
696877820321.078              -0.056177992
696878797422.392              -0.073072776
696879774523.7059             -0.01139918
696880751625.0199             0.029836752
696881728726.3339             -0.013140465
696882705827.6478             -0.027343037
696883682928.9618             0.024465138
696884660030.2759             0.07243923
696885637131.5898             -0.025183449
696886614232.9038             -0.03703084
696887591334.2178             -0.012363028
696888568435.5317             -0.03725597
696889545536.8457             -0.043642566
696890522638.1597             -0.07524014
696891499739.4736             -0.118857384
696892476840.7876             -0.11565802
696893453942.1016             -0.06252635
696894431043.4156             0.027685111
696895408144.7296             -0.013702854
696896385246.0436             -0.0736298
696897362347.3575             -0.023079503
696898339448.6715             0.017647333
696899316549.9855             0.053393293
696900293651.2994             0.025621653
696901270752.6134             -0.017112175
696902247853.9274             -0.0907461
696903224955.2415             -0.13278113
696904202056.5554             -0.07740571
696905179157.8694             0.040808294
696906156259.1833             -0.03377683
696907133360.4973             -0.012301177
696908110461.8113             -0.021388972
696909087563.1252             -0.065518536
696910064664.4392             -0.021058623
696911041765.7532             0.0512912
696912018867.0673             -0.008209515
696912995968.3812             0.04346368
696913973069.6952             -0.031029178
696914950171.0092             -0.09038513
696915927272.3231             0.057663724
696916904373.6371             0.08398811
696917881474.951              0.0013185712
696918858576.265              -0.06740392
696919835677.579              -0.07055015
696920812778.893              -0.021228418
696921789880.207              -0.029553942
696922766981.521              -0.014674136
696923744082.835              0.027082803
696924721184.1489             0.033621237
696925698285.4629             0.041311067
696926675386.7769             0.032344386
696927652488.0908             -0.043609135
696928629589.4048             0.049103945
696929606690.7188             0.07342965
696930583792.0328             0.012804715
696931560893.3468             0.011372786
696932537994.6608             -0.009072401
696933515095.9747             0.023465423
696934492197.2887             -0.019409698
696935469298.6027             -0.049672496
696936446399.9166             0.029977124
696937423501.2306             0.037839122
696938400602.5446             0.08050652
696939377703.8586             0.09400699
696940354805.1726             0.0077139954
696941331906.4866             -0.05924192
696942309007.8005             0.04508378
696943286109.1145             0.044889934
696944263210.4285             -0.0030524055
696945240311.7424             -0.071639165
696946217413.0564             -0.050825145
696947194514.3704             -0.008888543
696948171615.6843             -0.004752646
696949148716.9984             -0.041190382
696950125818.3124             0.05220111
696951102919.6263             0.08597627
696952080020.9403             -0.0127390325
696953057122.2543             -0.07214372
696954034223.5682             0.01814132
696955011324.8822             0.01676962
696955988426.1962             -0.009945682
696956965527.5101             -0.049116954
696957942628.8242             0.029399537
696958919730.1382             -0.005491485
696959896831.4521             0.021182932
696960873932.7661             -0.019371698
696961851034.0801             0.05828884
696962828135.394              0.07661873
696963805236.708              0.02033718
696964782338.022              0.037258856
696965759439.3359             0.08390171
696966736540.6499             -0.042776946
696967713641.964              -0.01346574
696968690743.278              -0.03773195
696969667844.5919             -0.030433072
696970644945.9059             -0.03570989
696971622047.2198             -0.046811245
696972599148.5338             -0.060449775
696973576249.8478             -0.086062565
696974553351.1617             0.015491999
696975530452.4757             0.08687337
696976507553.7898             0.0692077
696977484655.1038             0.032115705
696978461756.4177             -0.020639412
696979438857.7317             -0.0094651515
696980415959.0457             -0.07849655
696981393060.3596             -0.08200912
696982370161.6736             0.052544374
696983347262.9875             0.009552026
696984324364.3015             0.006567233
696985301465.6156             0.0027372479
696986278566.9296             -0.068585806
696987255668.2435             -0.0155394925
696988232769.5575             0.04949764
696989209870.8715             0.059488423
696990186972.1854             -0.062806
696991164073.4994             -0.005198643
696992141174.8134             0.059274927
696993118276.1273             -0.0146873025
696994095377.4413             0.009494651
696995072478.7554             0.026043462
696996049580.0693             0.0070306007
696997026681.3833             0.080104776
696998003782.6973             0.104942046
696998980884.0112             0.049609266
696999957985.3252             0.0055423044
697000935086.6392             0.08335428
697001912187.9531             0.0011388626
697002889289.2671             0.05392738
697003866390.5812             0.1453768
697004843491.8951             0.065029465
697005820593.2091             0.04139326
697006797694.5231             -0.008898298
697007774795.837              -0.043734208
697008751897.151              0.001817267
697009728998.465              -0.04668708
697010706099.7789             -0.05342942
697011683201.0929             0.0050871563
697012660302.407              -0.008702109
697013637403.721              -0.012906825
697014614505.0349             0.05210103
697015591606.3489             -0.029651752
697016568707.6628             -0.058174767
697017545808.9768             -0.10659854
697018522910.2908             -0.05740069
697019500011.6047             -0.06444167
697020477112.9187             -0.009990845
697021454214.2327             0.07247051
697022431315.5468             0.078219324
697023408416.8607             0.034823325
697024385518.1747             0.019242167
697025362619.4886             0.029978702
697026339720.8026             0.09041528
697027316822.1166             0.032345694
697028293923.4305             -0.030220086
697029271024.7445             -0.008817299
697030248126.0585             0.04549958
697031225227.3726             -0.037070952
697032202328.6865             0.0060673705
697033179430.0005             -0.0161839
697034156531.3145             0.008456987
697035133632.6284             0.0364538
697036110733.9424             0.028239869
697037087835.2563             -0.009331857
697038064936.5703             -0.04824681
697039042037.8843             -0.015405529
697040019139.1982             -0.015973333
697040996240.5123             -0.0111693945
697041973341.8263             0.09363432
697042950443.1403             0.023855414
697043927544.4542             0.08755043
697044904645.7682             0.051808897
697045881747.0822             -0.03920956
697046858848.3961             0.028265303
697047835949.7101             0.10206619
697048813051.024              0.032588124
697049790152.3381             -0.011869421
697050767253.6521             -0.02009645
697051744354.9661             -0.023220731
697052721456.28               0.012484718
697053698557.594              0.014053271
697054675658.908              -0.07897079
697055652760.2219             0.0057808426
697056629861.5359             0.03632844
697057606962.8499             -0.02497565
697058584064.164              -0.07664723
697059561165.4779             0.02785832
697060538266.7919             -0.04679739
697061515368.1058             -0.08600473
697062492469.4198             -0.0051670824
697063469570.7338             0.03154835
697064446672.0477             -0.018924324
697065423773.3617             -0.0013998352
697066400874.6757             0.020314857
697067377975.9896             0.038180348
697068355077.3037             -0.002216901
697069332178.6177             -0.0130672725
697070309279.9316             0.038732484
697071286381.2456             0.03719808
697072263482.5596             0.06031249
697073240583.8735             -0.03973119
697074217685.1875             -0.099581555
697075194786.5015             -0.021429377
697076171887.8154             0.038958393
697077148989.1295             0.006301272
697078126090.4435             0.0075893435
697079103191.7574             0.12524526
697080080293.0714             0.019309355
697081057394.3854             -0.010358582
697082034495.6993             -0.0153576955
697083011597.0133             0.0123131275
697083988698.3273             -0.010810082
697084965799.6412             -0.03805223
697085942900.9552             -0.061895728
697086920002.2693             -0.041992683
697087897103.5833             -0.01048718
697088874204.8972             -0.01935785
697089851306.2112             0.01013491
697090828407.5251             0.05550077
697091805508.8391             0.034984127
697092782610.1531             0.026859574
697093759711.467              0.022915183
697094736812.781              -0.055323504
697095713914.0951             0.03540179
697096691015.409              0.050157428
697097668116.723              0.040998567
697098645218.037              0.04440054
697099622319.351              -0.08980228
697100599420.6649             -0.09188572
697101576521.9789             -0.004943983
697102553623.2928             0.059584294
697103530724.6068             0.07004025
697104507825.9209             -0.029755436
697105484927.2349             0.012077995
697106462028.5488             -0.032640632
697107439129.8628             -0.04297511
697108416231.1768             0.016486172
697109393332.4907             0.00964684
697110370433.8047             -0.0729811
697111347535.1187             -0.040855788
697112324636.4326             -0.046551052
697113301737.7466             -0.07062585
697114278839.0607             -0.07501082
697115255940.3746             -0.051183864
697116233041.6886             -0.009057497
697117210143.0026             0.019792348
697118187244.3165             0.06920457
697119164345.6305             0.07310593
697120141446.9445             0.045661427
697121118548.2584             0.097094975
697122095649.5724             0.031648453
697123072750.8865             0.07404595
697124049852.2004             -0.022389226
697125026953.5144             0.016151033
697126004054.8284             0.021179592
697126981156.1423             0.10741313
697127958257.4563             0.031463947
697128935358.7703             -0.032065608
697129912460.0842             0.010110169
697130889561.3982             0.06349553
697131866662.7123             -0.038516965
697132843764.0262             0.005016231
697133820865.3402             -0.03598037
697134797966.6542             -0.05552552
697135775067.9681             -0.03252397
697136752169.2821             0.012487062
697137729270.5961             0.0046941405
697138706371.91               0.048451144
697139683473.224              0.05602785
697140660574.538              -0.064262785
697141637675.852              -0.0227635
697142614777.166              -0.094423905
697143591878.48               -0.07103379
697144568979.794              0.006064464
697145546081.1079             0.0020013843
697146523182.4219             -0.03598837
697147500283.7358             -0.04709025
697148477385.0498             -0.1058
697149454486.3638             -0.09375359
697150431587.6779             0.02978634
697151408688.9918             0.024854105
697152385790.3058             -0.015648132
697153362891.6198             0.07135149
697154339992.9337             -0.025117192
697155317094.2477             0.016404117
697156294195.5616             -0.032089897
697157271296.8756             -0.013682167
697158248398.1896             0.021047315
697159225499.5035             -0.0105364565
697160202600.8176             0.06445996
697161179702.1316             0.12627421
697162156803.4456             0.069410056
697163133904.7595             -0.025725674
697164111006.0735             -0.0082644215
697165088107.3875             0.024917893
697166065208.7014             -0.016063362
697167042310.0154             0.0606125
697168019411.3293             0.093080334
697168996512.6434             0.023304565
697169973613.9574             -0.055986732
697170950715.2714             0.010939402
697171927816.5853             -0.0049411347
697172904917.8993             -0.018366612
697173882019.2133             0.0559314
697174859120.5272             0.036120538
697175836221.8412             -0.06513386
697176813323.1552             -0.10637391
697177790424.4692             0.039624523
697178767525.7832             -0.058333654
697179744627.0972             -0.029411862
697180721728.4111             -0.035036147
697181698829.7251             0.03149605
697182675931.0391             0.048987072
697183653032.353              0.05089657
697184630133.667              0.022341765
697185607234.981              0.058907505
697186584336.2949             0.02583276
697187561437.609              -0.034818698
697188538538.923              0.021189671
697189515640.2369             -0.021526648
697190492741.5509             -0.039499033
697191469842.8649             0.029774416
697192446944.1788             -0.015973879
697193424045.4928             -0.050855674
697194401146.8068             0.031851206
697195378248.1207             -0.011678675
697196355349.4348             -0.0240989
697197332450.7488             -0.011215483
697198309552.0627             0.0030031323
697199286653.3767             -0.0068642977
697200263754.6907             0.01597909
697201240856.0046             -0.071234606
697202217957.3186             0.019008625
697203195058.6326             0.07579739
697204172159.9465             -0.023407025
697205149261.2606             0.015379007
697206126362.5746             -0.024414917
697207103463.8885             -0.021336162
697208080565.2025             -0.047793806
697209057666.5165             0.025055587
697210034767.8304             -0.028962852
697211011869.1444             -0.03931832
697211988970.4584             0.053539157
697212966071.7723             0.023869453
697213943173.0863             -0.014713417
697214920274.4004             0.052352957
697215897375.7144             -0.010211939
697216874477.0283             0.0134293055
697217851578.3423             0.05535141
697218828679.6562             0.10139667
697219805780.9702             0.066238776
697220782882.2842             -0.0073384256
697221759983.5981             0.026863035
697222737084.9121             -0.019731376
697223714186.2262             -0.029491823
697224691287.5402             -0.05955257
697225668388.8541             -0.02887987
697226645490.1681             -0.00992444
697227622591.482              0.010993642
697228599692.796              -0.010556962
697229576794.11               -0.034899484
697230553895.424              0.019541575
697231530996.7379             0.039730765
697232508098.0519             -0.068521254
697233485199.366              -0.028270451
697234462300.6799             -0.04265019
697235439401.9939             -0.046248376
697236416503.3079             0.030944202
697237393604.6218             0.026795752
697238370705.9358             0.054067448
697239347807.2498             0.002143508
697240324908.5637             0.0035541034
697241302009.8777             -0.050317295
697242279111.1918             -0.0025956677
697243256212.5057             0.024566669
697244233313.8197             0.017409462
697245210415.1337             0.033987865
697246187516.4476             0.034812424
697247164617.7616             0.0036537421
697248141719.0756             0.09734957
697249118820.3895             0.042262986
697250095921.7035             0.0054859915
697251073023.0176             -0.079360776
697252050124.3315             0.022435052
697253027225.6455             0.003921649
697254004326.9595             0.019348843
697254981428.2734             0.051997468
697255958529.5874             0.005279765
697256935630.9014             0.02835266
697257912732.2153             -0.055994708
697258889833.5293             -0.07642922
697259866934.8433             -0.031126605
697260844036.1573             -0.03251945
697261821137.4713             0.08415561
697262798238.7853             0.082051195
697263775340.0992             0.0632937
697264752441.4132             -0.01958042
697265729542.7272             -0.023630721
697266706644.0411             -0.013072276
697267683745.3551             -0.011018291
697268660846.6691             -0.10077474
697269637947.9832             0.045915138
697270615049.2971             0.033028893
697271592150.6111             0.049808722
697272569251.925              0.023679737
697273546353.239              0.06410859
697274523454.553              0.0529897
697275500555.867              -0.0262443
697276477657.1809             0.003328054
697277454758.4949             -0.0021717746
697278431859.8088             0.0054613156
697279408961.1229             -0.025755152
697280386062.4369             0.0016796236
697281363163.7509             0.09560049
697282340265.0648             0.037653375
697283317366.3788             -0.06310497
697284294467.6927             -0.07498387
697285271569.0067             -0.048075996
697286248670.3207             -0.022806933
697287225771.6346             0.041089237
697288202872.9487             0.06300524
697289179974.2627             0.013262556
697290157075.5767             0.053935986
697291134176.8906             0.020971304
697292111278.2046             0.041969713
697293088379.5186             -0.0005413557
697294065480.8325             0.034689207
697295042582.1465             -0.05673009
697296019683.4604             -0.073274575
697296996784.7745             4.645354e-05
697297973886.0885             -0.014502208
697298950987.4025             -0.0016136311
697299928088.7164             0.0356429
697300905190.0304             0.07150645
697301882291.3444             0.038609624
697302859392.6583             0.020705389
697303836493.9723             -0.015869053
697304813595.2863             -0.0006474471
697305790696.6002             -0.011437932
697306767797.9143             -0.0056175925
697307744899.2283             -0.023942396
697308722000.5422             -0.052097116
697309699101.8562             -0.07284041
697310676203.1702             -0.0680033
697311653304.4841             -0.085844904
697312630405.7981             0.0014966661
697313607507.112              0.057443548
697314584608.426              0.11330137
697315561709.7401             0.02564678
697316538811.0541             -0.029438267
697317515912.368              -0.08481066
697318493013.682              -0.049556516
697319470114.996              0.021224469
697320447216.3099             0.027774824
697321424317.6239             0.0692945
697322401418.9379             0.0558423
697323378520.2518             0.014468602
697324355621.5659             0.0058390144
697325332722.8799             0.0649513
697326309824.1938             0.010968483
697327286925.5078             -0.006744455
697328264026.8218             0.0133910375
697329241128.1357             0.0045119626
697330218229.4497             -0.04274661
697331195330.7637             -0.029295085
697332172432.0776             0.03633935
697333149533.3916             -0.02239677
697334126634.7057             -0.058712017
697335103736.0197             -0.10666285
697336080837.3336             -0.09205118
697337057938.6476             -0.036682334
697338035039.9615             -0.025391152
697339012141.2755             -0.010844438
697339989242.5895             0.007982249
697340966343.9034             0.06237729
697341943445.2174             -0.0058738533
697342920546.5315             -0.033506908
697343897647.8455             -0.046244517
697344874749.1594             0.07749805
697345851850.4734             0.110640444
697346828951.7874             0.027573127
697347806053.1013             0.078609705
697348783154.4153             0.023941264
697349760255.7292             -0.009934145
697350737357.0432             -0.029925298
697351714458.3572             0.032675203
697352691559.6713             0.042798594
697353668660.9852             -0.0023367924
697354645762.2992             -0.040821064
697355622863.6132             -0.06768188
697356599964.9271             -0.011689792
697357577066.2411             -0.0384261
697358554167.555              -0.041407175
697359531268.869              0.014525648
697360508370.183              -0.030428497
697361485471.4971             0.019396646
697362462572.811              0.046731107
697363439674.125              -0.00576673
697364416775.439              -0.013639202
697365393876.7529             0.08446072
697366370978.0669             0.041901782
697367348079.3809             -0.05203818
697368325180.6948             -0.060066517
697369302282.0088             -0.047037974
697370279383.3229             -0.048897207
697371256484.6368             -0.04561829
697372233585.9508             -0.020559058
697373210687.2648             0.020519681
697374187788.5787             -0.019724276
697375164889.8927             -0.068369836
697376141991.2067             -0.05738518
697377119092.5206             0.022073317
697378096193.8346             -0.0043165674
697379073295.1486             0.052334864
697380050396.4626             0.014377723
697381027497.7766             0.0416613
697382004599.0906             0.03356536
697382981700.4045             0.016466018
697383958801.7185             0.014781188
697384935903.0325             0.006269486
697385913004.3464             0.050064474
697386890105.6604             0.09992246
697387867206.9744             0.038727194
697388844308.2885             0.07772798
697389821409.6024             0.013820844
697390798510.9164             -0.039512128
697391775612.2303             -0.08025285
697392752713.5443             0.055272643
697393729814.8583             0.012023325
697394706916.1722             -0.02496731
697395684017.4862             -0.054692633
697396661118.8002             0.040752795
697397638220.1143             0.088137686
697398615321.4282             0.041788653
697399592422.7422             -0.0012319951
697400569524.0562             0.020701047
697401546625.3701             -0.011688346
697402523726.6841             0.005788324
697403500827.998              0.020096224
697404477929.312              0.06353931
697405455030.626              0.012839143
697406432131.94               0.06272069
697407409233.254              0.033768654
697408386334.568              -0.027761932
697409363435.882              0.042300835
697410340537.1959             0.06021167
697411317638.5099             0.01054468
697412294739.8239             0.0027401356
697413271841.1378             -0.0021990577
697414248942.4518             -0.030871248
697415226043.7657             -0.023879685
697416203145.0798             -0.053106412
697417180246.3938             0.0017812815
697418157347.7078             0.008217015
697419134449.0217             -0.09317545
697420111550.3357             0.03756205
697421088651.6497             0.027748464
697422065752.9636             0.029494839
697423042854.2776             -0.023071991
697424019955.5916             0.052772406
697424997056.9055             0.052789483
697425974158.2196             0.065498665
697426951259.5336             0.031918086
697427928360.8475             0.076871626
697428905462.1615             0.019009897
697429882563.4755             0.018480854
697430859664.7894             0.03791378
697431836766.1034             -0.016645728
697432813867.4174             0.0021339136
697433790968.7313             0.01574151
697434768070.0454             0.063128084
697435745171.3594             -0.01991897
697436722272.6733             -0.0650982
697437699373.9873             -0.022735972
697438676475.3013             0.035461627
697439653576.6152             -0.0013981112
697440630677.9292             -0.08585731
697441607779.2432             0.023856157
697442584880.5571             -0.027987428
697443561981.8712             0.0075167995
697444539083.1852             0.031632897
697445516184.4991             0.031770796
697446493285.8131             0.0040095286
697447470387.1271             -0.06914142
697448447488.441              -0.04843128
697449424589.755              0.119013004
697450401691.069              0.02234605
697451378792.3829             -0.025201986
697452355893.6969             -0.0056616114
697453332995.011              0.0345154
697454310096.325              -0.026865335
697455287197.6389             -0.034749776
697456264298.9529             0.06335282
697457241400.2668             0.012302943
697458218501.5808             0.002202336
697459195602.8948             -0.0051060803
697460172704.2087             -0.03692453
697461149805.5227             0.0016797782
697462126906.8368             -0.009804497
697463104008.1508             0.0045549595
697464081109.4647             0.019358998
697465058210.7787             -0.053893644
697466035312.0927             0.052355
697467012413.4066             0.040284526
697467989514.7206             -0.01902907
697468966616.0345             -0.016027346
697469943717.3485             0.083897255
697470920818.6626             -0.0057111783
697471897919.9766             -0.009895679
697472875021.2905             -0.04618114
697473852122.6045             -0.05802411
697474829223.9185             0.008039119
697475806325.2324             0.024113605
697476783426.5464             0.039189786
697477760527.8604             0.020488486
697478737629.1743             0.1706426
697479714730.4883             0.10705516
697480691831.8024             -0.061035093
697481668933.1163             -0.03802859
697482646034.4303             0.03403483
697483623135.7443             0.046034116
697484600237.0582             0.06883215
697485577338.3722             -0.004703699
697486554439.6862             -0.018908791
697487531541.0001             -0.07136175
697488508642.3141             -0.055547945
697489485743.6282             0.032171354
697490462844.9421             0.0335263
697491439946.2561             -0.00955819
697492417047.5701             -0.02006872
697493394148.884              -0.0035445986
697494371250.198              0.07655008
697495348351.512              -0.080791004
697496325452.8259             -0.053718172
697497302554.1399             -0.005636088
697498279655.4539             0.0651496
697499256756.768              0.024866845
697500233858.0819             0.041572347
697501210959.3959             -0.041063976
697502188060.7098             -0.1050749
697503165162.0238             0.010054881
697504142263.3378             0.09387277
697505119364.6517             -0.009870426
697506096465.9657             -0.010064843
697507073567.2797             -0.021642772
697508050668.5938             -0.010839739
697509027769.9077             -0.03778115
697510004871.2217             -0.02938085
697510981972.5356             0.047920678
697511959073.8496             0.06285066
697512936175.1636             -0.003174109
697513913276.4775             0.014711613
697514890377.7915             -0.002735802
697515867479.1055             0.050225794
697516844580.4196             0.050860688
697517821681.7335             0.057910353
697518798783.0475             0.09110656
697519775884.3615             0.024459487
697520752985.6754             0.011571348
697521730086.9894             0.03546232
697522707188.3033             -0.07912783
697523684289.6173             -0.091258414
697524661390.9313             0.006211249
697525638492.2452             0.06110583
697526615593.5593             -0.022839151
697527592694.8733             -0.015157422
697528569796.1873             -0.02481329
697529546897.5012             -0.04570631
697530523998.8152             -0.014490448
697531501100.1292             -0.0013526595
697532478201.4431             0.03576512
697533455302.7571             -0.012057189
697534432404.071              -0.029985309
697535409505.3851             -0.043350432
697536386606.6991             -0.034160424
697537363708.0131             0.026731612
697538340809.327              0.036662865
697539317910.641              0.035542693
697540295011.955              0.06853896
697541272113.2689             -0.013100404
697542249214.5829             0.0154545605
697543226315.8969             -0.050696027
697544203417.2109             -0.02700702
697545180518.5249             -0.022018742
697546157619.8389             -0.07245323
697547134721.1528             -0.05046678
697548111822.4668             0.085416935
697549088923.7808             0.052589037
697550066025.0947             -0.012974715
697551043126.4087             -0.031898756
697552020227.7227             -0.011526842
697552997329.0366             0.044866387
697553974430.3507             -0.031529535
697554951531.6647             -0.036179975
697555928632.9786             -0.011590921
697556905734.2926             -0.03434823
697557882835.6066             -0.10063898
697558859936.9205             -0.106690355
697559837038.2345             -0.039729483
697560814139.5485             0.051742032
697561791240.8624             0.057128843
697562768342.1765             -0.084815964
697563745443.4905             -0.079895124
697564722544.8044             -0.0440588
697565699646.1184             -0.027669657
697566676747.4324             -0.014712228
697567653848.7463             0.07885316
697568630950.0603             0.03043114
697569608051.3743             -0.009888748
697570585152.6882             0.016824424
697571562254.0022             0.051244676
697572539355.3163             0.009871623
697573516456.6302             -0.036171805
697574493557.9442             0.036512278
697575470659.2582             0.029411536
697576447760.5721             -0.060565762
697577424861.8861             -0.06833706
697578401963.2001             0.010372883
697579379064.514              0.027988907
697580356165.828              -0.015323944
697581333267.1421             0.07219565
697582310368.456              0.047881436
697583287469.77               -0.015047526
697584264571.084              -0.05424844
697585241672.398              -0.15360509
697586218773.7119             -0.12233625
697587195875.0259             -0.055787582
697588172976.3398             0.022231331
697589150077.6538             -0.01301543
697590127178.9679             0.02056091
697591104280.2819             -0.040109675
697592081381.5958             0.013212356
697593058482.9098             0.09284568
697594035584.2238             -0.08493577
697595012685.5377             -0.025767716
697595989786.8517             0.08398012
697596966888.1656             0.020766346
697597943989.4796             -0.049030323
697598921090.7936             -0.036919612
697599898192.1077             -0.008914623
697600875293.4216             0.029266527
697601852394.7356             -0.0134643605
697602829496.0496             0.041584995
697603806597.3635             0.03281588
697604783698.6775             0.034307238
697605760799.9915             0.14388679
697606737901.3054             0.095821984
697607715002.6194             -0.03368153
697608692103.9335             -0.003541165
697609669205.2474             -0.01826737
697610646306.5614             -0.030127974
697611623407.8754             0.04015911
697612600509.1893             0.05224408
697613577610.5033             -0.0184001
697614554711.8173             -0.09872122
697615531813.1312             -0.035191998
697616508914.4452             -0.0010138913
697617486015.7592             -0.03499346
697618463117.0732             -0.06652141
697619440218.3872             0.012572045
697620417319.7012             0.06403012
697621394421.0151             0.021038385
697622371522.3291             0.14748392
697623348623.6431             0.119540095
697624325724.957              0.027298434
697625302826.271              0.033763092
697626279927.585              0.04132054
697627257028.899              -0.029583305
697628234130.213              -0.06423198
697629211231.527              -0.018817544
697630188332.841              -0.05080798
697631165434.1549             -0.024150478
697632142535.4689             0.0061531845
697633119636.7828             -0.06269522
697634096738.0968             -0.07011578
697635073839.4108             0.014565494
697636050940.7249             0.1565565
697637028042.0388             0.036491495
697638005143.3528             0.010198643
697638982244.6667             0.045673482
697639959345.9807             -0.031772517
697640936447.2947             -0.084010646
697641913548.6086             0.048130415
697642890649.9226             0.028758725
697643867751.2366             0.011005448
697644844852.5505             0.046618145
697645821953.8646             0.06768676
697646799055.1786             0.0202996
697647776156.4926             0.00450486
697648753257.8065             0.03349978
697649730359.1205             0.02328891
697650707460.4344             0.032057222
697651684561.7484             -0.039719522
697652661663.0624             0.07146566
697653638764.3763             0.10698919
697654615865.6904             0.01218525
697655592967.0044             0.03718773
697656570068.3184             0.001277318
697657547169.6323             -0.1251097
697658524270.9463             -0.0549237
697659501372.2603             -0.0033369754
697660478473.5742             0.0303894
697661455574.8882             0.0055632005
697662432676.2021             0.01817333
697663409777.5162             0.03627966
697664386878.8302             0.044852562
697665363980.1442             0.1073585
697666341081.4581             0.08694262
697667318182.7721             0.025853155
697668295284.086              0.07173126
697669272385.4                0.059133086
697670249486.714              -0.0629979
697671226588.028              -0.010819722
697672203689.3419             0.031405233
697673180790.656              0.0678399
697674157891.97               0.030466957
697675134993.2839             -0.0126069775
697676112094.5979             0.048905455
697677089195.9119             0.011089196
697678066297.2258             0.108922765
697679043398.5398             0.07453828
697680020499.8538             0.007519713
697680997601.1677             0.0071088052
697681974702.4818             0.020654362
697682951803.7958             -0.057647213
697683928905.1097             -0.024013216
697684906006.4237             -0.04094741
697685883107.7377             -0.045267697
697686860209.0516             -0.010403186
697687837310.3656             0.02274004
697688814411.6796             -0.0039156154
697689791512.9935             0.021173641
697690768614.3075             0.039044186
697691745715.6216             -0.030530287
697692722816.9355             0.0037453647
697693699918.2495             -0.004045418
697694677019.5635             -0.069307186
697695654120.8774             -0.04365416
697696631222.1914             -0.013932295
697697608323.5054             0.041380875
697698585424.8193             -0.030838374
697699562526.1333             -0.07589323
697700539627.4474             -0.098929755
697701516728.7614             0.041834846
697702493830.0753             0.050469387
697703470931.3893             0.094956316
697704448032.7032             0.04786981
697705425134.0172             0.0646749
697706402235.3312             0.010459321
697707379336.6451             0.0003151908
697708356437.9591             -0.020503987
697709333539.2732             0.0071772174
697710310640.5872             0.052264888
697711287741.9011             0.03723521
697712264843.2151             -0.036400855
697713241944.529              0.025325315
697714219045.843              -0.016857566
697715196147.157              -0.08431145
697716173248.471              -0.012252699
697717150349.7849             0.044276416
697718127451.0989             0.0059243958
697719104552.413              0.07793724
697720081653.7269             0.057000667
697721058755.0409             -0.04053034
697722035856.3549             -0.015873948
697723012957.6688             -0.02992129
697723990058.9828             -0.013438012
697724967160.2968             -0.02515193
697725944261.6107             0.03473823
697726921362.9247             0.043070585
697727898464.2388             -0.011848082
697728875565.5527             -0.0061650653
697729852666.8667             0.009746774
697730829768.1807             -0.062589765
697731806869.4946             -0.07247381
697732783970.8086             -0.10623785
697733761072.1226             -0.07697217
697734738173.4365             -0.056395773
697735715274.7505             0.031393774
697736692376.0646             0.071891926
697737669477.3785             0.0031623642
697738646578.6925             0.06416265
697739623680.0065             -0.0140546085
697740600781.3204             -0.021908458
697741577882.6344             -0.11415518
697742554983.9484             0.011980506
697743532085.2623             0.02998002
697744509186.5763             0.048049726
697745486287.8903             -0.024413694
697746463389.2043             0.043319527
697747440490.5183             0.021251945
697748417591.8323             0.012668213
697749394693.1462             -0.036946435
697750371794.4602             -0.004855562
697751348895.7742             0.039064802
697752325997.0881             -0.006762741
697753303098.4021             0.026822157
697754280199.7161             0.074881844
697755257301.0302             0.00028114786
697756234402.3441             -0.06877143
697757211503.6581             -0.0057663918
697758188604.972              0.06923057
697759165706.286              -0.044978514
697760142807.6                -0.051278565
697761119908.914              0.03756656
697762097010.2279             0.10219661
697763074111.5419             0.024567
697764051212.8558             -0.059513707
697765028314.1699             -0.03962637
697766005415.4839             -0.027221289
697766982516.7979             -0.03185407
697767959618.1118             0.005635872
697768936719.4258             -0.04219292
697769913820.7397             0.014117701
697770890922.0537             0.047097526
697771868023.3677             0.03081097
697772845124.6816             -0.030796198
697773822225.9957             0.09919718
697774799327.3097             0.040529143
697775776428.6237             0.0060184677
697776753529.9376             0.020855008
697777730631.2516             -0.014981855
697778707732.5656             -0.05080075
697779684833.8795             -0.058732275
697780661935.1935             0.08706035
697781639036.5074             0.08266656
697782616137.8215             0.046180017
697783593239.1355             0.03269349
697784570340.4495             -0.083537824
697785547441.7634             -0.040759552
697786524543.0774             -0.021887528
697787501644.3914             -0.09582089
697788478745.7053             -0.06909667
697789455847.0193             -0.0069932034
697790432948.3333             0.06849452
697791410049.6472             0.0022663092
697792387150.9613             0.04918722
697793364252.2753             0.021655196
697794341353.5892             0.013988072
697795318454.9032             -0.013057268
697796295556.2172             0.12107034
697797272657.5311             0.075907096
697798249758.8451             0.0654459
697799226860.159              0.04491123
697800203961.473              0.009699913
697801181062.7871             0.056218505
697802158164.1011             -0.0014671185
697803135265.415              0.0010365952
697804112366.729              -0.022238621
697805089468.043              -0.027301984
697806066569.3569             -0.064674765
697807043670.6709             -0.08612058
697808020771.9849             -0.08530254
697808997873.2988             -0.024964988
697809974974.6128             -0.008968209
697810952075.9269             0.0015183412
697811929177.2408             -0.023334488
697812906278.5548             0.0669039
697813883379.8688             0.019978318
697814860481.1827             -0.022768361
697815837582.4967             -0.02553551
697816814683.8107             -0.03176147
697817791785.1246             -0.13916652
697818768886.4386             -0.056580305
697819745987.7527             -0.05432273
697820723089.0667             -0.048528966
697821700190.3806             -0.02635303
697822677291.6946             -0.0454049
697823654393.0085             -0.030502768
697824631494.3225             0.06710126
697825608595.6365             0.012514701
697826585696.9504             -0.03692611
697827562798.2644             -0.0007542391
697828539899.5785             0.060127385
697829517000.8925             0.023405144
697830494102.2064             0.04652344
697831471203.5204             0.05198
697832424092.2                0.03070118
697832448304.8344             0.021423262
697833401193.6141             -0.014862954
697833425406.1483             0.0004647928
697834378295.0282             0.0008862045
697834402507.4623             -0.033909906
697835355396.4424             0.037090454
697835379608.7762             -0.0129577685
697836332497.8564             0.008562169
697836356710.0902             0.004585542
697837309599.2706             -0.014351888
697837333811.4042             -0.007556852
697838286700.6847             0.019139508
697838310912.7183             -0.05865435
697839263802.0989             0.0027974087
697839288014.0322             -0.01845621
697840240903.513              0.083077386
697840265115.3462             0.00936118
697841218004.9271             0.02931325
697841242216.6602             0.034108352
697842195106.3412             -0.12225158
697842219317.9741             0.013738805
697843172207.7554             -0.039579436
697843196419.2881             -0.035699178
697844149309.1694             0.0031104332
697844173520.602              -0.039744105
697845126410.5836             0.05272588
697845150621.916              -0.031809136
697846103511.9978             0.068397254
697846127723.23               0.021034244
697847080613.4119             0.038238484
697847104824.5441             0.040874526
697848057714.826              0.04440444
697848081925.858              0.04745741
697849034816.2401             -0.030334253
697849059027.172              0.026662331
697850011917.6543             -0.0976899
697850036128.486              -0.022204127
697850989019.0684             0.014812608
697851013229.7999             -0.039166752
697851966120.4825             0.06703624
697851990331.1139             0.04771623
697852943221.8966             0.020972611
697852967432.4279             0.033915203
697853920323.3108             0.050293725
697853944533.7418             -0.011687028
697854897424.7249             -0.009874906
697854921635.0558             0.025710803
697855874526.139              -0.12012353
697855898736.3699             -0.024016991
697856851627.5531             -0.0215378
697856875837.6838             -0.05949067
697857828728.9673             0.083355606
697857852938.9978             -0.009364929
697858805830.3815             0.08388086
697858830040.3118             0.099587955
697859782931.7955             0.055009026
697859807141.6257             0.108146876
697860760033.2097             -0.032703843
697860784242.9397             0.046021387
697861737134.6238             -0.010810754
697861761344.2537             -0.016029047
697862714236.038              0.017523011
697862738445.5676             0.0034831027
697863691337.452              0.017255578
697863715546.8816             0.0557177
697864668438.8662             -0.033933252
697864692648.1956             0.007668501
697865645540.2803             -0.004051013
697865669749.5096             -0.01893479
697866622641.6945             0.0016178227
697866646850.8236             0.0152141955
697867599743.1085             -0.032451
697867623952.1376             -0.017526135
697868576844.5227             0.041754335
697868601053.4515             -0.023341466
697869553945.9368             0.057081077
697869578154.7655             0.046138417
697870531047.351              0.0035027615
697870555256.0795             0.037262764
697871508148.7651             0.030033033
697871532357.3934             0.04428093
697872485250.1792             0.0226668
697872509458.7074             0.0044971295
697873462351.5934             -0.027240166
697873486560.0214             0.03006981
697874439453.0074             -0.0078535145
697874463661.3354             -0.009752684
697875416554.4216             0.01379513
697875440762.6494             0.027211508
697876393655.8357             0.008838275
697876417863.9634             0.039788987
697877370757.2499             0.04460683
697877394965.2773             -0.0023470665
697878347858.664              -0.0135375345
697878372066.5913             -0.027218608
697879324960.0781             0.02068844
697879349167.9053             0.014429227
697880302061.4922             -0.055933412
697880326269.2192             0.043560643
697881279162.9064             0.014671673
697881303370.5332             -0.018069692
697882256264.3204             0.024572106
697882280471.8472             0.028295686
697883233365.7346             0.010327637
697883257573.1611             0.06923642
697884210467.1488             -0.053074807
697884234674.4752             0.00690385
697885187568.5629             -0.09433181
697885211775.7892             -0.03272388
697886164669.977              -0.09786086
697886188877.1031             -0.048013013
697887141771.3911             -0.073757455
697887165978.4171             -0.085940376
697888118872.8053             -0.03742547
697888143079.7311             -0.068349
697889095974.2194             -0.007852426
697889120181.045              -0.03428248
697890073075.6335             -0.019476356
697890097282.359              0.005271197
697891050177.0476             -0.008593995
697891074383.673              0.028410949
697892027278.4618             0.073595725
697892051484.9869             0.006369013
697893004379.8759             -0.010784679
697893028586.301              0.0465194
697893981481.29               -0.091142595
697894005687.615              -0.019217182
697894958582.7041             -0.07730137
697894982788.929              -0.03941213
697895935684.1183             -0.11116121
697895959890.2429             -0.03732432
697896912785.5323             -0.08052735
697896936991.5569             -0.053231463
697897889886.9465             -0.12331999
697897914092.8708             -0.023953665
697898866988.3607             0.0525928
697898891194.1848             -0.047781885
697899844089.7748             -0.0030843322
697899868295.4988             0.031221401
697900821191.189              0.04110575
697900845396.8127             0.058235712
697901798292.603              0.043005995
697901822498.1268             0.050227936
697902775394.0172             0.040852398
697902799599.4408             0.027440716
697903752495.4313             -0.04074323
697903776700.7548             -0.0106024165
697904729596.8455             -0.02529242
697904753802.0687             -0.09352714
697905706698.2595             0.008659071
697905730903.3827             -0.04139278
697906683799.6737             -0.036525507
697906708004.6967             0.012520118
697907660901.0878             -0.059396133
697907685106.0106             0.0036326945
697908638002.502              0.013368477
697908662207.3246             -0.038764466
697909615103.916              0.08845334
697909639308.6385             0.024259811
697910592205.3302             0.11244879
697910616409.9525             0.016725453
697911569306.7444             -0.0073402394
697911593511.2666             0.008126458
697912546408.1584             -0.0034751967
697912570612.5806             -0.006746342
697913523509.5726             0.007985844
697913547713.8945             -0.03995023
697914500610.9867             0.012055963
697914524815.2085             -0.05138455
697915477712.4009             -0.046630397
697915501916.5225             -0.03228871
697916454813.815              -0.024733165
697916479017.8364             -0.0035929433
697917431915.2291             -0.01094324
697917456119.1504             0.016662532
697918409016.6432             0.03420296
697918433220.4644             0.02493129
697919386118.0574             0.012617824
697919410321.7783             0.06735895
697920363219.4714             -0.06630043
697920387423.0924             -0.021719767
697921340320.8856             0.0039252606
697921364524.4064             -0.06514226
697922317422.2997             0.045555513
697922341625.7203             -0.017030401
697923294523.7139             -0.03161963
697923318727.0343             0.017290434
697924271625.128              -0.047152855
697924295828.3483             -0.008532345
697925248726.5421             -0.033153486
697925272929.6622             -0.042881608
697926225827.9563             -0.035057466
697926250030.9762             -0.034678124
697927202929.3704             0.012960705
697927227132.2902             -0.035331603
697928180030.7845             -0.0074379905
697928204233.6041             -0.013047749
697929157132.1986             -0.07024514
697929181334.9182             0.016600056
697930134233.6128             -0.06557191
697930158436.2322             -0.03414106
697931111335.0269             -0.08817569
697931135537.5461             -0.010188449
697932088436.441              -0.039496515
697932112638.8601             -0.05086471
697933065537.8551             0.028713182
697933089740.1741             -0.0529868
697934042639.2693             0.012423828
697934066841.488              -0.01563931
697935019740.6833             -0.019812487
697935043942.802              0.0076878867
697935996842.0975             -0.027821653
697936021044.116              -0.0060958145
697936973943.5117             -0.06800405
697936998145.4299             -0.020670427
697937951044.9258             0.04549463
697937975246.7439             -0.040240224
697938928146.34               0.0010018998
697938952348.058              0.012182131
697939905247.754              -0.046418935
697939929449.372              -0.054801926
697940882349.1682             -0.013137335
697940906550.6859             -0.09973812
697941859450.5823             -0.0393657
697941883651.9999             -0.08945406
697942836551.9965             0.11814784
697942860753.3138             -0.056286827
697943813653.4105             0.09459533
697944790754.8247             0.093405195
697945767856.2388             -0.024265615
697946744957.653              -0.043146588
697947722059.067              -0.06377033
697948699160.4812             -0.03887057
697949676261.8954             -0.03546443
697950653363.3094             -0.03173018
697951630464.7236             0.027114078
697952607566.1377             0.01923314
697953584667.5519             -0.058647517
697954561768.966              -0.013157627
697955538870.3801             -0.026632072
697956515971.7942             -0.10503004
697957493073.2084             -0.0033978552
697958470174.6224             -0.029598512
697959447276.0366             -0.03857718
697960424377.4507             -0.000730235
697961401478.8649             -0.025338057
697962378580.279              0.11156887
697963355681.6931             0.037671756
697964332783.1073             0.039949164
697965309884.5214             0.09083278
697966286985.9355             -0.010930431
697967264087.3496             0.060375866
697968241188.7638             0.032833602
697969218290.1779             -0.063036524
697970195391.592              -0.092715524
697971172493.0061             -0.025976643
697972149594.4203             -0.00032772077
697973126695.8344             0.04186094
697974103797.2485             0.04086254
697975080898.6627             0.074246414
697976058000.0768             0.06559598
697977035101.491              -0.07120482
697978012202.905              -0.031845476
697978989304.3192             0.06924551
697979966405.7333             0.05081917
697980943507.1475             0.016197396
697981920608.5615             -0.016806781
697982897709.9757             0.013080489
697983874811.3898             0.063413106
697984851912.804              0.05157567
697985829014.218              0.027438352
697986806115.6322             0.043765806
697987783217.0464             0.006306692
697988760318.4604             -0.057175785
697989737419.8746             -0.030948315
697990714521.2887             -0.059748985
697991691622.7029             -0.019847013
697992668724.117              0.060316525
697993645825.5311             0.078123294
697994622926.9452             -0.051565904
697995600028.3594             0.03442499
697996577129.7734             0.04334728
697997554231.1876             0.037221793
697998531332.6017             0.07114258
697999508434.0159             0.114983976
698000485535.43               -0.05462285
698001462636.8441             0.0474112
698002439738.2583             -0.017906783
698003416839.6724             -0.046615425
698004393941.0865             0.081600204
698005371042.5006             0.07253005
698006348143.9148             0.048782885
698007325245.3289             -0.004711971
698008302346.743              -0.01692079
698009279448.1571             0.044995487
698010256549.5713             0.02602448
698011233650.9854             0.08729044
698012210752.3995             0.04359371
698013187853.8136             -0.076941855
698014164955.2278             -0.06871635
698015142056.642              -0.046148982
698016119158.056              -0.040435404
698017096259.4702             -0.009267402
698018073360.8843             -0.055455733
698019050462.2985             -0.0069940537
698020027563.7125             -0.033792403
698021004665.1267             -0.0412707
698021981766.5408             0.00943346
698022958867.955              -0.00472483
698023935969.369              0.006728698
698024913070.7832             0.04957994
698025890172.1973             0.037023313
698026867273.6115             -0.05565872
698027844375.0256             -0.06242124
698028821476.4397             0.042474598
698029798577.8539             0.07207769
698030775679.268              0.03577437
698031752780.6821             0.09270383
698032729882.0962             0.10170848
698033706983.5104             0.011468353
698034684084.9244             -0.0040075392
698035661186.3386             0.026251398
698036638287.7527             -0.0069098435
698037615389.1669             0.008980873
698038592490.5809             0.029628431
698039569591.9951             -0.0032470196
698040546693.4093             -0.068595424
698041523794.8234             -0.034941245
698042500896.2375             0.07111927
698043477997.6516             -0.03992647
698044455099.0658             -0.053323146
698045432200.4799             -0.09894817
698046409301.894              -0.042344935
698047386403.3081             -0.06301253
698048363504.7223             -0.04974041
698049340606.1364             0.017013283
698050317707.5505             0.073531345
698051294808.9646             0.101974055
698052271910.3788             -0.019302152
698053249011.793              0.061894726
698054226113.207              0.052878678
698055203214.6212             0.020064639
698056180316.0353             0.07445176
698057157417.4495             0.004396515
698058134518.8635             -0.03883975
698059111620.2777             0.034931954
698060088721.6918             0.012239748
698061065823.106              -0.009838228
698062042924.52               0.0036984333
698063020025.9342             -0.01504435
698063997127.3483             0.013902313
698064974228.7625             -0.012865707
698065951330.1766             -0.032799833
698066928431.5907             0.024836816
698067905533.0049             0.06310904
698068882634.419              -0.031550597
698069859735.8331             -0.061930355
698070836837.2472             -0.07040917
698071813938.6614             -0.01648835
698072791040.0754             0.10966432
698073768141.4896             0.0570249
698074745242.9037             -0.030275598
698075722344.3179             -0.08213684
698076699445.7319             -0.04073709
698077676547.1461             -0.025683591
698078653648.5603             -0.0017657534
698079630749.9744             0.10189661
698080607851.3885             0.038323358
698081584952.8026             -0.06683631
698082562054.2168             -0.10658887
698083539155.6309             -0.016207263
698084516257.045              -0.10726244
698085493358.4591             -0.046825953
698086470459.8733             -0.013821109
698087447561.2874             0.027724702
698088424662.7015             -0.02292759
698089401764.1156             -0.08697517
698090378865.5298             -0.039802372
698091355966.944              -0.0044850917
698092333068.358              0.025856178
698093310169.7722             -0.01958446
698094287271.1863             -0.07653479
698095264372.6005             -0.018356746
698096241474.0145             -0.036407925
698097218575.4287             0.017430024
698098195676.8428             -0.101945296
698099172778.257              -0.03136617
698100149879.671              -0.029724756
698101126981.0852             -0.046448674
698102104082.4993             0.03946019
698103081183.9135             0.06476908
698104058285.3276             0.053596664
698105035386.7417             0.049692728
698106012488.1559             0.026962057
698106989589.57               0.03142133
698107966690.9841             0.05835558
698108943792.3982             -0.037055347
698109920893.8124             -0.05017968
698110897995.2264             0.07231968
698111875096.6406             0.08302716
698112852198.0547             0.055229325
698113829299.4689             0.030043378
698114806400.8829             -0.005115839
698115783502.2971             -0.060405836
698116760603.7113             -0.11130735
698117737705.1254             -0.056112647
698118714806.5396             -0.027279837
698119691907.9536             -0.036210164
698120669009.3678             0.061671007
698121646110.7819             -0.022852484
698122623212.196              0.011006005
698123600313.6101             0.019391406
698124577415.0243             0.060045384
698125554516.4384             0.03515157
698126531617.8525             0.09857591
698127508719.2666             -0.01046696
698128485820.6808             0.0023430719
698129462922.0948             0.04871282
698130440023.509              -0.07322167
698131417124.9232             -0.0522852
698132394226.3373             -0.09724664
698133371327.7515             -0.053163253
698134348429.1655             -0.026958354
698135325530.5797             -0.0070019225
698136302631.9938             0.022493575
698137279733.408              0.047685616
698138256834.822              -0.015847571
698139233936.2362             0.011362928
698140211037.6503             -0.078663774
698141188139.0645             -0.0036111325
698142165240.4785             0.025262589
698143142341.8927             0.021208797
698144119443.3069             -0.019423997
698145096544.721              0.06360249
698146073646.1351             -0.017315766
698147050747.5492             0.025798053
698148027848.9634             0.030325264
698149004950.3774             0.00029845184
698149982051.7916             -0.06347927
698150959153.2057             -0.048019662
698151936254.6199             0.04868925
698152913356.0339             0.0257217
698153890457.4481             -0.0046460154
698154867558.8622             -0.09606603
698155844660.2764             0.07263073
698156821761.6906             0.024853183
698157798863.1046             0.030287052
698158775964.5188             -0.046539754
698159753065.9329             -0.05315018
698160730167.347              -0.005768664
698161707268.7611             0.06989681
698162684370.1753             0.04327937
698163661471.5894             -0.023366278
698164638573.0035             0.047122326
698165615674.4176             0.06593261
698166592775.8318             0.030975742
698167569877.2458             0.03386131
698168546978.66               0.02907495
698169524080.0742             0.109389946
698170501181.4883             0.093774155
698171478282.9025             0.034419283
698172455384.3165             0.01815796
698173432485.7307             -0.06930593
698174409587.1448             -0.025462393
698175386688.559              -0.019320345
698176363789.973              0.032282624
698177340891.3872             0.031901307
698178317992.8013             -0.07115613
698179295094.2155             0.096219026
698180272195.6295             -0.009070515
698181249297.0437             -0.006161952
698182226398.4579             -0.002532993
698183203499.872              0.052926335
698184180601.2861             0.054097272
698185157702.7002             0.0138193015
698186134804.1144             -0.03526447
698187111905.5284             0.01073046
698188089006.9426             0.034188338
698189066108.3567             0.02180914
698190043209.7709             0.036808163
698191020311.1849             -0.04820638
698191997412.5991             -0.038177483
698192974514.0132             0.039480634
698193951615.4274             0.05225743
698194928716.8416             -0.049606107
698195905818.2556             -0.051199067
698196882919.6698             -0.06653545
698197860021.0839             -0.08312222
698198837122.498              -0.01825131
698199814223.9121             0.05636191
698200791325.3263             0.04039496
698201768426.7404             0.06487677
698202745528.1545             0.09115792
698203722629.5686             0.025218394
698204699730.9828             -0.102875724
698205676832.3969             -0.009388333
698206653933.811              -0.055633504
698207631035.2252             -0.005228569
698208608136.6393             0.06824303
698209585238.0535             0.058988087
698210562339.4675             -0.043393392
698211539440.8817             0.0477808
698212516542.2958             -0.069021106
698213493643.71               -0.03701268
698214470745.124              -0.03193739
698215447846.5382             -0.032609645
698216424947.9523             -0.0462242
698217402049.3665             -0.023233723
698218379150.7805             0.05224555
698219356252.1947             0.037497696
698220333353.6089             -0.06440384
698221310455.023              -0.084391184
698222287556.4371             -0.0680562
698223264657.8512             0.042961147
698224241759.2654             0.0028994638
698225218860.6794             0.0759738
698226195962.0936             0.0064065256
698227173063.5077             -0.024211403
698228150164.9219             -0.109815605
698229127266.3359             -0.026956102
698230104367.7501             0.0486942
698231081469.1642             -0.052324157
698232058570.5784             -0.0782737
698233035671.9926             -0.058162294
698234012773.4066             -0.00935999
698234989874.8208             -0.047855467
698235966976.2349             -0.04944159
698236944077.649              0.029722838
698237921179.0631             0.07752373
698238898280.4773             0.10497806
698239875381.8914             0.068125196
698240852483.3055             0.14141324
698241829584.7196             0.0028632882
698242806686.1338             -0.03279618
698243783787.5479             -0.119034715
698244760888.962              -0.1366084
698245737990.3761             -0.12654696
698246715091.7903             -0.07257156
698247692193.2045             -0.025105244
698248669294.6185             0.010878457
698249646396.0327             0.049263086
698250623497.4468             0.015217351
698251600598.861              0.0817428
698252577700.275              0.048157543
698253554801.6892             0.12421556
698254531903.1033             0.045714993
698255509004.5175             0.03351921
698256486105.9315             0.028832177
698257463207.3457             0.0004330216
698258440308.7598             -0.06837924
698259417410.174              -0.08948265
698260394511.5881             -0.047254737
698261371613.0022             -0.0025653916
698262348714.4164             0.011748147
698263325815.8304             -0.09946744
698264302917.2446             -0.050093707
698265280018.6587             -0.082216404
698266257120.0729             -0.10002261
698267234221.4869             -0.01786131
698268211322.9011             -0.014424923
698269188424.3152             -0.009697198
698270165525.7294             -0.005197299
698271142627.1434             -0.031516504
698272119728.5576             -0.061667446
698273096829.9718             -0.043089867
698274073931.3859             -0.06667975
698275051032.8                -0.024816167
698276028134.2141             -0.068590045
698277005235.6283             -0.02572807
698277982337.0424             0.06315917
698278959438.4565             0.0624167
698279936539.8706             0.011943392
698280913641.2848             0.060127873
698281890742.6989             0.03711096
698282867844.113              -0.043997943
698283844945.5271             0.042736225
698284822046.9413             0.045520823
698285799148.3555             -0.007973632
698286776249.7695             -0.040804036
698287753351.1837             -0.010740445
698288730452.5978             0.034081146
698289707554.012              -0.017475246
698290684655.426              0.007443129
698291661756.8402             -0.061029606
698292638858.2543             -0.017820695
698293615959.6685             0.117856346
698294593061.0825             0.05780002
698295570162.4967             0.007892306
698296547263.9108             0.019730257
698297524365.325              -0.0013053367
698298501466.7391             0.07063242
698299478568.1532             -0.0043635643
698300455669.5674             0.019840818
698301432770.9814             0.112502575
698302409872.3956             0.027012933
698303386973.8097             0.026932018
698304364075.2239             0.06065525
698305341176.638              0.035131652
698306318278.0521             0.05177648
698307295379.4662             0.08312068
698308272480.8804             0.03663082
698309249582.2944             -0.026230972
698310226683.7086             -0.06346527
698311203785.1228             -0.06738079
698312180886.5369             0.003321427
698313157987.951              0.0046158517
698314135089.3651             0.014594281
698315112190.7793             -0.061020344
698316089292.1934             0.016886482
698317066393.6075             0.010895445
698318043495.0216             -0.0046712398
698319020596.4358             0.077832
698319997697.8499             0.05358658
698320974799.264              -0.021465138
698321951900.6781             -0.06134383
698322929002.0923             -0.03174582
698323906103.5065             0.0156173725
698324883204.9205             0.03678059
698325860306.3347             0.019192748
698326837407.7488             0.012160525
698327814509.163              -0.02604523
698328791610.577              0.004569135
698329768711.9912             0.080513224
698330745813.4053             0.024100626
698331722914.8195             -0.027513016
698332700016.2335             -0.055634793
698333677117.6477             0.018185519
698334654219.0618             0.0019893718
698335631320.476              0.030728165
698336608421.8901             0.0068313708
698337585523.3042             -0.06632639
698338562624.7184             -0.007268495
698339539726.1324             0.0038383035
698340516827.5466             -0.04020901
698341493928.9607             -0.1462349
698342471030.3749             -0.05763756
698343448131.789              -0.006103109
698344425233.2031             -0.013843774
698345402334.6172             -0.075800635
698346379436.0314             0.018990997
698347356537.4454             0.055635292
698348333638.8596             -0.024133759
698349310740.2738             -0.06529822
698350287841.6879             -0.06133694
698351264943.102              -0.083515115
698352242044.5161             -0.0568796
698353219145.9303             0.043034576
698354196247.3444             -0.08095841
698355173348.7585             -0.027473137
698356150450.1726             0.114872806
698357127551.5868             0.01776547
698358104653.0009             0.00029247385
698359081754.415              -0.036917586
698360058855.8291             -0.03849249
698361035957.2433             0.021295413
698362013058.6573             0.015011068
698362990160.0715             -0.0061452882
698363967261.4857             0.02109844
698364944362.8998             -0.047804877
698365921464.314              0.10177869
698366898565.728              0.047052335
698367875667.1422             0.023231594
698368852768.5563             -0.024899688
698369829869.9705             0.0046054185
698370806971.3845             -0.05571843
698371784072.7987             -0.012667448
698372761174.2128             -0.07474276
698373738275.627              -0.00013247436
698374715377.041              0.02443631
698375692478.4552             0.09815838
698376669579.8694             0.00068447256
698377646681.2834             0.0063570105
698378623782.6976             0.069764346
698379600884.1117             0.056381032
698380577985.5259             0.03485011
698381555086.94               -0.012876878
698382532188.3541             0.020673383
698383509289.7682             -0.039590668
698384486391.1824             0.034724742
698385463492.5964             0.083370425
698386440594.0106             0.016886491
698387417695.4247             0.002925044
698388394796.8389             -0.012557706
698389371898.253              0.023157705
698390348999.6671             0.025946647
698391326101.0813             0.073780335
698392303202.4954             -0.00023939804
698393280303.9095             -0.007048092
698394257405.3236             -0.08864868
698395234506.7378             -0.14273196
698396211608.1519             -0.073134534
698397188709.566              -0.04751747
698398165810.9801             0.00036841922
698399142912.3943             0.015428525
698400120013.8083             0.06585834
698401097115.2225             -0.03739942
698402074216.6367             -0.089465365
698403051318.0508             0.06699555
698404028419.465              0.00979306
698405005520.879              -0.026070615
698405982622.2932             0.06887267
698406959723.7073             -0.008220564
698407936825.1215             -0.00396861
698408913926.5355             0.059607487
698409891027.9497             0.028984858
698410868129.3638             0.03833457
698411845230.778              0.06400241
698412822332.192              -0.042631302
698413799433.6062             -0.025834816
698414776535.0204             -0.076818764
698415753636.4344             -0.06659551
698416730737.8486             -0.027682278
698417707839.2627             -0.01565679
698418684940.6769             -0.04453199
698419662042.091              0.01743143
698420639143.5051             0.07139331
698421616244.9192             -0.019885961
698422593346.3334             -0.044172745
698423570447.7474             -0.05367359
698424547549.1616             -0.013424607
698425524650.5757             0.015650671
698426501751.9899             -0.024474682
698427478853.404              -0.015270539
698428455954.8181             -0.08532111
698429433056.2323             -0.1077281
698430410157.6464             0.010854697
698431387259.0605             -0.026785048
698432364360.4746             0.026871452
698433341461.8888             -0.016232194
698434318563.3029             0.016855292
698435295664.717              -0.013528887
698436272766.1311             -0.014621385
698437249867.5453             0.021169411
698438226968.9594             -0.00022330733
698439204070.3735             -0.05962842
698440181171.7877             -0.014316539
698441158273.2018             -0.03376805
698442135374.616              -0.064827085
698443112476.03               -0.039853465
698444089577.4442             -0.071933895
698445066678.8583             -0.05070219
698446043780.2725             -0.023294281
698447020881.6865             -0.08861936
698447997983.1007             -0.006700665
698448975084.5148             0.03702295
698449952185.929              0.02061615
698450929287.343              -0.057806697
698451906388.7572             -0.10305144
698452883490.1714             -0.018887382
698453860591.5854             0.09737255
698454837692.9996             0.09954593
698455814794.4137             0.056705464
698456791895.8279             -0.0070874137
698457768997.242              0.020287413
698458746098.6561             -0.09557998
698459723200.0702             -0.16707575
698460700301.4844             -0.07675632
698461677402.8984             0.009758161
698462654504.3126             0.070346594
698463631605.7267             0.07769028
698464608707.1409             0.091096476
698465585808.555              0.085731976
698466562909.9691             -0.0017267041
698467540011.3833             0.06566185
698468517112.7974             0.024730152
698469494214.2115             -0.06014248
698470471315.6256             0.04047233
698471448417.0398             0.058910083
698472425518.4539             0.049545888
698473402619.868              -0.06109381
698474379721.2821             -0.037602205
698475356822.6963             -0.033556044
698476333924.1104             -0.045756884
698477311025.5245             0.0035711282
698478288126.9386             0.018381303
698479265228.3528             -0.025130214
698480242329.767              0.028649919
698481219431.181              0.042451482
698482196532.5952             0.008920493
698483173634.0093             -0.04014379
698484150735.4235             -0.028010972
698485127836.8375             0.05272228
698486104938.2517             0.05700509
698487082039.6658             0.049274206
698488059141.08               -0.013313702
698489036242.494              -0.053992752
698490013343.9082             -0.0032009843
698490990445.3223             0.03624078
698491967546.7365             0.02163068
698492944648.1506             -0.01657561
698493921749.5647             0.01519184
698494898850.9789             0.018141365
698495875952.393              0.006157914
698496853053.8071             -0.07711382
698497830155.2212             -0.09455632
698498807256.6354             -0.010618205
698499784358.0494             -0.0055874498
698500761459.4636             -0.030402984
698501738560.8777             -0.07303328
698502715662.2919             0.059885826
698503692763.7059             0.05475056
698504669865.1201             0.095489696
698505646966.5343             0.09326369
698506624067.9484             0.0016580909
698507601169.3625             -0.03767258
698508578270.7766             -0.021483677
698509555372.1908             0.027998887
698510532473.6049             -0.004193954
698511509575.019              -0.0142792305
698512486676.4331             -0.011081348
698513463777.8473             0.072818905
698514440879.2614             0.04878318
698515417980.6755             0.0040425817
698516395082.0896             0.00041820508
698517372183.5038             0.05044818
698518349284.918              0.09551546
698519326386.332              -0.030160127
698520303487.7462             0.011469165
698521280589.1603             -0.021710603
698522257690.5745             0.0077578733
698523234791.9885             -0.056405284
698524211893.4027             0.021615125
698525188994.8168             0.069230445
698526166096.231              -0.0131639065
698527143197.645              0.009873624
698528120299.0592             -0.0015728917
698529097400.4733             -0.006943584
698530074501.8875             -0.03290128
698531051603.3016             0.05307
698532028704.7157             0.03620578
698533005806.1299             -0.027515668
698533982907.544              -0.02271418
698534960008.9581             -0.010611814
698535937110.3722             -0.010638734
698536914211.7864             -0.050751552
698537891313.2004             -0.053263742
698538868414.6146             -0.046698324
698539845516.0287             0.0029893133
698540822617.4429             -0.061690725
698541799718.8569             0.004971024
698542776820.2711             0.017782431
698543753921.6853             -0.0028515712
698544731023.0994             -0.004856032
698545708124.5135             -0.0042338665
698546685225.9276             0.033754956
698547662327.3418             0.0005932735
698548639428.7559             -0.025416275
698549616530.17               -0.0040100017
698550593631.5841             -0.078521475
698551570732.9983             0.04589159
698552547834.4124             0.030401368
698553524935.8265             -0.013409912
698554502037.2406             -0.09221792
698555479138.6548             0.0008757562
698556456240.069              0.014119879
698557433341.483              0.02054104
698558410442.8972             0.049056906
698559387544.3113             0.026462829
698560364645.7255             0.050284807
698561341747.1395             0.0442566
698562318848.5537             -0.049105264
698563295949.9678             -0.0060464945
698564273051.382              0.08615463
698565250152.796              -0.028607996
698566227254.2102             0.053779364
698567204355.6243             -0.0041796244
698568181457.0385             -0.05924856
698569158558.4526             0.036976203
698570135659.8667             -0.0020778256
698571112761.2809             -0.06084319
698572089862.695              0.0019696038
698573066964.1091             0.05794113
698574044065.5232             0.06332147
698575021166.9374             -0.010538619
698575998268.3514             -0.08486198
698576975369.7656             -0.030359756
698577952471.1797             0.0039264658
698578929572.5939             -0.054548424
698579906674.0079             0.0040074
698580883775.4221             0.07404166
698581860876.8363             -0.029767012
698582837978.2504             -0.041412134
698583815079.6646             0.045071047
698584792181.0786             -0.11297741
698585769282.4928             -0.03764951
698586746383.9069             0.003993075
698587723485.321              -0.042865913
698588700586.7351             -0.03873294
698589677688.1493             -0.041062567
698590654789.5634             -0.07662857
698591631890.9775             0.08815449
698592608992.3916             -0.0077811168
698593586093.8058             -0.044277105
698594563195.2198             -0.05367667
698595540296.634              -0.051786344
698596517398.0482             0.03104393
698597494499.4623             0.094209395
698598471600.8765             0.14782804
698599448702.2905             0.040503226
698600425803.7047             0.061685763
698601402905.1188             0.06265111
698602380006.533              0.05158252
698603357107.947              0.0058558094
698604334209.3612             0.04647981
698605311310.7753             -0.042576242
698606288412.1895             -0.0033912733
698607265513.6035             0.102502525
698608242615.0177             0.07748211
698609219716.4319             0.06715469
698610196817.846              0.02013695
698611173919.2601             0.028021067
698612151020.6742             0.037828445
698613128122.0884             -0.01967534
698614105223.5024             -0.04371657
698615082324.9166             -0.023098595
698616059426.3307             -0.007200723
698617036527.7449             -0.06465665
698618013629.1589             -0.03558659
698618990730.5731             -0.034419537
698619967831.9872             -0.04329091
698620944933.4014             -0.100811906
698621922034.8156             -0.088643245
698622899136.2296             -0.076757334
698623876237.6438             -0.09558952
698624853339.0579             -0.030791001
698625830440.472              0.0010020605
698626807541.8861             -0.01810106
698627784643.3003             -0.015197468
698628761744.7144             0.064882085
698629738846.1285             0.087600164
698630715947.5426             0.07272679
698631693048.9568             0.07272815
698632670150.3708             0.029987965
698633647251.785              0.051962044
698634624353.1992             -0.006492423
698635601454.6133             -0.022521302
698636578556.0275             -0.062700674
698637555657.4415             0.07760153
698638532758.8557             0.038377732
698639509860.2698             0.0975991
698640486961.684              0.035733312
698641464063.098              0.04234207
698642441164.5122             0.069471195
698643418265.9263             -0.0010004487
698644395367.3405             -0.09365583
698645372468.7545             0.020046078
698646349570.1687             -0.018373737
698647326671.5829             -0.017512
698648303772.997              0.055813663
698649280874.4111             0.115526594
698650257975.8252             -0.02226312
698651235077.2394             -0.049425505
698652212178.6534             -0.022539895
698653189280.0676             -0.023610272
698654166381.4817             -0.0015998086
698655143482.8959             0.029056923
698656120584.3099             -0.047727134
698657097685.7241             -0.078201726
698658074787.1382             -0.043309834
698659051888.5524             -0.019596586
698660028989.9666             -0.07895178
698661006091.3806             -0.02321956
698661983192.7948             -0.044991486
698662960294.2089             0.0034180565
698663937395.623              -0.0164313
698664914497.0371             -0.028670948
698665891598.4513             0.067199156
698666868699.8654             0.097697355
698667845801.2795             0.0021049408
698668822902.6936             0.028128695
698669800004.1078             0.114518136
698670777105.5219             0.024449281
698671754206.936              -0.07529109
698672731308.3502             -0.02620631
698673708409.7643             0.0033874202
698674685511.1785             0.025811208
698675662612.5925             -0.025944866
698676639714.0067             -0.097683035
698677616815.4208             -0.017447246
698678593916.835              0.03913955
698679571018.249              0.03742488
698680548119.6632             0.03225202
698681525221.0773             0.025856225
698682502322.4915             -0.051013023
698683479423.9055             0.0514612
698684456525.3197             0.12185523
698685433626.7339             0.050110698
698686410728.148              0.00065741903
698687387829.5621             -0.0069803726
698688364930.9762             0.010395387
698689342032.3904             0.0117899515
698690319133.8044             0.063211896
698691296235.2186             -0.007285484
698692273336.6327             -0.013189046
698693250438.0469             -0.06280537
698694227539.4609             -0.04422908
698695204640.8751             -0.06427459
698696181742.2892             -0.024902198
698697158843.7034             -0.013579101
698698135945.1176             -0.09079216
698699113046.5316             -0.0068929186
698700090147.9458             0.056207336
698701067249.3599             0.068946026
698702044350.774              -0.070265196
698703021452.1881             0.040112507
698703998553.6023             0.0046612304
698704975655.0164             -0.01633731
698705952756.4305             -0.09377106
698706929857.8446             -0.03387454
698707906959.2588             0.010520852
698708884060.6729             -0.041739665
698709861162.087              -0.041591547
698710838263.5011             -0.0007258921
698711815364.9153             0.08288211
698712792466.3295             0.044770207
698713769567.7435             0.02368806
698714746669.1577             -0.033957906
698715723770.5718             -0.019596703
698716700871.986              0.035230987
698717677973.4                -0.024507953
698718655074.8142             -0.07695678
698719632176.2283             -0.09002068
698720609277.6425             -0.056831777
698721586379.0565             -0.009588007
698722563480.4707             -0.022895118
698723540581.8848             -0.013536245
698724517683.299              0.007692127
698725494784.7131             -0.006360086
698726471886.1272             -0.072060585
698727448987.5414             -0.03121408
698728426088.9554             -0.10889688
698729403190.3696             0.0719687
698730380291.7837             0.14280766
698731357393.1979             0.03504077
698732334494.6119             -0.062028144
698733311596.0261             -0.022309637
698734288697.4402             0.04551624
698735265798.8544             -0.106676795
698736242900.2684             -0.0671505
698737220001.6826             0.015249215
698738197103.0968             -0.048086096
698739174204.5109             0.0817686
698740151305.925              0.06051915
698741128407.3391             -0.030064998
698742105508.7533             0.020422721
698743082610.1674             -0.0024468058
698744059711.5815             -0.018003643
698745036812.9956             0.00808338
698746013914.4098             -0.009614675
698746991015.8239             0.03284717
698747968117.238              -0.057270158
698748945218.6521             -0.12757294
698749922320.0663             -0.039499346
698750899421.4805             -0.018054653
698751876522.8945             -0.021151088
698752853624.3087             0.067868516
698753830725.7228             0.086556986
698754807827.137              0.058007844
698755784928.551              0.030818352
698756762029.9652             0.026887765
698757739131.3793             0.07838249
698758716232.7935             0.0039655236
698759693334.2075             -0.00011813695
698760670435.6217             0.02538849
698761647537.0358             -0.0058109383
698762624638.45               0.045062993
698763601739.8641             0.04449607
698764578841.2782             -0.045198154
698765555942.6924             0.05010061
698766533044.1064             -0.06937778
698767510145.5206             0.01924362
698768487246.9347             0.01460532
698769464348.3489             -0.03611274
698770441449.763              -0.035607137
698771418551.1771             0.016093478
698772395652.5912             0.04276499
698773372754.0054             0.053336218
698774349855.4194             -0.022458956
698775326956.8336             -0.023847962
698776304058.2478             0.0111728255
698777281159.6619             0.0068250094
698778258261.076              -0.004702636
698779235362.4901             0.06785231
698780212463.9043             0.012808722
698781189565.3184             -0.0032383325
698782166666.7325             0.014720699
698783143768.1466             0.038130723
698784120869.5608             -0.0015582718
698785097970.9749             -0.050215844
698786075072.389              -0.055509098
698787052173.8031             0.010804983
698788029275.2173             -0.007083596
698789006376.6315             -0.059263412
698789983478.0455             0.037550416
698790960579.4597             0.0052398536
698791937680.8738             -0.0041167038
698792914782.288              0.027944852
698793891883.702              -0.027249917
698794868985.1162             -0.062821165
698795846086.5303             -0.015754625
698796823187.9445             0.073682785
698797800289.3585             0.053082958
698798777390.7727             0.10103498
698799754492.1868             0.043620653
698800731593.601              -0.01767375
698801708695.0151             0.00049352966
698802685796.4292             -0.008079819
698803662897.8434             0.0003534842
698804639999.2574             -0.113206126
698805617100.6716             -0.02373604
698806594202.0857             0.060033754
698807571303.4999             0.0919058
698808548404.914              0.014301584
698809525506.3281             -0.04967191
698810502607.7422             0.0045284936
698811479709.1564             0.033254858
698812456810.5704             0.102865145
698813433911.9846             -0.0055122157
698814411013.3988             0.051886905
698815388114.8129             0.086803906
698816365216.227              -0.032590576
698817342317.6411             -0.01010191
698818319419.0553             -0.048630957
698819296520.4694             0.0056256256
698820273621.8835             -0.019970905
698821250723.2976             -0.05615591
698822227824.7118             0.034181826
698823204926.1259             -0.07447413
698824182027.54               -0.0022460679
698825159128.9541             0.07523258
698826136230.3683             -0.028913012
698827113331.7823             -0.1317462
698828090433.1965             -0.074047804
698829067534.6107             -0.0061892774
698830044636.0248             -0.05919192
698831021737.439              0.0030864356
698831998838.853              0.06563602
698832975940.2672             0.06256951
698833953041.6813             0.023128064
698834930143.0955             -0.072550416
698835907244.5095             0.0007077378
698836884345.9237             0.05236169
698837861447.3378             -0.03652876
698838838548.752              -0.02954634
698839815650.166              0.031205898
698840792751.5802             -0.027095718
698841769852.9944             -0.031578485
698842746954.4084             -0.010731168
698843724055.8226             -0.075036295
698844701157.2367             -0.01244657
698845678258.6509             0.014756423
698846655360.065              0.03211402
698847632461.4791             -0.06839708
698848609562.8932             -0.044059925
698849586664.3074             0.05930496
698850563765.7214             -0.046826165
698851540867.1356             -0.023544192
698852517968.5497             -0.057650905
698853495069.9639             -0.032930583
698854472171.378              0.018608196
698855449272.7921             0.03469255
698856426374.2063             0.031425744
698857403475.6204             -0.050245874
698858380577.0345             -0.04780984
698859357678.4486             0.02781573
698860334779.8628             0.06160127
698861311881.2769             0.013500386
698862288982.691              0.0060043726
698863266084.1051             0.068341196
698864243185.5193             0.08692482
698865220286.9333             0.036182694
698866197388.3475             0.024179261
698867174489.7617             0.025172245
698868151591.1758             -0.017332992
698869128692.59               -0.032243513
698870105794.004              0.09216988
698871082895.4182             0.10778879
698872059996.8323             0.008805542
698873037098.2465             -0.020053156
698874014199.6605             0.007253951
698874991301.0747             -0.021075297
698875968402.4888             0.0042761904
698876945503.903              -0.047734424
698877922605.317              -0.09531344
698878899706.7312             -0.005049689
698879876808.1454             -0.0019615013
698880853909.5594             0.07737914
698881831010.9736             -0.06129767
698882808112.3877             -0.033974778
698883785213.8019             0.030409686
698884762315.216              0.008701365
698885739416.6301             -0.016280577
698886716518.0442             0.010032531
698887693619.4584             -0.020645602
698888670720.8724             0.009907823
698889647822.2866             -0.055981547
698890624923.7007             -0.01944488
698891602025.1149             0.05142048
698892579126.529              0.03913636
698893556227.9431             0.0074609937
698894533329.3573             0.047440033
698895510430.7714             0.01927978
698896487532.1855             -0.0044858763
698897464633.5996             -0.04845219
698898441735.0138             0.039170627
698899418836.4279             0.029674618
698900395937.842              0.063290045
698901373039.2561             0.076900534
698902350140.6703             0.0033216309
698903327242.0844             -0.07521902
698904304343.4985             -0.003359726
698905281444.9127             0.018012103
698906258546.3268             0.026993979
698907235647.741              0.07462044
698908212749.155              0.009106076
698909189850.5692             -0.020280683
698910166951.9833             0.007339189
698911144053.3975             -0.044499904
698912121154.8115             -0.03405482
698913098256.2257             -0.028736427
698914075357.6398             -0.06137407
698915052459.054              0.071381554
698916029560.468              -0.014641959
698917006661.8822             -0.019095866
698917983763.2964             -0.14043057
698918960864.7104             -0.16712582
698919937966.1246             -0.022687005
698920915067.5387             -0.106408864
698921892168.9529             -0.16720413
698922869270.367              0.008252168
698923846371.7811             0.04223588
698924823473.1952             -0.035388086
698925800574.6094             0.008330649
698926777676.0234             0.009548833
698927754777.4376             0.0010112943
698928731878.8517             -0.033956043
698929708980.2659             0.031600952
698930686081.68               -0.048621718
698931663183.0941             0.042210277
698932640284.5083             0.007049501
698933617385.9224             0.08598098
698934594487.3365             0.14137134
698935571588.7506             0.118219614
698936548690.1648             0.03667948
698937525791.5789             0.0109062465
698938502892.993              0.039155856
698939479994.4071             0.075941265
698940457095.8213             0.06429934
698941434197.2354             0.025845986
698942411298.6495             0.07864141
698943388400.0636             0.007371492
698944365501.4778             -0.04927672
698945342602.892              0.016065167
698946319704.306              0.07429104
698947296805.7202             0.059709728
698948273907.1343             0.016864087
698949251008.5485             0.0549782
698950228109.9625             0.012888288
698951205211.3767             0.054469243
698952182312.7908             0.030064154
698953159414.205              -0.011209395
698954136515.619              -0.026292238
698955113617.0332             0.044974037
698956090718.4473             0.024707215
698957067819.8615             -0.000169012
698958044921.2756             -0.07156326
698959022022.6897             -0.08113043
698959999124.1039             -0.051158354
698960976225.518              0.003944826
698961953326.9321             0.041910205
698962930428.3462             0.027466582
698963907529.7604             0.010335099
698964884631.1744             0.0068165353
698965861732.5886             -0.03219424
698966838834.0027             0.030343987
698967815935.4169             0.053246778
698968793036.8309             -0.057985198
698969770138.2451             -0.105624765
698970747239.6593             -0.061188143
698971724341.0734             -0.052627143
698972701442.4875             -0.0056323744
698973678543.9016             -0.05776438
698974655645.3158             -0.015780808
698975632746.7299             0.061711688
698976609848.144              0.09990839
698977586949.5581             0.040443595
698978564050.9723             0.0820019
698979541152.3864             -0.040711313
698980518253.8005             -0.04121916
698981495355.2146             0.005069732
698982472456.6288             0.08777543
698983449558.043              0.058916282
698984426659.457              0.047656994
698985403760.8712             0.0011202513
698986380862.2853             0.011119617
698987357963.6995             0.029250111
698988335065.1135             -0.047110606
698989312166.5277             -0.12148666
698990289267.9418             -0.07984805
698991266369.356              0.11071742
698992243470.77               0.107860446
698993220572.1842             0.07048524
698994197673.5983             0.15017061
698995174775.0125             0.073278755
698996151876.4266             0.032126084
698997128977.8407             -0.10991107
698998106079.2549             -0.019744713
698999083180.669              0.08010091
699000060282.0831             0.06250467
699001037383.4972             0.011643347
699002014484.9114             0.021507157
699002991586.3254             0.01107971
699003968687.7396             0.06275594
699004945789.1537             0.03549345
699005922890.5679             0.005227506
699006899991.9819             0.0052615344
699007877093.3961             -0.025442911
699008854194.8103             -0.01279957
699009831296.2244             0.021211972
699010808397.6385             -0.025890326
699011785499.0526             -0.0036191875
699012762600.4668             -0.00572481
699013739701.8809             0.023660801
699014716803.295              0.062475
699015693904.7091             0.026382176
699016671006.1233             -0.023449909
699017648107.5374             -0.012769476
699018625208.9515             -0.05430053
699019602310.3656             -0.025066663
699020579411.7798             0.01876386
699021556513.194              0.0052095787
699022533614.608              0.018903531
699023510716.0222             0.072663486
699024487817.4363             0.088399015
699025464918.8505             -0.037620675
699026442020.2645             0.0059196725
699027419121.6787             0.051672336
699028396223.0928             -0.004418429
699029373324.507              0.009296615
699030350425.921              0.03913822
699031327527.3352             0.025156436
699032304628.7493             -0.019756205
699033281730.1635             -0.011804734
699034258831.5776             0.0010252728
699035235932.9917             -0.009925552
699036213034.4059             -0.007548493
699037190135.82               0.0302745
699038167237.2341             0.025160307
699039144338.6482             -0.021374775
699040121440.0624             0.025132144
699041098541.4764             0.026993947
699042075642.8906             -0.021643661
699043052744.3047             0.035654422
699044029845.7189             0.053691767
699045006947.1329             0.123505555
699045984048.5471             0.02077943
699046961149.9613             -0.0022711486
699047938251.3754             0.014091218
699048915352.7896             -0.008721825
699049892454.2036             0.04924715
699050869555.6178             -0.007852194
699051846657.0319             -0.041798927
699052823758.446              0.02258696
699053800859.8601             -0.053971566
699054777961.2743             -0.069219165
699055755062.6884             -0.08348928
699056732164.1025             -0.0680778
699057709265.5166             0.06286511
699058686366.9308             -0.0034550366
699059663468.3448             -0.051887855
699060640569.759              -0.07485007
699061617671.1732             -0.07477645
699062594772.5873             -0.00864332
699063571874.0015             -0.02021836
699064548975.4155             0.018622499
699065526076.8297             0.017305877
699066503178.2438             -0.010075335
699067480279.658              -0.07330697
699068457381.072              0.03293507
699069434482.4862             -0.03705234
699070411583.9003             -0.06013143
699071388685.3145             -0.02980704
699072365786.7285             0.013069883
699073342888.1427             0.014017187
699074319989.5569             0.019055665
699075297090.971              0.03657008
699076274192.3851             0.07209576
699077251293.7992             0.108708546
699078228395.2134             0.03635099
699079205496.6274             0.06006432
699080182598.0416             -0.028536903
699081159699.4557             0.0009365431
699082136800.8699             -0.028269831
699083113902.2839             -0.08157296
699084091003.6981             -0.06857353
699085068105.1122             -0.029457655
699086045206.5264             0.083541594
699087022307.9406             0.044177733
699087999409.3546             -0.07485276
699088976510.7688             0.0015954758
699089953612.1829             -0.024229534
699090930713.597              -0.01333768
699091907815.0111             0.09850305
699092884916.4253             -0.009848444
699093862017.8394             -0.04000152
699094839119.2535             0.012532108
699095816220.6676             -0.06688181
699096793322.0818             -0.03004165
699097770423.4958             0.037250828
699098747524.91               0.07910233
699099724626.3242             0.053632293
699100701727.7383             0.013248729
699101678829.1525             0.019385925
699102655930.5665             -0.02078645
699103633031.9807             -0.0949459
699104610133.3948             -0.07422968
699105587234.809              -0.06780064
699106564336.223              -0.010367391
699107541437.6372             -0.061216675
699108518539.0513             0.0402779
699109495640.4655             0.08553327
699110472741.8795             0.02626914
699111449843.2937             0.048757244
699112426944.7079             0.03928243
699113404046.122              0.06890248
699114381147.5361             0.018186372
699115358248.9502             0.015738929
699116335350.3644             0.08283783
699117312451.7784             0.009288404
699118289553.1926             0.056928128
699119266654.6067             0.055077903
699120243756.0209             0.08208309
699121220857.4349             0.05739079
699122197958.8491             0.050159674
699123175060.2632             -0.022356521
699124152161.6774             -0.025460169
699125129263.0916             -0.07962931
699126106364.5056             0.01827388
699127083465.9198             0.04626865
699128060567.3339             0.004117135
699129037668.748              -0.037598807
699130014770.1621             -0.0066712257
699130991871.5763             0.05910299
699131968972.9904             0.1114404
699132946074.4045             0.022399876
699133923175.8186             -0.1288246
699134900277.2328             -0.033395175
699135877378.6469             0.04088869
699136854480.061              0.059655048
699137831581.4752             0.085741185
699138808682.8893             0.0669634
699139785784.3035             0.07367677
699140762885.7175             -0.049904075
699141739987.1317             0.0049156225
699142717088.5458             -0.03689794
699143694189.96               -0.040837474
699144671291.374              -0.054582182
699145648392.7882             0.031868543
699146625494.2023             -0.07567739
699147602595.6165             -0.056658477
699148579697.0305             0.0018457045
699149556798.4447             0.04047712
699150533899.8589             0.01587432
699151511001.273              -0.068179786
699152488102.6871             0.0014866855
699153465204.1012             -0.07108476
699154442305.5154             -0.030850051
699155419406.9294             -0.00333502
699156396508.3436             -0.038456466
699157373609.7577             -0.13587154
699158350711.1719             -0.043180093
699159327812.5859             -0.012426786
699160304914.0001             0.020344961
699161282015.4142             -0.053124905
699162259116.8284             -0.018930754
699163236218.2426             -0.0040131263
699164213319.6566             0.054703344
699165190421.0708             0.105977654
699166167522.4849             0.01270987
699167144623.899              0.0215773
699168121725.3131             0.07218137
699169098826.7273             0.0057845814
699170075928.1414             0.031170137
699171053029.5555             0.053390864
699172030130.9696             0.03816413
699173007232.3838             -0.03850448
699173984333.7979             -0.04393572
699174961435.212              0.009577557
699175938536.6261             -0.029142423
699176915638.0403             -0.012466596
699177892739.4545             -0.01797301
699178869840.8685             -0.07121598
699179846942.2827             -0.028519345
699180824043.6968             0.0064424956
699181801145.111              -0.014684259
699182778246.525              0.0076460266
699183755347.9392             0.00047967577
699184732449.3533             0.024378983
699185709550.7675             0.014090346
699186686652.1815             -0.06396564
699187663753.5957             0.031422667
699188640855.0098             0.108200714
699189617956.424              0.029003162
699190595057.8381             -0.029184029
699191572159.2522             -0.05413461
699192549260.6664             0.01771619
699193526362.0804             0.06946758
699194503463.4946             -0.012724831
699195480564.9087             -0.06818824
699196457666.3229             0.060252734
699197434767.7369             0.118337184
699198411869.1511             0.047820844
699199388970.5652             -0.030638676
699200366071.9794             0.017624883
699201343173.3934             -0.055032123
699202320274.8076             0.0045600333
699203297376.2218             0.064540654
699204274477.6359             0.0076880315
699205251579.05               -0.022031073
699206228680.4641             -0.06926176
699207205781.8783             0.008055608
699208182883.2924             -0.0539075
699209159984.7065             -0.02255142
699210137086.1206             -0.066937044
699211114187.5348             -0.030886726
699212091288.9489             0.0015509852
699213068390.363              0.012067714
699214045491.7771             0.017493213
699215022593.1913             0.068733305
699215999694.6055             -0.14576092
699216976796.0195             -0.024613606
699217953897.4337             0.04208775
699218930998.8478             0.005933819
699219908100.262              -0.01300731
699220885201.676              -0.021486036
699221862303.0902             0.045651242
699222839404.5043             0.090159036
699223816505.9185             0.024052419
699224793607.3325             -0.0010356522
699225770708.7467             0.0628883
699226747810.1608             0.028468076
699227724911.575              -0.04284236
699228702012.9891             0.0020042555
699229679114.4032             0.08522956
699230656215.8174             0.017644698
699231633317.2314             -0.011262769
699232610418.6456             -0.016710483
699233587520.0597             -0.08338346
699234564621.4739             0.015293589
699235541722.888              0.04629283
699236518824.3021             -0.018974585
699237495925.7162             -0.029672332
699238473027.1304             -0.038814485
699239450128.5444             -0.07992585
699240427229.9586             -0.0768066
699241404331.3728             -0.036800902
699242381432.7869             -0.016313484
699243358534.201              -0.021050321
699244335635.6151             0.05278009
699245312737.0293             -0.0151270535
699246289838.4434             -0.02670068
699247266939.8575             -0.004972279
699248244041.2716             0.0012918182
699249221142.6858             0.016428214
699250198244.0999             0.09591325
699251175345.514              -0.0070026712
699252152446.9281             0.032356445
699253129548.3423             0.0028689331
699254106649.7565             0.0007755509
699255083751.1705             0.037003335
699256060852.5847             -0.07364555
699257037953.9988             -0.017285673
699258015055.413              0.0662496
699258992156.827              0.016445823
699259969258.2412             -0.06412859
699260946359.6553             -0.00931545
699261923461.0695             0.037498318
699262900562.4835             -0.0284736
699263877663.8977             -0.08103015
699264854765.3118             -0.05487394
699265831866.726              0.008505025
699266808968.1401             0.046111744
699267786069.5542             -0.07468419
699268763170.9684             0.018881988
699269740272.3824             0.095160626
699270717373.7966             0.02516522
699271694475.2107             0.059921797
699272671576.6249             0.020347392
699273648678.039              -0.005434619
699274625779.4531             0.0032051017
699275602880.8672             0.029179553
699276579982.2814             0.042140815
699277557083.6954             0.003378731
699278534185.1096             -0.01963463
699279511286.5238             -0.04652568
699280488387.9379             -0.029604103
699281465489.352              0.016896358
699282442590.7661             0.0011140326
699283419692.1803             -0.01885
699284396793.5944             0.06720789
699285373895.0085             0.10326021
699286350996.4226             0.05588114
699287328097.8368             0.012894305
699288305199.2509             -0.02672457
699289282300.665              -0.0477396
699290259402.0791             -0.05585383
699291236503.4933             0.05080784
699292213604.9073             0.092407145
699293190706.3215             0.023168003
699294167807.7357             0.04728888
699295144909.1498             0.08004629
699296122010.564              0.06402123
699297099111.978              -0.00876524
699298076213.3922             0.04378357
699299053314.8063             0.05545682
699300030416.2205             0.060461942
699301007517.6345             0.0656176
699301984619.0487             -0.01931621
699302961720.4628             -0.03722622
699303938821.877              -0.1009614
699304915923.291              -0.009234337
699305893024.7052             0.020120043
699306870126.1194             0.08736743
699307847227.5334             0.12072612
699308824328.9476             0.023377156
699309801430.3617             -0.025347231
699310778531.7759             0.005495602
699311755633.19               -0.009648212
699312732734.6041             -0.042323917
699313709836.0182             -0.011580267
699314686937.4324             0.015952293
699315664038.8464             0.028698172
699316641140.2606             0.016658774
699317618241.6747             0.012573997
699318595343.0889             0.043863066
699319572444.503              0.031693485
699320549545.9171             0.04351225
699321526647.3313             0.013661034
699322503748.7454             0.030203354
699323480850.1595             0.06744835
699324457951.5736             -0.05205064
699325435052.9878             0.058204073
699326412154.4019             0.046771143
699327389255.816              0.032951456
699328366357.2301             -0.0014311911
699329343458.6443             -0.09142535
699330320560.0583             -0.023812426
699331297661.4725             0.035587467
699332274762.8867             0.057320084
699333251864.3008             -0.026165437
699334228965.715              -0.02354767
699335206067.129              0.04721251
699336183168.5432             0.0076560946
699337160269.9573             0.03044971
699338137371.3715             -0.049094703
699339114472.7855             -0.029289441
699340091574.1997             0.08113764
699341068675.6138             0.051153228
699342045777.028              -0.015678018
699343022878.442              -0.0057026283
699343999979.8562             -0.08651518
699344977081.2704             -0.03683296
699345954182.6844             0.079116
699346931284.0986             0.0041284706
699347908385.5127             0.014653171
699348885486.9269             -0.03791291
699349862588.341              -0.042157985
699350839689.7551             -0.022632174
699351816791.1692             -0.0064227814
699352793892.5834             -0.0044102953
699353770993.9974             -0.047424663
699354748095.4116             0.02389156
699355725196.8257             0.0030715603
699356702298.2399             0.008333584
699357679399.654              -0.0019790095
699358656501.0681             0.060736522
699359633602.4823             0.017953927
699360610703.8964             -0.005937818
699361587805.3105             -0.01356412
699362564906.7246             0.047007684
699363542008.1388             0.0033423705
699364519109.5529             0.063094325
699365496210.967              0.024764229
699366473312.3811             -0.060460027
699367450413.7953             -0.015252866
699368427515.2094             -0.03394202
699369404616.6235             -0.016867217
699370381718.0377             -0.05660257
699371358819.4518             -0.03486274
699372335920.866              -0.013029814
699373313022.28               0.018753054
699374290123.6942             0.039746035
699375267225.1083             -0.01469687
699376244326.5225             0.0048890035
699377221427.9365             -0.017981658
699378198529.3507             0.017261881
699379175630.7648             -0.015140922
699380152732.179              0.026523186
699381129833.593              -0.021974307
699382106935.0072             0.0051904614
699383084036.4214             -0.014298864
699384061137.8354             -0.047702275
699385038239.2496             -0.029697342
699386015340.6637             0.023886863
699386992442.0779             -0.042525593
699387969543.492              -0.097790815
699388946644.9061             0.022075996
699389923746.3202             0.023327155
699390900847.7344             0.032926127
699391877949.1484             -0.03182745
699392855050.5626             -0.06938156
699393832151.9767             0.0078124157
699394809253.3909             -0.030331956
699395786354.805              0.0042970465
699396763456.2191             0.11230198
699397740557.6333             -0.038147107
699398717659.0474             0.010209017
699399694760.4615             -0.01025614
699400671861.8756             0.06845776
699401648963.2898             0.0043848534
699402626064.7039             0.073949195
699403603166.118              -0.02062578
699404580267.5321             -0.06314494
699405557368.9463             -0.060468577
699406534470.3604             0.014173326
699407511571.7745             0.024403589
699408488673.1886             0.041970134
699409465774.6028             0.04549077
699410442876.017              0.03815231
699411419977.431              0.0639489
699412397078.8452             0.16114162
699413374180.2593             0.07383477
699414351281.6735             0.072148725
699415328383.0875             0.022835903
699416305484.5017             -0.01363818
699417282585.9158             0.046473555
699418259687.33               0.01887038
699419236788.744              0.0028053764
699420213890.1582             -0.12165912
699421190991.5723             -4.319717e-05
699422168092.9865             0.051117957
699423145194.4006             0.11097588
699424122295.8147             0.096188284
699425099397.2289             0.052659694
699426076498.643              -0.05394341
699427053600.0571             -0.026862262
699428030701.4712             -0.095663875
699429007802.8854             -0.08893983
699429984904.2994             -0.029204901
699430962005.7136             -0.0044912295
699431939107.1277             0.021996282
699432916208.5419             -0.008269419
699433893309.9559             -0.008305775
699434870411.3701             0.09364348
699435847512.7843             0.100147836
699436824614.1984             0.0033058294
699437801715.6125             0.026600538
699438778817.0266             0.005617178
699439755918.4408             -0.020462334
699440733019.8549             0.009868031
699441710121.269              0.1084131
699442687222.6831             -0.08870286
699443664324.0973             -0.15511061
699444641425.5114             0.016451878
699445618526.9255             0.08459737
699446595628.3396             -0.011149167
699447572729.7538             0.041157424
699448549831.168              0.02680311
699449526932.582              -0.021996327
699450504033.9962             -0.034155913
699451481135.4103             0.021332102
699452458236.8245             0.02659652
699453435338.2385             -0.06159882
699454412439.6527             0.08398577
699455389541.0668             0.08040964
699456366642.481              -0.004181747
699457343743.895              -0.030186187
699458320845.3092             0.020918785
699459297946.7233             -0.020946369
699460275048.1375             0.022034762
699461252149.5516             0.028461603
699462229250.9657             0.029146332
699463206352.3799             0.03254899
699464183453.794              0.023864929
699465160555.2081             -0.0031518769
699466137656.6222             0.02867927
699467114758.0364             0.0026795943
699468091859.4504             -0.071438484
699469068960.8646             -0.033730235
699470046062.2787             0.026866326
699471023163.6929             0.02713721
699472000265.1069             -0.009034893
699472977366.5211             0.025845235
699473954467.9353             -0.030590227
699474931569.3494             0.025467303
699475908670.7635             -0.026856761
699476885772.1776             -0.036050275
699477862873.5918             0.0012467437
699478839975.0059             0.0046287766
699479817076.42               0.019699786
699480794177.8341             -0.008183489
699481771279.2483             -0.03152445
699482748380.6624             -0.07146362
699483725482.0765             -0.04062874
699484702583.4906             -0.08357904
699485679684.9048             -0.11796915
699486656786.319              0.09193152
699487633887.733              0.10072633
699488610989.1472             -0.01663917
699489588090.5613             0.014835171
699490565191.9755             0.053536735
699491542293.3895             -0.010980345
699492519394.8037             -0.008077083
699493496496.2178             -0.030750562
699494473597.632              0.045575768
699495450699.046              0.07617967
699496427800.4602             -0.0164531
699497404901.8743             0.02379442
699498382003.2885             -0.08344049
699499359104.7026             -0.0928008
699500336206.1167             -0.06375114
699501313307.5309             0.008542908
699502290408.945              0.0046595423
699503267510.3591             -0.051945876
699504244611.7732             0.030059895
699505221713.1874             0.039757106
699506198814.6014             0.016675735
699507175916.0156             -0.04669063
699508153017.4297             -0.07202662
699509130118.8439             -0.080172434
699510107220.2579             -0.017454395
699511084321.6721             0.03080184
699512061423.0863             0.054868165
699513038524.5004             0.061753035
699514015625.9146             0.11340545
699514992727.3286             -0.010878385
699515969828.7428             0.06034834
699516946930.1569             0.16402969
699517924031.571              0.07559877
699518901132.9851             0.05013271
699519878234.3993             -0.0023674576
699520855335.8134             0.039605808
699521832437.2275             -0.03221612
699522809538.6416             -0.038796075
699523786640.0558             -0.050844233
699524763741.4698             -0.072347455
699525740842.884              -0.019879576
699526717944.2982             0.0023304631
699527695045.7123             -0.031278275
699528672147.1265             -0.08978137
699529649248.5405             -0.100454405
699530626349.9547             -0.018538954
699531603451.3688             -0.0023377717
699532580552.783              0.030837959
699533557654.197              0.1160915
699534534755.6112             0.088446245
699535511857.0253             -0.010682225
699536488958.4395             -0.08627858
699537466059.8535             -0.026602939
699538443161.2677             -0.00337199
699539420262.6819             0.0047378372
699540389191.1                0.12565306
699540397364.096              0.00525849
699541366292.6143             0.083322234
699541374465.5101             -0.043799058
699542343394.1285             0.011130894
699542351566.9242             -0.04943486
699543320495.6428             -0.08339021
699543328668.3384             -0.0222828
699544297597.1571             0.13224912
699544305769.7524             -0.048517875
699545274698.6714             0.17019747
699545282871.1666             0.03679722
699546251800.1857             0.004377662
699546259972.5807             0.06540429
699547228901.7                -0.038530637
699547237073.9949             -0.01804901
699548206003.2142             -0.0087807
699548214175.4089             -0.036521494
699549183104.7285             -0.06184249
699549191276.8231             -0.0030293583
699550160206.2428             -0.045198347
699550168378.2372             -0.07958892
699551137307.7571             -0.06343086
699551145479.6514             -0.09712624
699552114409.2714             -0.035108097
699552122581.0656             -0.041988336
699553091510.7856             0.0721059
699553099682.4796             0.019721694
699554068612.2999             0.058113333
699554076783.8938             0.014641837
699555045713.8142             0.08606859
699555053885.3079             -0.108936094
699556022815.3285             -0.05936921
699556030986.722              -0.041567154
699556999916.8427             -0.041913036
699557008088.1361             -0.04864763
699557977018.3569             -0.0063299173
699557985189.5503             0.006959329
699558954119.8712             -0.100418314
699558962290.9644             0.011647747
699559931221.3855             -0.05393588
699559939392.3785             -0.07624556
699560908322.8998             -0.005319264
699560916493.7926             -0.015367315
699561885424.4141             -0.036678854
699561893595.2068             -0.040428206
699562862525.9283             -0.0058012684
699562870696.6208             -0.049819324
699563839627.4426             -0.027437286
699563847798.035              -0.10132083
699564816728.9569             -0.1485705
699564824899.4492             -0.027272988
699565793830.4712             -0.04625849
699565802000.8633             -0.009048127
699566770931.9855             0.093980804
699566779102.2775             -0.005328128
699567748033.4998             0.05889852
699567756203.6915             0.070857376
699568725135.014              0.055255674
699568733305.1057             0.028770255
699569702236.5283             0.005035351
699569710406.5198             0.08602959
699570679338.0426             -0.12949981
699570687507.934              0.028847128
699571656439.5569             -0.064183615
699571664609.348              -0.0749721
699572633541.0712             0.010161874
699572641710.7622             -0.010007874
699573610642.5854             0.06928691
699573618812.1763             -0.0044768504
699574587744.0997             0.022463242
699574595913.5905             0.03845942
699575564845.614              -0.09448445
699575573015.0045             0.05408206
699576541947.1283             0.08107407
699576550116.4187             -0.047718998
699577519048.6426             0.118653916
699577527217.8329             -0.02829737
699578496150.1569             -0.07597707
699578504319.247              -0.009112019
699579473251.6711             -0.12156475
699579481420.6611             -0.10596193
699580450353.1854             0.06507326
699580458522.0752             -0.017860027
699581427454.6997             0.08794652
699581435623.4894             0.07131521
699582404556.214              0.10679492
699582412724.9034             0.03205827
699583381657.7283             0.016286738
699583389826.3176             0.0537461
699584358759.2426             0.060029104
699584366927.7317             -0.018894376
699585335860.7568             -0.037495885
699585344029.1459             0.0071094027
699586312962.2711             -0.07097362
699586321130.5599             -0.06158677
699587290063.7854             -0.08785577
699587298231.9741             -0.020629974
699588267165.2996             -0.03233011
699588275333.3882             -0.0070177903
699589244266.8138             -0.0012998509
699589252434.8024             0.04680274
699590221368.3281             -0.20058405
699590229536.2166             0.029000202
699591198469.8424             -0.06025131
699591206637.6306             -0.10884515
699592175571.3567             -0.062631115
699592183739.0448             -0.05102718
699593152672.871              0.054443017
699593160840.4589             -0.0023046315
699594129774.3853             0.0390808
699594137941.873              0.014463435
699595106875.8995             0.015020576
699595115043.2871             -0.055955365
699596083977.4138             0.036500268
699596092144.7013             0.011151598
699597061078.9281             0.05123437
699597069246.1154             0.041842118
699598038180.4424             0.04903363
699598046347.5295             -0.0012769649
699599015281.9567             -0.034182187
699599023448.9436             0.018325593
699599992383.471              -0.020528972
699600000550.3578             -0.014716221
699600969484.9852             0.045625746
699600977651.7719             0.046476144
699601946586.4995             -0.029212786
699601954753.186              -0.024022935
699602923688.0138             -0.08950854
699602931854.6002             -0.004523087
699603900789.5281             -0.032248016
699603908956.0143             -0.07223757
699604877891.0424             0.035107233
699604886057.4285             -0.06369007
699605854992.5566             0.02009449
699605863158.8425             0.000898554
699606832094.0709             0.056474816
699606840260.2567             0.018569883
699607809195.5852             0.03995682
699607817361.6708             0.0237398
699608786297.0995             -0.02303561
699608794463.085              0.012562676
699609763398.6138             -0.1598039
699609771564.499              0.010298264
699610740500.128              -0.026316462
699610748665.9132             -0.047707498
699611717601.6423             0.023661343
699611725767.3273             0.036296602
699612694703.1566             0.052165415
699612702868.7415             0.021032928
699613671804.6709             0.029480059
699613679970.1555             -0.03670069
699614648906.1852             -0.08753942
699614657071.5697             -0.031364452
699615626007.6995             -0.14929557
699615634172.9839             -0.0133615155
699616603109.2137             -0.081386834
699616611274.398              -0.031786125
699617580210.728              0.09048708
699617588375.8121             -0.06752064
699618557312.2423             0.03709816
699618565477.2262             0.11871724
699619534413.7565             -0.04762612
699619542578.6404             0.068733335
699620511515.2708             -0.12055634
699620519680.0544             0.0021031473
699621488616.785              -0.02207888
699621496781.4686             -0.044201013
699622465718.2993             0.004967087
699622473882.8827             0.0044537857
699623442819.8136             -0.06764569
699623450984.2969             0.060030807
699624419921.3279             -0.009736234
699624428085.7109             -0.02592145
699625397022.8422             -0.034598816
699625405187.1251             -0.010617969
699626374124.3564             -0.02609229
699626382288.5392             0.021849602
699627351225.8707             0.02838715
699627359389.9534             -0.047244657
699628328327.385              -0.002061341
699628336491.3676             -0.047012493
699629305428.8993             0.0131688025
699629313592.7816             -0.020861862
699630282530.4136             -0.03377759
699630290694.1958             -0.032704957
699631259631.9279             0.0045102644
699631267795.6099             -0.06270946
699632236733.4421             -0.050155517
699632244897.024              0.01484056
699633213834.9564             -0.08476783
699633221998.4381             -0.06983797
699634190936.4707             0.003381177
699634199099.8523             -0.0937399
699635168037.985              -0.0011818659
699635176201.2664             -0.043308884
699636145139.4993             -0.0015395691
699636153302.6805             -0.01619597
699637122241.0135             -0.035197288
699637130404.0946             -0.016468087
699638099342.5278             -0.020672975
699638107505.5088             -0.025085295
699639076444.0421             0.018692171
699639084606.9229             0.0067854645
699640053545.5564             0.042074136
699640061708.337              0.0042658257
699641030647.0707             0.03417316
699641038809.7511             0.009863405
699642007748.585              -0.10439831
699642015911.1653             -0.01996006
699642984850.0992             -0.031722017
699642993012.5795             -0.040966004
699643961951.6135             0.0759651
699643970113.9935             0.030618073
699644939053.1278             0.19115548
699644947215.4077             0.06498148
699645916154.6421             0.092059076
699645924316.8218             0.1420953
699646893256.1564             0.077318
699646901418.236              0.09172255
699647870357.6707             0.07223925
699647878519.65               0.0038946802
699648847459.1849             0.050302584
699648855621.0642             -0.018918604
699649824560.6992             0.005751581
699649832722.4783             0.033671465
699650801662.2134             0.060244404
699650809823.8925             0.0066107395
699651778763.7277             -0.023630058
699651786925.3065             0.0027697422
699652755865.242              -0.050368924
699652764026.7207             -0.0400565
699653732966.7562             -0.014382867
699653741128.1348             -0.024471369
699654710068.2705             -0.09332061
699654718229.549              -0.051587343
699655687169.7848             -0.034228947
699655695330.9631             -0.14480351
699656664271.2991             0.006209103
699656672432.3772             -0.042417053
699657641372.8134             -0.031851456
699657649533.7914             0.02577268
699658618474.3276             -0.060875714
699658626635.2054             0.051983386
699659595575.8419             -0.012766836
699659603736.6196             -0.010002601
699660572677.3562             0.029580265
699660580838.0337             0.017376292
699661549778.8705             0.029524144
699661557939.4479             0.09116306
699662526880.3848             -0.04498601
699662535040.8619             0.038401183
699663503981.899              -0.046630673
699663512142.2761             -0.021570662
699664481083.4133             -0.054522235
699664489243.6902             -0.009642245
699665458184.9276             -0.054186102
699665466345.1044             -0.013933929
699666435286.4419             0.015923467
699666443446.5184             -0.005510034
699667412387.9562             0.082822144
699667420547.9326             -0.029436437
699668389489.4705             0.12499008
699668397649.3468             0.022207629
699669366590.9847             0.119577646
699669374750.7609             0.09286791
699670343692.499              0.051661212
699670351852.175              0.08098713
699671320794.0133             0.054210175
699671328953.5891             0.04463913
699672297895.5276             0.081426755
699672306055.0033             0.003095361
699673274997.0419             0.050197463
699673283156.4174             0.03294493
699674252098.5562             0.01343807
699674260257.8315             0.060066994
699675229200.0704             -0.03708199
699675237359.2456             0.06281558
699676206301.5847             0.01064937
699676214460.6598             -0.053317055
699677183403.099              -0.092162
699677191562.0739             -0.037328247
699678160504.6133             -0.13289145
699678168663.488              -0.15492953
699679137606.1276             -0.091168
699679145764.9021             -0.1331658
699680114707.6418             0.011508197
699680122866.3163             -0.06416878
699681091809.1561             0.08419424
699681099967.7305             -0.018542416
699682068910.6704             -0.03813548
699682077069.1445             0.055311065
699683046012.1846             0.001140898
699683054170.5587             0.0020134966
699684023113.6989             0.051268533
699684031271.9728             0.032872558
699685000215.2131             -0.04233804
699685008373.387              0.054729577
699685977316.7274             -0.07875682
699685985474.801              0.009596154
699686954418.2417             0.039316785
699686962576.2152             -0.043033067
699687931519.756              -0.021527499
699687939677.6293             -0.021738589
699688908621.2703             -0.012861697
699688916779.0435             0.04300171
699689885722.7845             -0.0937583
699689893880.4575             0.051415
699690862824.2988             -0.03397274
699690870981.8717             -0.048832957
699691839925.8131             0.031026443
699691848083.2858             0.0016680643
699692817027.3274             0.050821222
699692825184.7                0.0039474107
699693794128.8417             0.0069666896
699694771230.356              -0.0057362304
699695748331.8702             0.09679407
699696725433.3845             0.115669265
699697702534.8988             0.010261476
699698679636.4131             -0.023315188
699699656737.9274             -0.011971641
699700633839.4417             -0.0181326
699701610940.9559             -0.042084835
699702588042.4702             0.05170463
699703565143.9845             0.029034471
699704542245.4988             0.028311737
699705519347.0131             -0.007904831
699706496448.5273             -0.038252752
699707473550.0416             0.024428982
699708450651.5559             0.015483939
699709427753.0702             -0.019797055
699710404854.5845             -0.05227573
699711381956.0988             -0.070800155
699712359057.613              -0.020677919
699713336159.1273             -0.024860004
699714313260.6415             -0.014597581
699715290362.1558             0.0089474935
699716267463.67               0.058807455
699717244565.1843             0.053753026
699718221666.6986             0.014786179
699719198768.2129             0.004265648
699720175869.7272             0.09195372
699721152971.2415             -0.024850642
699722130072.7557             0.06835896
699723107174.27               0.018612258
699724084275.7843             0.004608729
699725061377.2986             -0.114315
699726038478.8129             -0.003017545
699727015580.3271             -0.008591792
699727992681.8414             -0.1058694
699728969783.3557             0.11674897
699729946884.87               0.06278727
699730923986.3843             -0.033312555
699731901087.8986             -0.013111249
699732878189.4128             0.03590635
699733855290.9271             -0.004165131
699734832392.4414             -0.07945433
699735809493.9557             -0.025195172
699736786595.47               -0.05851424
699737763696.9843             -0.09383712
699738740798.4985             -0.083819434
699739717900.0128             0.00634457
699740695001.5271             -0.00794297
699741672103.0414             -0.014859506
699742649204.5557             -0.024057033
699743626306.07               0.036096934
699744603407.5842             0.10120786
699745580509.0984             0.0068863505
699746557610.6127             0.029388353
699747534712.127              0.17315933
699748511813.6412             0.05944439
699749488915.1555             0.10295786
699750466016.6698             -0.0316868
699751443118.1841             0.002835446
699752420219.6984             -0.030455356
699753397321.2126             0.06741808
699754374422.7269             0.10298082
699755351524.2412             0.070511185
699756328625.7555             -0.025946349
699757305727.2698             0.060424786
699758282828.784              0.06388021
699759259930.2983             0.004218896
699760237031.8126             0.03876944
699761214133.3269             0.08458137
699762191234.8412             -0.012348796
699763168336.3555             0.06868226
699764145437.8698             -0.02328233
699765122539.384              -0.027808622
699766099640.8983             0.04907332
699767076742.4126             0.044898454
699768053843.9269             0.027829679
699769030945.4412             0.012683563
699770008046.9554             -0.08899573
699770985148.4697             -0.15175092
699771962249.984              -0.05188692
699772939351.4983             -0.0020905982
699773916453.0126             -0.07482725
699774893554.5269             -0.017565047
699775870656.0411             0.0077359816
699776847757.5554             0.036435682
699777824859.0696             0.10677117
699778801960.5839             -0.00791174
699779779062.0981             -0.0029679316
699780756163.6124             -0.009155772
699781733265.1267             0.02588896
699782710366.641              -0.07072136
699783687468.1553             -0.03266896
699784664569.6696             -0.031149458
699785641671.1838             -0.0699963
699786618772.6981             0.0671214
699787595874.2124             -0.018283905
699788572975.7267             -0.09260677
699789550077.241              0.0005703567
699790527178.7552             0.07707014
699791504280.2695             -0.019492295
699792481381.7838             -0.08484154
699793458483.2981             -0.07321976
699794435584.8124             -0.06664701
699795412686.3267             -0.11774444
699796389787.841              -0.014472824
699797366889.3552             0.037198182
699798343990.8695             0.04164439
699799321092.3838             -0.012394653
699800298193.8981             -0.037200917
699801275295.4124             0.10148182
699802252396.9266             0.05857076
699803229498.4409             0.099508524
699804206599.9552             0.052575663
699805183701.4695             -0.0034448986
699806160802.9838             -0.029397996
699807137904.498              0.0912698
699808115006.0123             0.01232544
699809092107.5265             -0.00643945
699810069209.0408             -0.015216159
699811046310.555              -0.068084024
699812023412.0693             -0.051153447
699813000513.5836             0.027004573
699813977615.0979             0.04279222
699814954716.6122             0.06295543
699815931818.1265             -0.13335566
699816908919.6407             -0.056151815
699817886021.155              -0.04364292
699818863122.6693             -0.025430946
699819840224.1836             0.03810618
699820817325.6979             0.037651718
699821794427.2122             -0.008651051
699822771528.7264             0.003422666
699823748630.2407             0.049793627
699824725731.755              -0.009794629
699825702833.2693             0.030532392
699826679934.7836             0.02643165
699827657036.2979             0.035086077
699828634137.8121             0.11944163
699829611239.3264             0.09765134
699830588340.8407             -0.07953004
699831565442.355              -0.09905134
699832542543.8693             -0.014714124
699833519645.3835             0.02579622
699834496746.8978             0.01849902
699835473848.4121             0.017311528
699836450949.9264             -0.029701741
699837428051.4407             -0.028412981
699838405152.955              0.052144166
699839382254.4692             0.044706345
699840359355.9834             -0.053518698
699841336457.4977             0.03590465
699842313559.012              0.042487033
699843290660.5262             -0.0076315766
699844267762.0405             -0.014370065
699845244863.5548             0.07572922
699846221965.0691             0.0035235363
699847199066.5834             -0.033446055
699848176168.0977             -0.043177743
699849153269.6119             0.050723568
699850130371.1262             0.0476596
699851107472.6405             -0.07968947
699852084574.1548             -0.034394868
699853061675.6691             -0.07897078
699854038777.1833             -0.038150925
699855015878.6976             -0.04699949
699855992980.2119             -0.07418159
699856970081.7262             -0.008011039
699857947183.2405             -0.06149527
699858924284.7548             -0.08154166
699859901386.269              0.011651656
699860878487.7833             -0.052219722
699861855589.2976             -0.0027018096
699862832690.8119             0.043156162
699863809792.3262             0.03629661
699864786893.8405             0.003385934
699865763995.3547             0.044535153
699866741096.869              0.058090463
699867718198.3833             0.021871466
699868695299.8976             0.032006904
699869672401.4119             -0.008582313
699870649502.9261             0.040330563
699871626604.4403             0.0032481158
699872603705.9546             0.0076906555
699873580807.4689             0.0133531
699874557908.9832             0.050874084
699875535010.4974             0.029833488
699876512112.0117             -0.067978464
699877489213.526              -0.0067408495
699878466315.0403             -0.010643117
699879443416.5546             -0.09162805
699880420518.0688             -0.05469909
699881397619.5831             0.06310631
699882374721.0974             -0.06301455
699883351822.6117             -0.008574737
699884328924.126              0.09904414
699885306025.6403             -0.023331957
699886283127.1545             -0.06503214
699887260228.6688             -0.12239755
699888237330.1831             0.03198053
699889214431.6974             0.041977435
699890191533.2117             0.062000412
699891168634.726              -0.0033771184
699892145736.2402             0.010175009
699893122837.7545             -0.004104572
699894099939.2688             -0.020348553
699895077040.7831             0.03896189
699896054142.2974             -0.02727095
699897031243.8116             -0.09564981
699898008345.3259             -0.09177921
699898985446.8402             -0.10643623
699899962548.3545             -0.05391658
699900939649.8688             0.013863125
699901916751.383              0.01005422
699902893852.8973             0.038068917
699903870954.4115             0.04646307
699904848055.9258             0.049328562
699905825157.4401             -0.0026868163
699906802258.9543             -0.018197495
699907779360.4686             0.016086277
699908756461.9829             -0.06655132
699909733563.4972             -0.033955343
699910710665.0115             -0.053356316
699911687766.5258             0.024466937
699912664868.04               0.005277288
699913641969.5543             0.054225937
699914619071.0686             0.012299207
699915596172.5829             -0.024082469
699916573274.0972             -0.041541412
699917550375.6115             0.09667159
699918527477.1257             0.007306648
699919504578.64               -0.066490315
699920481680.1543             -0.007294156
699921458781.6686             0.053779423
699922435883.1829             -0.031792343
699923412984.6971             -0.06842322
699924390086.2114             -0.1077982
699925367187.7257             -0.10417985
699926344289.24               -0.07499344
699927321390.7543             -0.08975604
699928298492.2686             0.013957145
699929275593.7828             0.0981645
699930252695.2971             -0.03964635
699931229796.8114             -0.054616682
699932206898.3257             0.07696703
699933183999.84               0.08232859
699934161101.3542             -0.038326602
699935138202.8684             0.028421275
699936115304.3827             -0.025051389
699937092405.897              0.03145678
699938069507.4113             -0.003725277
699939046608.9255             0.009894637
699940023710.4398             0.07070722
699941000811.9541             0.03071331
699941977913.4684             0.1460565
699942955014.9827             -0.0014110367
699943932116.497              -0.092795715
699944909218.0112             0.03632158
699945886319.5255             0.126128
699946863421.0398             0.029256493
699947840522.5541             0.0017346372
699948817624.0684             0.0048678955
699949794725.5826             0.029095307
699950771827.0969             -0.033080637
699951748928.6112             -0.007840529
699952726030.1255             -0.034204565
699953703131.6398             -0.047674805
699954680233.154              0.01605806
699955657334.6683             0.021494575
699956634436.1826             -0.0062720818
699957611537.6969             -0.052124873
699958588639.2112             -0.027806913
699959565740.7255             -0.047475584
699960542842.2397             -0.044999637
699961519943.754              -0.0762645
699962497045.2683             -0.1604538
699963474146.7826             -0.005777673
699964451248.2969             -0.07945649
699965428349.8112             -0.013820286
699966405451.3253             -0.01794841
699967382552.8396             -0.0457145
699968359654.3539             -0.011247588
699969336755.8682             0.054815494
699970313857.3824             -0.0631688
699971290958.8967             -0.13104069
699972268060.411              -0.02724083
699973245161.9253             -1.7313574e-05
699974222263.4396             -0.0013542136
699975199364.9539             -0.019673547
699976176466.4681             -0.008977223
699977153567.9824             0.06397029
699978130669.4967             0.14454097
699979107771.011              0.07434196
699980084872.5253             -0.033122636
699981061974.0396             0.034861367
699982039075.5538             -0.035272527
699983016177.0681             -0.036217768
699983993278.5824             0.030975942
699984970380.0967             -0.06647086
699985947481.611              0.0077410033
699986924583.1252             -0.07959038
699987901684.6395             0.014699122
699988878786.1538             -0.0056424723
699989855887.6681             -0.052443635
699990832989.1824             0.015483555
699991810090.6967             0.091514416
699992787192.2109             -0.046665996
699993764293.7252             -0.0573838
699994741395.2395             -0.06614594
699995718496.7538             -0.06757226
699996695598.2681             -0.023859803
699997672699.7822             -0.0051524043
699998649801.2965             0.13126573
699999626902.8108             0.04787677
700000604004.3251             0.036278818
700001581105.8394             0.054522112
700002558207.3536             0.030975638
700003535308.8679             -0.029682878
700004512410.3822             -0.053953093
700005489511.8965             -0.039322425
700006466613.4108             -0.030103736
700007443714.925              0.039377745
700008420816.4393             0.00039922335
700009397917.9536             -0.06446403
700010375019.4679             0.05038461
700011352120.9822             0.02004359
700012329222.4965             0.011704498
700013306324.0107             0.021293322
700014283425.525              0.021637695
700015260527.0393             -0.09392815
700016237628.5536             -0.10745447
700017214730.0679             0.0017250503
700018191831.5822             -0.06962431
700019168933.0964             -0.00754333
700020146034.6107             0.057674292
700021123136.125              0.004664502
700022100237.6393             -0.008736728
700023077339.1536             -0.032696437
700024054440.6678             -0.111448154
700025031542.1821             -0.048961073
700026008643.6964             0.034640227
700026985745.2107             -0.00014097008
700027962846.725              0.09741372
700028939948.2393             0.012416704
700029917049.7534             0.02265436
700030894151.2677             0.12204105
700031871252.782              0.022966398
700032848354.2963             -0.08936385
700033825455.8105             -0.045977607
700034802557.3248             0.07997753
700035779658.8391             -0.004292712
700036756760.3534             -0.0063026864
700037733861.8677             0.03641011
700038710963.382              0.046344727
700039688064.8962             0.0051621487
700040665166.4105             -0.06918853
700041642267.9248             -0.10074675
700042619369.4391             -0.04695293
700043596470.9534             -0.06699062
700044573572.4677             -0.042998627
700045550673.9819             0.036560055
700046527775.4962             0.03823831
700047504877.0105             -0.094693
700048481978.5248             -0.044889927
700049459080.0391             0.0036643986
700050436181.5533             0.0754933
700051413283.0676             0.071907826
700052390384.5819             0.020905972
700053367486.0962             0.044819042
700054344587.6105             -0.015740164
700055321689.1248             -0.056706667
700056298790.639              -0.053140253
700057275892.1533             0.035279218
700058252993.6676             0.067114666
700059230095.1819             0.047109276
700060207196.6962             0.031558067
700061184298.2103             -0.010083331
700062161399.7246             -0.040578447
700063138501.2389             -0.0094808275
700064115602.7532             0.025736671
700065092704.2675             -0.0033946212
700066069805.7817             0.046583366
700067046907.296              0.10622965
700068024008.8103             0.073922515
700069001110.3246             -0.007368449
700069978211.8389             -0.039637007
700070955313.3531             -0.09214576
700071932414.8674             -0.010563614
700072909516.3817             -0.0063952557
700073886617.896              0.025935125
700074863719.4103             -0.072190076
700075840820.9246             -0.06252407
700076817922.4388             -0.029288681
700077795023.9531             -0.010659408
700078772125.4674             0.012601222
700079749226.9817             0.009006253
700080726328.496              0.07385321
700081703430.0103             0.025209434
700082680531.5245             0.0044264225
700083657633.0388             0.03095952
700084634734.5531             0.08061354
700085611836.0674             -0.013237694
700086588937.5817             0.15928599
700087566039.096              0.07618944
700088543140.6102             0.0010990759
700089520242.1245             -0.12596262
700090497343.6388             -0.049563956
700091474445.1531             -0.008541112
700092451546.6672             -0.01411106
700093428648.1815             -0.011750452
700094405749.6958             0.015314176
700095382851.2101             0.025443746
700096359952.7244             0.055728875
700097337054.2386             0.12644657
700098314155.7529             0.048394646
700099291257.2672             -0.0455935
700100268358.7815             0.033417393
700101245460.2958             0.041551936
700102222561.81               -0.0011034196
700103199663.3243             0.047198053
700104176764.8386             0.030386142
700105153866.3529             -0.05360035
700106130967.8672             -0.04261084
700107108069.3815             0.00744481
700108085170.8958             0.022843346
700109062272.41               -0.026031129
700110039373.9243             0.02155459
700111016475.4386             -0.006522669
700111993576.9529             0.019447494
700112970678.4672             0.01858929
700113947779.9814             0.025875552
700114924881.4957             0.029429568
700115901983.01               0.012190321
700116879084.5243             0.20027526
700117856186.0386             0.083004005
700118833287.5529             -0.049966082
700119810389.0671             0.04132681
700120787490.5814             0.012876478
700121764592.0957             -0.06318039
700122741693.61               0.10651251
700123718795.1243             0.15057378
700124695896.6384             0.07645841
700125672998.1527             -0.037862893
700126650099.667              -0.042509027
700127627201.1813             0.004139105
700128604302.6956             0.036084596
700129581404.2098             0.07206366
700130558505.7241             -0.054426268
700131535607.2384             -0.034862287
700132512708.7527             0.037484463
700133489810.267              -0.039714403
700134466911.7812             -0.00049359846
700135444013.2955             0.067395575
700136421114.8098             0.06196225
700137398216.3241             0.0027650134
700138375317.8384             -0.010417939
700139352419.3527             0.0657755
700140329520.867              -0.0076278206
700141306622.3812             0.0057047657
700142283723.8955             0.104884245
700143260825.4098             0.07394309
700144237926.9241             0.12858377
700145215028.4384             0.018680105
700146192129.9526             -0.021085268
700147169231.4669             0.041920662
700148146332.9812             0.062321983
700149123434.4955             0.02016873
700150100536.0098             -0.0010047321
700151077637.524              -0.021328533
700152054739.0383             0.015461999
700153031840.5526             0.09028488
700154008942.0669             0.010345658
700154986043.5812             0.02913327
700155963145.0953             0.09122096
700156940246.6096             -0.039222393
700157917348.1239             -0.09430733
700158894449.6382             -0.06796873
700159871551.1525             -0.028620658
700160848652.6667             -0.10705558
700161825754.181              -0.030580832
700162802855.6953             0.06250824
700163779957.2096             0.021092672
700164757058.7239             -0.0026401817
700165734160.2382             0.01604189
700166711261.7524             0.014766013
700167688363.2667             0.031091565
700168665464.781              -0.040213164
700169642566.2953             -0.028480927
700170619667.8096             -0.09145583
700171596769.3239             -0.020276677
700172573870.8381             0.07598589
700173550972.3524             -0.011620967
700174528073.8667             0.037161313
700175505175.381              0.026115095
700176482276.8953             0.002551639
700177459378.4095             0.05785604
700178436479.9238             0.051387664
700179413581.4381             0.022984982
700180390682.9524             0.05014947
700181367784.4667             -0.08418872
700182344885.981              0.012821938
700183321987.4952             -0.009297618
700184299089.0095             -0.0069845896
700185276190.5238             0.04127149
700186253292.0381             0.029404577
700187230393.5522             0.08256142
700188207495.0665             0.08233362
700189184596.5808             0.06967326
700190161698.0951             0.012214026
700191138799.6094             -0.0062429453
700192115901.1237             0.045390654
700193093002.638              -0.06864947
700194070104.1522             0.019907538
700195047205.6665             0.05679549
700196024307.1808             0.041369576
700197001408.6951             0.00097200635
700197978510.2094             0.049633548
700198955611.7236             0.06833859
700199932713.2379             0.04986361
700200909814.7522             0.013163853
700201886916.2665             0.025432866
700202864017.7808             -0.057494797
700203841119.295              -0.088939
700204818220.8093             -0.0878581
700205795322.3236             0.041911785
700206772423.8379             -0.06834057
700207749525.3522             -0.030377235
700208726626.8665             -0.023578674
700209703728.3807             -0.06945341
700210680829.895              -0.033979468
700211657931.4093             -0.009468955
700212635032.9236             0.016087081
700213612134.4379             0.067756385
700214589235.9521             -0.013776063
700215566337.4664             -0.10811648
700216543438.9807             0.02948459
700217520540.495              0.0050409543
700218497642.0092             -0.09730479
700219474743.5234             0.023329994
700220451845.0377             0.112154596
700221428946.552              0.053875197
700222406048.0663             -0.04844729
700223383149.5806             -0.013850516
700224360251.0948             0.017267575
700225337352.6091             0.03082007
700226314454.1234             0.020827075
700227291555.6377             -0.015049277
700228268657.152              -0.02364348
700229245758.6663             -0.012171974
700230222860.1805             -0.0126521895
700231199961.6948             -0.025296079
700232177063.2091             0.01586832
700233154164.7234             0.05467686
700234131266.2377             0.06388516
700235108367.752              0.026012897
700236085469.2662             0.011561873
700237062570.7805             0.022103922
700238039672.2948             0.0065124594
700239016773.8091             0.039715238
700239993875.3234             -0.03281673
700240970976.8376             -0.06340532
700241948078.3519             0.008207723
700242925179.8662             0.040021762
700243902281.3805             -0.016461335
700244879382.8948             0.080619924
700245856484.409              -0.029765055
700246833585.9233             0.0891686
700247810687.4376             0.07576338
700248787788.9519             0.017433176
700249764890.4662             0.052103158
700250741991.9803             -0.015599103
700251719093.4946             -0.086977236
700252696195.0089             -0.015278073
700253673296.5232             0.013538032
700254650398.0375             -0.034495782
700255627499.5518             -0.07136267
700256604601.066              0.019043505
700257581702.5803             0.026394263
700258558804.0946             -0.03245804
700259535905.6089             -0.047077395
700260513007.1232             0.022478
700261490108.6375             0.04176848
700262467210.1517             0.1078816
700263444311.666              0.13193336
700264421413.1803             0.02174235
700265398514.6946             0.07625367
700266375616.2089             -0.092625186
700267352717.7231             0.07282081
700268329819.2374             0.015053545
700269306920.7517             0.12367624
700270284022.266              -0.04194766
700271261123.7803             -0.13188018
700272238225.2946             0.010325356
700273215326.8088             0.069885164
700274192428.3231             -0.0037686606
700275169529.8374             -0.06990939
700276146631.3517             -0.0490083
700277123732.866              -0.067484476
700278100834.3802             -0.09598007
700279077935.8945             -0.0039548706
700280055037.4088             0.041096315
700281032138.9231             -0.12245734
700282009240.4373             -0.040215824
700282986341.9515             0.0031760207
700283963443.4658             -0.03261896
700284940544.9801             0.039026294
700285917646.4944             -0.06005004
700286894748.0087             0.018791243
700287871849.523              0.017076876
700288848951.0372             0.052258182
700289826052.5515             -0.06586651
700290803154.0658             -0.00977632
700291780255.5801             -0.07570198
700292757357.0944             -0.06044783
700293734458.6086             -0.0150307985
700294711560.1229             0.130185
700295688661.6372             0.06389347
700296665763.1515             -0.011017889
700297642864.6658             0.022578018
700298619966.18               0.0507843
700299597067.6943             -0.12623468
700300574169.2086             -0.1358147
700301551270.7229             -0.060944643
700302528372.2372             -0.019992307
700303505473.7515             0.0072940974
700304482575.2657             0.02428383
700305459676.78               -0.014980425
700306436778.2943             0.018126475
700307413879.8086             0.06289562
700308390981.3229             0.04234467
700309368082.8372             -0.03804625
700310345184.3514             -0.050041657
700311322285.8657             0.005382356
700312299387.38               -0.073932216
700313276488.8942             0.045107808
700314253590.4084             0.034157876
700315230691.9227             -0.012097729
700316207793.437              0.028759753
700317184894.9513             0.017726196
700318161996.4656             -0.058163006
700319139097.9799             0.091846764
700320116199.4941             0.05773981
700321093301.0084             -0.04507876
700322070402.5227             -0.030545164
700323047504.037              0.03945302
700324024605.5513             0.0632086
700325001707.0656             0.06470928
700325978808.5798             0.0026927758
700326955910.0941             0.04256156
700327933011.6084             -0.047022354
700328910113.1227             0.004397223
700329887214.637              0.051976006
700330864316.1512             0.010541914
700331841417.6655             0.050356705
700332818519.1798             0.017500862
700333795620.6941             0.007780788
700334772722.2084             0.021238996
700335749823.7227             0.05845586
700336726925.2369             0.065965705
700337704026.7512             0.020143097
700338681128.2655             -0.0692577
700339658229.7798             -0.10691816
700340635331.2941             -0.02005302
700341612432.8083             0.02730819
700342589534.3226             0.028912783
700343566635.8369             0.046381414
700344543737.3511             0.043767363
700345520838.8654             -0.015756873
700346497940.3796             -0.025069587
700347475041.8939             -0.12334703
700348452143.4082             0.024126597
700349429244.9225             0.08778199
700350406346.4368             0.033351697
700351383447.951              0.017776536
700352360549.4653             -0.12711582
700353337650.9796             0.044561088
700354314752.4939             0.0599519
700355291854.0082             0.019139374
700356268955.5225             -0.01499267
700357246057.0367             0.078648046
700358223158.551              0.034224577
700359200260.0653             -0.073154636
700360177361.5796             -0.030976737
700361154463.0939             0.0502412
700362131564.6082             0.030735182
700363108666.1224             0.06511841
700364085767.6367             0.016492935
700365062869.151              -0.01780954
700366039970.6653             0.025915897
700367017072.1796             -0.04130547
700367994173.6938             0.0089888815
700368971275.2081             0.009787592
700369948376.7224             0.0043432084
700370925478.2367             0.11239786
700371902579.751              0.08237622
700372879681.2653             0.055228014
700373856782.7795             -0.1257001
700374833884.2938             -0.09154887
700375810985.8081             -0.064698696
700376788087.3223             -0.014765501
700377765188.8365             -0.03949945
700378742290.3508             -0.035310917
700379719391.8651             0.022387255
700380696493.3794             0.010185903
700381673594.8937             -0.060840566
700382650696.408              -0.0045689167
700383627797.9222             0.055540513
700384604899.4365             -0.05385728
700385582000.9508             -0.072142005
700386559102.4651             -0.020610785
700387536203.9794             0.00052667933
700388513305.4937             -0.12002046
700389490407.0079             -0.09087048
700390467508.5222             0.0457814
700391444610.0365             0.082145534
700392421711.5508             -0.0526833
700393398813.0651             -0.08019336
700394375914.5793             -0.042025536
700395353016.0936             -0.010310813
700396330117.6079             0.044764288
700397307219.1222             -0.02535812
700398284320.6365             -0.14198151
700399261422.1508             -0.018492231
700400238523.665              -0.013289243
700401215625.1793             0.09312415
700402192726.6936             -0.09087517
700403169828.2079             -0.047603566
700404146929.7222             0.08381438
700405124031.2365             -0.022905096
700406101132.7507             -0.057787493
700407078234.265              0.002204326
700408055335.7792             -0.001699398
700409032437.2935             0.018984092
700410009538.8077             0.02278843
700410986640.322              0.06309256
700411963741.8363             0.02139271
700412940843.3506             -0.010517428
700413917944.8649             0.014356372
700414895046.3792             -0.033874016
700415872147.8934             0.011793158
700416849249.4077             0.057004586
700417826350.922              0.073035896
700418803452.4363             0.12850887
700419780553.9506             -0.007836848
700420757655.4648             -0.0024545607
700421734756.9791             0.005613571
700422711858.4934             -0.08620259
700423688960.0077             -0.09346253
700424666061.522              0.014147549
700425643163.0363             -0.0007461677
700426620264.5505             -0.026944298
700427597366.0648             0.036759507
700428574467.5791             0.024249446
700429551569.0934             -0.021277076
700430528670.6077             -0.020123634
700431505772.122              -0.055886336
700432482873.6362             -0.090130575
700433459975.1505             -0.114602916
700434437076.6648             -0.07937266
700435414178.1791             0.0006757144
700436391279.6934             0.047665518
700437368381.2076             -0.015395526
700438345482.7219             -0.008145288
700439322584.2361             0.050791085
700440299685.7504             -0.055779446
700441276787.2646             -0.021335118
700442253888.7789             0.065236434
700443230990.2932             0.028467853
700444208091.8075             0.009359388
700445185193.3218             -0.035275627
700446162294.836              -0.0122687165
700447139396.3503             -0.029914187
700448116497.8646             -0.039856248
700449093599.3789             -0.035510957
700450070700.8932             -0.0043415003
700451047802.4075             -0.065000676
700452024903.9218             0.04205235
700453002005.436              -0.04066104
700453979106.9503             -0.06898775
700454956208.4646             -0.0040177847
700455933309.9789             -0.038155887
700456910411.4932             -0.0012833985
700457887513.0074             -0.023350336
700458864614.5217             0.038363047
700459841716.036              0.07005213
700460818817.5503             0.014252351
700461795919.0646             0.03454088
700462773020.5789             0.044026557
700463750122.0931             -0.0020324788
700464727223.6074             -0.09166991
700465704325.1217             -0.019430166
700466681426.636              0.029027384
700467658528.1503             0.009399014
700468635629.6646             -0.010908488
700469612731.1788             -0.008552087
700470589832.6931             -0.02062987
700471566934.2073             -0.069886565
700472544035.7216             -0.08910706
700473521137.2358             -0.006536285
700474498238.7501             -0.050956335
700475475340.2644             0.08157764
700476452441.7787             0.0017749015
700477429543.293              0.027546016
700478406644.8073             0.040673275
700479383746.3215             0.044299845
700480360847.8358             -0.042240694
700481337949.3501             0.04252218
700482315050.8644             -0.032583974
700483292152.3787             0.08594169
700484269253.893              0.09008418
700485246355.4072             0.03322946
700486223456.9215             -0.060971543
700487200558.4358             -0.0050263265
700488177659.9501             0.05102868
700489154761.4644             0.01298126
700490131862.9786             0.0005008226
700491108964.4929             -0.0035300385
700492086066.0072             -0.049959455
700493063167.5215             -0.13869211
700494040269.0358             0.019166932
700495017370.55               0.039093494
700495994472.0643             -0.017177131
700496971573.5786             0.024553247
700497948675.0929             0.06558415
700498925776.6072             0.10624581
700499902878.1215             0.06501523
700500879979.6357             0.035577092
700501857081.15               0.031304117
700502834182.6642             -0.020181643
700503811284.1785             -0.057357833
700504788385.6927             0.101527326
700505765487.207              0.08481394
700506742588.7213             0.003578988
700507719690.2356             -0.019607052
700508696791.7499             0.021439185
700509673893.2642             -0.032985162
700510650994.7784             -0.00019742195
700511628096.2927             -0.019605756
700512605197.807              -0.03136674
700513582299.3213             -0.0831047
700514559400.8356             0.007837867
700515536502.3499             0.05592548
700516513603.8641             0.037674665
700517490705.3784             -0.0064758873
700518467806.8927             -0.005844855
700519444908.407              0.038442146
700520422009.9213             0.0233622
700521399111.4355             -0.021370975
700522376212.9498             0.08032881
700523353314.4641             0.05289054
700524330415.9784             0.15056728
700525307517.4927             0.038501278
700526284619.007              0.0019512968
700527261720.5212             -0.05192949
700528238822.0355             -0.006909471
700529215923.5498             -0.0857061
700530193025.0641             -0.032803435
700531170126.5784             -0.07303781
700532147228.0927             -0.008231738
700533124329.6069             0.082536854
700534101431.1211             0.07505587
700535078532.6354             -0.07292102
700536055634.1497             -0.0075585977
700537032735.664              0.028136935
700538009837.1782             0.05075851
700538986938.6925             0.011961575
700539964040.2068             0.06491935
700540941141.7211             0.06277004
700541918243.2354             0.11060619
700542895344.7496             0.08554507
700543872446.2639             -0.005547086
700544849547.7782             -0.035839647
700545826649.2925             -0.088334866
700546803750.8068             0.040888954
700547780852.321              0.1859714
700548757953.8353             0.109227024
700549735055.3496             0.021833643
700550712156.8639             0.011698148
700551689258.3782             -0.013277745
700552666359.8925             0.021639807
700553643461.4067             -0.06781263
700554620562.921              -0.037544917
700555597664.4353             -0.07460918
700556574765.9496             -0.045737103
700557551867.4639             0.009483615
700558528968.9781             0.0445233
700559506070.4924             0.043680955
700560483172.0067             -0.052402467
700561460273.521              -0.027677834
700562437375.0353             0.0018058703
700563414476.5496             -0.02659811
700564391578.0638             -0.055115946
700565368679.578              0.035410207
700566345781.0923             -0.09060259
700567322882.6066             0.07028774
700568299984.1208             0.00927432
700569277085.6351             -0.057157286
700570254187.1494             -0.024844125
700571231288.6637             0.011000352
700572208390.178              0.0772041
700573185491.6923             0.04037912
700574162593.2065             -0.041034438
700575139694.7208             -0.043886412
700576116796.2351             0.10022645
700577093897.7494             0.09980205
700578070999.2637             0.027227199
700579048100.778              -0.070726305
700580025202.2922             -0.107045524
700581002303.8065             -0.035777487
700581979405.3208             -0.050521594
700582956506.8351             -0.037177507
700583933608.3494             0.014225328
700584910709.8636             -0.02728833
700585887811.3779             -0.0346435
700586864912.8922             -0.0864191
700587842014.4065             -0.008956826
700588819115.9208             -0.013524758
700589796217.435              -0.026773406
700590773318.9493             0.0137881115
700591750420.4636             0.056690704
700592727521.9779             0.049456373
700593704623.4922             0.058692064
700594681725.0065             -0.035384454
700595658826.5208             0.0076301945
700596635928.035              0.09032708
700597613029.5492             0.04716808
700598590131.0635             -0.018619247
700599567232.5778             -0.11280331
700600544334.092              -0.0458678
700601521435.6063             0.039808605
700602498537.1206             0.045736518
700603475638.6349             0.07422879
700604452740.1492             -0.05896145
700605429841.6635             -0.12208063
700606406943.1777             -0.043046273
700607384044.692              0.07643751
700608361146.2063             0.05196318
700609338247.7206             -0.03764415
700610315349.2349             0.005916946
700611292450.7491             -0.034083094
700612269552.2634             -0.1403026
700613246653.7777             -0.11869801
700614223755.292              -0.06785338
700615200856.8063             -0.050491158
700616177958.3206             0.06692912
700617155059.8348             -0.04306376
700618132161.3491             -0.007945988
700619109262.8634             0.12515536
700620086364.3777             -0.01833457
700621063465.892              -0.018462362
700622040567.4062             0.013510439
700623017668.9205             0.090216994
700623994770.4348             0.04910801
700624971871.9491             -0.0029349625
700625948973.4634             -7.76804e-05
700626926074.9777             -0.012221277
700627903176.492              -0.089911334
700628880278.0061             0.03204386
700629857379.5204             -0.037959464
700630834481.0347             -0.072805874
700631811582.549              0.039730493
700632788684.0632             0.023224879
700633765785.5775             0.09304193
700634742887.0918             0.0027919249
700635719988.6061             0.007786855
700636697090.1204             0.02677013
700637674191.6346             -0.00011939354
700638651293.1489             0.011307417
700639628394.6632             -0.080846705
700640605496.1775             -0.081238076
700641582597.6918             0.027005132
700642559699.206              0.030400882
700643536800.7203             -0.05269013
700644513902.2346             -0.042759534
700645491003.7489             -0.07954211
700646468105.2632             0.071728945
700647445206.7775             0.08214958
700648422308.2917             -0.09894415
700649399409.806              -0.110771485
700650376511.3203             0.036489874
700651353612.8346             -0.036683366
700652330714.3489             -0.09959551
700653307815.8632             -0.01470468
700654284917.3774             -0.07919782
700655262018.8917             -0.06609347
700656239120.406              -0.11612086
700657216221.9203             -0.09192851
700658193323.4346             0.015334284
700659170424.9489             -0.03342238
700660147526.463              0.11512489
700661124627.9773             0.07337451
700662101729.4916             0.037087105
700663078831.0059             -0.0022015013
700664055932.5201             0.07461515
700665033034.0344             0.1016553
700666010135.5487             -0.06937698
700666987237.063              -0.032346275
700667964338.5773             0.048029877
700668941440.0916             0.057259247
700669918541.6058             -0.11378247
700670895643.1201             -0.07022144
700671872744.6344             -0.0008874827
700672849846.1487             -0.08965196
700673826947.663              0.050594706
700674804049.1772             0.14370605
700675781150.6915             -0.024822306
700676758252.2058             0.05298981
700677735353.7201             -0.02312292
700678712455.2344             0.047306206
700679689556.7487             0.03197974
700680666658.263              -0.04280815
700681643759.7772             0.017671693
700682620861.2915             0.115766086
700683597962.8058             0.008561997
700684575064.3201             -0.096055984
700685552165.8344             0.0361667
700686529267.3486             0.1591349
700687506368.8629             -0.050272517
700688483470.3772             -0.045568
700689460571.8915             -0.026030434
700690437673.4058             -0.008973495
700691414774.9199             -0.04976497
700692391876.4342             -0.006554526
700693368977.9485             0.035209086
700694346079.4628             0.03010422
700695323180.977              0.08317606
700696300282.4913             0.043549426
700697277384.0056             0.10651203
700698254485.5199             -0.07123056
700699231587.0342             -0.06695754
700700208688.5485             -0.056996167
700701185790.0627             -0.023302786
700702162891.577              -0.010289098
700703139993.0913             0.037256677
700704117094.6056             0.013063505
700705094196.1199             0.0333278
700706071297.6342             0.08179542
700707048399.1484             0.024829416
700708025500.6627             0.033901468
700709002602.177              0.052656744
700709979703.6913             0.010295829
700710956805.2056             0.03231586
700711933906.7198             -0.048046406
700712911008.2341             -0.07662173
700713888109.7484             0.03753889
700714865211.2627             -0.0469828
700715842312.777              -0.12868588
700716819414.2913             0.029124144
700717796515.8055             -0.07783186
700718773617.3198             -0.1333839
700719750718.8341             0.010707293
700720727820.3484             0.07221918
700721704921.8627             0.054042794
700722682023.377              -0.0041141035
700723659124.8911             0.006940452
700724636226.4054             -0.012589676
700725613327.9197             0.016121468
700726590429.434              -0.053196896
700727567530.9482             -0.0727389
700728544632.4625             0.047862437
700729521733.9768             0.11429711
700730498835.4911             0.065233275
700731475937.0054             0.03775862
700732453038.5197             -0.01085166
700733430140.0339             0.022994235
700734407241.5482             0.0021293843
700735384343.0625             -0.0859294
700736361444.5768             -0.10103367
700737338546.0911             -0.03820344
700738315647.6053             0.07541973
700739292749.1196             0.10163864
700740269850.6339             0.07857847
700741246952.1482             0.09799637
700742224053.6625             0.016075034
700743201155.1768             -0.05157459
700744178256.691              -0.047942482
700745155358.2053             -0.058370784
700746132459.7196             0.023687568
700747109561.2339             0.04381059
700748086662.7482             0.10880319
700749063764.2625             0.00030661916
700750040865.7767             -0.0027750037
700751017967.291              -0.015494977
700751995068.8053             0.02035872
700752972170.3196             0.09754795
700753949271.8339             0.070367396
700754926373.348              -0.027192859
700755903474.8623             0.019628212
700756880576.3766             0.13040087
700757857677.8909             0.033351596
700758834779.4052             0.028914101
700759811880.9194             0.0059700697
700760788982.4337             0.08802208
700761766083.948              -0.10022078
700762743185.4623             -0.07829718
700763720286.9766             -0.0036288353
700764697388.4908             -0.026838519
700765674490.0051             -0.022444136
700766651591.5194             0.004757155
700767628693.0337             0.036986947
700768605794.548              0.069265775
700769582896.0623             0.027660318
700770559997.5765             0.012897433
700771537099.0908             0.11495144
700772514200.6051             0.015327023
700773491302.1194             -0.10321328
700774468403.6337             -0.067477815
700775445505.148              0.08724672
700776422606.6622             0.07710981
700777399708.1765             -0.05638141
700778376809.6908             -0.005322204
700779353911.2051             0.013824229
700780331012.7194             0.095986
700781308114.2336             -0.035642426
700782285215.7479             0.010439213
700783262317.2622             0.12307953
700784239418.7765             0.101304226
700785216520.2908             0.03499685
700786193621.8049             -0.09645745
700787170723.3192             -0.034069367
700788147824.8335             -0.066228285
700789124926.3478             -0.065031566
700790102027.862              -0.16348788
700791079129.3763             -0.016709838
700792056230.8906             0.041271683
700793033332.4049             -0.06647833
700794010433.9192             0.0155246835
700794987535.4335             0.13611421
700795964636.9478             0.046105683
700796941738.462              -0.055498235
700797918839.9763             0.07155884
700798895941.4906             -0.000361602
700799873043.0049             0.049744274
700800850144.5192             -0.04537052
700801827246.0334             0.10068239
700802804347.5477             0.047258705
700803781449.062              0.068375885
700804758550.5763             0.17265174
700805735652.0906             0.0757011
700806712753.6049             -0.04540991
700807689855.1191             0.043763574
700808666956.6334             0.12802719
700809644058.1477             -0.0008346458
700810621159.662              -0.03983119
700811598261.1763             -0.11553436
700812575362.6906             -0.23885104
700813552464.2048             -0.13720173
700814529565.7191             0.08669628
700815506667.2334             0.18247175
700816483768.7477             -0.027202195
700817460870.262              0.11114609
700818437971.7761             0.037993103
700819415073.2904             -0.010859392
700820392174.8047             -0.07191486
700821369276.319              0.0028361045
700822346377.8333             -0.016292442
700823323479.3475             -0.068686105
700824300580.8618             0.1174446
700825277682.3761             0.18737029
700826254783.8904             -0.093523204
700827231885.4047             -0.002137496
700828208986.919              -0.04211904
700829186088.4332             0.06879452
700830163189.9475             0.16003107
700831140291.4618             0.04555909
700832117392.9761             -0.20668426
700833094494.4904             0.13711207
700834071596.0046             0.27060884
700835048697.5189             0.1197692
700836025799.0332             -0.07445832
700837002900.5475             0.022606904
700837980002.0618             0.1867364
700838957103.576              -0.10311035
700839934205.0903             -0.09863804
700840911306.6046             -0.021892125
700841888408.1189             -0.12012663
700842865509.6332             -0.13089448
700843842611.1475             -0.06384206
700844819712.6617             0.21238339
700845796814.176              0.19647361
700846773915.6903             0.14523967
700847751017.2046             0.2819127
700848728118.7189             0.3141733
700849705220.233              0.09764875
700850682321.7473             -0.050770257
700851659423.2616             0.06472966
700852636524.7759             0.27377078
700853613626.2902             0.0365787
700854590727.8044             -0.29368892
700855567829.3187             -0.13691294
700856544930.833              0.02228927
700857522032.3473             0.15241395
700858499133.8616             0.30221084
700859476235.3759             0.09564636
700860453336.8901             0.043823916
700861430438.4044             0.16037701
700862407539.9187             0.3208098
700863384641.433              0.07826949
700864361742.9473             -0.07867447
700865338844.4615             -0.09438234
700866315945.9758             0.116923064
700867293047.4901             -0.16244498
700868270149.0044             -0.0646899
700869247250.5187             0.04708247
700870224352.033              0.09553501
700871201453.5472             -0.033550654
700872178555.0615             -0.19615214
700873155656.5758             -0.15321983
700874132758.0901             -0.034405813
700875109859.6044             0.00416991
700876086961.1187             0.010592007
700877064062.6329             -0.0992381
700878041164.1472             -0.040672064
700879018265.6615             -0.019462578
700879995367.1758             0.02324143
700880972468.69               -0.0011253458
700881949570.2042             0.072671294
700882926671.7185             0.112302534
700883903773.2328             -0.0015663764
700884880874.7471             0.09289364
700885857976.2614             0.10065087
700886835077.7756             -0.06322799
700887812179.2899             0.02506947
700888789280.8042             0.06664963
700889766382.3185             -0.0019010333
700890743483.8328             0.08886812
700891720585.347              -0.14542529
700892697686.8613             -0.18909593
700893674788.3756             -0.082147025
700894651889.8899             0.06571092
700895628991.4042             0.012227009
700896606092.9185             0.119093284
700897583194.4327             0.009526727
700898560295.947              0.017383453
700899537397.4613             -0.08066715
700900514498.9756             -0.02783713
700901491600.4899             0.05853318
700902468702.0042             0.014467224
700903445803.5184             0.068655014
700904422905.0327             -0.0864
700905400006.547              -0.06867412
700906377108.0613             0.07353311
700907354209.5756             0.05193172
700908331311.0898             0.17499988
700909308412.6041             0.036830645
700910285514.1184             0.07178844
700911262615.6327             0.08500509
700912239717.1469             -0.038419776
700913216818.6611             -0.06332969
700914193920.1754             -0.0028029557
700915171021.6897             0.03289718
700916148123.204              0.023717152
700917125224.7183             -0.044639714
700918102326.2325             -0.017413393
700919079427.7468             0.007240692
700920056529.2611             -0.066491365
700921033630.7754             -0.108699724
700922010732.2897             -0.004613512
700922987833.804              -0.024884652
700923964935.3182             0.009588765
700924942036.8325             -0.041836984
700925919138.3468             -0.084013544
700926896239.8611             0.034773786
700927873341.3754             0.047703434
700928850442.8896             0.047341056
700929827544.4039             -0.037147015
700930804645.9182             0.056594763
700931781747.4325             -0.059661254
700932758848.9468             -0.16059735
700933735950.461              0.088456005
700934713051.9753             0.11487294
700935690153.4896             0.043228183
700936667255.0039             -0.10038061
700937644356.5182             0.046413444
700938621458.0325             0.14252006
700939598559.5468             -0.07537495
700940575661.061              -0.030481543
700941552762.5753             -0.03816743
700942529864.0896             -0.09971743
700943506965.6039             -0.10629103
700944484067.118              -0.09674643
700945461168.6323             -0.085403584
700946438270.1466             0.07042622
700947415371.6609             0.13163961
700948392473.1752             0.10016542
700949369574.6895             -0.0145039465
700950346676.2037             -0.025537089
700951323777.718              0.001965586
700952300879.2323             0.07617576
700953277980.7466             -0.010467886
700954255082.2609             0.0391531
700955232183.7751             -0.04871727
700956209285.2894             0.018285787
700957186386.8037             -0.0035291286
700958163488.318              0.05822593
700959140589.8323             0.07009925
700960117691.3466             0.00877518
700961094792.8608             -0.0657964
700962071894.3751             -0.0053300834
700963048995.8894             0.01613466
700964026097.4037             -0.030257652
700965003198.918              0.062301964
700965980300.4323             0.13084163
700966957401.9465             0.041407064
700967934503.4608             0.041175995
700968911604.9751             0.10894755
700969888706.4894             0.01186793
700970865808.0037             0.0114122555
700971842909.518              0.0027692893
700972820011.0322             -0.011425651
700973797112.5465             0.019591436
700974774214.0608             0.04067187
700975751315.575              -0.009577432
700976728417.0892             -0.06818894
700977705518.6035             -0.056030832
700978682620.1178             0.0706723
700979659721.6321             0.07121528
700980636823.1464             -0.04190474
700981613924.6606             0.019988846
700982591026.1749             0.1302057
700983568127.6892             0.038573947
700984545229.2035             0.028852452
700985522330.7178             0.12486002
700986499432.232              0.025624616
700987476533.7463             -0.03132163
700988453635.2606             -0.009176841
700989430736.7749             0.037764277
700990407838.2892             -0.05936696
700991384939.8035             -0.14495002
700992362041.3177             0.025833903
700993339142.832              0.13200258
700994316244.3463             0.06267442
700995293345.8606             -0.07480923
700996270447.3749             -0.037054855
700997247548.8892             0.01149258
700998224650.4034             -0.02320742
700999201751.9177             -0.038582265
701000178853.432              -0.030036284
701001155954.9463             0.007923603
701002133056.4606             0.02172633
701003110157.9749             -0.016196094
701004087259.4891             -0.037139807
701005064361.0034             -0.041881535
701006041462.5177             0.022136532
701007018564.0319             0.034863114
701007995665.5461             0.02622195
701008972767.0604             -0.06317627
701009949868.5747             0.0041115116
701010926970.089              -0.018601894
701011904071.6033             -0.09376317
701012881173.1176             -0.1512976
701013858274.6318             -0.01909553
701014835376.1461             0.043361414
701015812477.6604             -0.05448124
701016789579.1747             -0.0060387226
701017766680.689              0.010737238
701018743782.2032             0.015078571
701019720883.7175             0.04892105
701020697985.2318             0.086889006
701021675086.7461             0.07685728
701022652188.2604             0.03210738
701023629289.7747             -0.09871706
701024606391.289              -0.02244667
701025583492.8032             0.03937629
701026560594.3175             -0.07618284
701027537695.8318             -0.08672634
701028514797.3461             0.05319634
701029491898.8604             0.034285605
701030469000.3746             0.046963956
701031446101.8889             0.088220395
701032423203.4032             0.0914435
701033400304.9175             0.030202525
701034377406.4318             0.0692026
701035354507.946              -0.106200986
701036331609.4603             -0.09556172
701037308710.9746             0.013933715
701038285812.4888             0.015726835
701039262914.003              0.012342788
701040240015.5173             -0.057226077
701041217117.0316             -0.07059527
701042194218.5459             0.07342496
701043171320.0602             0.09167033
701044148421.5745             0.019142916
701045125523.0887             0.024901606
701046102624.603              -0.054132417
701047079726.1173             9.620635e-05
701048056827.6316             0.19277574
701049033929.1459             0.047780126
701050011030.6602             -0.06345652
701050988132.1744             -0.10823694
701051965233.6887             -0.09142492
701052942335.203              0.023357328
701053919436.7173             0.06461265
701054896538.2316             0.052259386
701055873639.7458             0.028334456
701056850741.2601             0.03980642
701057827842.7744             0.04870717
701058804944.2887             -0.029683944
701059782045.803              0.0033208667
701060759147.3173             -0.04622919
701061736248.8315             -0.047211625
701062713350.3458             -0.073792875
701063690451.8601             0.10107142
701064667553.3744             0.052331742
701065644654.8887             0.027368832
701066621756.403              -0.03479536
701067598857.9172             -0.11048885
701068575959.4315             -0.07832509
701069553060.9458             -0.01446404
701070530162.46               0.046834596
701071507263.9742             -0.05735081
701072484365.4885             0.040917736
701073461467.0028             0.07875673
701074438568.5171             -0.13589016
701075415670.0314             -0.08127153
701076392771.5457             0.023191415
701077369873.0599             0.07773719
701078346974.5742             0.0680164
701079324076.0885             -0.013497549
701080301177.6028             -0.058468025
701081278279.1171             -0.085944824
701082255380.6313             -0.060620677
701083232482.1456             0.054228343
701084209583.6599             0.051100127
701085186685.1742             -0.013741406
701086163786.6885             0.042617857
701087140888.2028             0.08931035
701088117989.717              0.0960536
701089095091.2313             0.05458515
701090072192.7456             -0.07505595
701091049294.2599             -0.03699275
701092026395.7742             0.081474856
701093003497.2885             -0.006488684
701093980598.8027             0.04225087
701094957700.317              0.10966073
701095934801.8313             0.07069057
701096911903.3456             0.02651879
701097889004.8599             -0.12008682
701098866106.3741             -0.057700578
701099843207.8884             -0.0043977597
701100820309.4027             -0.085840404
701101797410.9169             -0.06560244
701102774512.4312             -0.08698145
701103751613.9454             -0.06463897
701104728715.4597             -0.038394008
701105705816.974              -0.15843754
701106682918.4883             -0.09578367
701107660020.0026             -0.09503915
701108637121.5168             -0.04853479
701109614223.0311             -0.120764896
701110591324.5454             0.011859498
701111568426.0597             0.055089623
701112545527.574              0.011574699
701113522629.0883             0.083704896
701114499730.6025             -0.02942869
701115476832.1168             0.038561236
701116453933.6311             0.056710433
701117431035.1454             -0.012529211
701118408136.6597             0.0071948683
701119385238.174              -0.032055028
701120362339.6882             0.076681316
701121339441.2025             -0.024116917
701122316542.7168             -0.019815577
701123293644.2311             -0.05819996
701124270745.7454             -0.04687677
701125247847.2596             -0.036015924
701126224948.7739             -0.017851803
701127202050.2882             0.058129076
701128179151.8025             -0.027019328
701129156253.3168             -0.09924339
701130133354.831              -0.09133591
701131110456.3453             -0.13221072
701132087557.8596             0.0102290055
701133064659.3738             0.061277375
701134041760.8881             -0.0018438962
701135018862.4023             -0.08292149
701135995963.9166             -0.12535416
701136973065.4309             -0.04326425
701137950166.9452             -0.017810462
701138927268.4595             0.050145004
701139904369.9738             -0.016557913
701140881471.488              -0.026224788
701141858573.0023             -0.0082596885
701142835674.5166             0.009299483
701143812776.0309             0.0016996486
701144789877.5452             0.012282938
701145766979.0594             0.034716222
701146744080.5737             0.010332849
701147721182.088              -0.057755627
701148698283.6023             -0.04810874
701149675385.1166             -0.022887304
701150652486.6309             -0.09262158
701151629588.1451             0.059843745
701152606689.6594             0.025088467
701153583791.1737             -0.015978014
701154560892.688              0.026854053
701155537994.2023             -0.05579506
701156515095.7166             0.029500639
701157492197.2308             -0.0032779695
701158469298.7451             -0.031625256
701159446400.2594             -0.026849762
701160423501.7737             -0.03310621
701161400603.288              -0.058827132
701162377704.8022             -0.03599184
701163354806.3165             -0.050259866
701164331907.8307             0.0030862272
701165309009.345              0.038625624
701166286110.8593             0.045002494
701167263212.3735             -0.08888994
701168240313.8878             -0.072012246
701169217415.4021             -0.044419654
701170194516.9164             -0.12734288
701171171618.4307             -0.010763518
701172148719.945              -0.044119466
701173125821.4592             -0.024399627
701174102922.9735             0.028384589
701175080024.4878             -0.0071426206
701176057126.0021             -0.052135423
701177034227.5164             -0.054575965
701178011329.0306             0.062548995
701178988430.5449             0.0022522653
701179965532.0592             0.031486202
701180942633.5735             0.07539629
701181919735.0878             -0.04377726
701182896836.602              -0.08684169
701183873938.1163             -0.07735052
701184851039.6306             0.012800737
701185828141.1449             0.0903642
701186805242.6592             0.07351362
701187782344.1735             0.00050286955
701188759445.6877             -0.108023845
701189736547.202              0.05453567
701190713648.7163             0.12115501
701191690750.2306             0.010005062
701192667851.7449             0.020548634
701193644953.2592             0.0026071456
701194622054.7734             -0.06832226
701195599156.2877             0.08398005
701196576257.8019             0.15414052
701197553359.3162             0.113957636
701198530460.8304             0.061538342
701199507562.3447             0.04605717
701200484663.859              -0.016100839
701201461765.3733             -0.061124407
701202438866.8876             -0.009024013
701203415968.4019             0.023100143
701204393069.9161             -0.045246527
701205370171.4304             -0.1120722
701206347272.9447             -0.059863303
701207324374.459              -0.0036420217
701208301475.9733             0.08372303
701209278577.4875             0.10923329
701210255679.0018             0.069941714
701211232780.5161             -0.016359389
701212209882.0304             -0.01659633
701213186983.5447             -0.020431578
701214164085.059              -0.008552584
701215141186.5732             -0.0013896626
701216118288.0875             -0.007009071
701217095389.6018             0.0708791
701218072491.1161             0.026397763
701219049592.6304             -0.0386772
701220026694.1447             -0.05408953
701221003795.6589             0.0036273694
701221980897.1732             -0.04084304
701222957998.6875             0.036782
701223935100.2018             -0.09338215
701224912201.7161             -0.11054152
701225889303.2303             -0.07883511
701226866404.7446             -0.007580584
701227843506.2588             0.0291851
701228820607.7731             0.06108286
701229797709.2874             0.09970769
701230774810.8016             -0.03980119
701231751912.3159             -0.014015519
701232729013.8302             0.032100197
701233706115.3445             -0.024696767
701234683216.8588             -0.009749699
701235660318.373              0.037165016
701236637419.8873             -0.04531986
701237614521.4016             -0.07436649
701238591622.9159             0.015450171
701239568724.4302             0.064896934
701240545825.9445             0.050818883
701241522927.4587             0.08666583
701242500028.973              0.0022309232
701243477130.4873             0.06844283
701244454232.0016             0.033456147
701245431333.5159             -0.06809064
701246408435.0302             -0.015307762
701247385536.5444             0.078925215
701248362638.0587             -0.0059333397
701249339739.573              -0.074169
701250316841.0873             -0.117451765
701251293942.6016             -0.15084727
701252271044.1158             -0.03668806
701253248145.6301             0.0017173458
701254225247.1444             0.039834622
701255202348.6587             0.100996226
701256179450.173              -0.05544148
701257156551.6873             -0.065122426
701258133653.2015             -0.022592165
701259110754.7157             0.021271639
701260087856.23               0.024342123
701261064957.7443             0.036468558
701262042059.2585             -0.031029029
701263019160.7728             -0.0046579163
701263996262.2871             0.0840382
701264973363.8014             0.050603285
701265950465.3157             0.0013130303
701266927566.83               0.06997664
701267904668.3442             0.024790946
701268881769.8585             -0.04928635
701269858871.3728             -0.077345274
701270835972.8871             -0.034452327
701271813074.4014             -0.08843193
701272790175.9156             -0.037613753
701273767277.4299             -0.016442457
701274744378.9442             0.0624142
701275721480.4585             0.08757746
701276698581.9728             0.040627874
701277675683.487              -0.012766673
701278652785.0013             -0.07698227
701279629886.5156             -0.04189482
701280606988.0299             0.03302411
701281584089.5442             0.03995382
701282561191.0585             -0.0353589
701283538292.5728             0.017505113
701284515394.087              -0.0049516107
701285492495.6013             -0.022309251
701286469597.1156             0.018565437
701287446698.6299             -0.0011534241
701288423800.1442             0.056709267
701289400901.6584             0.032216936
701290353431.8                -0.11905376
701290378003.1726             -0.06793698
701291330533.3143             -0.04441733
701291355104.6869             -0.08055825
701292307634.8286             -0.05645015
701292332206.2012             -0.062587455
701293284736.3429             -0.040039793
701293309307.7155             -0.033848703
701294261837.8572             -0.04363821
701294286409.2297             0.0045866193
701295238939.3715             -0.066865966
701295263510.744              -0.031175194
701296216040.8857             0.007939963
701296240612.2583             -0.03982608
701297193142.4                0.05865109
701297217713.7726             -0.028197497
701298170243.9143             0.11121134
701298194815.2869             -0.038477153
701299147345.4286             0.05446514
701299171916.8011             0.08185891
701300124446.9429             -0.11753798
701300149018.3154             0.057163466
701301101548.4572             -0.041581083
701301126119.8297             -0.047613565
701302078649.9714             -0.028491264
701302103221.344              -0.029829044
701303055751.4857             -0.03447527
701303080322.8583             -0.043726802
701304032853.0                0.03613884
701304057424.3726             -0.044798832
701305009954.5143             0.023146505
701305034525.8868             -0.0040184762
701305987056.0286             -0.030612685
701306011627.4011             -0.017586257
701306964157.5427             -0.05904084
701306988728.9154             0.0034412376
701307941259.057              -0.04024691
701307965830.4297             0.086861774
701308918360.5713             -0.08764367
701308942931.944              -0.017225258
701309895462.0856             0.019363122
701309920033.4583             -0.02105846
701310872563.5999             0.08884874
701310897134.9725             0.037783485
701311849665.1141             0.023970222
701311874236.4868             -0.013576141
701312826766.6284             0.037127838
701312851338.0011             -0.008677271
701313803868.1427             -0.002413679
701313828439.5154             0.086365506
701314780969.657              -0.0049674073
701314805541.0297             0.0651236
701315758071.1713             -0.09822624
701315782642.544              0.02844047
701316735172.6855             0.003312941
701316759744.0582             -0.047417086
701317712274.1998             0.008886847
701317736845.5725             0.08771868
701318689375.7141             -0.017805992
701318713947.0868             0.031843808
701319666477.2284             0.050493963
701319691048.6011             -0.032990094
701320643578.7427             0.027539684
701320668150.1154             0.0006146899
701321620680.257              -0.02920839
701321645251.6296             0.026699506
701322597781.7712             -0.019508356
701322622353.1438             -0.023480743
701323574883.2855             0.04140035
701323599454.6581             0.011712277
701324551984.7998             0.0111254295
701324576556.1724             0.074283496
701325529086.3141             -0.062448766
701325553657.6866             0.005572408
701326506187.8284             -0.016541924
701326530759.2009             -0.017464833
701327483289.3427             -0.033944823
701327507860.7152             0.042627294
701328460390.8569             -0.05352141
701328484962.2295             0.020240868
701329437492.3712             0.03182096
701329462063.7438             0.0003372342
701330414593.8855             -0.02056913
701330439165.258              0.02886774
701331391695.3998             -0.0023058634
701331416266.7723             0.011240382
701332368796.9141             -0.028761208
701332393368.2866             0.041087374
701333345898.4283             -0.039514888
701333370469.8009             -0.025260927
701334322999.9426             0.008369881
701334347571.3152             0.028222997
701335300101.4569             0.03279103
701335324672.8295             -0.009003145
701336277202.9712             0.085326985
701336301774.3438             -0.03884229
701337254304.4855             -0.05864778
701337278875.858              0.0478588
701338231405.9996             0.011022287
701338255977.3723             0.026341308
701339208507.5139             -0.10371275
701339233078.8866             0.08900159
701340185609.0282             -0.06401741
701340210180.4009             0.005429347
701341162710.5425             -0.06840258
701341187281.9152             -0.024436122
701342139812.0568             -0.11295835
701342164383.4294             -0.034726173
701343116913.571              -0.0019742933
701343141484.9437             -0.05597294
701344094015.0853             -0.0054165833
701344118586.458              -0.024438608
701345071116.5996             -0.039119855
701345095687.9723             -0.027627219
701346048218.1139             0.052263614
701346072789.4866             0.053348944
701347025319.6282             -0.02193525
701347049891.0009             0.040248834
701348002421.1425             -0.016012214
701348026992.5151             -0.028026484
701348979522.6567             -0.07272943
701349004094.0294             -0.006918751
701349956624.171              -0.0042453906
701349981195.5437             -0.009099587
701350933725.6853             -0.03950442
701350958297.058              0.08546016
701351910827.1996             -0.16499932
701351935398.5723             -0.006374049
701352887928.7139             -0.13593796
701352912500.0865             -0.13292632
701353865030.2281             -0.06105847
701353889601.6007             -0.10859792
701354842131.7424             0.060672883
701354866703.115              -0.083540946
701355819233.2567             0.14412634
701355843804.6293             -0.0035952632
701356796334.771              0.05482591
701356820906.1436             0.0998419
701357773436.2853             -0.13267073
701357798007.6578             0.026115926
701358750537.7996             -0.094302274
701358775109.1721             -0.112755455
701359727639.3138             0.029392805
701359752210.6864             -0.04272144
701360704740.8281             -0.021865584
701360729312.2007             0.011024992
701361681842.3424             0.018754914
701361706413.715              -0.025907317
701362658943.8567             -0.032584142
701362683515.2292             0.012016747
701363636045.371              0.015181146
701363660616.7435             -0.009449484
701364613146.8853             -0.14853005
701364637718.2578             0.058853768
701365590248.3995             -0.047362193
701365614819.7721             -0.10773934
701366567349.9138             -0.078446895
701366591921.2864             0.024525136
701367544451.4281             -0.029118469
701367569022.8007             -0.051209986
701368521552.9424             -0.03664507
701368546124.315              -0.06617809
701369498654.4565             0.055420283
701369523225.8292             -0.014142228
701370475755.9708             0.052076176
701370500327.3435             0.079628065
701371452857.4851             0.025572754
701371477428.8578             0.08098239
701372429958.9994             0.058188163
701372454530.3721             0.06195383
701373407060.5137             0.005878236
701373431631.8864             0.0146294935
701374384162.028              0.09797644
701374408733.4006             -0.016146714
701375361263.5422             -0.02595551
701375385834.9149             0.09473583
701376338365.0565             0.027762733
701376362936.4292             -0.00030397516
701377315466.5708             -0.00732092
701377340037.9435             -0.013681873
701378292568.0851             -0.17656133
701378317139.4578             0.017988833
701379269669.5994             -0.0779757
701379294240.972              -0.10621425
701380246771.1136             -0.011390876
701380271342.4863             -0.061170407
701381223872.6279             0.05033436
701381248444.0006             0.022604488
701382200974.1422             0.042967364
701382225545.5149             0.026828472
701383178075.6565             -0.09763964
701383202647.0292             0.067981966
701384155177.1708             -0.05474196
701384179748.5435             -0.0031049566
701385132278.685              0.040222056
701385156850.0576             0.008317422
701386109380.1993             0.077476665
701386133951.5719             0.114935756
701387086481.7136             -0.021779444
701387111053.0862             0.06397862
701388063583.2279             -0.021628946
701388088154.6005             0.010427971
701389040684.7422             0.06405712
701389065256.1147             0.03260176
701390017786.2565             0.002015739
701390042357.629              0.10987031
701390994887.7708             0.06726191
701391019459.1433             0.052868664
701391971989.285              -0.015541728
701391996560.6576             0.068138815
701392949090.7993             0.016119495
701392973662.1719             0.03407158
701393926192.3136             -0.028321851
701393950763.6862             0.04787591
701394903293.8279             0.007045522
701394927865.2004             0.008565609
701395880395.3422             -0.021440925
701395904966.7147             0.03567788
701396857496.8564             -0.06971759
701396882068.229              -0.022294994
701397834598.3707             -0.17945334
701397859169.7433             0.01899616
701398811699.885              -0.11191609
701398836271.2576             -0.045667946
701399788801.3993             7.0312424e-05
701399813372.7719             -0.059734046
701400765902.9135             -0.04504352
701400790474.2861             0.0059949504
701401743004.4277             -0.046353765
701402720105.942              -0.01375821
701403697207.4563             -0.022196122
701404674308.9706             -0.043731693
701405651410.4849             -0.09539637
701406628511.9991             -0.0008458714
701407605613.5134             0.037607014
701408582715.0277             0.010096721
701409559816.542              -0.0058170566
701410536918.0563             0.00081187574
701411514019.5706             0.015467615
701412491121.0848             -0.02217046
701413468222.5991             -0.012576294
701414445324.1134             0.05930381
701415422425.6277             0.04792506
701416399527.142              0.006170794
701417376628.6562             -0.08468369
701418353730.1705             -0.007325833
701419330831.6848             -0.0075622415
701420307933.1991             -0.0677553
701421285034.7134             -0.031101983
701422262136.2277             0.065310426
701423239237.742              0.13905367
701424216339.2562             0.012342517
701425193440.7705             -0.023777379
701426170542.2848             -0.0026790826
701427147643.7991             -0.089654386
701428124745.3134             -0.030843407
701429101846.8276             -0.07222113
701430078948.3419             0.049022708
701431056049.8562             0.057819914
701432033151.3705             -0.05836794
701433010252.8846             -0.036095865
701433987354.3989             -0.09966847
701434964455.9132             -0.07198812
701435941557.4275             -0.005057305
701436918658.9418             0.03180704
701437895760.456              0.074183434
701438872861.9703             0.1109108
701439849963.4846             0.051456474
701440827064.9989             0.018861977
701441804166.5132             -0.06478128
701442781268.0275             -0.074615754
701443758369.5417             -0.0594806
701444735471.056              0.00788053
701445712572.5703             0.01012011
701446689674.0846             -0.0115579665
701447666775.5989             0.01488863
701448643877.1132             -0.022576543
701449620978.6274             -0.0011817476
701450598080.1417             -0.03577449
701451575181.656              -0.03558929
701452552283.1703             0.020180926
701453529384.6846             0.11145402
701454506486.1989             0.13184866
701455483587.7131             0.040193852
701456460689.2274             -0.1055009
701457437790.7417             0.04264827
701458414892.256              -0.021680735
701459391993.7703             -0.039197423
701460369095.2845             0.015247665
701461346196.7988             -0.013620575
701462323298.3131             0.042542577
701463300399.8274             0.04000039
701464277501.3416             0.022933107
701465254602.8558             0.011689015
701466231704.3701             -0.008917342
701467208805.8844             0.004247335
701468185907.3987             0.050906107
701469163008.913              0.0670635
701470140110.4272             -0.031184813
701471117211.9415             -0.07472364
701472094313.4558             -0.024848582
701473071414.9701             -0.014314114
701474048516.4844             -0.035473645
701475025617.9987             -0.108991645
701476002719.513              0.013860224
701476979821.0272             -0.0064639263
701477956922.5415             -0.014249391
701478934024.0558             -0.11674837
701479911125.5701             -0.10618724
701480888227.0844             0.0087470785
701481865328.5986             -0.010195835
701482842430.1129             -0.045713272
701483819531.6272             0.028043974
701484796633.1415             0.109725535
701485773734.6558             -0.08166023
701486750836.17               -0.04959374
701487727937.6843             -0.04606318
701488705039.1986             -0.00033349474
701489682140.7129             -0.031813275
701490659242.2272             -0.061610688
701491636343.7415             0.0011135734
701492613445.2557             0.09059647
701493590546.77               0.014832875
701494567648.2843             0.024719609
701495544749.7985             -0.03250858
701496521851.3127             -0.100596786
701497498952.827              -0.03666061
701498476054.3413             -0.012728225
701499453155.8556             0.05144889
701500430257.3699             -0.018274542
701501407358.8842             -0.100048006
701502384460.3984             0.06994237
701503361561.9127             0.078123234
701504338663.427              0.011801954
701505315764.9413             0.003300141
701506292866.4556             -0.09078619
701507269967.9698             -0.113477916
701508247069.4841             -0.12847804
701509224170.9984             0.0036908344
701510201272.5127             0.034006834
701511178374.027              0.02927904
701512155475.5413             0.08683529
701513132577.0555             0.075697176
701514109678.5698             -0.043377623
701515086780.0841             -0.032154154
701516063881.5984             0.066538535
701517040983.1127             0.053696148
701518018084.627              0.03132734
701518995186.1412             -0.0039124102
701519972287.6555             0.07629213
701520949389.1698             0.031816397
701521926490.6841             -0.048232183
701522903592.1984             0.009015814
701523880693.7126             -0.037516862
701524857795.2269             -0.065430254
701525834896.7412             -0.056419913
701526811998.2555             0.046368446
701527789099.7697             0.0055552423
701528766201.2839             0.03938939
701529743302.7982             -0.0034410988
701530720404.3125             0.037900236
701531697505.8268             -0.056374043
701532674607.3411             -0.16103788
701533651708.8553             -0.024040164
701534628810.3696             -0.028500933
701535605911.8839             -0.15030028
701536583013.3982             -0.16930749
701537560114.9125             -0.07265298
701538537216.4268             0.02971248
701539514317.941              0.056344725
701540491419.4553             0.08563445
701541468520.9696             0.16570629
701542445622.4839             -0.022518663
701543422723.9982             0.007977207
701544399825.5125             0.05325383
701545376927.0267             -0.021931317
701546354028.541              -0.037457913
701547331130.0553             0.08090011
701548308231.5696             0.025333872
701549285333.0839             -0.108141586
701550262434.5981             -0.08981495
701551239536.1124             -0.03794692
701552216637.6267             0.07627376
701553193739.141              0.11378649
701554170840.6553             0.07815608
701555147942.1696             0.09531366
701556125043.6838             -0.032771155
701557102145.1981             -0.083575256
701558079246.7124             -0.10477172
701559056348.2266             -0.0069260625
701560033449.7408             -0.049592234
701561010551.2551             -0.014789959
701561987652.7694             0.043313283
701562964754.2837             0.0034474945
701563941855.798              0.071101695
701564918957.3123             -0.036460023
701565896058.8265             -0.02481499
701566873160.3408             -0.088205576
701567850261.8551             -0.048949976
701568827363.3694             0.0741502
701569804464.8837             0.077617854
701570781566.398              -0.030842438
701571758667.9122             0.028218245
701572735769.4265             0.02016227
701573712870.9408             -0.05411095
701574689972.4551             -0.020480672
701575667073.9694             -0.05406636
701576644175.4836             0.017376648
701577621276.9979             0.0016413025
701578598378.5122             -0.04865028
701579575480.0265             0.025221178
701580552581.5408             0.061411638
701581529683.055              -0.082532935
701582506784.5693             0.054835245
701583483886.0836             0.07359617
701584460987.5979             0.011964812
701585438089.1122             -0.0414912
701586415190.6265             -0.050221246
701587392292.1407             -0.011075479
701588369393.655              -0.121347815
701589346495.1693             -0.030793333
701590323596.6835             -0.002382034
701591300698.1978             0.07647401
701592277799.712              -0.03189511
701593254901.2263             -0.07221102
701594232002.7406             -0.054039042
701595209104.2549             -0.08190942
701596186205.7692             0.051562797
701597163307.2834             0.0847678
701598140408.7977             0.06406258
701599117510.312              0.024646763
701600094611.8263             0.16686079
701601071713.3406             -0.02819211
701602048814.8549             -0.039760932
701603025916.3691             -0.0015123312
701604003017.8834             -0.057191983
701604980119.3977             -0.030495198
701605957220.912              -0.05050041
701606934322.4263             -0.026018545
701607911423.9406             -0.039238166
701608888525.4548             0.01374686
701609865626.9691             0.06435163
701610842728.4834             0.08071047
701611819829.9977             0.0129788015
701612796931.512              -0.003776694
701613774033.0262             0.038173407
701614751134.5405             -0.021285864
701615728236.0548             -0.013410712
701616705337.5691             0.080582306
701617682439.0834             0.08559539
701618659540.5977             -0.0023666949
701619636642.1119             -0.007316502
701620613743.6262             0.02819713
701621590845.1404             -0.10082435
701622567946.6547             -0.10373307
701623545048.169              -0.044302933
701624522149.6832             -0.04921045
701625499251.1975             -0.08884074
701626476352.7118             0.0773384
701627453454.2261             0.021526698
701628430555.7404             0.018339824
701629407657.2546             0.022684291
701630384758.7689             0.0004668279
701631361860.2832             0.03624031
701632338961.7975             -0.0010178268
701633316063.3118             -0.013760309
701634293164.826              0.0650642
701635270266.3403             -0.0738461
701636247367.8546             0.076933995
701637224469.3689             0.08708611
701638201570.8832             -0.0072604376
701639178672.3975             0.082341485
701640155773.9117             -0.0044416646
701641132875.426              -0.076602936
701642109976.9403             0.011079961
701643087078.4546             -0.07328815
701644064179.9689             -0.09499949
701645041281.4832             0.045574117
701646018382.9974             0.006197651
701646995484.5117             -0.044857014
701647972586.026              0.034812972
701648949687.5403             -0.09257652
701649926789.0546             -0.08926777
701650903890.5688             -0.029235784
701651880992.0831             0.025496645
701652858093.5974             -0.057932317
701653835195.1116             -0.045844156
701654812296.6259             0.06785411
701655789398.1401             -0.0122899
701656766499.6544             -0.057642136
701657743601.1687             -0.09211963
701658720702.683              -0.13684362
701659697804.1973             -0.07851045
701660674905.7115             -0.06830331
701661652007.2258             -0.04760171
701662629108.7401             -0.013400911
701663606210.2544             -0.005088289
701664583311.7687             -0.013795744
701665560413.283              -0.009200391
701666537514.7972             -0.033453986
701667514616.3115             0.005305768
701668491717.8258             -0.0017010593
701669468819.3401             -0.075530104
701670445920.8544             -0.059505805
701671423022.3687             -0.015472371
701672400123.8829             0.13246854
701673377225.3972             -0.04369248
701674354326.9115             0.017621456
701675331428.4258             -0.03368498
701676308529.9401             -0.010316794
701677285631.4543             0.0055632754
701678262732.9686             0.022792073
701679239834.4829             0.03174819
701680216935.9972             -0.06762336
701681194037.5115             -0.081692584
701682171139.0258             -0.031166645
701683148240.54               -0.015609297
701684125342.0543             -0.03193011
701685102443.5685             -0.049103156
701686079545.0828             -0.009378292
701687056646.597              0.041906208
701688033748.1113             0.03617038
701689010849.6256             0.05064378
701689987951.1399             -0.0040346687
701690965052.6542             -0.08255025
701691942154.1685             -0.036927816
701692919255.6827             0.03416427
701693896357.197              0.10208233
701694873458.7113             -0.029790105
701695850560.2256             0.01934542
701696827661.7399             0.0016125891
701697804763.2542             0.05902947
701698781864.7684             -0.036667176
701699758966.2827             0.010660088
701700736067.797              0.05632958
701701713169.3113             0.09927531
701702690270.8256             0.063078225
701703667372.3398             0.0007404703
701704644473.8541             0.012339439
701705621575.3684             -0.039078716
701706598676.8827             -0.050699294
701707575778.397              0.03618627
701708552879.9113             0.054285236
701709529981.4255             -0.05050498
701710507082.9398             -0.05736233
701711484184.4541             -0.112668075
701712461285.9684             0.0033221662
701713438387.4827             -0.03014958
701714415488.997              -0.10105811
701715392590.5112             0.040213756
701716369692.0254             0.0030612573
701717346793.5397             0.0066824337
701718323895.054              -0.026671592
701719300996.5682             -0.043342583
701720278098.0825             -0.043822538
701721255199.5968             -0.034389134
701722232301.1111             -0.055270366
701723209402.6254             -0.047843188
701724186504.1396             0.0085049765
701725163605.6539             0.010524773
701726140707.1682             -0.09507509
701727117808.6825             0.0144749535
701728094910.1968             0.008394247
701729072011.711              -0.026095565
701730049113.2253             0.06702209
701731026214.7396             0.07437322
701732003316.2539             0.03013706
701732980417.7682             -0.15473677
701733957519.2825             0.08963967
701734934620.7968             0.11905649
701735911722.311              0.08466503
701736888823.8253             -0.041976742
701737865925.3396             -0.03710298
701738843026.8539             -0.12771823
701739820128.3682             -0.018294731
701740797229.8824             0.010604382
701741774331.3967             -0.059619665
701742751432.911              -0.07135784
701743728534.4253             -0.03204847
701744705635.9396             -0.004620435
701745682737.4539             0.048715428
701746659838.9681             -0.0048643965
701747636940.4823             0.032711953
701748614041.9966             -0.04683427
701749591143.5109             -0.09630145
701750568245.0251             -0.064521775
701751545346.5394             -0.095737986
701752522448.0537             -0.034889523
701753499549.568              0.04284612
701754476651.0823             -0.03336499
701755453752.5966             0.017131222
701756430854.1108             -0.022896307
701757407955.6251             -0.018885277
701758385057.1394             -0.09149644
701759362158.6537             0.03320689
701760339260.168              0.035857912
701761316361.6823             -0.02296736
701762293463.1965             0.004128816
701763270564.7108             -0.02055915
701764247666.2251             0.02510345
701765224767.7394             -0.020816382
701766201869.2537             0.028033935
701767178970.768              0.048250392
701768156072.2822             0.027838336
701769133173.7965             0.014578882
701770110275.3108             -0.009228519
701771087376.8251             -0.06586566
701772064478.3394             -0.061494794
701773041579.8536             -0.10013642
701774018681.3679             0.0016721225
701774995782.8822             -0.08611774
701775972884.3965             0.015202303
701776949985.9108             0.08215798
701777927087.425              0.025831433
701778904188.9393             -0.028211076
701779881290.4535             -0.0034333034
701780858391.9678             0.019416956
701781835493.482              0.03855812
701782812594.9963             0.08401532
701783789696.5106             0.029173251
701784766798.0249             0.0053090444
701785743899.5392             0.016776603
701786721001.0535             0.025185911
701787698102.5677             0.027263563
701788675204.082              0.078304276
701789652305.5963             0.072956964
701790629407.1106             0.0002761396
701791606508.6249             -0.023164809
701792583610.1392             0.0102149835
701793560711.6534             0.04570697
701794537813.1677             0.01770219
701795514914.682              -0.051727526
701796492016.1963             0.01012299
701797469117.7106             -0.016158361
701798446219.2249             -0.058851875
701799423320.7391             -0.032586496
701800400422.2534             0.028403625
701801377523.7677             -0.011217391
701802354625.282              -0.045472544
701803331726.7963             0.024348369
701804308828.3105             -0.020641495
701805285929.8248             -0.051489666
701806263031.3391             -0.07341735
701807240132.8534             -0.04449644
701808217234.3677             -0.004856134
701809194335.882              0.11248238
701810171437.3962             0.16819525
701811148538.9104             -0.02163219
701812125640.4247             0.015858708
701813102741.939              -0.10887864
701814079843.4532             -0.108425945
701815056944.9675             -0.05310082
701816034046.4818             0.034008335
701817011147.9961             -0.02381774
701817988249.5104             0.059218917
701818965351.0247             0.021375764
701819942452.539              -0.058377594
701820919554.0532             0.007487715
701821896655.5675             -0.04156301
701822873757.0818             0.01842337
701823850858.5961             -0.046419203
701824827960.1104             0.025045777
701825805061.6246             0.058767654
701826782163.1389             0.16760948
701827759264.6532             0.0058763647
701828736366.1675             -0.050408363
701829713467.6818             -0.06437801
701830690569.196              -0.019485414
701831667670.7103             -0.074924506
701832644772.2246             -0.055743925
701833621873.7389             -0.019151969
701834598975.2532             -0.009186996
701835576076.7675             0.040497262
701836553178.2817             0.018106617
701837530279.796              0.028343724
701838507381.3103             0.013733444
701839484482.8246             -0.014454626
701840461584.3389             0.06746502
701841438685.8531             -0.0062070936
701842415787.3673             -0.013060015
701843392888.8816             -0.06822184
701844369990.3959             0.05585823
701845347091.9102             -0.046812735
701846324193.4244             -0.08076705
701847301294.9387             -0.015849505
701848278396.453              0.065491855
701849255497.9673             0.066584826
701850232599.4816             0.036794715
701851209700.9958             0.034726564
701852186802.5101             0.036464497
701853163904.0244             0.042536672
701854141005.5387             -0.06437964
701855118107.053              -0.13733238
701856095208.5673             -0.05954721
701857072310.0815             0.0013118378
701858049411.5958             0.033212796
701859026513.1101             0.033624798
701860003614.6244             0.0051203915
701860980716.1387             -0.082559034
701861957817.653              0.0009381865
701862934919.1672             -0.030628687
701863912020.6815             0.121008605
701864889122.1958             0.04109953
701865866223.7101             0.048914667
701866843325.2244             0.12167016
701867820426.7386             0.14773008
701868797528.2529             0.05496586
701869774629.7672             0.07148976
701870751731.2815             -0.04389571
701871728832.7958             0.103528604
701872705934.31               0.042813484
701873683035.8242             -0.037757177
701874660137.3385             -0.037505195
701875637238.8528             0.023987101
701876614340.3671             -0.030419592
701877591441.8813             -0.08379944
701878568543.3956             -0.043262824
701879545644.9099             -0.034092788
701880522746.4242             -0.024087211
701881499847.9385             0.12611842
701882476949.4528             -0.006626156
701883454050.967              -0.05972518
701884431152.4813             -0.019757122
701885408253.9956             0.018421957
701886385355.5099             -0.02809045
701887362457.0242             0.038242407
701888339558.5385             -0.014521594
701889316660.0527             -0.018457284
701890293761.567              -0.04446122
701891270863.0813             -0.034364007
701892247964.5956             -0.052301116
701893225066.1099             -0.060077418
701894202167.6241             -0.13214022
701895179269.1384             0.09577256
701896156370.6527             0.032022543
701897133472.167              0.02741825
701898110573.6813             -0.006236497
701899087675.1956             -0.020424375
701900064776.7098             0.07746431
701901041878.2241             0.08786706
701902018979.7384             0.034386337
701902996081.2527             0.07984236
701903973182.767              -0.024548652
701904950284.2812             -0.012637724
701905927385.7954             -0.0041390434
701906904487.3097             -0.009857689
701907881588.824              -0.033431914
701908858690.3383             -0.039377484
701909835791.8525             -0.058787186
701910812893.3668             -0.021785872
701911789994.8811             -0.059768
701912767096.3954             -0.06291254
701913744197.9097             -0.02499578
701914721299.424              0.006481515
701915698400.9382             -0.021348534
701916675502.4525             -0.021109981
701917652603.9668             -0.012147774
701918629705.4811             -0.06555749
701919606806.9954             -0.016038828
701920583908.5096             -0.018669793
701921561010.0239             -0.020485481
701922538111.5382             0.100642286
701923515213.0525             -0.01976993
701924492314.5668             -0.026965853
701925469416.081              -0.030731954
701926446517.5953             0.15522332
701927423619.1096             0.12978545
701928400720.6239             0.047158338
701929377822.1382             0.07253633
701930354923.6525             0.071386196
701931332025.1667             0.101046205
701932309126.681              -0.07639998
701933286228.1953             -0.118152566
701934263329.7096             -0.015789608
701935240431.2239             0.08677305
701936217532.7382             -0.0322686
701937194634.2523             0.0009554682
701938171735.7666             -0.03455911
701939148837.2809             -0.02899048
701940125938.7952             -0.0540084
701941103040.3094             -0.009549182
701942080141.8237             0.013037702
701943057243.338              -0.012306309
701944034344.8523             -0.050977726
701945011446.3666             -0.07457818
701945988547.8809             -0.019023933
701946965649.3951             -0.022987198
701947942750.9094             0.014473889
701948919852.4237             -0.06755797
701949896953.938              0.020050615
701950874055.4523             0.051699862
701951851156.9666             0.037497904
701952828258.4808             0.06509383
701953805359.9951             -0.016208354
701954782461.5094             -0.016873874
701955759563.0237             -0.039531097
701956736664.538              -0.0135405
701957713766.0522             -0.08032538
701958690867.5665             -0.11076655
701959667969.0808             -0.05775145
701960645070.5951             -0.02815044
701961622172.1094             0.007924708
701962599273.6237             0.016154842
701963576375.138              -0.021012587
701964553476.6522             0.018146262
701965530578.1665             0.01705334
701966507679.6808             0.046500843
701967484781.1951             0.02791402
701968461882.7092             0.046841867
701969438984.2235             0.09021351
701970416085.7378             0.09673751
701971393187.2521             0.046815604
701972370288.7664             -0.04067812
701973347390.2806             0.023186006
701974324491.7949             -0.031680685
701975301593.3092             0.0007953164
701976278694.8235             -0.018469807
701977255796.3378             0.0013679567
701978232897.852              -0.026165739
701979209999.3663             0.06928857
701980187100.8806             0.0021537477
701981164202.3949             0.019885976
701982141303.9092             -0.14860995
701983118405.4235             -0.10139209
701984095506.9377             0.08343149
701985072608.452              0.07556999
701986049709.9663             -0.05025355
701987026811.4806             0.024183113
701988003912.9949             0.094197415
701988981014.5092             0.045752358
701989958116.0234             0.08892185
701990935217.5377             -0.038904835
701991912319.052              -0.013858042
701992889420.5663             0.033866454
701993866522.0806             0.059619073
701994843623.5948             0.08714792
701995820725.1091             0.057417322
701996797826.6234             -0.011973888
701997774928.1377             0.081262745
701998752029.652              0.06417006
701999729131.1663             -0.09812919
702000706232.6804             0.033690136
702001683334.1947             0.1097029
702002660435.709              0.017900618
702003637537.2233             0.009406943
702004614638.7375             0.032701172
702005591740.2518             -0.06719409
702006568841.7661             -0.06350579
702007545943.2804             0.044305652
702008523044.7947             0.0662553
702009500146.309              0.02183581
702010477247.8232             -0.063968025
702011454349.3375             -0.038078606
702012431450.8518             0.16474597
702013408552.3661             0.08497263
702014385653.8804             -0.027665868
702015362755.3947             0.06413307
702016339856.9089             0.01405155
702017316958.4232             0.003218118
702018294059.9375             0.0070963665
702019271161.4518             0.025099058
702020248262.9661             -0.016685836
702021225364.4803             -0.0059831482
702022202465.9946             -0.010699969
702023179567.5089             -0.037429847
702024156669.0232             0.03191231
702025133770.5375             -0.096107885
702026110872.0518             -0.060857154
702027087973.566              0.054105375
702028065075.0803             -0.037873473
702029042176.5946             -0.01600867
702030019278.1089             0.015472101
702030996379.6232             -0.0031424866
702031973481.1373             -0.045558136
702032950582.6516             0.02015054
702033927684.1659             0.07919381
702034904785.6802             0.006892184
702035881887.1945             0.010749906
702036858988.7087             -0.02937612
702037836090.223              0.09451086
702038813191.7373             0.07251732
702039790293.2516             0.11397693
702040767394.7659             0.09439374
702041744496.2802             -0.003650651
702042721597.7944             -0.025478123
702043698699.3087             0.024700152
702044675800.823              -0.0040928423
702045652902.3373             0.06253375
702046630003.8516             -0.012759794
702047607105.3658             -0.025323883
702048584206.8801             0.065515235
702049561308.3944             0.11176625
702050538409.9087             0.019667955
702051515511.423              0.01585348
702052492612.9373             -0.06707049
702053469714.4515             -0.02447727
702054446815.9658             -0.0721908
702055423917.4801             -0.05107686
702056401018.9944             -0.014461461
702057378120.5087             0.068464436
702058355222.023              0.04160895
702059332323.5372             -0.024833448
702060309425.0515             0.03083412
702061286526.5658             0.022346606
702062263628.0801             0.026017023
702063240729.5942             -0.05111792
702064217831.1085             -0.073989406
702065194932.6228             -0.11430731
702066172034.1371             -0.00874101
702067149135.6514             0.023427803
702068126237.1656             0.0985724
702069103338.6799             -0.012394461
702070080440.1942             -0.032404143
702071057541.7085             -0.010795522
702072034643.2228             0.068950005
702073011744.737              0.14392607
702073988846.2513             0.0039507537
702074965947.7656             0.037291586
702075943049.2799             -0.037154764
702076920150.7942             -0.08656942
702077897252.3085             -0.10117075
702078874353.8228             0.02870416
702079851455.337              0.061070718
702080828556.8513             0.013905023
702081805658.3656             0.00075582595
702082782759.8799             -0.025347328
702083759861.3942             0.043410636
702084736962.9084             0.045876745
702085714064.4227             -0.046282686
702086691165.937              -0.05159087
702087668267.4513             0.029292252
702088645368.9656             0.016284574
702089622470.4799             -0.0012809391
702090599571.9941             0.015489593
702091576673.5084             0.07088914
702092553775.0227             0.05149879
702093530876.537              0.09814124
702094507978.0511             -0.056955583
702095485079.5654             0.011833536
702096462181.0797             -0.06476511
702097439282.594              -0.12981762
702098416384.1083             -0.10631815
702099393485.6226             0.0149269495
702100370587.1368             0.07280188
702101347688.6511             -0.10511702
702102324790.1654             0.040961035
702103301891.6797             0.011592641
702104278993.194              0.024177067
702105256094.7083             -0.014008997
702106233196.2225             -0.04416612
702107210297.7368             0.020759199
702108187399.2511             0.01274191
702109164500.7654             0.096426696
702110141602.2797             0.012350677
702111118703.794              -0.10137414
702112095805.3082             -0.08391422
702113072906.8225             -0.013302393
702114050008.3368             0.038148537
702115027109.8511             0.037786637
702116004211.3654             -0.018036598
702116981312.8796             -0.048334353
702117958414.3939             -0.045715775
702118935515.9082             -0.017136335
702119912617.4225             -0.04319561
702120889718.9368             -0.026730742
702121866820.451              0.01684058
702122843921.9653             0.08816687
702123821023.4796             -0.002424058
702124798124.9939             -0.08826363
702125775226.5082             -0.01701933
702126752328.0223             0.012124715
702127729429.5366             -0.010606269
702128706531.0509             -0.09851234
702129683632.5652             0.030077042
702130660734.0795             -0.009052695
702131637835.5938             -0.014222867
702132614937.108              -0.045214966
702133592038.6223             0.003900893
702134569140.1366             -0.007776504
702135546241.6509             -0.07388833
702136523343.1652             -0.016010817
702137500444.6794             -0.0040801116
702138477546.1937             0.068330206
702139454647.708              0.06574405
702140431749.2223             0.009700929
702141408850.7366             -0.041610636
702142385952.2509             0.060265817
702143363053.7651             -0.0733793
702144340155.2794             -0.12330834
702145317256.7937             -0.081806906
702146294358.308              0.029060535
702147271459.8223             0.024656754
702148248561.3365             -0.0025717572
702149225662.8508             -0.0058683236
702150202764.3651             -0.12150057
702151179865.8794             -0.016558677
702152156967.3937             0.042674564
702153134068.908              0.03381366
702154111170.4222             -0.11146748
702155088271.9365             -0.0041525094
702156065373.4508             -0.022815598
702157042474.9651             -0.10606283
702158019576.4792             -0.023712937
702158996677.9935             0.025064796
702159973779.5078             -0.090285435
702160950881.0221             -0.14051306
702161927982.5364             -0.005175308
702162905084.0507             0.07490329
702163882185.565              0.02714788
702164859287.0792             0.019681154
702165836388.5935             0.030619122
702166813490.1078             0.053698286
702167790591.6221             -0.05340959
702168767693.1364             -0.06433186
702169744794.6506             -0.04488748
702170721896.1649             -0.06539174
702171698997.6792             -0.007622369
702172676099.1935             0.025269808
702173653200.7078             0.0069804564
702174630302.222              -0.011667075
702175607403.7363             -0.011815609
702176584505.2506             -0.05623461
702177561606.7649             -0.093665846
702178538708.2792             0.026929613
702179515809.7935             -0.038543776
702180492911.3077             -0.048165288
702181470012.822              -0.05103005
702182447114.3363             0.009834462
702183424215.8506             -0.11146936
702184401317.3649             -0.017618619
702185378418.8792             -0.003930087
702186355520.3934             -0.07041028
702187332621.9077             -0.077971324
702188309723.422              -0.0042958455
702189286824.9362             -0.008906917
702190263926.4504             0.050758168
702191241027.9647             0.05323302
702192218129.479              -0.018671867
702193195230.9933             -0.008468853
702194172332.5076             0.0024645238
702195149434.0219             -0.04974363
702196126535.5361             -0.06577911
702197103637.0504             -0.02919554
702198080738.5647             -0.036542475
702199057840.079              -0.094618075
702200034941.5933             -0.024041826
702201012043.1075             -0.04881847
702201989144.6218             -0.003544702
702202966246.1361             0.11390545
702203943347.6504             0.056352
702204920449.1647             0.026507407
702205897550.679              0.021400994
702206874652.1932             0.060951874
702207851753.7075             0.00023815686
702208828855.2218             0.0318263
702209805956.7361             0.14090541
702210783058.2504             0.07247463
702211760159.7646             0.0063763717
702212737261.2789             -0.064757876
702213714362.7932             -0.06138605
702214691464.3075             -0.02105445
702215668565.8218             -0.04284349
702216645667.336              0.024302235
702217622768.8503             0.028841073
702218599870.3646             -0.03142214
702219576971.8789             -0.0003716283
702220554073.3931             -0.005417273
702221531174.9073             0.002672273
702222508276.4216             0.022013158
702223485377.9359             0.016182262
702224462479.4502             0.023980973
702225439580.9645             0.039381687
702226416682.4788             -0.0030900608
702227393783.993              0.045239016
702228370885.5073             0.11116108
702229347987.0216             -0.011744483
702230325088.5359             0.0484368
702231302190.0502             0.061535075
702232279291.5645             -0.010280149
702233256393.0787             -0.038403675
702234233494.593              -0.03449403
702235210596.1073             0.034964006
702236187697.6216             -0.047766984
702237164799.1359             -0.03274279
702238141900.6501             -0.060779274
702239119002.1644             -0.17909339
702240096103.6787             -0.074103415
702241073205.193              0.028776456
702242050306.7073             -0.015454323
702243027408.2216             0.1299387
702244004509.7358             0.14063574
702244981611.2501             0.13514292
702245958712.7644             0.008668384
702246935814.2787             -0.0042682895
702247912915.793              0.0042114267
702248890017.3073             -0.027397057
702249867118.8215             -0.050975367
702250844220.3358             0.007089878
702251821321.8501             -0.025860459
702252798423.3643             -0.052949686
702253775524.8785             0.079969786
702254752626.3928             0.1416448
702255729727.9071             0.032829393
702256706829.4214             0.04242326
702257683930.9357             -0.04448515
702258661032.45               -0.08694328
702259638133.9642             -0.04192426
702260615235.4785             -0.025372798
702261592336.9928             0.0006436817
702262569438.5071             0.13121936
702263546540.0214             0.009640649
702264523641.5356             0.0045104856
702265500743.0499             -0.010267349
702266477844.5642             0.010241939
702267454946.0785             0.05559784
702268432047.5928             0.056136597
702269409149.107              -0.04093768
702270386250.6213             0.07134111
702271363352.1356             0.07412556
702272340453.6499             -0.085928105
702273317555.1642             -0.042916726
702274294656.6785             0.0025071034
702275271758.1927             -0.019547908
702276248859.707              0.03338892
702277225961.2213             -0.029131586
702278203062.7356             -0.073017254
702279180164.2499             0.04004974
702280157265.7642             0.008487901
702281134367.2784             -0.003611119
702282111468.7927             0.1908463
702283088570.307              0.0021821205
702284065671.8212             0.009271792
702285042773.3354             -0.017375445
702286019874.8497             -0.026621427
702286996976.364              -0.039439015
702287974077.8783             -0.06740404
702288951179.3926             0.01365854
702289928280.9069             -0.057033118
702290905382.4211             -0.09318735
702291882483.9354             -0.04806933
702292859585.4497             -0.11770721
702293836686.964              -0.11215262
702294813788.4783             -0.008651519
702295790889.9926             -0.013909406
702296767991.5068             0.06799588
702297745093.0211             0.0033601718
702298722194.5354             -0.034410045
702299699296.0497             -0.08356284
702300676397.564              0.02507417
702301653499.0782             0.04566467
702302630600.5925             -0.0517911
702303607702.1068             -0.010794659
702304584803.6211             -0.053553183
702305561905.1354             0.05314884
702306539006.6497             0.024144756
702307516108.164              0.01976904
702308493209.6782             -0.029703293
702309470311.1925             -0.058519192
702310447412.7068             0.01168619
702311424514.2211             0.120655715
702312401615.7354             0.06418164
702313378717.2496             0.049045924
702314355818.7639             0.045041982
702315332920.2781             0.0810558
702316310021.7924             0.091274135
702317287123.3066             0.056654148
702318264224.8209             -0.030115547
702319241326.3352             -0.00493117
702320218427.8495             0.027138753
702321195529.3638             -0.055010833
702322172630.878              -0.12379905
702323149732.3923             0.0031089026
702324126833.9066             0.07359168
702325103935.4209             0.019491158
702326081036.9352             0.055679392
702327058138.4495             0.033147458
702328035239.9637             0.07632963
702329012341.478              -0.0433483
702329989442.9923             -0.07544954
702330966544.5066             -0.051088363
702331943646.0209             -0.0717411
702332920747.5352             -0.027107919
702333897849.0494             0.07356114
702334874950.5637             -0.016661095
702335852052.078              0.0046575996
702336829153.5923             -0.00889829
702337806255.1066             -0.008377954
702338783356.6208             -0.054903958
702339760458.1351             -0.031795148
702340737559.6494             0.08069505
702341714661.1637             0.0538882
702342691762.678              -0.016343487
702343668864.1923             -0.07069146
702344645965.7065             -0.06040614
702345623067.2208             -0.05638078
702346600168.7351             -0.0102398135
702347577270.2493             0.045295276
702348554371.7635             0.11199264
702349531473.2778             0.0155384075
702350508574.7921             -0.026068622
702351485676.3064             0.059266984
702352462777.8207             0.04665239
702353439879.335              0.07516811
702354416980.8492             0.045455202
702355394082.3635             0.06078934
702356371183.8778             0.028340759
702357348285.3921             -0.05248047
702358325386.9064             -0.08872515
702359302488.4207             -0.12079341
702360279589.9349             -0.056717597
702361256691.4492             -0.054770254
702362233792.9635             -0.007472251
702363210894.4778             -0.109845445
702364187995.9921             -0.053808402
702365165097.5063             -0.06195038
702366142199.0206             0.0075845974
702367119300.5349             0.070141874
702368096402.0492             -0.031112392
702369073503.5635             -0.066467315
702370050605.0778             -0.029892037
702371027706.592              0.011511496
702372004808.1063             -0.021099694
702372981909.6206             0.07404045
702373959011.1349             0.024081573
702374936112.6492             -0.06607727
702375913214.1635             0.00960343
702376890315.6777             0.0687216
702377867417.192              0.053882603
702378844518.7062             0.036406413
702379821620.2205             0.06312052
702380798721.7347             -0.010229711
702381775823.249              -0.0734794
702382752924.7633             -0.116735354
702383730026.2776             -0.14583422
702384707127.7919             0.016870676
702385684229.3062             -0.012991824
702386661330.8204             -0.047782306
702387638432.3347             0.012619799
702388615533.849              0.03458348
702389592635.3633             0.10517114
702390569736.8776             0.053114787
702391546838.3918             0.08932611
702392523939.9061             0.026428776
702393501041.4204             0.07834592
702394478142.9347             0.08611789
702395455244.449              -0.02429359
702396432345.9633             0.031007208
702397409447.4775             -0.0007811468
702398386548.9918             0.057019845
702399363650.5061             -0.06314407
702400340752.0204             -0.15304224
702401317853.5347             -0.064917624
702402294955.049              -0.06291674
702403272056.5632             0.038179647
702404249158.0775             0.0004843085
702405226259.5918             0.039115205
702406203361.1061             0.08881306
702407180462.6204             -0.035802457
702408157564.1346             0.013441437
702409134665.6489             0.12223993
702410111767.1631             0.038573463
702411088868.6774             0.07705333
702412065970.1917             0.037903015
702413043071.7059             -0.0019467471
702414020173.2202             -0.026512394
702414997274.7345             -0.13791654
702415974376.2488             -0.045709632
702416951477.7631             -0.05834308
702417928579.2773             -0.012849823
702418905680.7916             -0.044360045
702419882782.3059             -0.005603112
702420859883.8202             -0.025525218
702421836985.3345             0.034578647
702422814086.8488             -0.08264633
702423791188.363              -0.064455174
702424768289.8773             -0.035995085
702425745391.3916             -0.040483654
702426722492.9059             -0.062626824
702427699594.4202             -0.05169224
702428676695.9344             -0.033351943
702429653797.4487             -0.006259618
702430630898.963              -0.084492
702431608000.4773             -0.011531698
702432585101.9916             0.053419583
702433562203.5059             0.023662517
702434539305.0201             0.01964014
702435516406.5344             0.03978647
702436493508.0487             -0.0066643106
702437470609.563              -0.020708263
702438447711.0773             -0.06858628
702439424812.5916             -0.091574095
702440401914.1058             -0.0018987881
702441379015.62               0.118328415
702442356117.1343             0.017834151
702443333218.6486             -0.07463067
702444310320.1628             -0.024984194
702445287421.6771             -0.019825606
702446264523.1914             -0.013284014
702447241624.7057             -0.0037548682
702448218726.22               -0.0832308
702449195827.7343             -0.05829072
702450172929.2485             -0.049951248
702451150030.7628             0.03537637
702452127132.2771             0.008286875
702453104233.7914             -0.05032589
702454081335.3057             -0.003322069
702455058436.82               -0.0047244085
702456035538.3342             -0.017768243
702457012639.8485             0.0011309438
702457989741.3628             -0.013357614
702458966842.8771             -0.0884148
702459943944.3914             -0.04324738
702460921045.9056             0.03188361
702461898147.4199             0.03000378
702462875248.9342             -0.011420068
702463852350.4485             -0.031821534
702464829451.9628             0.05631549
702465806553.477              0.04428493
702466783654.9913             0.04107174
702467760756.5056             0.048528206
702468737858.0199             0.030882489
702469714959.5342             0.040951468
702470692061.0485             -0.0025073134
702471669162.5627             0.11531125
702472646264.077              0.052864958
702473623365.5912             0.06540376
702474600467.1055             0.042193953
702475577568.6198             -0.009163945
702476554670.134              -0.011311919
702477531771.6483             -0.046090256
702478508873.1626             -0.021455666
702479485974.6769             0.016108055
702480463076.1912             -0.053296972
702481440177.7054             -0.07072154
702482417279.2197             0.03646397
702483394380.734              0.040204316
702484371482.2483             0.030746492
702485348583.7626             0.054017883
702486325685.2769             0.02421129
702487302786.7911             -0.042949382
702488279888.3054             0.05812669
702489256989.8197             0.09416427
702490234091.334              -0.0506417
702491211192.8483             0.016021753
702492188294.3625             0.021243945
702493165395.8768             0.028647989
702494142497.3911             -0.038545493
702495119598.9054             -0.011266715
702496096700.4197             0.030408619
702497073801.934              -0.017896866
702498050903.4482             -0.04784987
702499028004.9625             -0.101514824
702500005106.4768             -0.049169518
702500982207.9911             0.013856823
702501959309.5054             -0.042331465
702502936411.0197             0.019865653
702503913512.5339             0.067952126
702504890614.0481             0.009182228
702505867715.5624             0.08960601
702506844817.0767             0.06423286
702507821918.591              0.0509467
702508799020.1052             -0.12169614
702509776121.6195             -0.025889143
702510753223.1338             0.03390441
702511730324.6481             0.0077677015
702512707426.1624             -0.017179657
702513684527.6766             -0.019291252
702514661629.1909             0.018685421
702515638730.7052             0.11734915
702516615832.2195             -0.05695975
702517592933.7338             -0.011268481
702518570035.248              -0.016181821
702519547136.7623             -0.09083654
702520524238.2766             0.093521684
702521501339.7909             0.030130243
702522478441.3052             0.039344206
702523455542.8195             -0.04685435
702524432644.3337             -0.09920523
702525409745.848              0.033003874
702526386847.3623             0.002890366
702527363948.8766             0.04317578
702528341050.3909             -0.009077355
702529318151.9052             -0.05949355
702530295253.4194             0.023916207
702531272354.9337             0.037437227
702532249456.448              -0.029038483
702533226557.9623             0.012472342
702534203659.4766             -0.053933196
702535180760.9908             -0.045279756
702536157862.505              -0.041760586
702537134964.0193             -0.039072808
702538112065.5336             -0.032545738
702539089167.0479             0.063176155
702540066268.5621             0.04199118
702541043370.0764             0.04613017
702542020471.5907             0.0137893725
702542997573.105              -0.039211508
702543974674.6193             -0.0011015941
702544951776.1335             -0.053197842
702545928877.6478             0.03365542
702546905979.1621             -0.039205067
702547883080.6764             0.043170027
702548860182.1907             0.004146243
702549837283.705              -0.0135576315
702550814385.2192             0.06338348
702551791486.7335             0.04703797
702552768588.2478             -0.05297132
702553745689.7621             -0.031795364
702554722791.2764             -0.015609204
702555699892.7906             -0.0868216
702556676994.3049             0.032815512
702557654095.8192             0.030200042
702558631197.3335             0.04514662
702559608298.8478             -0.019772401
702560585400.362              -0.042513702
702561562501.8763             -0.0043217405
702562539603.3906             0.05879317
702563516704.9049             0.092282265
702564493806.4192             0.07767905
702565470907.9335             0.037388917
702566448009.4478             0.011661671
702567425110.9619             -0.0009193568
702568402212.4762             -0.034174804
702569379313.9905             -0.048357792
702570356415.5048             -0.03514472
702571333517.019              -0.058636088
702572310618.5333             0.05719769
702573287720.0476             0.054239187
702574264821.5619             0.065087125
702575241923.0762             -0.0025130447
702576219024.5905             0.030700162
702577196126.1047             0.018983958
702578173227.619              -0.01858315
702579150329.1333             -0.063991
702580127430.6476             -0.08041232
702581104532.1619             -0.06386819
702582081633.6761             -0.008769415
702583058735.1904             -0.041755866
702584035836.7047             -0.0662638
702585012938.219              0.023837391
702585990039.7333             -0.029392127
702586967141.2476             0.027797785
702587944242.7618             0.00017572663
702588921344.2761             -0.07397123
702589898445.7904             -0.049539365
702590875547.3047             -0.04089425
702591852648.819              0.09410593
702592829750.3333             0.045148768
702593806851.8475             0.0052898014
702594783953.3618             0.010340778
702595761054.8761             -0.05175708
702596738156.3904             -0.055159625
702597715257.9047             -0.10841915
702598692359.419              -0.052826907
702599669460.9331             -0.00812675
702600646562.4474             -0.041735936
702601623663.9617             -0.05697201
702602600765.476              -0.078680955
702603577866.9902             -0.05055345
702604554968.5045             -0.032064646
702605532070.0188             -0.07760086
702606509171.5331             0.032878492
702607486273.0474             -0.005078341
702608463374.5616             -0.07894661
702609440476.0759             -0.0052957097
702610417577.5902             0.03309705
702611394679.1045             -0.07279681
702612371780.6188             -0.017417576
702613348882.133              0.048445616
702614325983.6473             0.024873817
702615303085.1616             0.099676244
702616280186.6759             -0.006378237
702617257288.1902             -0.010847597
702618234389.7045             0.10930569
702619211491.2188             0.09000098
702620188592.733              -0.062144496
702621165694.2473             -0.0521798
702622142795.7616             -0.017219149
702623119897.2759             -0.028288648
702624096998.7902             0.014255519
702625074100.3044             -0.06843303
702626051201.8187             -0.032737408
702627028303.333              0.020837154
702628005404.8473             0.042739198
702628982506.3616             0.04725137
702629959607.8759             0.09193773
702630936709.39               0.093373634
702631913810.9043             -0.0008931727
702632890912.4186             -0.00851864
702633868013.9329             0.014348984
702634845115.4471             -0.042252157
702635822216.9614             -0.06982467
702636799318.4757             -0.019580629
702637776419.99               0.14597534
702638753521.5043             -0.013044628
702639730623.0186             -0.04379683
702640707724.5328             -0.06870206
702641684826.0471             0.029530536
702642661927.5614             -0.019013695
702643639029.0757             0.024192143
702644616130.59               -0.008746831
702645593232.1042             0.018503245
702646570333.6185             -0.08124749
702647547435.1328             -0.0854793
702648524536.6471             -0.017187754
702649501638.1614             -0.098037235
702650478739.6757             0.009411018
702651455841.19               0.063219845
702652432942.7042             0.15418142
702653410044.2185             0.03653443
702654387145.7328             -0.03372573
702655364247.2471             0.046202242
702656341348.7614             0.07467738
702657318450.2756             0.08407143
702658295551.7899             0.0037165084
702659272653.3042             0.04614621
702660249754.8185             -0.028626168
702661226856.3328             -0.0014542793
702662203957.8469             0.031067042
702663181059.3612             -0.017734908
702664158160.8755             -0.08630527
702665135262.3898             -0.018961912
702666112363.904              -0.032763578
702667089465.4183             -0.0058572288
702668066566.9326             0.059241895
702669043668.4469             -0.041889735
702670020769.9612             -0.10292177
702670997871.4755             -0.045646038
702671974972.9897             -0.015090937
702672952074.504              0.102372
702673929176.0183             0.09610639
702674906277.5326             -0.05373503
702675883379.0469             0.010250607
702676860480.5612             0.055818163
702677837582.0754             0.007849229
702678814683.5897             -0.033866152
702679791785.104              -0.0011557253
702680768886.6183             -0.021517904
702681745988.1326             -0.019175822
702682723089.6469             0.10756532
702683700191.1611             0.1335156
702684677292.6754             0.039380487
702685654394.1897             0.016007794
702686631495.704              -0.023961006
702687608597.2183             -0.07619609
702688585698.7325             0.027734596
702689562800.2468             0.12893091
702690539901.7611             0.06527858
702691517003.2754             -0.029883364
702692494104.7897             -0.040460948
702693471206.304              0.013701778
702694448307.8181             0.06770815
702695425409.3324             0.098722465
702696402510.8467             0.04423142
702697379612.361              -0.083172314
702698356713.8752             -0.0134107815
702699333815.3895             -0.08830991
702700310916.9038             -0.039224245
702701288018.4181             -0.009851972
702702265119.9324             -0.02768706
702703242221.4467             -0.07737224
702704219322.9609             -0.08997429
702705196424.4752             -0.00864102
702706173525.9895             -0.015466581
702707150627.5038             0.01442207
702708127729.0181             0.02617722
702709104830.5323             -0.010491479
702710081932.0466             0.05905298
702711059033.5609             0.06562427
702712036135.0752             -0.007123848
702713013236.5895             0.00879842
702713990338.1038             0.030077219
702714967439.618              0.011429927
702715944541.1323             -0.090139225
702716921642.6466             0.033614345
702717898744.1609             0.0005105012
702718875845.6752             -0.009415237
702719852947.1895             0.02287725
702720830048.7037             0.015310715
702721807150.218              0.028375117
702722784251.7323             0.0063516316
702723761353.2466             0.06926235
702724738454.7609             0.07506546
702725715556.275              0.012494894
702726692657.7893             0.06571564
702727669759.3036             -0.009182469
702728646860.8179             -0.03793352
702729623962.3322             -0.040568843
702730601063.8464             -0.06362701
702731578165.3607             0.012654216
702732555266.875              0.046050332
702733532368.3893             0.08562256
702734509469.9036             0.016044011
702735486571.4178             -0.021963894
702736463672.9321             -0.0113683045
702737440774.4464             -0.054978948
702738417875.9607             0.061831333
702739394977.475              -0.045649134
702740372078.9893             -0.11922748
702741349180.5035             -0.08623704
702742326282.0178             -0.004983289
702743303383.5321             -0.053653218
702744280485.0464             -0.017339949
702745257586.5607             0.022558197
702746234688.075              0.037365027
702747211789.5892             0.09843312
702748188891.1035             0.015127359
702749165992.6178             0.04378873
702750143094.1321             0.036963586
702751120195.6464             0.08030077
702752097297.1606             0.029312203
702753074398.6749             0.047880042
702754051500.1892             0.020231476
702755028601.7035             -0.031877346
702756005703.2178             0.054723687
702756982804.7319             0.011398668
702757959906.2462             -0.01318663
702758937007.7605             0.024379674
702759914109.2748             -0.005161252
702760891210.7891             0.020612575
702761868312.3033             -0.08886753
702762845413.8176             0.002669617
702763822515.3319             0.09360649
702764799616.8462             0.050469555
702765776718.3605             -0.0033728462
702766753819.8748             0.02598378
702767730921.389              0.025295047
702768708022.9033             -0.021435963
702769685124.4176             0.0030056245
702770662225.9319             -0.094357945
702771639327.4462             -0.055111874
702772616428.9604             0.04715653
702773593530.4747             0.016547153
702774570631.989              0.035304826
702775547733.5033             -0.07365217
702776524835.0176             0.008989153
702777501936.5319             0.017772317
702778479038.0461             0.014172027
702779456139.5604             -0.03271898
702780433241.0747             -0.012351811
702781410342.589              -0.040725067
702782387444.1033             -0.016419478
702783364545.6176             -0.020686796
702784341647.1318             0.035405803
702785318748.6461             -0.014504028
702786295850.1604             -0.057220418
702787272951.6747             -0.043547917
702788250053.1888             -0.07220757
702789227154.7031             -0.029841386
702790204256.2174             0.025839813
702791181357.7317             -0.034833755
702792158459.246              -0.018675895
702793135560.7603             0.06568386
702794112662.2745             0.011225225
702795089763.7888             0.06287834
702796066865.3031             0.020642279
702797043966.8174             0.0043016416
702798021068.3317             -0.12306517
702798998169.846              -0.06614635
702799975271.3602             0.043656513
702800952372.8745             0.041219447
702801929474.3888             0.029115776
702802906575.9031             -0.034488976
702803883677.4174             0.035877816
702804860778.9316             0.1617639
702805837880.4459             0.16780739
702806814981.9602             0.07157889
702807792083.4745             -0.016840141
702808769184.9888             -0.09639808
702809746286.503              0.003757462
702810723388.0173             0.01730812
702811700489.5316             -0.015903126
702812677591.0459             0.079173855
702813654692.5602             0.03816702
702814631794.0745             -0.054399792
702815608895.5887             -0.007890525
702816585997.103              0.052635778
702817563098.6173             -0.044386204
702818540200.1316             -0.00027222067
702819517301.6459             0.003020255
702820494403.16               -0.020479674
702821471504.6743             0.019772595
702822448606.1886             -0.006462684
702823425707.7029             -0.11226984
702824402809.2172             -0.06362254
702825379910.7314             0.023645537
702826357012.2457             0.056104243
702827334113.76               0.03516073
702828311215.2743             0.050491463
702829288316.7886             0.0818456
702830265418.3029             0.09108793
702831242519.8171             0.058197036
702832219621.3314             0.02314287
702833196722.8457             -0.0055762795
702834173824.36               -0.06113943
702835150925.8743             -0.0018078058
702836128027.3885             -0.036397584
702837105128.9028             -0.03768678
702838082230.4171             0.021732239
702839059331.9314             0.017752858
702840036433.4457             8.951238e-05
702841013534.96               0.04075714
702841990636.4742             0.043764114
702842967737.9885             0.06790706
702843944839.5028             -0.048516713
702844921941.0171             -0.03905023
702845899042.5314             0.030201863
702846876144.0457             0.032232646
702847853245.5599             -0.028172027
702848830347.0742             0.0039781244
702849807448.5885             0.08595819
702850784550.1028             0.031722397
702851761651.617              0.010063795
702852738753.1312             -0.056351617
702853715854.6455             0.0023854808
702854692956.1598             -0.04396052
702855670057.6741             0.021352718
702856647159.1884             -0.01808029
702857624260.7026             -0.020227313
702858601362.2169             -0.013937355
702859578463.7312             0.11425144
702860555565.2455             0.13872284
702861532666.7598             0.11875306
702862509768.274              0.04819114
702863486869.7883             0.0009971457
702864463971.3026             0.06537404
702865441072.8169             0.06289544
702866418174.3312             0.032866806
702867395275.8455             -0.0744478
702868372377.3597             -0.019516319
702869349478.874              0.072269894
702870326580.3883             0.11954403
702871303681.9026             0.072990485
702872280783.4169             -0.09342929
702873257884.9312             -0.09239333
702874234986.4454             -0.03955902
702875212087.9597             0.09579274
702876189189.474              0.08285641
702877166290.9883             -0.013954793
702878143392.5026             0.0021036444
702879120494.0168             0.023914848
702880097595.5311             0.009547274
702881074697.0454             -0.0041513424
702882051798.5597             -0.026460754
702883028900.0739             -0.016996669
702884006001.5881             -0.004371658
702884983103.1024             -0.05273443
702885960204.6167             0.009844053
702886937306.131              0.049370747
702887914407.6453             0.05093527
702888891509.1595             -0.032149516
702889868610.6738             -0.12356925
702890845712.1881             -0.052385736
702891822813.7024             0.059718028
702892799915.2167             0.078939825
702893777016.731              0.08708111
702894754118.2452             -0.011576511
702895731219.7595             -0.009284401
702896708321.2738             -0.031520113
702897685422.7881             -0.0072686034
702898662524.3024             -0.020381507
702899639625.8167             -0.026646528
702900616727.3309             -0.046160236
702901593828.8452             0.062292248
702902570930.3595             -0.0134946
702903548031.8738             0.004604102
702904525133.3881             -0.023140522
702905502234.9023             -0.0147697665
702906479336.4166             0.11098788
702907456437.9309             -0.017616693
702908433539.4452             -0.08575415
702909410640.9595             -0.0098054325
702910387742.4738             0.0068050916
702911364843.988              0.015205867
702912341945.5023             0.0107247755
702913319047.0166             -0.0037555664
702914296148.5308             -0.02958209
702915273250.045              -0.044897974
702916250351.5593             0.042432167
702917227453.0736             0.05015245
702918204554.5879             -0.042566225
702919181656.1022             -0.011338183
702920158757.6165             -0.03365682
702921135859.1307             -0.07337769
702922112960.645              0.02816479
702923090062.1593             0.057646178
702924067163.6736             0.084299825
702925044265.1879             0.010834732
702926021366.7021             0.06796212
702926998468.2164             0.006580526
702927975569.7307             0.0023992127
702928952671.245              0.04808752
702929929772.7593             -0.02507083
702930906874.2736             -0.08293419
702931883975.7878             -0.08710151
702932861077.3021             -0.08027806
702933838178.8164             0.036857933
702934815280.3307             0.057914197
702935792381.845              -0.11767912
702936769483.3593             -0.052374236
702937746584.8735             -0.036545895
702938723686.3878             -0.020448571
702939700787.9021             -0.05823117
702940677889.4164             -0.068759896
702941654990.9307             -0.058862314
702942632092.445              -0.048571914
702943609193.9592             -0.04590573
702944586295.4735             -0.082802765
702945563396.9878             0.021238297
702946540498.502              0.0433212
702947517600.0162             -0.019385127
702948494701.5305             -0.06498247
702949471803.0448             -0.062846154
702950448904.5591             -0.057861924
702951426006.0734             -0.0009904181
702952403107.5876             0.05615754
702953380209.1019             0.14787035
702954357310.6162             0.048780616
702955334412.1305             0.04814502
702956311513.6448             0.048464585
702957288615.159              -0.03988365
702958265716.6733             -0.055492774
702959242818.1876             0.03420173
702960219919.7019             -0.04066219
702961197021.2162             -0.040992107
702962174122.7305             -0.03795451
702963151224.2448             -0.08128605
702964128325.759              -0.03452697
702965105427.2733             -0.025114989
702966082528.7876             0.05243808
702967059630.3019             -0.008145633
702968036731.8162             0.07785315
702969013833.3304             0.1418838
702969990934.8447             0.08638524
702970968036.359              0.06944947
702971945137.8733             -0.009443054
702972922239.3876             -0.050998934
702973899340.9019             -0.055281155
702974876442.4161             0.03011954
702975853543.9304             -0.0009789537
702976830645.4447             0.058558438
702977807746.9589             0.14457744
702978784848.4731             0.15133005
702979761949.9874             0.06688922
702980739051.5017             -0.03579142
702981716153.016              -0.056832343
702982693254.5303             -0.038398236
702983670356.0446             -0.041655608
702984647457.5588             -0.0022188784
702985624559.0731             -0.059234355
702986601660.5874             -0.029192943
702987578762.1017             -0.081718236
702988555863.616              0.053177506
702989532965.1302             -0.018265372
702990510066.6445             0.03056872
702991487168.1588             0.16341434
702992464269.6731             0.15741739
702993441371.1874             0.00075711234
702994418472.7017             -0.02734339
702995395574.216              0.017682157
702996372675.7302             0.0135917775
702997349777.2445             0.020790948
702998326878.7588             -0.03913935
702999303980.2731             -0.0033267913
703000281081.7874             0.039535746
703001258183.3016             -0.054736465
703002235284.8159             -0.0022414802
703003212386.3302             0.10377835
703004189487.8445             0.086268805
703005166589.3588             0.0134985
703006143690.873              0.020157563
703007120792.3873             0.009178875
703008097893.9016             -0.07052711
703009074995.4158             -0.08586215
703010052096.93               -0.054711226
703011029198.4443             -0.06957151
703012006299.9586             -0.047212396
703012983401.4729             0.13553241
703013960502.9872             0.08235805
703014937604.5015             0.014316407
703015914706.0157             0.047406208
703016891807.53               0.046485625
703017868909.0443             -0.010096905
703018846010.5586             -0.01373697
703019823112.0729             0.0069229226
703020800213.5872             0.009165235
703021777315.1014             -0.052563764
703022754416.6157             0.058768574
703023731518.13               -0.020372055
703024708619.6443             -0.06400162
703025685721.1586             -0.043173205
703026662822.6729             -0.051858608
703027639924.1871             -0.02888083
703028617025.7014             0.08503958
703029594127.2157             -0.0038477322
703030571228.73               -0.0055541806
703031548330.2443             -0.02126436
703032525431.7585             -0.03154798
703033502533.2728             -0.04320048
703034479634.7871             0.04812919
703035456736.3014             0.028200716
703036433837.8157             -0.06263896
703037410939.33               -0.029982807
703038388040.8442             0.019659525
703039365142.3585             0.08534338
703040342243.8728             0.038216937
703041319345.387              -0.10649434
703042296446.9012             -0.17585659
703043273548.4155             -0.086287566
703044250649.9298             -0.028893486
703045227751.4441             -0.07059183
703046204852.9584             -0.103074946
703047181954.4727             0.06632523
703048159055.9869             0.11062024
703049136157.5012             0.112251125
703050113259.0155             0.072711326
703051090360.5298             0.09279681
703052067462.0441             0.102259636
703053044563.5583             0.066755444
703054021665.0726             0.035727788
703054998766.5869             -0.017402872
703055975868.1012             -0.041816637
703056952969.6155             0.023318436
703057930071.1298             -0.07944577
703058907172.644              -0.055233475
703059884274.1583             0.00083792314
703060861375.6726             0.053151667
703061838477.1869             0.045278218
703062815578.7012             0.047922753
703063792680.2155             0.06743053
703064769781.7297             0.0471043
703065746883.244              0.059581958
703066723984.7583             -0.045636415
703067701086.2726             0.022441104
703068678187.7869             0.010554457
703069655289.3011             -0.0072959154
703070632390.8154             -0.0513937
703071609492.3297             0.004845764
703072586593.8439             -0.099285044
703073563695.3582             -0.07221493
703074540796.8724             -0.09223453
703075517898.3867             -0.0118139675
703076494999.901              0.04169008
703077472101.4153             0.08659789
703078449202.9296             0.03485635
703079426304.4438             0.032018922
703080403405.9581             0.06652326
703081380507.4724             0.043591212
703082357608.9867             0.040151395
703083334710.501              0.057257652
703084311812.0153             0.029095707
703085288913.5295             0.023771677
703086266015.0438             0.048985507
703087243116.5581             0.05096161
703088220218.0724             -0.038247984
703089197319.5867             -0.049392115
703090174421.101              -0.0051353336
703091151522.6152             -0.048341386
703092128624.1295             0.0087733995
703093105725.6438             -0.025879864
703094082827.1581             -0.08140382
703095059928.6724             -0.06210172
703096037030.1866             -0.109202124
703097014131.7009             -0.018388195
703097991233.2152             -0.012155971
703098968334.7295             0.0059655486
703099945436.2438             -0.054139346
703100922537.758              -0.099175386
703101899639.2723             0.09167358
703102876740.7866             0.041276693
703103853842.3008             -0.038572427
703104830943.8151             0.007151258
703105808045.3293             0.075259045
703106785146.8436             -0.08607613
703107762248.3579             -0.056766037
703108739349.8722             0.022640262
703109716451.3865             -0.042579014
703110693552.9008             0.026134534
703111670654.415              0.0047722957
703112647755.9293             -0.036771122
703113624857.4436             -0.05570812
703114601958.9579             -0.06777407
703115579060.4722             -0.022123206
703116556161.9865             0.033309024
703117533263.5007             -0.0046726274
703118510365.015              0.042270493
703119487466.5293             0.05300718
703120464568.0436             -0.0055745137
703121441669.5579             0.038509715
703122418771.0721             0.024675485
703123395872.5864             0.016728371
703124372974.1007             0.005050113
703125350075.615              0.075127125
703126327177.1293             0.03449749
703127304278.6436             -0.046062242
703128281380.1578             -0.018276956
703129258481.6721             -0.03889073
703130235583.1864             0.0026849345
703131212684.7007             -0.023120504
703132189786.215              -0.079225674
703133166887.7292             -0.021491226
703134143989.2435             -0.025260774
703135121090.7577             -0.0241335
703136098192.272              0.02377086
703137075293.7863             0.0029351662
703138052395.3005             0.046758786
703139029496.8148             0.008293778
703140006598.3291             -0.106465176
703140983699.8434             -0.023035754
703141960801.3577             -0.07173133
703142937902.872              -0.024858873
703143915004.3862             0.06795086
703144892105.9005             0.046882987
703145869207.4148             -0.0051659225
703146846308.9291             0.037350047
703147823410.4434             -0.038566396
703148800511.9576             -0.022346338
703149777613.4719             -0.053418186
703150754714.9862             -0.012732059
712833094173.0                -0.09490432
712834071275.284              -0.0123586
712835048377.5681             0.045121856
712836025479.8522             -0.00085207995
712837002582.1362             -0.022273833
712837979684.4204             0.09600679
712838956786.7045             -0.017055461
712839933888.9885             -0.11720044
712840910991.2726             -0.17189571
712841888093.5566             -0.039425734
712842865195.8407             0.0023873376
712843842298.1248             -0.03376067
712844819400.4088             -0.023815885
712845796502.6929             0.15635832
712846773604.9769             0.037945993
712847750707.2611             0.041949905
712848727809.5452             -0.18310596
712849704911.8292             -0.06831726
712850682014.1133             0.012123177
712851659116.3973             0.124055766
712852636218.6814             0.082980104
712853613320.9655             0.03775294
712854590423.2495             -0.07683783
712855567525.5336             -0.16299336
712856544627.8177             -0.048255973
712857521730.1018             -0.06547094
712858498832.3859             0.10450929
712859475934.6699             0.10456953
712860453036.954              -0.003712535
712861430139.238              -0.015194402
712862407241.5221             0.071707614
712863384343.8062             0.068471864
712864361446.0902             0.085706644
712865338548.3743             0.22479887
712866315650.6584             0.04505457
712867292752.9425             0.0008961236
712868269855.2266             0.015398327
712869246957.5106             -0.06540331
712870224059.7947             -0.057663005
712871201162.0787             0.083145015
712872178264.3628             -0.122183844
712873155366.6469             0.015104351
712874132468.9309             0.13331166
712875109571.2151             -0.15741113
712876086673.4991             -0.070761345
712877063775.7832             -0.100359425
712878040878.0673             -0.13829574
712879017980.3513             -0.037153386
712879995082.6354             -0.113117196
712880972184.9194             0.0802149
712881949287.2035             0.033673562
712882926389.4875             0.1595707
712883903491.7716             -0.091293454
712884880594.0558             -0.1396244
712885857696.3398             -0.12812108
712886834798.6239             0.013129367
712887811900.908              0.1269533
712888789003.192              -0.04258387
712889766105.4761             0.0019467853
712890743207.7601             -0.049678653
712891720310.0442             -0.048183996
712892697412.3282             -0.061322577
712893674514.6124             -0.04737631
712894651616.8965             0.07928113
712895628719.1805             -0.02216301
712896605821.4646             -0.33137682
712897582923.7487             0.0864999
712898560026.0327             0.15814368
712899537128.3168             0.07835475
712900514230.6008             -0.17847818
712901491332.8849             -0.16450387
712902468435.169              0.049059704
712903445537.4531             -0.11218166
712904422639.7372             -0.013070994
712905399742.0212             0.11678371
712906376844.3053             0.029602995
712907353946.5894             -0.03786071
712908331048.8734             -0.038992845
712909308151.1575             -0.07576366
712910285253.4415             -0.018703107
712911262355.7256             -0.111775175
712912239458.0098             -0.09923035
712913216560.2938             -0.11067371
712914193662.5779             -0.07840618
712915170764.8619             0.07420896
712916147867.146              0.047948956
712917124969.43               0.04924108
712918102071.7141             -0.10497573
712919079173.9982             -0.05964675
712920056276.2822             0.05523563
712921033378.5663             -0.100525424
712922010480.8505             -0.034575928
712922987583.1345             0.033456855
712923964685.4186             0.08503428
712924941787.7026             0.053868614
712925918889.9867             0.09475141
712926895992.2708             -0.030922383
712927873094.5548             -0.05265366
712928850196.8389             0.039750066
712929827299.1229             -0.02610719
712930804401.4071             0.0048900475
712931781503.6912             -0.0028322886
712932758605.9752             -0.09325726
712933735708.2593             -0.0021403444
712934712810.5433             -0.025541475
712935689912.8274             0.047544077
712936667015.1115             0.025107482
712937644117.3955             -0.042134605
712938621219.6796             -0.08714959
712939598321.9636             0.037637718
712940575424.2478             -1.133953e-05
712941552526.5319             -0.0025614707
712942529628.8159             0.06659628
712943506731.1                -0.01623175
712944483833.384              -0.004389043
712945460935.6681             0.07282406
712946438037.9521             -0.11655812
712947415140.2362             -0.1314068
712948392242.5203             -0.26768038
712949369344.8044             -0.08813863
712950346447.0885             0.07862907
712951323549.3726             -0.06656744
712952300651.6566             0.10814253
712953277753.9407             0.05839758
712954254856.2247             -0.06520527
712955231958.5088             -0.034902398
712956209060.7928             -0.03600287
712957186163.0769             -0.039979234
712958163265.361              -0.1222233
712959140367.6451             -0.03654834
712960117469.9292             0.11233829
712961094572.2133             -0.019593416
712962071674.4973             -0.11122106
712963048776.7814             -0.10142998
712964025879.0654             -0.10934815
712965002981.3495             -0.16235659
712965980083.6335             -0.108656645
712966957185.9176             -0.042575143
712967934288.2018             -0.017901542
712968911390.4858             -0.008540494
712969888492.7699             -0.14024189
712970865595.054              -0.0027728102
712971842697.338              -0.044648845
712972819799.6221             0.05418112
712973796901.9061             0.07393967
712974774004.1902             0.081867576
712975751106.4742             0.11637157
712976728208.7583             0.016096985
712977705311.0425             0.04658747
712978682413.3265             0.0019891278
712979659515.6106             -0.09076629
712980636617.8947             -0.026146617
712981613720.1787             -0.044748165
712982590822.4628             -0.15520586
712983567924.7468             -0.059408464
712984545027.0309             0.1052996
712985522129.315              0.0847187
712986499231.5991             0.17755698
712987476333.8832             -0.024890093
712988453436.1672             -0.09419107
712989430538.4513             -0.18213291
712990407640.7354             -0.06764881
712991384743.0194             -0.12209599
712992361845.3035             -0.107317545
712993338947.5875             0.070544586
712994316049.8716             -0.028348185
712995293152.1556             -0.0842068
712996270254.4398             -0.10535988
712997247356.7239             -0.024754561
712998224459.0079             -0.026835999
712999201561.292              0.057342254
713000178663.576              0.05873123
713001155765.8601             -0.039020218
713002132868.1442             -0.10065697
713003109970.4282             -0.004677194
713004087072.7123             0.0077592577
713005064174.9963             -0.090887584
713006041277.2805             -0.03841675
713007018379.5646             0.0070624454
713007995481.8486             0.0015588951
713008972584.1327             0.049092818
713009949686.4167             -0.011358779
713010926788.7008             0.035747215
713011903890.9849             0.105101705
713012880993.2689             0.043163918
713013858095.553              0.17145078
713014835197.8372             -0.07311705
713015812300.1212             -0.0060186107
713016789402.4053             -0.032621067
713017766504.6893             0.003842089
713018743606.9734             0.16478622
713019720709.2574             -0.06978152
713020697811.5415             0.05233341
713021674913.8256             0.06255638
713022652016.1096             -0.065260746
713023629118.3937             -0.0049036876
713024606220.6779             -0.069679566
713025583322.9619             0.018079558
713026560425.246              -0.044048082
713027537527.53               0.030751191
713028514629.8141             -0.084671155
713029491732.0981             -0.14805032
713030468834.3822             -0.13817403
713031445936.6663             0.043429118
713032423038.9503             0.14534938
713033400141.2345             -0.10162352
713034377243.5186             0.050544515
713035354345.8026             0.17354658
713036331448.0867             0.20283051
713037308550.3707             0.07650392
713038285652.6548             -0.046369955
713039262754.9388             0.06865175
713040239857.2229             0.12467499
713041216959.507              -0.05547303
713042194061.791              -0.15960656
713043171164.0752             -0.044967316
713044148266.3593             0.13608003
713045125368.6433             0.13552283
713046102470.9274             -0.115329415
713047079573.2114             -0.06337259
713048056675.4955             -0.054749228
713049033777.7795             0.06755521
713050010880.0636             0.10112585
713050987982.3477             -0.048181374
713051965084.6318             0.051812753
713052942186.9159             -0.103778586
713053919289.2                9.260337e-05
713054896391.484              0.048037615
713055873493.7681             0.03971003
713056850596.0521             -0.03812219
713057827698.3362             0.04446481
713058804800.6202             0.009132765
713059781902.9043             0.092866786
713060759005.1884             -0.1617794
713061736107.4725             -0.15591146
713062713209.7566             -0.04500228
713063690312.0406             0.05547192
713064667414.3247             -0.12714559
713065644516.6088             -0.008128353
713066621618.8928             0.053551976
713067598721.1769             0.04045792
713068575823.4609             0.0024427096
713069552925.745              0.10907824
713070530028.0292             0.1251129
713071507130.3132             -0.007998024
713072484232.5973             0.12506293
713073461334.8813             0.043151826
713074438437.1654             0.035895944
713075415539.4495             -0.12925982
713076392641.7335             0.08112205
713077369744.0176             0.10427639
713078346846.3016             0.02241845
713079323948.5857             0.09606218
713080301050.8699             0.08148037
713081278153.1539             0.14052372
713082255255.438              0.14322853
713083232357.722              0.007880992
713084209460.0061             0.08259475
713085186562.2902             0.010887147
713086163664.5742             -0.033893783
713087140766.8583             -0.010776891
713088117869.1423             -0.024042811
713089094971.4265             -0.0013719272
713090072073.7106             0.07071888
713091049175.9946             0.06358957
713092026278.2787             -0.09327939
713093003380.5627             -0.09212275
713093980482.8468             -0.05589556
713094957585.1309             0.054782473
713095934687.4149             -0.04132586
713096911789.699              -0.055585496
713097888891.983              0.19556186
713098865994.2672             0.004446603
713099843096.5513             -0.03763052
713100820198.8353             -0.007673632
713101797301.1194             0.076699115
713102774403.4034             0.12809806
713103751505.6875             0.04502579
713104728607.9716             0.0033847322
713105705710.2556             -0.10233526
713106682812.5397             -0.0030169757
713107659914.8239             -0.092086226
713108637017.1079             0.04085071
713109614119.392              -0.0042114197
713110591221.676              -0.09823831
713111568323.9601             -0.101449035
713112545426.2441             -0.07404192
713113522528.5282             0.074562706
713114499630.8123             0.047336884
713115476733.0963             0.078143194
713116453835.3804             -0.119263075
713117430937.6646             -0.10051025
713118408039.9486             -0.13575251
713119385142.2327             -0.22410722
713120362244.5167             -0.065175556
713121339346.8008             0.022957904
713122316449.0848             0.07427667
713123293551.3689             0.16623928
713124270653.653              0.07675961
713125247755.937              0.010926158
713126224858.2212             -0.082458295
713127201960.5052             0.15686727
713128179062.7893             0.14774393
713129156165.0734             0.07870185
713130133267.3574             -0.03476108
713131110369.6415             0.1382755
713132087471.9255             0.049456574
713133064574.2096             0.004940435
713134041676.4937             0.06375831
713135018778.7777             -0.08853724
713135995881.0619             0.10410107
713136972983.346              -0.047308456
713137950085.63               -0.101036884
713138927187.9141             -0.0041911122
713139904290.1981             0.024993682
713140881392.4822             -0.030401513
713141858494.7662             0.021415362
713142835597.0503             -0.12777753
713143812699.3344             -0.042057563
713144789801.6185             -0.006214364
713145766903.9026             -0.03713346
713146744006.1866             -0.06790098
713147721108.4707             0.12009262
713148698210.7548             0.23693988
713149675313.0388             0.16584459
713150652415.3229             -0.1448254
713151629517.6069             -0.18446559
713152606619.891              -0.122613735
713153583722.175              -0.16895823
713154560824.4592             -0.1045635
713155537926.7433             0.006662281
713156515029.0273             -0.006115067
713157492131.3114             0.10136629
713158469233.5955             -0.014897137
713159446335.8795             -0.079791404
713160423438.1636             -0.0330479
713161400540.4476             0.18938737
713162377642.7317             -0.20932108
713163354745.0159             -0.27112624
713164331847.2999             -0.063179694
713165308949.584              -0.07354329
713166286051.868              -0.011634461
713167263154.1521             -0.09521328
713168240256.4362             0.014920928
713169217358.7202             0.084913746
713170194461.0043             0.011994428
713171171563.2883             0.097110346
713172148665.5724             -0.04403618
713173125767.8566             0.09228523
713174102870.1406             0.158266
713175079972.4247             0.15347482
713176057074.7087             0.0016953424
713177034176.9928             0.01618901
713178011279.2769             0.113640204
713178988381.5609             0.06192032
713179965483.845              0.15643731
713180942586.129              0.19328082
713181919688.4132             -0.08737084
713182896790.6973             -0.04916764
713183873892.9813             0.06341624
713184850995.2654             0.09891759
713185828097.5494             -0.11630531
713186805199.8335             -0.08739407
713187782302.1176             0.0114941355
713188759404.4016             0.043511607
713189736506.6857             -0.02182186
713190713608.9697             -0.045236647
713191690711.2539             0.020130368
713192667813.538              -0.013061468
713193644915.822              0.047669567
713194622018.1061             0.18184133
713195599120.3901             0.12384677
713196576222.6742             -0.001279764
713197553324.9583             0.009577927
713198530427.2423             0.028370986
713199507529.5264             0.023594901
713200484631.8105             0.0029270458
713201461734.0946             0.10808601
713202438836.3787             0.16272363
713203415938.6627             0.014784361
713204393040.9468             -0.12755902
713205370143.2308             0.024468167
713206347245.5149             -0.03302079
713207324347.799              -0.055609588
713208301450.083              0.11919652
713209278552.3671             0.049496926
713210255654.6512             -0.17285459
713211232756.9353             -0.15757944
713212209859.2194             0.06665799
713213186961.5034             0.14081103
713214164063.7875             0.1009987
713215141166.0715             0.08707083
713216118268.3556             0.09595382
713217095370.6396             0.23420905
713218072472.9237             0.004605414
713219049575.2079             0.022549015
713220026677.492              0.08719676
713221003779.776              0.023360083
713221980882.06               -0.13048677
713222957984.3441             0.012700126
713223935086.6282             0.030314678
713224912188.9122             0.022122659
713225889291.1963             0.019567823
713226866393.4803             0.061478823
713227843495.7644             -0.117472194
713228820598.0486             -0.14319846
713229797700.3326             0.0863245
713230774802.6167             0.055806592
713231751904.9008             -0.035051133
713232729007.1848             0.024028562
713233706109.4689             -0.04782932
713234683211.7529             -0.09681009
713235660314.037              -0.06938107
713236637416.321              -0.15108715
713237614518.6052             -0.11093104
713238591620.8893             -0.049159568
713239568723.1733             0.053621165
713240545825.4574             0.060864564
713241522927.7415             0.004198882
713242500030.0255             0.06335081
713243477132.3096             0.05261215
713244454234.5936             0.004492303
713245431336.8777             -0.05959281
713246408439.1617             -0.023892965
713247385541.4459             -0.27879462
713248362643.73               -0.0770679
713249339746.014              -0.05284987
713250316848.2981             -0.023125438
713251293950.5822             -0.0080738645
713252271052.8662             0.1182456
713253248155.1503             -0.048808776
713254225257.4343             0.017204663
713255202359.7184             0.16198875
713256179462.0026             -0.0712967
713257156564.2866             -0.019381026
713258133666.5707             -0.1869651
713259110768.8547             -0.086381376
713260087871.1388             0.019567255
713261064973.4229             -0.009263103
713262042075.7069             -0.09270022
713263019177.991              0.069217704
713263996280.275              0.068134576
713264973382.5591             0.002811819
713265950484.8433             -0.11015773
713266927587.1273             -0.0023316736
713267904689.4114             -0.21799727
713268881791.6954             -0.24684003
713269858893.9795             0.061438594
713270835996.2635             -0.07531764
713271813098.5476             0.009738033
713272790200.8317             0.013058081
713273767303.1157             0.018170048
713274744405.3999             0.032561105
713275721507.684              0.12192403
713276698609.968              0.11090734
713277675712.2521             -0.038348112
713278652814.5361             0.13098171
713279629916.8202             -0.06331675
713280607019.1042             0.003602205
713281584121.3883             -0.053897373
713282561223.6724             0.029519858
713283538325.9564             -0.03094144
713284515428.2406             -0.09717233
713285492530.5247             -0.14259635
713286469632.8087             -0.018749123
713287446735.0928             0.14549252
713288423837.3768             0.033763383
713289400939.6609             0.034123946
713290378041.945              0.082181446
713291355144.229              0.13953714
713292332246.5131             0.12739873
713293309348.7972             -0.106886946
713294286451.0813             0.021688383
713295263553.3654             0.04136753
713296240655.6494             -0.0007626
713297217757.9335             0.09192209
713298194860.2175             -0.04907712
713299171962.5016             0.022870708
713300149064.7856             0.100329354
713301126167.0697             0.122364454
713302103269.3538             0.12220115
713303080371.638              0.08160027
713304057473.922              -0.13490312
713305034576.206              0.08266928
713306011678.4901             -0.0040754178
713306988780.7742             -0.10262024
713307965883.0582             -0.07227703
713308942985.3423             -0.10680702
713309920087.6263             0.13880624
713310897189.9104             0.08412217
713311874292.1945             0.09704161
713312851394.4786             -0.014510774
713313828496.7627             -0.060022496
713314805599.0468             0.027361002
713315782701.3308             -0.026455803
713316759803.6149             0.11172305
713317736905.8989             0.038189735
713318714008.183              0.056908082
713319691110.467              0.033112932
713320668212.7511             0.01146645
713321645315.0353             -0.19738394
713322622417.3193             -0.03542216
713323599519.6034             -0.12176301
713324576621.8875             -0.010841281
713325553724.1715             0.05805257
713326530826.4556             0.123692155
713327507928.7396             0.14578353
713328485031.0237             -0.17773475
713329462133.3077             -0.14143123
713330439235.5918             -0.23530771
713331416337.876              -0.015433557
713332393440.16               0.116811834
713333370542.4441             0.020029511
713334347644.7281             -0.039223175
713335324747.0122             -0.012229112
713336301849.2963             0.109849654
713337278951.5803             -0.11074224
713338256053.8644             -0.00058705936
713339233156.1484             -0.06039094
713340210258.4326             -0.084035985
713341187360.7167             -0.28723675
713342164463.0007             -0.17445664
713343141565.2848             -0.10572138
713344118667.5688             -0.11555885
713345095769.8529             0.099042
713346072872.137              0.055031624
713347049974.421              -0.015892448
713348027076.7051             -0.085337885
713349004178.9891             -0.16558182
713349981281.2733             0.047270086
713350958383.5574             0.032322448
713351935485.8414             0.08614214
713352912588.1255             0.10755714
713353889690.4095             0.1502084
713354866792.6936             -0.11622463
713355843894.9777             -0.07701493
713356820997.2617             0.07192018
713357798099.5458             -0.064918004
713358775201.83               -0.0072873603
713359752304.114              0.10204528
713360729406.3981             0.09374825
713361706508.6821             0.26326188
713362683610.9662             -0.061697155
713363660713.2502             -0.0738518
713364637815.5343             -0.19486408
713365614917.8184             -0.14768517
713366592020.1024             0.172677
713367569122.3865             0.2929332
713368546224.6707             0.008472316
713369523326.9547             0.09334132
713370500429.2388             -0.06375606
713371477531.5228             0.045711137
713372454633.8069             -0.036004353
713373431736.091              -0.11749949
713374408838.375              -0.06359856
713375385940.659              0.19422996
713376363042.9431             -0.013556027
713377340145.2273             -0.096125945
713378317247.5114             -0.027130716
713379294349.7954             -0.13980938
713380271452.0795             -0.15521425
713381248554.3635             -0.059142515
713382225656.6476             0.028613279
713383202758.9316             -0.02500859
713384179861.2157             -0.05620819
713385156963.4998             -0.10279583
713386134065.7838             -0.039808698
713387111168.068              -0.059607856
713388088270.352              0.085154496
713389065372.6361             -0.029334787
713390042474.9202             0.06404428
713391019577.2042             0.029168122
713391996679.4883             0.09811877
713392973781.7723             0.11960685
713393950884.0564             -0.046403907
713394927986.3405             -0.019230857
713395905088.6246             -0.01197678
713396882190.9087             -0.044175766
713397859293.1927             0.052100506
713398836395.4768             0.067114584
713399813497.7609             -0.04208508
713400790600.0449             -0.05058891
713401767702.329              0.009543171
713402744804.613              -0.052272037
713403721906.8971             -0.033237156
713404699009.1812             -0.012412735
713405676111.4653             0.12801078
713406653213.7494             -0.0075887027
713407630316.0334             -0.058949843
713408607418.3175             -0.19219628
713409584520.6016             0.0497339
713410561622.8856             0.066194326
713411538725.1697             0.06713879
713412515827.4537             0.08936111
713413492929.7378             0.10620376
713414470032.022              0.009676047
713415447134.306              0.15057345
713416424236.5901             0.09431584
713417401338.8741             0.12198183
713418378441.1582             0.017685164
713419355543.4423             -0.072844006
713420332645.7263             0.1731827
713421309748.0104             0.29500264
713422286850.2944             0.1485377
713423263952.5785             -0.055908736
713424241054.8627             0.13273396
713425218157.1467             0.124739744
713426195259.4308             0.07814866
713427172361.7148             0.063032314
713428149463.9989             0.11551277
713429126566.283              0.24353579
713430103668.567              0.05588525
713431080770.8511             0.023567267
713432057873.1351             0.07123858
713433034975.4193             0.123759545
713434012077.7034             0.018407395
713434989179.9874             0.11321496
713435966282.2715             0.033827886
713436943384.5555             -0.060937576
713437920486.8396             -0.098071545
713438897589.1237             -0.13155594
713439874691.4077             0.03670297
713440851793.6918             -0.028808327
713441828895.9758             0.018089471
713442805998.26               0.04833124
713443783100.5441             -0.13998765
713444760202.8281             -0.0051570376
713445737305.1122             -0.11325682
713446714407.3962             0.079680674
713447691509.6803             -0.041144032
713448668611.9644             0.0019239741
713449645714.2484             0.09029577
713450622816.5325             -0.042241137
713451599918.8167             -0.16822988
713452577021.1007             -0.20621695
713453554123.3848             -0.12676549
713454531225.6688             -0.2108401
713455508327.9529             -0.17706372
713456485430.2369             -0.022771852
713457462532.521              -0.06302162
713458439634.805              -0.2352973
713459416737.0891             -0.09680016
713460393839.3732             -0.07097357
713461370941.6573             -0.1951499
713462348043.9414             -0.13092558
713463325146.2255             0.007392374
713464302248.5095             -0.17339918
713465279350.7936             -0.04207715
713466256453.0776             -0.16707051
713467233555.3617             0.052103378
713468210657.6458             0.24961944
713469187759.9298             -0.1910406
713470164862.214              -0.27855447
713471141964.498              -0.012781815
713472119066.7821             0.23201631
713473096169.0662             -0.091117434
713474073271.3502             -0.19009846
713475050373.6343             -0.039794657
713476027475.9183             0.1916397
713477004578.2024             -0.0013261817
713477981680.4865             -0.0072794487
713478958782.7705             0.11679736
713479935885.0547             0.15211283
713480912987.3387             0.28484914
713481890089.6228             0.1296875
713482867191.9069             0.061413683
713483844294.1909             0.020623248
713484821396.475              -0.12286791
713485798498.759              -0.101375535
713486775601.0431             -0.0058611715
713487752703.3271             0.08536919
713488729805.6113             -0.052778967
713489706907.8954             -0.041819572
713490684010.1794             -0.2550033
713491661112.4635             -0.027822362
713492638214.7476             -0.0024591815
713493615317.0316             0.096898064
713494592419.3157             0.0636173
713495569521.5997             -0.012815063
713496546623.8838             0.06043134
713497523726.1678             0.029183982
713498500828.452              0.0027808922
713499477930.7361             0.07309828
713500455033.0201             -0.028069256
713501432135.3042             -0.15554033
713502409237.5883             0.050473556
713503386339.8723             0.095355734
713504363442.1564             0.05622241
713505340544.4404             -0.03836125
713506317646.7245             -0.11402098
713507294749.0087             -0.059536237
713508271851.2927             -0.15572107
713509248953.5768             0.037057765
713510226055.8608             0.19717667
713511203158.1449             0.051270895
713512180260.429              -0.0017346661
713513157362.713              0.08152831
713514134464.9971             0.05195933
713515111567.2811             -0.1426552
713516088669.5652             0.12927444
713517065771.8494             0.053471472
713518042874.1334             0.0637106
713519019976.4175             0.11407362
713519997078.7015             -0.019963203
713520974180.9856             -0.0842688
713521951283.2697             -0.089467965
713522928385.5537             0.026407914
713523905487.8378             -0.07266029
713524882590.1218             -0.06059733
713525859692.406              -0.022001568
713526836794.6901             0.0027558485
713527813896.9741             -0.107464924
713528790999.2582             -0.006813097
713529768101.5422             0.07028335
713530745203.8263             0.13512142
713531722306.1104             0.0154145975
713532699408.3944             0.09767506
713533676510.6785             0.17372581
713534653612.9625             0.01631816
713535630715.2467             -0.0047030426
713536607817.5308             0.031889103
713537584919.8148             0.049921453
713538562022.0989             -0.2626184
713539539124.3829             -0.04443071
713540516226.667              0.164423
713541493328.951              0.02241861
713542470431.2351             -0.012695811
713543447533.5192             -0.0042379154
713544424635.8033             0.14769627
713545401738.0874             -0.10653152
713546378840.3715             0.008744881
713547355942.6555             0.21686934
713548333044.9396             0.12244808
713549310147.2236             0.10189127
713550287249.5077             0.055708636
713551264351.7917             0.10133277
713552241454.0758             -0.17739351
713553218556.3599             -0.2784526
713554195658.644              -0.13686872
713555172760.9281             -0.06606779
713556149863.2122             -0.0060522705
713557126965.4962             -0.255594
713558104067.7803             -0.02465691
713559081170.0643             -0.055849317
713560058272.3484             0.040406812
713561035374.6324             -0.04787249
713562012476.9165             -0.17527667
713562989579.2007             0.03733446
713563966681.4847             0.04704954
713564943783.7688             0.07786533
713565920886.0529             -0.11613121
713566897988.3369             0.07931671
713567875090.621              0.10918031
713568852192.905              0.067423604
713569829295.1891             9.404436e-05
713570806397.4731             -0.036772523
713571783499.7572             -0.20523173
713572760602.0414             -0.08674671
713573737704.3254             0.03773242
713574714806.6095             -0.11798107
713575691908.8936             -0.09505383
713576669011.1776             0.1356784
713577646113.4617             -0.0004885549
713578623215.7457             -0.09201264
713579600318.0298             0.19707552
713580577420.3138             0.21350147
713581554522.598              0.03895146
713582531624.8821             -0.03469393
713583508727.1661             -0.04276986
713584485829.4502             0.08227035
713585462931.7343             -0.17077865
713586440034.0183             0.02506578
713587417136.3024             0.17551732
713588394238.5864             0.03278104
713589371340.8705             0.04049767
713590348443.1545             0.077964164
713591325545.4387             -0.12325242
713592302647.7228             -0.0027550133
713593279750.0068             0.19125275
713594256852.2909             0.16913429
713595233954.575              0.06265818
713596211056.859              -0.052669648
713597188159.1431             0.05408171
713598165261.4271             0.071083024
713599142363.7112             -0.026923876
713600119465.9954             0.05395913
713601096568.2794             0.024945538
713602073670.5635             0.15438516
713603050772.8475             0.027188512
713604027875.1316             -0.114135854
713605004977.4156             0.050399985
713605982079.6997             0.21658781
713606959181.9838             0.0076341038
713607936284.2678             -0.12518796
713608913386.5519             0.10348084
713609890488.836              0.3312957
713610867591.1201             0.0146549875
713611844693.4042             -0.049969494
713612821795.6882             0.056952767
713613798897.9723             -0.020557161
713614776000.2563             -0.12891005
713615753102.5404             0.0852042
713616730204.8245             0.12946397
713617707307.1085             0.091260284
713618684409.3926             0.07386388
713619661511.6768             -0.13392863
713620638613.9608             0.109115206
713621615716.2449             -0.07460137
713622592818.5289             -0.055296186
713623569920.813              -0.047204904
713624547023.097              -0.1949423
713625524125.3811             0.120481476
713626501227.6652             0.0322954
713627478329.9492             0.04041862
713628455432.2334             -0.06294233
713629432534.5175             0.0336067
713630409636.8015             0.17652571
713631386739.0856             0.035003096
713632363841.3696             0.07777873
713633340943.6537             -0.16066392
713634318045.9377             0.12197447
713635295148.2218             0.08238198
713636272250.5059             0.03692776
713637249352.7899             -0.07788631
713638226455.0741             0.061658587
713639203557.3582             0.014153183
713640180659.6422             -0.041821975
713641157761.9263             -0.07751449
713642134864.2103             0.059668627
713643111966.4944             -0.15225954
713644089068.7784             -0.06218651
713645066171.0625             0.00042881275
713646043273.3466             -0.068875946
713647020375.6307             -0.01784814
713647997477.9148             0.06700329
713648974580.1989             -0.009904968
713649951682.4829             0.051565908
713650928784.767              -0.01193818
713651905887.051              -0.07546329
713652882989.3351             -0.084785484
713653860091.6191             0.08028773
713654837193.9032             -0.0029531159
713655814296.1873             -0.08798756
713656791398.4714             -0.099822514
713657768500.7555             -0.07847216
713658745603.0396             -0.18883266
713659722705.3236             -0.15755393
713660699807.6077             -0.087281555
713661676909.8917             0.028253656
713662654012.1758             -0.14239725
713663631114.4598             -0.080748916
713664608216.7439             -0.20600499
713665585319.0281             -0.12690698
713666562421.3121             -0.08706802
713667539523.5962             -0.059320394
713668516625.8802             -0.094942905
713669493728.1643             -0.12128925
713670470830.4484             -0.061314736
713671447932.7324             -0.05684483
713672425035.0165             -0.11861875
713673402137.3005             0.003211279
713674379239.5846             0.056620605
713675356341.8688             0.0027309263
713676333444.1528             -0.08833107
713677310546.4369             -0.0050513176
713678287648.721              -0.24724877
713679264751.005              -0.1971929
713680241853.2891             -0.11553743
713681218955.5731             -0.14345513
713682196057.8572             -0.02859704
713683173160.1412             0.028728275
713684150262.4254             0.022867193
713685127364.7095             0.015860785
713686104466.9935             0.14374012
713687081569.2776             -0.003359648
713688058671.5616             -0.080158874
713689035773.8457             -0.023318082
713690012876.1298             -0.06282004
713690989978.4138             0.076267086
713691967080.6979             -0.0040007816
713692944182.9819             0.035466433
713693921285.2661             0.08497939
713694898387.5502             0.02205236
713695875489.8342             -0.030006373
713696852592.1183             0.014073734
713697829694.4023             0.10751491
713698806796.6864             -0.08590316
713699783898.9705             0.04849761
713700761001.2545             0.0005579535
713701738103.5386             0.1235298
713702715205.8228             0.06572819
713703692308.1068             -0.11399193
713704669410.3909             0.041226782
713705646512.6749             -0.016340725
713706623614.959              0.15670025
713707600717.243              0.03903587
713708577819.5271             0.081984565
713709554921.8112             0.015015534
713710532024.0952             0.03563232
713711509126.3793             -0.16147998
713712486228.6635             -0.100268
713713463330.9475             0.0041290456
713714440433.2316             -0.02041132
713715417535.5156             0.0024972167
713716394637.7997             -0.13500106
713717371740.0837             0.026034424
713718348842.3678             0.058142163
713719325944.6519             -0.021087075
713720303046.9359             -0.08700639
713721280149.2201             0.12749007
713722257251.5042             0.1994287
713723234353.7882             -0.07226462
713724211456.0723             -0.14200176
713725188558.3563             0.11828104
713726165660.6404             0.100990415
713727142762.9244             -0.04144014
713728119865.2085             -0.051805597
713729096967.4926             0.060134556
713730074069.7766             0.1341774
713731051172.0608             0.009800525
713732028274.3448             0.096201815
713733005376.6289             -0.02057936
713733982478.913              0.12582386
713734959581.197              -0.04189609
713735936683.4811             -0.14487849
713736913785.7651             -4.294884e-05
713737890888.0492             -0.07217115
713738867990.3333             -0.15806466
713739845092.6174             0.10370782
713740822194.9015             0.115489624
713741799297.1855             0.015438606
713742776399.4696             0.06441721
713743753501.7537             -0.0015151752
713744730604.0377             0.06458211
713745707706.3218             0.23885249
713746684808.6058             -0.08289854
713747661910.8899             -0.073672436
713748639013.174              0.10673119
713749616115.4581             0.2470869
713750593217.7422             -0.031688962
713751570320.0262             0.025069976
713752547422.3103             0.003765816
713753524524.5944             0.035408523
713754501626.8784             0.020238776
713755478729.1625             -0.018632045
713756455831.4465             -0.058006797
713757432933.7306             0.06732323
713758410036.0148             0.042092618
713759387138.2988             0.17147982
713760364240.5829             0.32647127
713761341342.867              -0.033123616
713762318445.151              -0.020265203
713763295547.435              -0.08763197
713764272649.7191             -0.14719893
713765249752.0032             -0.18354465
713766226854.2872             -0.10055333
713767203956.5713             -0.13444394
713768181058.8555             -0.059149735
713769158161.1395             -0.029040545
713770135263.4236             -0.002459992
713771112365.7076             -0.07130448
713772089467.9917             -0.16693865
713773066570.2758             0.20708731
713774043672.5598             0.13187516
713775020774.8439             -0.007590603
713775997877.1279             -0.11341666
713776974979.4121             0.064480394
713777952081.6962             -0.013028919
713778929183.9802             0.036011256
713779906286.2643             0.009089581
713780883388.5483             -0.034457386
713781860490.8324             0.06660102
713782837593.1165             0.11623313
713783814695.4005             -0.026165182
713784791797.6846             0.15187468
713785768899.9686             0.05746315
713786746002.2528             -0.0951799
713787723104.5369             -0.22505313
713788700206.8209             -0.05374072
713789677309.105              -0.10352545
713790654411.389              0.046681717
713791631513.6731             0.11709926
713792608615.9572             0.009299006
713793585718.2412             -0.03401259
713794562820.5253             0.061795644
713795539922.8094             0.11032962
713796517025.0935             0.071318515
713797494127.3776             0.223865
713798471229.6616             -0.05777294
713799448331.9457             -0.13539144
713800425434.2297             0.13588908
713801402536.5138             -0.035462305
713802379638.7979             0.016936863
713803356741.0819             0.12099126
713804333843.366              0.031839628
713805310945.6501             -0.07025233
713806288047.9342             0.08305409
713807265150.2183             -0.13399015
713808242252.5023             0.004305765
713809219354.7864             0.115042485
713810196457.0704             -0.036627214
713811173559.3545             -0.07063838
713812150661.6385             0.05354451
713813127763.9226             0.15354529
713814104866.2068             0.18501936
713815081968.4908             0.070856094
713816059070.7749             -0.013641013
713817036173.059              -0.10503569
713818013275.343              -0.23927782
713818990377.6271             -0.18355133
713819967479.9111             -0.1326648
713820944582.1952             -0.007987217
713821921684.4792             -0.016776105
713822898786.7633             0.0884456
713823875889.0475             0.07582892
713824852991.3315             0.04247274
713825830093.6156             0.14912818
713826807195.8997             0.17284533
713827784298.1837             -0.009484463
713828761400.4678             -0.10361378
713829738502.7518             -0.02159777
713830715605.0359             0.1349528
713831692707.32               0.3021496
713832669809.6041             0.06814268
713833646911.8882             -0.0997835
713834624014.1722             0.22616324
713835601116.4563             0.20148176
713836578218.7404             0.26532635
713837555321.0244             0.20092888
713838532423.3085             0.13178053
713839509525.5925             -0.054610137
713840486627.8766             0.08154758
713841463730.1606             0.08997605
713842440832.4448             0.26497126
713843417934.7289             -0.025267841
713844395037.013              0.10258725
713845372139.297              0.262901
713846349241.581              0.08504657
713847326343.8651             -0.009761529
713848303446.1492             0.03515463
713849280548.4332             0.17671338
713850257650.7173             0.029839706
713851234753.0015             0.168367
713852211855.2855             -0.0862593
713853188957.5696             0.16365674
713854166059.8536             -0.07147434
713855143162.1377             0.062913276
713856120264.4218             0.044948578
713857097366.7058             0.14330925
713858074468.9899             0.056686085
713859051571.2739             -0.10054868
713860028673.558              -0.057430882
713861005775.8422             0.01820253
713861982878.1262             0.32431912
713862959980.4103             0.22251238
713863937082.6943             0.21484257
713864914184.9784             0.13205288
713865891287.2625             0.17661075
713866868389.5465             0.22688848
713867845491.8306             0.19356771
713868822594.1146             -0.10020148
713869799696.3988             -0.024864148
713870776798.6829             0.14973255
713871753900.9669             -0.10095246
713872731003.251              -0.29396498
713873708105.535              -0.18289512
713874685207.8191             0.029808013
713875662310.1031             -0.027734518
713876639412.3872             -0.21828087
713877616514.6713             -0.0641405
713878593616.9553             -0.04074107
713879570719.2395             -0.1017237
713880547821.5236             0.022885391
713881524923.8076             -0.079998024
713882502026.0917             0.04373445
713883479128.3757             0.30913275
713884456230.6598             0.063255996
713885433332.9438             0.02968797
713886410435.2279             -0.2787129
713887387537.512              -0.032598827
713888364639.7961             0.036200106
713889341742.0802             0.025786096
713890318844.3643             0.022838272
713891295946.6483             -0.036267675
713892273048.9324             -0.23529153
713893250151.2164             -0.03290081
713894227253.5005             -0.055847082
713895204355.7845             -0.2326735
713896181458.0686             -0.07737432
713897158560.3527             -0.06993364
713898135662.6368             -0.12622775
713899112764.9209             -0.14170723
713900089867.205              0.118184954
713901066969.489              -0.104264006
713902044071.7731             -0.016599497
713903021174.0571             0.085308895
713903998276.3412             -0.02288153
713904975378.6252             0.004953632
713905952480.9093             -0.11359015
713906929583.1935             0.15396072
713907906685.4775             0.05016733
713908883787.7616             0.021293959
713909860890.0457             -0.027778499
713910837992.3297             -0.027199611
713911815094.6138             -0.009515979
713912792196.8978             -0.13355555
713913769299.1819             -0.25259504
713914746401.466              -0.22093883
713915723503.75               -0.053592734
713916700606.0342             -0.16892777
713917677708.3182             -0.11789874
713918654810.6023             -0.053037606
713919631912.8864             -0.08091757
713920609015.1704             0.017863765
713921586117.4545             -0.047628276
713922563219.7385             -0.028529935
713923540322.0226             -0.22096671
713924517424.3066             -0.24227774
713925494526.5907             -0.009469517
713926471628.8749             -0.17907457
713927448731.1589             -0.02499692
713928425833.443              -0.014830668
713929402935.727              -0.09341866
713930380038.0111             -0.15721412
713931357140.2952             -0.14958268
713932334242.5792             -0.15669322
713933311344.8633             -0.09100804
713934288447.1473             0.12719116
713935265549.4315             0.04656222
713936242651.7156             0.016226975
713937219753.9996             0.08664861
713938196856.2837             -0.12697501
713939173958.5677             0.064061806
713940151060.8518             0.026707785
713941128163.1359             0.14720005
713942105265.4199             0.040807728
713943082367.704              0.089094184
713944059469.988              -0.19089895
713945036572.2722             -0.07658456
713946013674.5563             -0.034607194
713946990776.8403             0.07019382
713947967879.1244             0.11441476
713948944981.4084             0.037565906
713949922083.6925             -0.1457053
713950899185.9766             0.053992752
713951876288.2606             0.010676576
713952853390.5447             0.037881274
713953830492.8289             -0.2604147
713954807595.1129             -0.049979366
713955784697.397              0.021140475
713956761799.681              0.052853324
713957738901.9651             0.016067537
713958716004.2491             0.44945127
713959693106.5332             0.39403507
713960670208.8173             0.12561141
713961647311.1013             -0.032051105
713962624413.3854             -0.274458
713963601515.6696             -0.12077004
713964578617.9536             0.11103446
713965555720.2377             -0.21343987
713966532822.5217             0.036944725
713967509924.8058             0.113857076
713968487027.0898             0.04393545
713969464129.3739             -0.11665927
713970441231.658              0.04436107
713971418333.942              0.005894404
713972395436.2262             0.14040244
713973372538.5103             0.21693127
713974349640.7943             0.018806135
713975326743.0784             0.07764432
713976303845.3624             -0.1403345
713977280947.6465             -0.049473915
713978258049.9305             -0.10046011
713979235152.2146             -0.1271499
713980212254.4987             0.03798989
713981189356.7827             0.037483674
713982166459.0669             0.022287177
713983143561.351              0.18395624
713984120663.635              0.17584246
713985097765.9191             0.08657923
713986074868.2031             -0.10069311
713987051970.4872             -0.103726216
713988029072.7712             -0.207875
713989006175.0553             -0.033150446
713989983277.3394             -0.10490472
713990960379.6235             -0.005200098
713991937481.9076             -0.07613722
713992914584.1917             0.0073759924
713993891686.4757             0.09118876
713994868788.7598             0.051921774
713995845891.0438             0.03574367
713996822993.3279             0.10418619
713997800095.6119             0.037301973
713998777197.896              -0.100764476
713999754300.18               -0.04984271
714000731402.4642             0.013557961
714001708504.7483             -0.016980069
714002685607.0323             -0.0054141115
714003662709.3164             -0.4102941
714004639811.6005             0.053633284
714005616913.8845             0.34138158
714006594016.1686             0.29585543
714007571118.4526             -0.001945166
714008548220.7367             0.11799369
714009525323.0209             -0.06516015
714010502425.3049             0.09290782
714011479527.589              -0.12481847
714012456629.873              -0.013803025
714013433732.1571             0.016017871
714014410834.4412             -0.036952883
714015387936.7252             -0.028389351
714016365039.0093             0.04293189
714017342141.2933             0.06720994
714018319243.5774             0.22893299
714019296345.8616             0.3189693
714020273448.1456             -0.07736017
714021250550.4297             0.044177752
714022227652.7137             0.050116632
714023204754.9978             0.09264697
714024181857.2819             0.056487843
714025158959.5659             0.1408414
714026136061.85               -0.2089581
714027113164.134              -0.06313537
714028090266.4182             0.06347829
714029067368.7023             0.15065393
714030044470.9863             0.0058085397
714031021573.2704             0.05779704
714031998675.5544             0.08170466
714032975777.8385             0.23808211
714033952880.1226             0.008429595
714034929982.4066             0.019140515
714035907084.6907             -0.2969997
714036884186.9747             -0.19959685
714037861289.2589             -0.018274374
714038838391.543              -0.14409159
714039815493.827              0.23088652
714040792596.1111             0.057673134
714041769698.3951             0.0247485
714042746800.6792             0.07606486
714043723902.9633             -0.13709322
714044701005.2473             0.057649776
714045678107.5314             0.07297978
714046655209.8156             -0.014547049
714047632312.0996             -0.1269663
714048609414.3837             -0.1103305
714049586516.6677             0.15394305
714050563618.9518             -0.3497869
714051540721.2358             -0.12827593
714052517823.5199             0.015523435
714053494925.804              0.081503816
714054472028.088              0.009055296
714055449130.3721             0.058810715
714056426232.6562             -0.05948857
714057403334.9403             0.044501726
714058380437.2244             -0.08389817
714059357539.5084             -0.11689905
714060334641.7925             -0.12738268
714061311744.0765             -0.17602736
714062288846.3606             -0.13729653
714063265948.6447             0.11515178
714064243050.9287             -0.01117446
714065220153.2129             0.2786015
714066197255.497              0.08253614
714067174357.781              -0.13910666
714068151460.0651             -0.008530286
714069128562.3491             0.015104186
714070105664.6332             -0.0862272
714071082766.9172             -0.2702541
714072059869.2013             -0.060334522
714073036971.4854             -0.03880295
714074014073.7694             -0.12482473
714074991176.0536             0.062840365
714075968278.3376             -0.0060088397
714076945380.6217             0.015502278
714077922482.9058             0.016937656
714078899585.1898             0.16937788
714079876687.4739             0.1524203
714080853789.7579             0.015983997
714081830892.042              0.00387459
714082807994.326              -0.117068045
714083785096.6102             0.1394645
714084762198.8943             -0.15241206
714085739301.1783             -0.13344593
714086716403.4624             0.11863901
714087693505.7465             0.08267828
714088670608.0305             -0.023008108
714089647710.3146             -0.143872
714090624812.5986             -0.04782517
714091601914.8827             0.08570853
714092579017.1667             0.22141752
714093556119.4509             0.28235856
714094533221.735              -0.042265337
714095510324.019              -0.2379987
714096487426.3031             -0.07365758
714097464528.5872             -0.21829805
714098441630.8712             0.04844792
714099418733.1553             -0.07859923
714100395835.4393             -0.020104328
714101372937.7234             -0.26763412
714102350040.0076             -0.15174042
714103327142.2916             0.24073182
714104304244.5757             -0.05308055
714105281346.8597             -0.051943198
714106258449.1438             -0.1356586
714107235551.4279             0.071452625
714108212653.7119             0.080186255
714109189755.996              -0.041956894
714110166858.28               -0.05932053
714111143960.5641             0.15357846
714112121062.8483             0.04551554
714113098165.1323             0.12592612
714114075267.4164             0.08591728
714115052369.7004             0.04570948
714116029471.9845             -0.077828586
714117006574.2686             -0.11576193
714117983676.5526             -0.19539432
714118960778.8367             -0.11817246
714119937881.1207             0.25747308
714120914983.4049             0.032981467
714121892085.689              0.10031239
714122869187.973              0.019868242
714123846290.2571             -0.06740455
714124823392.5411             0.18034565
714125800494.8252             -0.14577945
714126777597.1093             -0.25202504
714127754699.3933             0.23953757
714128731801.6774             -0.24674071
714129708903.9614             -0.1429494
714130686006.2456             0.15082589
714131663108.5297             0.3443815
714132640210.8137             0.24749978
714133617313.0978             0.37412298
714134594415.3818             0.059361458
714135571517.6659             0.09208957
714136548619.95               0.42037526
714137525722.234              0.6093656
714138502824.5181             0.05829271
714139479926.8022             -0.10964058
714140457029.0863             -0.04652267
714141434131.3704             -0.15601936
714142411233.6544             0.13138835
714143388335.9385             0.044257455
714144365438.2225             0.25020775
714145342540.5066             0.32379484
714146319642.7906             0.12437715
714147296745.0747             0.064509206
714148273847.3588             -0.060816847
714149250949.643              -0.03637469
714150228051.927              0.023053283
714151205154.211              0.0005807257
714152182256.4951             0.10719621
714153159358.7792             0.1430637
714154136461.0632             0.04388689
714155113563.3473             -0.088709414
714156090665.6313             -0.22891831
714157067767.9154             -0.118281744
714158044870.1996             0.05590328
714159021972.4836             -0.05780532
714159999074.7677             0.00033517735
714160976177.0518             -0.016142718
714161953279.3358             -0.053900994
714162930381.6199             -0.15736288
714163907483.9039             -0.025245229
714164884586.188              0.011049001
714165861688.472              -0.07093263
714166838790.7561             -0.26082703
714167815893.0403             0.0012994424
714168792995.3243             0.079873145
714169770097.6084             -0.23375665
714170747199.8925             0.11707288
714171724302.1765             0.17239767
714172701404.4606             0.020123668
714173678506.7446             -0.16614419
714174655609.0287             0.03136057
714175632711.3127             0.39278305
714176609813.5969             -0.0078042136
714177586915.881              -0.0054147933
714178564018.165              0.12919606
714179541120.4491             0.20860079
714180518222.7332             -0.42763948
714181495325.0172             0.05425345
714182472427.3013             0.09029739
714183449529.5853             0.038034268
714184426631.8694             0.11624979
714185403734.1534             0.02877362
714186380836.4376             -0.058579944
714187357938.7217             0.08003367
714188335041.0057             0.18940127
714189312143.2898             0.113001905
714190289245.5739             -0.04008477
714191266347.8579             -0.014281709
714192243450.142              0.16887309
714193220552.426              -0.11312186
714194197654.7101             -0.08148546
714195174756.9943             -0.030819932
714196151859.2783             -0.2306547
714197128961.5624             -0.057004336
714198106063.8464             0.2166889
714199083166.1305             0.03397369
714200060268.4146             0.017547084
714201037370.6986             0.1914853
714202014472.9827             0.03223308
714202991575.2667             -0.021359425
714203968677.5508             0.042805035
714204945779.835              -0.10989713
714205922882.119              -0.28739354
714206899984.4031             0.12519923
714207877086.6871             0.2777304
714208854188.9712             -0.1620612
714209831291.2552             0.06512465
714210808393.5393             -0.10260556
714211785495.8234             -0.27385688
714212762598.1074             -0.4011983
714213739700.3916             -0.40767235
714214716802.6757             -0.28343502
714215693904.9597             -0.07730325
714216671007.2438             -0.20602135
714217648109.5278             -0.08909222
714218625211.8119             0.14521247
714219602314.096              -0.016974749
714220579416.38               -0.1624476
714221556518.6641             -0.034117796
714222533620.9481             -0.11702031
714223510723.2323             -0.102034315
714224487825.5164             -0.07777804
714225464927.8004             0.06998048
714226442030.0845             0.114680946
714227419132.3685             -0.1681828
714228396234.6526             -0.27186045
714229373336.9366             0.013920058
714230350439.2207             0.1707786
714231327541.5048             0.0043324144
714232304643.7888             0.40515515
714233281746.073              0.14605384
714234258848.357              0.09111343
714235235950.6411             -0.0453311
714236213052.9252             -0.037125107
714237190155.2092             0.19754331
714238167257.4933             0.33901998
714239144359.7773             0.09758385
714240121462.0614             0.314222
714241098564.3455             0.38943776
714242075666.6296             0.36723456
714243052768.9137             0.15739161
714244029871.1978             0.037936956
714245006973.4818             -0.20801875
714245984075.7659             0.22599094
714246961178.0499             0.18748713
714247938280.334              -0.17453517
714248915382.618              0.018313017
714249892484.9021             0.08277346
714250869587.1862             0.088729456
714251846689.4703             -0.07067739
714252823791.7544             -0.15183567
714253800894.0385             -0.08976793
714254777996.3225             -0.09488611
714255755098.6066             0.0025461607
714256732200.8906             -0.16471143
714257709303.1747             -0.31874937
714258686405.4587             0.0028759523
714259663507.7428             0.10216553
714260640610.027              -0.07071546
714261617712.311              0.07677933
714262594814.5951             -0.044109564
714263571916.8792             -0.24591635
714264549019.1632             -0.23985747
714265526121.4473             -0.20898356
714266503223.7313             -0.19677223
714267480326.0154             -0.095380306
714268457428.2994             -0.28078157
714269434530.5835             0.067280844
714270411632.8677             -0.12807894
714271388735.1517             0.19950785
714272365837.4358             -0.42499506
714273342939.7198             -0.16191246
714274320042.0039             -0.012743882
714275297144.288              0.005135781
714276274246.572              -0.014970146
714277251348.8561             0.00848671
714278228451.1401             -0.14317206
714279205553.4243             -0.39939126
714280182655.7084             -0.24837276
714281159757.9924             -0.22300746
714282136860.2765             -0.17337197
714283113962.5605             0.13811944
714284091064.8446             0.16517502
714285068167.1287             -0.0933286
714286045269.4127             -0.1608854
714287022371.6968             -0.25311464
714287999473.9808             -0.14676051
714288976576.265              -0.077400334
714289953678.5491             0.40327778
714290930780.8331             0.10330766
714291907883.1172             0.045674976
714292884985.4012             -0.041278772
714293862087.6853             0.25242612
714294839189.9694             0.35726997
714295816292.2534             -0.20737265
714296793394.5375             -0.2595036
714297770496.8217             0.3414497
714298747599.1057             0.085152514
714299724701.3898             -0.1536752
714300701803.6738             0.06960215
714301678905.9579             0.018658152
714302656008.242              -0.1725266
714303633110.526              0.14011012
714304610212.81               0.48762324
714305587315.0941             0.30302623
714306564417.3782             0.2221481
714307541519.6624             0.22487019
714308518621.9464             -0.0030812616
714309495724.2305             0.03343853
714310472826.5145             -0.05046223
714311449928.7986             -0.0034948061
714312427031.0826             -0.12494638
714313404133.3667             0.1360868
714314381235.6508             0.45563102
714315358337.9348             0.077354394
714316335440.219              -0.0060173036
714317312542.503              -0.17448603
714318289644.7871             -0.30568144
714319266747.0712             0.124266036
714320243849.3552             0.3614257
714321220951.6393             0.4139244
714322198053.9233             0.34408212
714323175156.2074             0.1163877
714324152258.4915             0.30297711
714325129360.7755             0.22440633
714326106463.0597             0.2852872
714327083565.3438             -0.02102587
714328060667.6278             0.11715917
714329037769.9119             -0.04392347
714330014872.1959             0.30408862
714330991974.48               -0.042384557
714331969076.764              0.025275003
714332946179.0481             -0.03823468
714333923281.3322             -0.13008997
714334900383.6163             0.09435743
714335877485.9004             0.110063724
714336854588.1844             -0.05765865
714337831690.4685             0.07266945
714338808792.7526             0.07518802
714339785895.0366             0.019415805
714340762997.3207             0.022790847
714341740099.6047             0.039598547
714342717201.8888             0.13769935
714343694304.1729             -0.14750913
714344671406.457              0.11565838
714345648508.7411             0.2734303
714346625611.0251             -0.15878871
714347602713.3092             -0.2572208
714348579815.5933             -0.3322202
714349556917.8773             -0.27809542
714350534020.1614             0.07718649
714351511122.4454             0.03476084
714352488224.7295             0.5113399
714353465327.0137             0.09986062
714354442429.2977             -0.11363175
714355419531.5818             0.12160543
714356396633.8658             0.29316685
714357373736.1499             0.4525511
714358350838.434              0.19186684
714359327940.718              -0.15489924
714360305043.0021             -0.20485264
714361282145.2861             -0.2779011
714362259247.5702             -0.097277835
714363236349.8544             0.117070496
714364213452.1384             0.34853002
714365190554.4225             0.29012278
714366167656.7065             0.03698171
714367144758.9906             0.1626557
714368121861.2747             0.121039145
714369098963.5587             -0.2405875
714370076065.8428             0.017488118
714371053168.1268             0.22301048
714372030270.411              0.27974626
714373007372.6951             0.00037593828
714373984474.9791             -0.2017002
714374961577.2632             -0.31537348
714375938679.5472             -0.24013361
714376915781.8313             -0.086839
714377892884.1154             -0.28415886
714378869986.3994             -0.18693861
714379847088.6835             -0.0515611
714380824190.9675             0.117746584
714381801293.2517             0.13201813
714382778395.5358             0.11370715
714383755497.8198             0.011306174
714384732600.1039             -0.15950385
714385709702.388              -0.20437028
714386686804.672              0.17271358
714387663906.956              0.22307543
714388641009.2401             0.22042565
714389618111.5242             -0.41703746
714390595213.8083             -0.07481604
714391572316.0924             0.049588487
714392549418.3765             0.27699533
714393526520.6605             -0.019152718
714394503622.9446             0.10500147
714395480725.2286             0.20971082
714396457827.5127             0.08113253
714397434929.7968             0.36513618
714398412032.0808             0.6084234
714399389134.3649             0.2781836
714400366236.649              -0.050605725
714401343338.9331             -0.3239821
714402320441.2172             0.22867842
714403297543.5012             -0.1223388
714404274645.7853             -0.16097221
714405251748.0693             -0.12527834
714406228850.3534             -0.2905575
714407205952.6375             -0.040518455
714408183054.9215             0.31253046
714409160157.2057             0.14312163
714410137259.4897             -0.61588234
714411114361.7738             -0.5139723
714412091464.0579             -0.300849
714413068566.3419             -0.29105946
714414045668.626              -0.14151774
714415022770.91               0.34038022
714415999873.1941             0.21292129
714416976975.4781             0.38033155
714417954077.7622             0.025033759
714418931180.0464             0.014908444
714419908282.3304             -0.09138327
714420885384.6145             -0.57633466
714421862486.8986             -0.04582124
714422839589.1826             0.1457655
714423816691.4667             -0.13789083
714424793793.7507             0.19912875
714425770896.0348             0.17428268
714426747998.3188             -0.108406544
714427725100.603              -0.32401457
714428702202.8871             -0.31127578
714429679305.1711             0.27053607
714430656407.4552             -0.050664425
714431633509.7393             0.06346978
714432610612.0233             -0.16879523
714433587714.3074             0.14100546
714434564816.5914             -0.39218688
714435541918.8755             0.02922067
714436519021.1595             0.40544015
714437496123.4437             0.46601298
714438473225.7278             0.25932124
714439450328.0118             -0.0906479
714440427430.2959             0.077353925
714441404532.58               0.25628212
714442381634.864              0.12966433
714443358737.1481             0.13160002
714444335839.4321             -0.4239943
714445312941.7162             -0.21218185
714446290044.0004             -0.38107353
714447267146.2844             -0.6696834
714448244248.5685             -0.0029308253
714449221350.8525             0.26737922
714450198453.1366             0.34295273
714451175555.4207             0.267822
714452152657.7047             0.4662805
714453129759.9888             0.18257856
714454106862.2728             0.28707173
714455083964.5569             0.2641816
714456061066.8411             0.08995388
714457038169.1251             -0.27182055
714458015271.4092             0.11103687
714458992373.6932             -0.00566907
714459969475.9773             0.105330266
714460946578.2614             0.20409495
714461923680.5454             -0.0044456422
714462900782.8295             0.25769654
714463877885.1135             -0.1237614
714464854987.3977             -0.18399887
714465832089.6818             -0.20747831
714466809191.9658             0.17934288
714467786294.2499             0.20091559
714468763396.5339             0.17834489
714469740498.818              0.1033386
714470717601.102              0.25150743
714471694703.3861             0.20119566
714472671805.6702             0.17550923
714473648907.9542             0.44761458
714474626010.2384             0.50344986
714475603112.5225             0.32096884
714476580214.8065             0.4839787
714477557317.0906             0.09889987
714478534419.3746             0.17598283
714479511521.6587             -0.17341125
714480488623.9427             -0.27912444
714481465726.2268             -0.6449688
714482442828.5109             -0.39826977
714483419930.795              -0.12500058
714484397033.0791             0.42210397
714485374135.3632             -0.11489633
714486351237.6472             -0.3077137
714487328339.9313             0.010971319
714488305442.2153             0.010401404
714489282544.4994             -0.08713767
714490259646.7834             0.22903913
714491236749.0675             0.48658633
714492213851.3516             0.17262782
714493190953.6357             -0.07649476
714494168055.9198             0.0043978374
714495145158.2039             -0.08012941
714496122260.4879             0.06957442
714497099362.772              0.38124344
714498076465.056              0.20082003
714499053567.3401             -0.31580687
714500030669.6241             -0.48367497
714501007771.9082             -0.21734188
714501984874.1924             -0.28590533
714502961976.4764             0.17156719
714503939078.7605             0.16891459
714504916181.0446             0.33033377
714505893283.3286             -0.38044736
714506870385.6127             -0.29280782
714507847487.8967             -0.26445317
714508824590.1808             -0.006467951
714509801692.4648             0.044900056
714510778794.7489             0.18042088
714511755897.0331             0.8304225
714512732999.3171             -0.4966565
714513710101.6012             -0.20980778
714514687203.8853             0.29226053
714515664306.1693             0.08950766
714516641408.4534             0.23211807
714517618510.7374             -0.4866813
714518595613.0215             -0.021278871
714519572715.3055             0.4029068
714520549817.5897             0.15622965
714521526919.8738             -0.035456702
714522504022.1578             -0.2767915
714523481124.4419             -0.67919296
714524458226.726              -0.4801488
714525435329.01               0.17190465
714526412431.2941             0.34863275
714527389533.5781             0.1631323
714528366635.8622             0.19424933
714529343738.1462             0.41834512
714530320840.4304             0.116479665
714531297942.7145             0.04466309
714532275044.9985             -0.12825389
714533252147.2826             -0.072832525
714534229249.5667             0.08685564
714535206351.8507             -0.37181544
714536183454.1348             -0.23238935
714537160556.4188             -0.38722008
714538137658.7029             -0.20011425
714539114760.987              -0.059669707
714540091863.2711             0.36597604
714541068965.5552             0.68577284
714542046067.8392             0.69372785
714543023170.1233             0.16238895
714544000272.4073             -0.20632924
714544977374.6914             -0.53992337
714545954476.9755             0.15568224
714546931579.2595             -0.14841084
714547908681.5436             -0.137736
714548885783.8278             -0.08344668
714549862886.1118             0.30909303
714550839988.3959             0.11905692
714551817090.6799             0.30052212
714552794192.964              0.048603356
714553771295.248              0.08727386
714554748397.5321             -0.07065488
714555725499.8162             -0.59137267
714556702602.1002             -0.2625453
714557679704.3843             -0.36133984
714558656806.6685             -0.5868855
714559633908.9525             0.062134445
714560611011.2366             0.02396355
714561588113.5206             -0.48737514
714562565215.8047             0.19425772
714563542318.0887             -0.24511054
714564519420.3728             0.23297597
714565496522.6569             -0.27633888
714566473624.9409             -0.33165985
714567450727.2251             -0.024691321
714568427829.5092             -0.48840752
714569404931.7932             -0.31247023
714570382034.0773             -0.46636963
714571359136.3613             -0.74509907
714572336238.6454             0.22413568
714573313340.9294             0.38047475
714574290443.2135             -0.15386966
714575267545.4976             -0.4051459
714576244647.7816             -0.21454065
714577221750.0658             0.085155904
714578198852.3499             -0.33783686
714579175954.6339             -0.26378897
714580153056.918              -0.122709334
714581130159.202              0.015725253
714582107261.4861             0.1750302
714583084363.7701             0.028814988
714584061466.0542             0.14587799
714585038568.3383             -0.039177563
714586015670.6224             -0.41193205
714586992772.9065             0.2986371
714587969875.1906             0.3106706
714588946977.4746             0.058190014
714589924079.7587             0.73489845
714590901182.0427             0.47613683
714591878284.3268             -0.13411711
714592855386.6108             0.28865737
714593832488.8949             0.8353089
714594809591.179              0.3374289
714595786693.4631             -0.19287159
714596763795.7472             0.03831573
714597740898.0312             -0.62301123
714598718000.3153             -0.05982386
714599695102.5994             0.27757645
714600672204.8834             -0.28287318
714601649307.1675             -0.02569627
714602626409.4515             -0.16960943
714603603511.7356             -0.32321087
714604580614.0198             -0.2394258
714605557716.3038             -0.09503408
714606534818.5879             -0.5706319
714607511920.872              -0.30100363
714608489023.156              0.26098952
714609466125.4401             0.011698275
714610443227.7241             -0.0759597
714611420330.0082             -0.008468946
714612397432.2922             -0.66015565
714613374534.5763             -0.107626006
714614351636.8605             0.24165757
714615328739.1445             0.054319054
714616305841.4286             -0.08008988
714617282943.7126             -0.12866263
714618260045.9967             0.08528412
714619237148.2808             -0.0450382
714620214250.5648             -0.32895675
714621191352.8489             -0.19816458
714622168455.1329             -0.47513857
714623145557.4171             -0.7041675
714624122659.7012             0.11407224
714625099761.9852             -0.13434859
714626076864.2693             0.23017156
714627053966.5533             0.32451528
714628031068.8374             0.121432155
714629008171.1215             -0.181918
714629985273.4055             0.1250477
714630962375.6896             -0.25652206
714631939477.9736             -0.522656
714632916580.2578             0.3905319
714633893682.5419             0.12629998
714634870784.8259             -0.20538008
714635847887.11               -0.466571
714636824989.394              -0.34721115
714637802091.6781             -0.5887252
714638779193.9622             -0.08899518
714639756296.2462             -0.1513883
714640733398.5303             0.060118493
714641710500.8145             -0.17153753
714642687603.0985             -0.37065122
714643664705.3826             -0.19737054
714644641807.6666             -0.04263501
714645618909.9507             0.106103346
714646596012.2347             0.14710568
714647573114.5188             0.14440307
714648550216.8029             -0.26656595
714649527319.0869             -0.27367225
714650504421.371              -0.48545933
714651481523.6552             -0.22785743
714652458625.9392             -0.26622674
714653435728.2233             -0.5523259
714654412830.5073             -0.15191084
714655389932.7914             0.11992975
714656367035.0754             -0.048605032
714657344137.3595             0.22774237
714658321239.6436             -0.29628974
714659298341.9276             -0.4131159
714660275444.2118             -0.34386048
714661252546.4958             0.13603783
714662229648.7799             -0.09873305
714663206751.064              0.17684518
714664183853.348              0.17543998
714665160955.6321             0.5053071
714666138057.9161             0.9640572
714667115160.2002             0.22935285
714668092262.4843             0.15502654
714669069364.7683             -0.2047079
714670046467.0525             0.2562916
714671023569.3365             0.57982874
714672000671.6206             0.6429052
714672977773.9047             -0.27412513
714673954876.1887             0.53316236
714674931978.4728             -0.21814238
714675909080.7568             -0.29874864
714676886183.0409             -0.31306374
714677863285.325              0.12640749
714678840387.6091             -0.08279566
714679817489.8932             0.008523995
714680794592.1772             -0.13180558
714681771694.4613             -0.27449456
714682748796.7454             0.06075296
714683725899.0294             -0.06477015
714684703001.3135             0.28961238
714685680103.5975             0.74305016
714686657205.8816             0.5548272
714687634308.1656             0.9108511
714688611410.4498             1.2435284
714689588512.7339             0.4120881
714690565615.018              0.025929466
714691542717.302              -0.27048147
714692519819.586              -0.14816014
716291023512.8                0.13015227
716292000615.2842             0.049943116
716292977717.7683             0.0172484
716293954820.2524             0.20854056
716294931922.7366             -0.022680817
716295909025.2207             -0.16212052
716296886127.7048             -0.053185448
716297863230.189              0.49078998
716298840332.6731             0.124215364
716299817435.1572             0.058056127
716300794537.6414             0.25102067
716301771640.1255             -0.38046
716302748742.6096             -0.09170596
716303725845.0938             -0.29441515
716304702947.5779             -0.17266482
716305680050.0619             0.6372694
716306657152.546              0.6690487
716307634255.0302             0.2611344
716308611357.5143             -0.4815427
716309588459.9984             -0.29972616
716310565562.4825             -0.19706364
716311542664.9667             0.15951464
716312519767.4508             0.0007289011
716313496869.9349             0.23921259
716314473972.4191             -0.018913066
716315451074.9032             0.043195732
716316428177.3873             0.38490555
716317405279.8715             0.030519696
716318382382.3556             -0.011066237
716319359484.8397             0.14208364
716320336587.3239             -0.05365747
716321313689.808              -0.26639065
716322290792.2921             -0.2598997
716323267894.7762             -0.15620935
716324244997.2604             -0.50834614
716325222099.7445             -0.2746206
716326199202.2286             -0.16453736
716327176304.7128             -0.19679782
716328153407.1969             -0.37112972
716329130509.681              -0.076370366
716330107612.1652             -0.04602025
716331084714.6493             -0.45061865
716332061817.1334             -0.15338244
716333038919.6176             0.13765606
716334016022.1016             -0.3030272
716334993124.5857             0.14159746
716335970227.0698             0.2822345
716336947329.554              -0.49846637
716337924432.0381             -0.036239777
716338901534.5222             0.2616493
716339878637.0063             -0.39296186
716340855739.4905             -0.7628367
716341832841.9746             -0.37230557
716342809944.4587             -0.009562544
716343787046.9429             0.25018576
716344764149.427              -0.2975589
716345741251.9111             0.12480857
716346718354.3953             0.6182556
716347695456.8794             0.45746273
716348672559.3635             -0.14628239
716349649661.8477             -0.30818364
716350626764.3318             -0.6860328
716351603866.8159             -0.12142281
716352580969.3                0.07045511
716353558071.7842             -0.14584212
716354535174.2683             -0.34301183
716355512276.7524             0.14480045
716356489379.2366             -0.81524926
716357466481.7207             -0.5802454
716358443584.2048             -0.1490581
716359420686.689              -0.07962433
716360397789.1731             -0.4172529
716361374891.6572             -0.11460118
716362351994.1412             -0.17707583
716363329096.6254             0.42818037
716364306199.1095             0.3153335
716365283301.5936             0.14739989
716366260404.0778             0.1558715
716367237506.5619             0.54971635
716368214609.046              0.3423872
716369191711.5302             0.16577704
716370168814.0143             -0.111040756
716371145916.4984             -0.035804182
716372123018.9825             -0.27064636
716373100121.4667             0.359467
716374077223.9508             0.5017774
716375054326.4349             -0.13492674
716376031428.9191             -0.53297377
716377008531.4032             -0.42442837
716377985633.8873             0.19119596
716378962736.3715             0.37077406
716379939838.8556             -0.24085955
716380916941.3397             0.3432866
716381894043.8239             0.45344043
716382871146.308              0.22465865
716383848248.7921             0.037261024
716384825351.2762             0.13392799
716385802453.7604             -0.029715717
716386779556.2445             -0.605216
716387756658.7286             -0.5654025
716388733761.2128             -0.047288466
716389710863.6968             0.21174702
716390687966.1809             0.055174436
716391665068.665              -0.1103674
716392642171.1492             0.3891522
716393619273.6333             0.43459424
716394596376.1174             0.5526909
716395573478.6016             -0.23433354
716396550581.0857             -0.09091303
716397527683.5698             0.06940581
716398504786.054              -0.071673445
716399481888.5381             -0.09288428
716400458991.0222             0.4342734
716401436093.5063             -0.26424307
716402413195.9905             -0.3582997
716403390298.4746             0.12153332
716404367400.9587             -0.082110256
716405344503.4429             -0.30545625
716406321605.927              -0.5870865
716407298708.4111             0.055854406
716408275810.8953             0.3737291
716409252913.3794             0.25755525
716410230015.8635             -0.44455805
716411207118.3477             0.104615316
716412184220.8318             -0.22181688
716413161323.3159             -0.16269091
716414138425.8                -0.43498862
716415115528.2842             0.08632085
716416092630.7683             0.25754222
716417069733.2524             0.49146786
716418046835.7365             0.65768754
716419023938.2206             -0.04751501
716420001040.7047             -0.14486985
716420978143.1888             0.037421323
716421955245.673              -0.08132383
716422932348.1571             0.052888695
716423909450.6412             0.2464617
716424886553.1254             0.54821694
716425863655.6095             -0.0025608146
716426840758.0936             -0.43175158
716427817860.5778             -0.3823282
716428794963.0619             -0.109557845
716429772065.546              -0.14468667
716430749168.0302             -0.22974247
716431726270.5143             -0.16307
716432703372.9984             -0.29904974
716433680475.4825             0.1650976
716434657577.9667             0.178327
716435634680.4508             0.04695327
716436611782.9349             0.80062973
716437588885.4191             0.7372903
716438565987.9032             0.29375267
716439543090.3873             0.29114524
716440520192.8715             0.047402687
716441497295.3556             -0.14252494
716442474397.8397             -0.18397383
716443451500.3239             0.26636147
716444428602.808              0.108598284
716445405705.2921             -0.5801295
716446382807.7761             -0.40347612
716447359910.2603             -0.51946896
716448337012.7444             -0.380229
716449314115.2285             -0.1465998
716450291217.7126             0.36105594
716451268320.1968             0.31134564
716452245422.6809             -0.13750765
716453222525.165              0.32167903
716454199627.6492             0.04418209
716455176730.1333             -0.3905913
716456153832.6174             -0.09669641
716457130935.1016             0.4740993
716458108037.5857             0.05159064
716459085140.0698             0.024343863
716460062242.554              0.10919767
716461039345.0381             -0.31408525
716462016447.5222             -0.099135295
716462993550.0063             -0.10134569
716463970652.4905             0.115099885
716464947754.9746             -0.16725561
716465924857.4587             -0.1639473
716466901959.9429             -0.109784886
716467879062.427              0.23145102
716468856164.9111             0.11907228
716469833267.3953             0.13337065
716470810369.8794             -0.30279928
716471787472.3635             -0.17280947
716472764574.8477             -0.03669785
716473741677.3318             -0.018413562
716474718779.8158             0.08591241
716475695882.2999             0.16460313
716476672984.784              0.1495138
716477650087.2682             -0.17864114
716478627189.7523             -0.23319031
716479604292.2365             -0.31918165
716480581394.7206             0.27547526
716481558497.2047             0.0540298
716482535599.6888             0.050608095
716483512702.173              0.14350154
716484489804.6571             0.43035784
716485466907.1412             -0.0837835
716486444009.6254             -0.3864938
716487421112.1095             0.13398291
716488398214.5936             0.027608428
716489375317.0778             -0.6179352
716490352419.5619             -0.21782891
716491329522.046              0.028190032
716492306624.5302             0.33330673
716493283727.0143             0.15503906
716494260829.4984             0.36539653
716495237931.9825             0.6970579
716496215034.4667             -0.18825363
716497192136.9508             0.04258484
716498169239.4349             0.108851984
716499146341.9191             0.07376602
716500123444.4032             -0.11894351
716501100546.8873             -0.28180924
716502077649.3715             0.12852702
716503054751.8555             -0.33567104
716504031854.3396             -0.051645163
716505008956.8237             0.08551456
716505986059.3079             -0.062922336
716506963161.792              -0.37768438
716507940264.2761             0.23243885
716508917366.7603             0.25416294
716509894469.2444             0.19652148
716510871571.7285             -0.09978601
716511848674.2126             0.30538946
716512825776.6968             0.10601848
716513802879.1809             0.3809446
716514779981.665              0.24489011
716515757084.1492             0.10769086
716516734186.6333             0.628443
716517711289.1174             0.19751157
716518688391.6016             0.038087804
716519665494.0857             0.34677452
716520642596.5698             -0.03811346
716521619699.054              0.1579257
716522596801.5381             0.15089695
716523573904.0222             -0.09442668
716524551006.5063             0.15204623
716525528108.9905             0.13954642
716526505211.4746             -0.01667663
716527482313.9587             -0.038377766
716528459416.4429             -0.18319137
716529436518.927              -0.12097469
716530413621.4111             -0.3186015
716531390723.8951             -0.021235833
716532367826.3793             0.18779646
716533344928.8634             0.325823
716534322031.3475             0.24108124
716535299133.8317             0.51753
716536276236.3158             0.38485074
716537253338.7999             0.3030666
716538230441.284              0.113368526
716539207543.7682             -0.41441426
716540184646.2523             -0.13194457
716541161748.7365             -0.3435736
716542138851.2206             -0.11383579
716543115953.7047             -0.27690268
716544093056.1888             0.05583292
716545070158.673              -0.05641675
716546047261.1571             0.26417378
716547024363.6412             -0.09143271
716548001466.1254             -0.21608813
716548978568.6095             0.02987744
716549955671.0936             -0.4815171
716550932773.5778             -0.4212181
716551909876.0619             0.009715635
716552886978.546              -0.0759058
716553864081.0302             -0.25111282
716554841183.5143             -0.22796686
716555818285.9984             -0.4388222
716556795388.4825             -0.08225519
716557772490.9667             -0.07799266
716558749593.4507             0.0946686
716559726695.9348             -0.3777934
716560703798.419              -0.32423165
716561680900.9031             0.09057313
716562658003.3872             -0.044763993
716563635105.8713             0.1072776
716564612208.3555             0.110726476
716565589310.8396             -0.13071194
716566566413.3237             -0.1853344
716567543515.8079             -0.25683808
716568520618.292              -0.085834034
716569497720.7761             0.21718113
716570474823.2603             -0.0030378215
716571451925.7444             0.1739265
716572429028.2285             0.28642106
716573406130.7126             0.27954504
716574383233.1968             -0.35753348
716575360335.6809             -0.28251794
716576337438.165              0.07494265
716577314540.6492             0.06632479
716578291643.1333             0.026629683
716579268745.6174             0.4206725
716580245848.1016             0.19940494
716581222950.5857             0.11555747
716582200053.0698             0.13894737
716583177155.554              0.21340796
716584154258.0381             0.0068320734
716585131360.5222             -0.14738984
716586108463.0063             -0.12582868
716587085565.4904             0.0036320812
716588062667.9745             0.35969487
716589039770.4586             0.0013123311
716590016872.9427             0.23139416
716590993975.4269             -0.3469741
716591971077.911              0.118630715
716592948180.3951             -0.061765812
716593925282.8793             0.13231288
716594902385.3634             0.37779137
716595879487.8475             0.2804549
716596856590.3317             -0.38934016
716597833692.8158             -0.10591648
716598810795.2999             0.3442223
716599787897.784              -0.064612426
716600765000.2682             -0.13155481
716601742102.7523             0.13374166
716602719205.2365             -0.12149636
716603696307.7206             0.1226616
716604673410.2047             0.3089283
716605650512.6888             0.20640033
716606627615.173              -0.12169295
716607604717.6571             -0.089797504
716608581820.1412             -0.12983865
716609558922.6254             0.20542061
716610536025.1095             0.22211333
716611513127.5936             -0.025284328
716612490230.0778             -0.27942353
716613467332.5619             -0.094374254
716614444435.046              -0.062111992
716615421537.53               0.35384685
716616398640.0142             0.567195
716617375742.4983             0.35621262
716618352844.9824             0.01566569
716619329947.4666             -0.13943093
716620307049.9507             -0.04032777
716621284152.4348             -0.18272339
716622261254.919              -0.3812719
716623238357.4031             -0.3962063
716624215459.8872             -0.19450828
716625192562.3713             -0.20067403
716626169664.8555             -0.1844121
716627146767.3396             -0.20045473
716628123869.8237             -0.065975435
716629100972.3079             0.20925216
716630078074.792              0.094863385
716631055177.2761             0.25086504
716632032279.7603             0.4537572
716633009382.2444             0.017035637
716633986484.7285             0.090279244
716634963587.2126             -0.0673161
716635940689.6968             0.01614604
716636917792.1809             -0.16364476
716637894894.665              -0.14873005
716638871997.1492             0.33169115
716639849099.6333             -0.059346013
716640826202.1174             0.21368065
716641803304.6016             0.09121851
716642780407.0857             -0.044371463
716643757509.5697             -0.07561041
716644734612.0538             -0.05424618
716645711714.538              -0.1857873
716646688817.0221             -0.13022317
716647665919.5062             -0.14530055
716648643021.9904             -0.29739845
716649620124.4745             -0.08521834
716650597226.9586             0.15757021
716651574329.4427             -0.041383233
716652551431.9269             -0.08926217
716653528534.411              -0.2231382
716654505636.8951             -0.23643
716655482739.3793             -0.3022474
716656459841.8634             -0.082140274
716657436944.3475             -0.07998289
716658414046.8317             0.06794712
716659391149.3158             -0.3409432
716660368251.7999             -0.24579453
716661345354.284              0.20172916
716662322456.7682             -0.027236588
716663299559.2523             0.016558105
716664276661.7365             0.040844377
716665253764.2206             -0.029607594
716666230866.7047             -0.026995651
716667207969.1888             -0.041216742
716668185071.673              -0.009388694
716669162174.1571             -0.41803345
716670139276.6412             0.16967683
716671116379.1254             0.06923586
716672093481.6094             -0.13815358
716673070584.0935             0.019515105
716674047686.5776             -0.0333738
716675024789.0618             -0.04075346
716676001891.5459             -0.03352299
716676978994.03               0.027326759
716677956096.5142             -0.09593058
716678933198.9983             -0.12198313
716679910301.4824             -0.036553826
716680887403.9666             0.048153926
716681864506.4507             0.19630538
716682841608.9348             0.10959827
716683818711.419              -0.2197284
716684795813.9031             -0.5321305
716685772916.3872             0.018018808
716686750018.8713             0.079290174
716687727121.3555             -0.017008707
716688704223.8396             -0.07454189
716689681326.3237             0.005803213
716690658428.8079             0.07946864
716691635531.292              -0.2206663
716692612633.7761             -0.0077698706
716693589736.2603             0.04376477
716694566838.7444             0.18518624
716695543941.2285             0.11997503
716696521043.7126             0.059285965
716697498146.1968             0.20522265
716698475248.6809             0.11788375
716699452351.165              0.2706338
716700429453.649              0.34320924
716701406556.1332             0.32856628
716702383658.6173             0.27078903
716703360761.1014             -0.015479927
716704337863.5856             -0.18544316
716705314966.0697             0.0027093533
716706292068.5538             0.0042993887
716707269171.038              -0.0017868133
716708246273.5221             0.09647759
716709223376.0062             0.1920969
716710200478.4904             0.21262668
716711177580.9745             0.086421005
716712154683.4586             -0.44052142
716713131785.9427             -0.35895798
716714108888.4269             -0.10905406
716715085990.911              -0.110452
716716063093.3951             0.18575267
716717040195.8793             0.32929686
716718017298.3634             -0.07509799
716718994400.8475             0.23706475
716719971503.3317             0.14193691
716720948605.8158             0.17336854
716721925708.2999             0.22451976
716722902810.784              0.085715294
716723879913.2682             -0.04987687
716724857015.7523             0.12224569
716725834118.2365             -0.12623915
716726811220.7206             -0.03802926
716727788323.2046             -0.07134163
716728765425.6887             0.20599894
716729742528.1729             0.08910701
716730719630.657              0.21147656
716731696733.1411             -0.0055042766
716732673835.6252             -0.19629583
716733650938.1094             -0.4241596
716734628040.5935             -0.077535875
716735605143.0776             0.12604284
716736582245.5618             0.021258257
716737559348.0459             0.10764661
716738536450.53               0.014526113
716739513553.0142             -0.034104254
716740490655.4983             -0.1344367
716741467757.9824             -0.24512438
716742444860.4666             -0.168976
716743421962.9507             -0.2513668
716744399065.4348             -0.15847377
716745376167.919              -0.12019138
716746353270.4031             0.087984905
716747330372.8872             -0.11019422
716748307475.3713             -0.21796231
716749284577.8555             -0.08991173
716750261680.3396             -0.06849358
716751238782.8237             -0.32665974
716752215885.3079             -0.16130072
716753192987.792              0.24494943
716754170090.2761             -0.12124524
716755147192.7603             -0.32427734
716756124295.2443             -0.21403915
716757101397.7284             -0.2476133
716758078500.2125             -0.39819425
716759055602.6967             -0.12905063
716760032705.1808             0.045981213
716761009807.6649             -0.11872932
716761986910.149              -0.009360112
716762964012.6332             0.041469924
716763941115.1173             -0.24751727
716764918217.6014             -0.42246553
716765895320.0856             -0.16276136
716766872422.5697             -0.30519408
716767849525.0538             -0.20370711
716768826627.538              -0.18413135
716769803730.0221             -0.299777
716770780832.5062             -0.21823603
716771757934.9904             -0.07897189
716772735037.4745             0.07672891
716773712139.9586             0.19431058
716774689242.4427             -0.08014404
716775666344.9269             -0.4394199
716776643447.411              0.013675429
716777620549.8951             -0.22566321
716778597652.3793             -0.10704332
716779574754.8634             -0.20924577
716780551857.3475             -0.30834472
716781528959.8317             -0.42256585
716782506062.3158             -0.021574602
716783483164.7999             -0.0045719505
716784460267.2839             -0.30379286
716785437369.7681             -0.25677985
716786414472.2522             0.13920356
716787391574.7363             -0.062250007
716788368677.2205             0.09515916
716789345779.7046             0.28452203
716790322882.1887             0.1017526
716791299984.6729             -0.18625815
716792277087.157              -0.18661112
716793254189.6411             0.002762582
716794231292.1252             -0.13627574
716795208394.6094             -0.20882815
716796185497.0935             0.21924505
716797162599.5776             0.21786714
716798139702.0618             -0.09331968
716799116804.5459             -0.3138062
716800093907.03               -0.0041492097
716801071009.5142             -0.06869674
716802048111.9983             0.044512194
716803025214.4824             -0.11437476
716804002316.9666             -0.07431017
716804979419.4507             0.2866367
716805956521.9348             0.07983638
716806933624.419              0.11227676
716807910726.9031             0.1903264
716808887829.3872             0.07046375
716809864931.8713             0.14978164
716810842034.3555             -0.18708046
716811819136.8396             -0.10587862
716812796239.3236             0.31783485
716813773341.8077             0.11281084
716814750444.2919             -0.06613905
716815727546.776              0.027907146
716816704649.2601             0.107045695
716817681751.7443             -0.049794838
716818658854.2284             0.18242194
716819635956.7125             0.32812774
716820613059.1967             0.023523714
716821590161.6808             -0.0133759715
716822567264.1649             -0.08477169
716823544366.649              -0.008452173
716824521469.1332             0.041873336
716825498571.6173             0.16653384
716826475674.1014             0.10284068
716827452776.5856             0.27148798
716828429879.0697             0.12926729
716829406981.5538             -0.04567819
716830384084.038              0.017621305
716831361186.5221             -0.2796774
716832338289.0062             -0.022687001
716833315391.4904             0.20516157
716834292493.9745             0.22780237
716835269596.4586             0.23349264
716836246698.9427             0.23033033
716837223801.4269             0.05611162
716838200903.911              0.108784236
716839178006.3951             0.23169185
716840155108.8793             0.119583786
716841132211.3633             -0.045091238
716842109313.8474             -0.09102798
716843086416.3315             -0.24443129
716844063518.8157             -0.012540339
716845040621.2998             0.14267658
716846017723.7839             -0.20630707
716846994826.2681             0.13232139
716847971928.7522             -0.07688556
716848949031.2363             0.18890183
716849926133.7205             0.19711271
716850903236.2046             0.09984169
716851880338.6887             -0.06074538
716852857441.1729             0.18261418
716853834543.657              0.16091797
716854811646.1411             0.41081497
716855788748.6252             0.17774987
716856765851.1094             -0.044736706
716857742953.5935             0.13446529
716858720056.0776             -0.14779095
716859697158.5618             -0.14141871
716860674261.0459             0.05683033
716861651363.53               -0.031165257
716862628466.0142             -0.10897069
716863605568.4983             -0.08766181
716864582670.9824             0.23759289
716865559773.4666             0.068922676
716866536875.9507             0.12955345
716867513978.4348             -0.017341448
716868491080.919              -0.06555974
716869468183.403              -0.12836304
716870445285.8871             0.02408568
716871422388.3712             -0.109219834
716872399490.8553             -0.0074777105
716873376593.3395             0.0075560925
716874353695.8236             0.018495414
716875330798.3077             0.063602805
716876307900.7919             -0.14295498
716877285003.276              -0.31342325
716878262105.7601             -0.15391412
716879239208.2443             0.053860627
716880216310.7284             0.23912631
716881193413.2125             -0.28958184
716882170515.6967             -0.07516241
716883147618.1808             0.0009415099
716884124720.6649             0.00048462325
716885101823.149              0.0025327245
716886078925.6332             0.24348617
716887056028.1173             0.025021335
716888033130.6014             0.066521786
716889010233.0856             -0.2668644
716889987335.5697             -0.26526305
716890964438.0538             0.2531178
716891941540.538              0.2062142
716892918643.0221             -0.15932989
716893895745.5062             0.18950312
716894872847.9904             0.01327344
716895849950.4745             0.24029306
716896827052.9585             -0.08673754
716897804155.4426             -0.02864825
716898781257.9268             0.1462074
716899758360.4109             0.035951737
716900735462.895              0.034712054
716901712565.3792             0.19198985
716902689667.8633             -0.03088765
716903666770.3474             -0.07693961
716904643872.8315             -0.18961078
716905620975.3157             -0.0032166704
716906598077.7998             0.16967411
716907575180.2839             0.3085145
716908552282.7681             0.06497052
716909529385.2522             0.094877005
716910506487.7363             0.2641276
716911483590.2205             -0.25086552
716912460692.7046             -0.034462772
716913437795.1887             -0.014761182
716914414897.6729             -0.0663508
716915392000.157              -0.09182556
716916369102.6411             -0.15796064
716917346205.1252             0.1640958
716918323307.6094             -0.052047186
716919300410.0935             -0.24703021
716920277512.5776             0.06568259
716921254615.0618             -0.015048465
716922231717.5459             0.10259452
716923208820.03               -0.23268545
716924185922.5142             -0.055801906
716925163024.9982             0.23631139
716926140127.4823             0.21960159
716927117229.9664             0.105159715
716928094332.4506             -0.0056964294
716929071434.9347             0.0028164529
716930048537.4188             0.06313843
716931025639.903              0.016148778
716932002742.3871             -0.09580409
716932979844.8712             -0.08386959
716933956947.3553             0.13405478
716934934049.8395             0.2794645
716935911152.3236             0.12742078
716936888254.8077             0.28733316
716937865357.2919             -0.12276694
716938842459.776              -0.070708774
716939819562.2601             -0.100617655
716940796664.7443             -0.12222822
716941773767.2284             0.13069655
716942750869.7125             0.32883763
716943727972.1967             0.11572874
716944705074.6808             0.20795701
716945682177.1649             0.28236797
716946659279.649              0.10874831
716947636382.1332             -0.03984736
716948613484.6173             -0.08835295
716949590587.1014             0.23744096
716950567689.5856             0.2902715
716951544792.0697             -0.02525955
716952521894.5538             0.04741381
716953498997.0378             0.09283707
716954476099.522              -0.016641008
716955453202.0061             -0.1936638
716956430304.4902             0.03329124
716957407406.9744             0.09392324
716958384509.4585             -0.058026623
716959361611.9426             -0.066185705
716960338714.4268             0.013038708
716961315816.9109             0.050213724
716962292919.395              0.083566025
716963270021.8792             -0.2650633
716964247124.3633             -0.26279372
716965224226.8474             -0.05855755
716966201329.3315             0.037417635
716967178431.8157             -0.18564361
716968155534.2998             -0.034303047
716969132636.7839             -0.22927815
716970109739.2681             0.04170042
716971086841.7522             0.14432144
716972063944.2363             0.015252525
716973041046.7205             -0.18987465
716974018149.2046             -0.107353725
716974995251.6887             -0.16147727
716975972354.1729             -0.12255701
716976949456.657              0.21433744
716977926559.1411             -0.058301628
716978903661.6252             -0.028505338
716979880764.1094             -0.06523143
716980857866.5935             -0.32049116
716981834969.0775             -0.31530052
716982812071.5616             -0.16377683
716983789174.0458             0.031827632
716984766276.5299             0.15298499
716985743379.014              -0.034534574
716986720481.4982             0.1966784
716987697583.9823             -0.09812193
716988674686.4664             -0.28723153
716989651788.9506             -0.15993427
716990628891.4347             -0.17216356
716991605993.9188             -0.17902191
716992583096.403              0.093322776
716993560198.8871             0.0023309153
716994537301.3712             0.12576792
716995514403.8553             0.08622532
716996491506.3395             0.012148594
716997468608.8236             -0.046593156
716998445711.3077             0.0074082697
716999422813.7919             0.22129455
717000399916.276              0.020891638
717001377018.7601             0.079429924
717002354121.2443             -0.19232841
717003331223.7284             -0.30040523
717004308326.2125             0.03757444
717005285428.6967             0.16093138
717006262531.1808             0.12493409
717007239633.6649             -0.034971055
717008216736.149              0.071626835
717009193838.6332             -0.20071131
717010170941.1172             -0.09011894
717011148043.6013             -0.07603981
717012125146.0854             -0.14769976
717013102248.5696             -0.20735246
717014079351.0537             -0.025336642
717015056453.5378             0.0098153865
717016033556.022              -0.1665265
717017010658.5061             -0.16773297
717017987760.9902             -0.14451095
717018964863.4744             0.18099254
717019941965.9585             -0.091640204
717020919068.4426             -0.14980793
717021896170.9268             -0.08548837
717022873273.4109             0.103802815
717023850375.895              -0.0009369853
717024827478.3792             0.111977294
717025804580.8633             0.045194108
717026781683.3474             -0.11724722
717027758785.8315             -0.049704753
717028735888.3157             0.043846603
717029712990.7998             -0.041253958
717030690093.2839             -0.1487566
717031667195.7681             0.0148406485
717032644298.2522             0.12957788
717033621400.7363             0.22222891
717034598503.2205             -0.17553669
717035575605.7046             -0.17045672
717036552708.1887             -0.2106118
717037529810.6729             -0.11501041
717038506913.1569             -0.33774891
717039484015.641              -0.081375256
717040461118.1251             0.02332287
717041438220.6093             0.056460902
717042415323.0934             -0.17474863
717043392425.5775             -0.08622805
717044369528.0616             -0.014618947
717045346630.5458             -0.033392552
717046323733.0299             -0.0007779776
717047300835.514              0.06752099
717048277937.9982             -0.015579857
717049255040.4823             -0.024777396
717050232142.9664             -0.10104326
717051209245.4506             -0.52412957
717052186347.9347             -0.4394953
717053163450.4188             -0.32160452
717054140552.903              -0.2817166
717055117655.3871             0.103668295
717056094757.8712             0.04847304
717057071860.3553             0.40516213
717058048962.8395             0.19905412
717059026065.3236             -0.0030541
717060003167.8077             -0.16039723
717060980270.2919             -0.10858159
717061957372.776              0.25746477
717062934475.2601             0.12068702
717063911577.7443             -0.16565879
717064888680.2284             0.1144824
717065865782.7124             0.1711642
717066842885.1965             -0.059844706
717067819987.6807             0.15470119
717068797090.1648             0.10044063
717069774192.6489             0.12291325
717070751295.133              0.052854568
717071728397.6172             0.19871907
717072705500.1013             0.058340315
717073682602.5854             0.044779576
717074659705.0696             -0.075739965
717075636807.5537             -0.023223482
717076613910.0378             0.16135451
717077591012.522              0.25733402
717078568115.0061             0.4551163
717079545217.4902             0.109721005
717080522319.9744             0.17179313
717081499422.4585             0.27786347
717082476524.9426             -0.002934648
717083453627.4268             0.19166608
717084430729.9109             0.30264366
717085407832.395              0.04315434
717086384934.8792             -0.015145837
717087362037.3633             0.10593696
717088339139.8474             0.1658846
717089316242.3315             0.23990263
717090293344.8157             0.27322483
717091270447.2998             0.13447943
717092247549.7839             0.0358106
717093224652.2681             0.06204759
717094201754.7521             0.08454786
717095178857.2362             0.11553468
717096155959.7203             -0.0625365
717097133062.2045             0.15407097
717098110164.6886             0.14230207
717099087267.1727             0.11631507
717100064369.6569             0.035339396
717101041472.141              -0.09979325
717102018574.6251             0.22039704
717102995677.1093             0.10606568
717103972779.5934             -0.017489923
717104949882.0775             -0.08834038
717105926984.5616             -0.08609334
717106904087.0458             0.045816578
717107881189.5299             0.16827835
717108858292.014              0.16802041
717109835394.4982             0.04919531
717110812496.9823             0.29884666
717111789599.4664             0.2868685
717112766701.9506             -0.055559706
717113743804.4347             -0.032064166
717114720906.9188             -0.11640159
717115698009.403              0.06241726
717116675111.8871             0.04358475
717117652214.3712             -0.008442901
717118629316.8553             -0.03319007
717119606419.3395             0.3856861
717120583521.8236             0.36340687
717121560624.3077             0.24997139
717122537726.7917             -0.019496255
717123514829.2759             -0.10735351
717124491931.76               -0.030444017
717125469034.2441             0.043236278
717126446136.7283             0.12632596
717127423239.2124             0.06535845
717128400341.6965             0.26809967
717129377444.1807             0.119451076
717130354546.6648             0.13208856
717131331649.1489             0.16493888
717132308751.633              0.041126393
717133285854.1172             0.093970366
717134262956.6013             -0.11480995
717135240059.0854             0.24397168
717136217161.5696             0.16566698
717137194264.0537             0.09755139
717138171366.5378             -0.05660794
717139148469.022              -0.097711086
717140125571.5061             0.077228196
717141102673.9902             0.39813372
717142079776.4744             0.05995163
717143056878.9585             -0.13075429
717144033981.4426             0.01818239
717145011083.9268             -0.15401964
717145988186.4109             -0.2200777
717146965288.895              -0.032055445
717147942391.3792             0.016504703
717148919493.8633             0.045655265
717149896596.3474             0.044182613
717150873698.8314             -0.035265
717151850801.3156             -0.102265514
717152827903.7997             0.15820318
717153805006.2838             0.19907662
717154782108.768              0.37325874
717155759211.2521             0.21556768
717156736313.7362             -0.11566676
717157713416.2203             -0.051856644
717158690518.7045             -0.10887802
717159667621.1886             -0.046279024
717160644723.6727             -0.29726776
717161621826.1569             0.119799756
717162598928.641              0.11500244
717163576031.1251             0.11858043
717164553133.6093             0.21655229
717165530236.0934             -0.26043746
717166507338.5775             -0.055767562
717167484441.0616             0.029610211
717168461543.5458             0.056008033
717169438646.0299             -0.05551402
717170415748.514              0.08469853
717171392850.9982             0.13724992
717172369953.4823             -0.13036095
717173347055.9664             -0.071863264
717174324158.4506             -0.13923612
717175301260.9347             -0.03792087
717176278363.4188             0.15419438
717177255465.903              0.051890098
717178232568.3871             -0.016128505
717179209670.8711             -0.12497204
717180186773.3552             0.22474493
717181163875.8394             -0.15162085
717182140978.3235             -0.13597055
717183118080.8076             -0.13414997
717184095183.2917             -0.28448147
717185072285.7759             -0.01038846
717186049388.26               -0.07959117
717187026490.7441             -0.2278356
717188003593.2283             -0.05540636
717188980695.7124             0.102407314
717189957798.1965             0.17928162
717190934900.6807             0.2782214
717191912003.1648             0.23539254
717192889105.6489             0.120148025
717193866208.133              0.060278505
717194843310.6172             0.13030748
717195820413.1013             0.21880458
717196797515.5854             0.0037844856
717197774618.0696             -0.026787532
717198751720.5537             -0.07508176
717199728823.0378             -0.16100918
717200705925.522              -0.25935486
717201683028.0061             -0.18042146
717202660130.4902             0.25633147
717203637232.9744             0.03774582
717204614335.4585             -0.09361267
717205591437.9426             0.09459819
717206568540.4268             -0.01454151
717207545642.9108             -0.28758013
717208522745.3949             -0.30486423
717209499847.879              0.07418793
717210476950.3632             -0.14802776
717211454052.8473             -0.22385114
717212431155.3314             0.12671411
717213408257.8156             0.2111038
717214385360.2997             0.095550545
717215362462.7838             0.07994565
717216339565.268              0.01510363
717217316667.7521             0.06593545
717218293770.2362             0.07394052
717219270872.7203             -0.2236357
717220247975.2045             -0.29189304
717221225077.6886             -0.04954302
717222202180.1727             0.07598215
717223179282.6569             0.014429113
717224156385.141              0.010987863
717225133487.6251             0.06919146
717226110590.1093             0.015767818
717227087692.5934             -0.05448891
717228064795.0775             -0.062030163
717229041897.5616             -0.054896057
717230019000.0458             -0.19165196
717230996102.5299             0.06368798
717231973205.014              0.094576366
717232950307.4982             -0.030723108
717233927409.9823             -0.1603515
717234904512.4663             -0.020572595
717235881614.9504             0.29846263
717236858717.4346             -0.09895642
717237835819.9187             -0.033268116
717238812922.4028             -0.056256574
717239790024.887              -0.100975655
717240767127.3711             -0.0759443
717241744229.8552             -0.036450993
717242721332.3394             -0.07633474
717243698434.8235             0.026848039
717244675537.3076             0.21450184
717245652639.7917             -0.049087923
717246629742.2759             -0.14596222
717247606844.76               -0.20395558
717248583947.2441             0.043014698
717249561049.7283             0.15857618
717250538152.2124             0.006523705
717251515254.6965             0.066988476
717252492357.1807             0.063137256
717253469459.6648             -0.14956108
717254446562.1489             -0.023348585
717255423664.633              -0.21888053
717256400767.1172             0.055664204
717257377869.6013             0.07954309
717258354972.0854             -0.045813307
717259332074.5696             0.1986866
717260309177.0537             0.038727514
717261286279.5378             -0.032409504
717262263382.022              0.05788197
717263240484.506              -0.17208299
717264217586.9901             -0.13827069
717265194689.4742             0.06593629
717266171791.9584             0.03416435
717267148894.4425             0.05055222
717268125996.9266             -0.03130827
717269103099.4108             0.12978043
717270080201.8949             0.035105474
717271057304.379              0.22080418
717272034406.8632             0.09192063
717273011509.3473             0.21657696
717273988611.8314             0.26333386
717274965714.3156             0.19555926
717275942816.7997             -0.04741473
717276919919.2838             0.12280408
717277897021.768              -0.15605313
717278874124.2521             0.008416378
717279851226.7362             -0.13689107
717280828329.2203             0.048296478
717281805431.7045             0.14867955
717282782534.1886             0.114341855
717283759636.6727             0.04716637
717284736739.1569             0.016933635
717285713841.641              0.20519046
717286690944.1251             0.05271162
717287668046.6093             0.05274377
717288645149.0934             -0.06245384
717289622251.5775             -0.15279198
717290599354.0616             -0.2337365
717291576456.5457             0.012176677
717292553559.0298             0.084078886
717293530661.5139             0.005633614
717294507763.998              -0.0551033
717295484866.4822             -0.053683065
717296461968.9663             0.16965123
717297439071.4504             -0.103774674
717298416173.9346             -0.022640746
717299393276.4187             0.12037357
717300370378.9028             0.2543757
717301347481.387              0.22150168
717302324583.8711             0.117977515
717303301686.3552             0.14444417
717304278788.8394             0.10027794
717305255891.3235             0.24140184
717306232993.8076             0.01036253
717307210096.2917             -0.16487612
717308187198.7759             0.06425091
717309164301.26               0.1708642
717310141403.7441             -0.13770288
717311118506.2283             -0.33544487
717312095608.7124             -0.14820537
717313072711.1965             -0.0240643
717314049813.6807             0.07467273
717315026916.1648             0.1147031
717316004018.6489             -0.14625782
717316981121.133              -0.10019084
717317958223.6172             0.017779676
717318935326.1013             0.17327958
717319912428.5853             -0.18658735
717320889531.0695             -0.02096042
717321866633.5536             0.114734605
717322843736.0377             0.24666359
717323820838.5219             0.12009296
717324797941.006              0.13477877
717325775043.4901             0.15660936
717326752145.9742             0.06600178
717327729248.4584             0.020665085
717328706350.9425             0.33173868
717329683453.4266             0.005591665
717330660555.9108             0.047783703
717331637658.3949             0.07049418
717332614760.879              0.18122426
717333591863.3632             -0.30783036
717334568965.8473             -0.20754333
717335546068.3314             -0.163087
717336523170.8156             -0.09156495
717337500273.2997             -0.055536862
717338477375.7838             0.16138764
717339454478.268              0.08925702
717340431580.7521             0.19713363
717341408683.2362             -0.038991224
717342385785.7203             0.027869398
717343362888.2045             -0.15557054
717344339990.6886             -0.007837192
717345317093.1727             -0.22652082
717346294195.6569             -0.08228951
717347271298.141              -0.0225654
717348248400.625              -0.0015703358
717349225503.1091             0.2015773
717350202605.5933             0.09302242
717351179708.0774             -0.034921665
717352156810.5615             0.10504833
717353133913.0457             0.03250881
717354111015.5298             -0.0851447
717355088118.0139             0.079781346
717356065220.498              0.049756218
717357042322.9822             -0.09018927
717358019425.4663             0.15897396
717358996527.9504             0.09679687
717359973630.4346             0.050789114
717360950732.9187             0.16051234
717361927835.4028             0.36961457
717362904937.887              0.34849378
717363882040.3711             0.23345226
717364859142.8552             0.064272255
717365836245.3394             0.17403883
717366813347.8235             0.22826609
717367790450.3076             0.023898592
717368767552.7917             0.002927942
717369744655.2759             -0.13077109
717370721757.76               -0.122537345
717371698860.2441             -0.23900633
717372675962.7283             -0.1840422
717373653065.2124             -0.015483029
717374630167.6965             -0.13180418
717375607270.1807             -0.11785067
717376584372.6647             -0.054351874
717377561475.1488             0.1561996
717378538577.6329             -0.1029428
717379515680.1171             -0.15541264
717380492782.6012             0.15771781
717381469885.0853             0.0024137832
717382446987.5695             -0.014224849
717383424090.0536             -0.08008096
717384401192.5377             0.006144135
717385378295.0219             0.2558475
717386355397.506              0.02740275
717387332499.9901             0.05508069
717388309602.4742             0.047479887
717389286704.9584             -0.3452018
717390263807.4425             -0.031832322
717391240909.9266             -0.09073669
717392218012.4108             -0.22572237
717393195114.8949             -0.14934073
717394172217.379              0.11703873
717395149319.8632             -0.27418664
717396126422.3473             -0.11511196
717397103524.8314             -0.13583292
717398080627.3156             0.11246257
717399057729.7997             0.14987476
717400034832.2838             -0.06547027
717401011934.768              -0.06630209
717401989037.2521             -0.14665316
717402966139.7362             -0.05858499
717403943242.2202             -0.037857424
717404920344.7043             0.40399316
717405897447.1885             0.29568464
717406874549.6726             0.019109927
717407851652.1567             -0.008824724
717408828754.6409             0.001913575
717409805857.125              -0.30242425
717410782959.6091             -0.34187943
717411760062.0933             -0.21411517
717412737164.5774             0.0807455
717413714267.0615             -0.05783826
717414691369.5457             -0.133232
717415668472.0298             0.009934891
717416645574.5139             -0.042841874
717417622676.998              -0.14255102
717418599779.4822             -0.13153487
717419576881.9663             0.10955329
717420553984.4504             -0.011382109
717421531086.9346             0.082761206
717422508189.4187             0.15109119
717423485291.9028             0.2878045
717424462394.387              0.20331118
717425439496.8711             0.10493714
717426416599.3552             0.08208842
717427393701.8394             -0.032498866
717428370804.3235             -0.016920755
717429347906.8076             -0.015801309
717430325009.2917             -0.108201094
717431302111.7759             -0.0720653
717432279214.2599             0.036973007
717433256316.744              0.09553301
717434233419.2281             0.08410104
717435210521.7123             0.24579436
717436187624.1964             -0.16288473
717437164726.6805             -0.09921934
717438141829.1647             -0.3792877
717439118931.6488             -0.13880911
717440096034.1329             0.090679795
717441073136.6171             -0.057828948
717442050239.1012             0.010796367
717443027341.5853             -0.009691446
717444004444.0695             -0.2630801
717444981546.5536             -0.088334225
717445958649.0377             0.15493594
717446935751.5219             0.13966143
717447912854.006              -0.033622
717448889956.4901             0.021465905
717449867058.9742             0.1510199
717450844161.4584             0.20912586
717451821263.9425             0.15765367
717452798366.4266             -0.025808189
717453775468.9108             -0.2050458
717454752571.3949             -0.1247747
717455729673.879              0.18824472
717456706776.3632             0.17423198
717457683878.8473             0.25670555
717458660981.3314             -0.015839968
717459638083.8156             -0.105261445
717460615186.2996             0.1659636
717461592288.7837             0.1968916
717462569391.2678             0.16134107
717463546493.752              -0.09827716
717464523596.2361             0.0016008939
717465500698.7202             0.059063174
717466477801.2043             -0.062139735
717467454903.6885             -0.032362588
717468432006.1726             0.011067648
717469409108.6567             0.018633762
717470386211.1409             5.5236276e-05
717471363313.625              -0.17501251
717472340416.1091             0.120849445
717473317518.5933             -0.06376327
717474294621.0774             -0.05951105
717475271723.5615             -0.1656976
717476248826.0457             -0.25534874
717477225928.5298             -0.11972261
717478203031.0139             -0.224526
717479180133.498              -0.13249455
717480157235.9822             0.085439384
717481134338.4663             -0.08558783
717482111440.9504             0.008197124
717483088543.4346             0.013822967
717484065645.9187             0.032130457
717485042748.4028             0.057235826
717486019850.887              0.102360845
717486996953.3711             -0.023217851
717487974055.8552             0.08258734
717488951158.3392             0.054507203
717489928260.8234             0.072155036
717490905363.3075             0.038864695
717491882465.7916             0.13803034
717492859568.2758             -0.03750846
717493836670.7599             -0.16756043
717494813773.244              -0.10054828
717495790875.7281             0.062410884
717496767978.2123             0.03225531
717497745080.6964             0.10902775
717498722183.1805             0.029082526
717499699285.6647             -0.239054
717500676388.1488             -0.3216091
717501653490.6329             -0.05920488
717502630593.1171             0.1804105
717503607695.6012             0.10690254
717504584798.0853             -0.048597768
717505561900.5695             -0.0760152
717506539003.0536             0.035921115
717507516105.5377             -0.020543167
717508493208.0219             -0.1422482
717509470310.506              0.062591806
717510447412.9901             0.030603504
717511424515.4742             0.054010455
717512401617.9584             0.031464837
717513378720.4425             -0.08192382
717514355822.9266             -0.16014117
717515332925.4108             0.056070097
717516310027.8949             -0.1454401
717517287130.3789             -0.12703165
717518264232.863              -0.013767434
717519241335.3472             -0.06726913
717520218437.8313             -0.24972081
717521195540.3154             -0.33219138
717522172642.7996             0.079546124
717523149745.2837             0.109862655
717524126847.7678             -0.020627115
717525103950.252              -0.07510939
717526081052.7361             -0.07689267
717527058155.2202             -0.08505257
717528035257.7043             -0.12131351
717529012360.1885             -0.078693
717529989462.6726             0.052952494
717530966565.1567             0.09073366
717531943667.6409             -0.1570934
717532920770.125              -0.13294454
717533897872.6091             -0.085394226
717534874975.0933             0.04570262
717535852077.5774             -0.023532579
717536829180.0615             0.022488678
717537806282.5457             0.028897587
717538783385.0298             -0.070574425
717539760487.5139             -0.079814665
717540737589.998              -0.049913302
717541714692.4822             -0.09354527
717542691794.9663             0.06878224
717543668897.4504             0.14648767
717544645999.9346             0.047023095
717545623102.4186             0.1679078
717546600204.9027             0.13783175
717547577307.3868             0.024721693
717548554409.871              -0.054381546
717549531512.3551             -0.1019573
717550508614.8392             -0.18882802
717551485717.3234             0.08953784
717552462819.8075             0.0052268505
717553439922.2916             0.10720438
717554417024.7758             0.11714842
717555394127.2599             5.02382e-05
717556371229.744              -0.06554514
717557348332.2281             -0.026288306
717558325434.7123             -0.02323873
717559302537.1964             0.0006454624
717560279639.6805             -0.18603162
717561256742.1647             -0.1940584
717562233844.6488             0.008244177
717563210947.1329             -0.10240037
717564188049.6171             -0.15275945
717565165152.1012             -0.19708307
717566142254.5853             -0.016774049
717567119357.0695             -0.113437824
717568096459.5536             -0.023054061
717569073562.0377             -0.01789934
717570050664.5219             -0.13958067
717571027767.006              0.06073745
717572004869.4901             -0.19240867
717572981971.9741             -0.17163655
717573959074.4583             0.04185167
717574936176.9424             0.04627998
717575913279.4265             0.001040896
717576890381.9106             -0.104306675
717577867484.3948             -0.06890982
717578844586.8789             -0.05879255
717579821689.363              -0.05423286
717580798791.8472             -0.108417444
717581775894.3313             0.053493015
717582752996.8154             0.018479947
717583730099.2996             0.20948592
717584707201.7837             0.22096981
717585684304.2678             0.11052952
717586661406.752              0.0299254
717587638509.2361             0.04440058
717588615611.7202             0.10744951
717589592714.2043             -0.080642164
717590569816.6885             -0.19449224
717591546919.1726             -0.16637619
717592524021.6567             0.01750046
717593501124.1409             -0.22493903
717594478226.625              -0.05111059
717595455329.1091             0.3451865
717596432431.5933             0.24255683
717597409534.0774             0.090130985
717598386636.5615             -0.09439842
717599363739.0457             -0.15539818
717600340841.5298             -0.008092979
717601317944.0138             -0.09111425
717602295046.4979             -0.109695606
717603272148.982              -0.133984
717604249251.4662             0.002836097
717605226353.9503             0.0596819
717606203456.4344             -0.07935763
717607180558.9186             -0.2127622
717608157661.4027             0.0690175
717609134763.8868             -0.08977319
717610111866.371              -0.08110109
717611088968.8551             0.008465328
717612066071.3392             0.08375637
717613043173.8234             -0.124670945
717614020276.3075             -0.031010251
717614997378.7916             -0.30059898
717615974481.2758             -0.08999533
717616951583.7599             0.09783362
717617928686.244              -0.09977069
717618905788.7281             -0.08646067
717619882891.2123             -0.20457782
717620859993.6964             -0.036847077
717621837096.1805             -0.12751335
717622814198.6647             -0.09769805
717623791301.1488             -0.05864582
717624768403.6329             -0.014935046
717625745506.1171             0.11728133
717626722608.6012             0.23379348
717627699711.0853             0.001601664
717628676813.5695             -0.025116822
717629653916.0535             -0.018107018
717630631018.5376             -0.002583844
717631608121.0217             0.017531006
717632585223.5059             -0.049688276
717633562325.99               0.18314584
717634539428.4741             0.07067627
717635516530.9583             -0.14899199
717636493633.4424             -0.109569766
717637470735.9265             0.05332895
717638447838.4106             0.014537393
717639424940.8948             -0.021500817
717640402043.3789             0.03254435
717641379145.863              -0.10930873
717642356248.3472             -0.13918325
717643333350.8313             -0.10900013
717644310453.3154             0.024507867
717645287555.7996             -0.24107647
717646264658.2837             -0.17505127
717647241760.7678             0.07636964
717648218863.252              0.12478729
717649195965.7361             0.01081007
717650173068.2202             -0.14012551
717651150170.7043             0.035152774
717652127273.1885             0.07605184
717653104375.6726             0.09257102
717654081478.1567             0.04680447
717655058580.6409             0.020926928
717656035683.125              -0.06010277
717657012785.6091             -0.20927753
717657989888.0931             -0.19638135
717658966990.5773             -0.38068736
717659944093.0614             -0.24582048
717660921195.5455             -0.16434506
717661898298.0297             -0.01135848
717662875400.5138             -0.092535265
717663852502.9979             -0.0075147464
717664829605.482              0.08722402
717665806707.9662             -0.06790735
717666783810.4503             0.031826217
717667760912.9344             0.051399134
717668738015.4186             0.15783156
717669715117.9027             0.18175945
717670692220.3868             0.07690934
717671669322.871              -0.038199224
717672646425.3551             -0.3060391
717673623527.8392             -0.19341448
717674600630.3234             -0.015279999
717675577732.8075             0.009367421
717676554835.2916             -0.10507005
717677531937.7758             -0.27839395
717678509040.2599             -0.27148104
717679486142.744              -0.28857726
717680463245.2281             0.18122701
717681440347.7123             0.060968295
717682417450.1964             0.032010686
717683394552.6805             -0.062596746
717684371655.1647             -0.007255336
717685348757.6488             0.045033593
717686325860.1328             -0.043358587
717687302962.617              0.10801248
717688280065.1011             0.049921144
717689257167.5852             0.110482395
717690234270.0693             0.08930827
717691211372.5535             0.12046009
717692188475.0376             -0.005856543
717693165577.5217             0.19283767
717694142680.0059             -0.038074072
717695119782.49               -0.15011127
717696096884.9741             -0.07887653
717697073987.4583             0.26679885
717698051089.9424             0.33450994
717699028192.4265             -0.10533645
717700005294.9106             -0.22268745
717700982397.3948             -0.19880924
717701959499.8789             -0.36389688
717702936602.363              -0.20908862
717703913704.8472             0.05372761
717704890807.3313             0.11691127
717705867909.8154             0.0063797445
717706845012.2996             -0.24090768
717707822114.7837             -0.22103487
717708799217.2678             -0.08955279
717709776319.752              -0.05889044
717710753422.2361             -0.048238244
717711730524.7202             -0.11337763
717712707627.2043             -0.2011846
717713684729.6885             -0.034076672
717714661832.1725             0.0007079522
717715638934.6566             0.02593534
717716616037.1407             -0.14741245
717717593139.6249             0.06760317
717718570242.109              0.054393794
717719547344.5931             0.12057851
717720524447.0773             0.13080482
717721501549.5614             -0.14555359
717722478652.0455             -0.07506809
717723455754.5297             0.04822254
717724432857.0138             0.0029475298
717725409959.4979             -0.118312515
717726387061.982              -0.16043739
717727364164.4662             0.050776318
717728341266.9503             -0.107431665
717729318369.4344             0.058093008
717730295471.9186             0.24422684
717731272574.4027             0.25772563
717732249676.8868             -0.13693476
717733226779.371              -0.17788112
717734203881.8551             -0.0008493247
717735180984.3392             0.05211215
717736158086.8234             -0.16564514
717737135189.3075             -0.17175934
717738112291.7916             -0.024366658
717739089394.2758             0.20398706
717740066496.7599             0.011260754
717741043599.244              0.093767375
717742020701.728              -0.073786765
717742997804.2122             -0.14588805
717743974906.6963             -0.29517862
717744952009.1804             -0.15375544
717745929111.6646             0.20848718
717746906214.1487             0.28253463
717747883316.6328             0.03075688
717748860419.117              0.030602742
717749837521.6011             0.02766483
717750814624.0852             -0.1271859
717751791726.5693             -0.21082385
717752768829.0535             0.110830285
717753745931.5376             0.03831902
717754723034.0217             0.03832912
717755700136.5059             0.034686405
717756677238.99               -0.1422623
717757654341.4741             -0.018827403
717758631443.9583             0.017213123
717759608546.4424             0.23458843
717760585648.9265             0.16690233
717761562751.4106             0.21100995
717762539853.8948             0.03311741
717763516956.3789             -0.015989063
717764494058.863              -0.05236605
717765471161.3472             0.00041493415
717766448263.8313             -0.039824
717767425366.3154             -0.13904336
717768402468.7996             -0.1850245
717769379571.2837             -0.12472576
717770356673.7677             0.1641847
717771333776.2518             0.19267426
717772310878.736              0.100946054
717773287981.2201             0.08706291
717774265083.7042             0.097116895
717775242186.1884             -0.08764862
717776219288.6725             0.1631321
717777196391.1566             -0.16704737
717778173493.6407             0.1721452
717779150596.1249             0.004964036
717780127698.609              -0.068599574
717781104801.0931             -0.02142113
717782081903.5773             0.23507255
717783059006.0614             -0.04355697
717784036108.5455             -0.24595228
717785013211.0297             -0.14533563
717785990313.5138             -0.23772429
717786967415.9979             -0.14846218
717787944518.482              -0.001277977
717788921620.9662             0.02298473
717789898723.4503             0.20566528
717790875825.9344             0.18717603
717791852928.4186             0.10708339
717792830030.9027             0.02511145
717793807133.3868             0.04009435
717794784235.871              0.07123348
717795761338.3551             0.20876166
717796738440.8392             -0.04795962
717797715543.3234             -0.10828261
717798692645.8074             0.005294932
717799669748.2915             -0.0078112977
717800646850.7756             -0.28152937
717801623953.2598             0.16608478
717802601055.7439             0.12875564
717803578158.228              0.15804632
717804555260.7122             -0.009550644
717805532363.1963             -0.106395125
717806509465.6804             -0.15692458
717807486568.1646             0.019611925
717808463670.6487             0.038509697
717809440773.1328             0.1296425
717810417875.617              0.024801234
717811394978.1011             -0.019614013
717812372080.5852             0.07287275
717813349183.0693             0.054607272
717814326285.5535             0.019038344
717815303388.0376             0.17509066
717816280490.5217             -0.0652328
717817257593.0059             -0.21905045
717818234695.49               0.048827216
717819211797.9741             0.0701586
717820188900.4583             -0.04464067
717821166002.9424             0.011227239
717822143105.4265             0.029779658
717823120207.9106             0.059612222
717824097310.3948             0.08299757
717825074412.8789             0.12838659
717826051515.363              -0.10989347
717827028617.847              -0.06436402
717828005720.3312             -0.19109936
717828982822.8153             -0.029924026
717829959925.2994             -0.080588184
717830937027.7836             0.09071147
717831914130.2677             0.3755385
717832891232.7518             0.15590678
717833868335.236              -0.14353193
717834845437.7201             -0.1543548
717835822540.2042             -0.0931157
717836799642.6884             0.11235442
717837776745.1725             0.16302836
717838753847.6566             -0.071749866
717839730950.1407             -0.12843107
717840708052.6249             0.061269384
717841685155.109              0.03914476
717842662257.5931             -0.15462019
717843639360.0773             -0.14297573
717844616462.5614             -0.042203672
717845593565.0455             -0.00946721
717846570667.5297             -0.12197496
717847547770.0138             -0.082165726
717848524872.4979             -0.024891673
717849501974.982              0.020445922
717850479077.4662             0.12859172
717851456179.9503             0.12860526
717852433282.4344             0.090111144
717853410384.9186             0.0751311
717854387487.4027             0.15906174
717855364589.8867             0.02026954
717856341692.3708             0.039950088
717857318794.855              -0.26397225
717858295897.3391             -0.23947768
717859272999.8232             -0.0429783
717860250102.3074             -0.033231605
717861227204.7915             -0.1154726
717862204307.2756             -0.051029645
717863181409.7598             0.23509711
717864158512.2439             0.19974206
717865135614.728              0.16258213
717866112717.2122             0.14019795
717867089819.6963             -0.09013674
717868066922.1804             -0.06565691
717869044024.6646             -0.11110212
717870021127.1487             0.03612441
717870998229.6328             -0.06115185
717871975332.117              0.028294524
717872952434.6011             0.023892771
717873929537.0852             0.06764668
717874906639.5693             0.059755504
717875883742.0535             0.11643517
717876860844.5376             0.36283267
717877837947.0217             0.28351495
717878815049.5059             0.012312548
717879792151.99               -0.037707753
717880769254.4741             0.03773897
717881746356.9583             -0.018769562
717882723459.4424             0.006029746
717883700561.9264             0.19067109
717884677664.4105             -0.0027143213
717885654766.8947             0.05677635
717886631869.3788             0.34931526
717887608971.8629             0.1198214
717888586074.347              0.0979487
717889563176.8312             0.017662382
717890540279.3153             -0.0013940729
717891517381.7994             0.05430344
717892494484.2836             0.20129937
717893471586.7677             -0.062093437
717894448689.2518             -0.106401846
717895425791.736              -0.13764782
717896402894.2201             -0.025758587
717897379996.7042             -0.12644655
717898357099.1884             -0.15831561
717899334201.6725             0.20472276
717900311304.1566             0.016800743
717901288406.6407             0.123417884
717902265509.1249             0.09789727
717903242611.609              -0.020313863
717904219714.0931             -0.010399712
717905196816.5773             0.011933417
717906173919.0614             -0.07760421
717907151021.5455             -0.22872962
717908128124.0297             -0.06832703
717909105226.5138             0.0756658
717910082328.9979             0.028609341
717911059431.4819             0.07769309
717912036533.9661             0.17023496
717913013636.4502             0.17380343
717913990738.9343             0.010333331
717914967841.4185             0.069979094
717915944943.9026             -0.052138593
717916922046.3867             -0.045164768
717917899148.8708             0.12123173
717918876251.355              0.14722382
717919853353.8391             0.2929064
717920830456.3232             0.05176228
717921807558.8074             -0.025515864
717922784661.2915             -0.1411022
717923761763.7756             -0.07692239
717924738866.2598             -0.20087607
717925715968.7439             -0.07574169
717926693071.228              -0.054372802
717927670173.7122             -0.09537823
717928647276.1963             0.023061631
717929624378.6804             0.114389
717930601481.1646             0.12840049
717931578583.6487             0.21908562
717932555686.1328             0.031170662
717933532788.617              -0.11204597
717934509891.1011             -0.11687887
717935486993.5852             0.054452684
717936464096.0693             -0.01858644
717937441198.5535             0.084668584
717938418301.0376             0.078449704
717939395403.5216             -0.21688244
717940372506.0057             -0.14689523
717941349608.4899             -0.15788488
717942326710.974              -0.0721634
717943303813.4581             -0.18292284
717944280915.9423             -0.04807404
717945258018.4264             0.05251878
717946235120.9105             -0.06237897
717947212223.3947             0.0880674
717948189325.8788             0.16417842
717949166428.3629             0.022340687
717950143530.847              -0.12259351
717951120633.3312             0.013585826
717952097735.8153             -0.004605179
717953074838.2994             -0.12850413
717954051940.7836             -0.14691338
717955029043.2677             -0.028827976
717956006145.7518             0.0035089313
717956983248.236              0.07578581
717957960350.7201             0.059314724
717958937453.2042             0.067439795
717959914555.6884             0.053371493
717960891658.1725             -0.042684797
717961868760.6566             0.05154329
717962845863.1407             -0.0837625
717963822965.6249             -0.03519738
717964800068.109              -0.013210917
717965777170.5931             -0.025141584
717966754273.0773             0.030998604
717967731375.5613             -0.11756273
717968708478.0454             0.0128618395
717969685580.5295             0.11279941
717970662683.0137             0.04507861
717971639785.4978             0.19263679
717972616887.9819             -0.11053501
717973593990.4661             -0.22533183
717974571092.9502             -0.1361911
717975548195.4343             -0.017383073
717976525297.9185             -0.0131132435
717977502400.4026             -0.14060724
717978479502.8867             0.05556489
717979456605.3708             0.17698261
717980433707.855              0.09167806
717981410810.3391             0.0669694
717982387912.8232             0.007484166
717983365015.3074             0.047337383
717984342117.7915             -0.066258766
717985319220.2756             -0.2618699
717986296322.7598             -0.12127305
717987273425.2439             0.05960849
717988250527.728              0.23599969
717989227630.2122             0.16422136
717990204732.6963             0.056159236
717991181835.1804             -0.03867497
717992158937.6646             0.049652286
717993136040.1487             0.011290762
717994113142.6328             -0.11004171
717995090245.117              0.0027229746
717996067347.601              0.0081725735
717997044450.0851             -0.0020198002
717998021552.5692             -0.095295206
717998998655.0533             0.006675897
717999975757.5375             -0.00763141
718000952860.0216             0.08072429
718001929962.5057             0.025768695
718002907064.9899             -0.28098655
718003884167.474              -0.18617232
718004861269.9581             0.162792
718005838372.4423             0.14608392
718006815474.9264             0.009918822
718007792577.4105             -0.06849027
718008769679.8947             -0.13754807
718009746782.3788             0.08004215
718010723884.8629             0.07536748
718011700987.347              -0.012584268
718012678089.8312             -0.22956455
718013655192.3153             -0.15839492
718014632294.7994             -0.07909284
718015609397.2836             0.041941408
718016586499.7677             -0.0015303473
718017563602.2518             0.13168019
718018540704.736              0.116481885
718019517807.2201             0.022938378
718020494909.7042             -0.22919652
718021472012.1884             0.016111769
718022449114.6725             -0.043098494
718023426217.1566             0.092006706
718024403319.6406             0.1590697
718025380422.1248             0.06541185
718026357524.6089             0.011112254
718027334627.093              0.028522477
718028311729.5771             0.012963152
718029288832.0613             0.16696152
718030265934.5454             0.10285706
718031243037.0295             0.13879667
718032220139.5137             -0.101666324
718033197241.9978             -0.123105474
718034174344.4819             -0.10008133
718035151446.9661             0.11466489
718036128549.4502             0.18065383
718037105651.9343             0.06997291
718038082754.4185             -0.036054503
718039059856.9026             -0.041988943
718040036959.3867             -0.046524867
718040987753.5                -0.08465378
718041014061.8708             0.0057526757
718041964855.984              -0.038004316
718041991164.355              -0.131055
718042941958.468              0.036973257
718042968266.8391             0.08820633
718043919060.952              0.10004421
718043945369.3232             0.19090955
718044896163.436              -0.0693505
718044922471.8074             0.151443
718045873265.92               -0.20839354
718045899574.2915             -0.16576247
718046850368.404              0.13252024
718046876676.7756             -0.35205552
718047827470.8881             0.08000256
718047853779.2598             0.122909494
718048804573.3721             0.24462752
718048830881.7439             -0.025345264
718049781675.8561             0.04213875
718049807984.228              0.07321177
718050758778.3401             -0.2240176
718050785086.7122             -0.011913249
718051735880.8241             0.11414737
718051762189.1963             -0.112520896
718052712983.3081             -0.13438344
718052739291.6803             0.136848
718053690085.7921             0.17682205
718053716394.1644             -0.03615774
718054667188.2761             0.108561255
718054693496.6486             0.1635866
718055644290.76               0.006679779
718055670599.1327             0.07492261
718056621393.244              -0.10149536
718056647701.6168             0.098763786
718057598495.728              0.020417122
718057624804.101              -0.05937752
718058575598.212              0.027344443
718058601906.5851             0.041182477
718059552700.696              0.18265396
718059579009.0692             0.12952642
718060529803.18               -0.028579317
718060556111.5533             0.25785574
718061506905.6641             -0.03228581
718061533214.0375             0.085217275
718062484008.1481             0.09532174
718062510316.5216             0.04621131
718063461110.6321             0.11091475
718063487419.0057             0.17917252
718064438213.1161             0.0067488714
718064464521.4899             0.210901
718065415315.6001             0.07940423
718065441623.974              0.13542442
718066392418.0841             0.0446213
718066418726.4581             0.23021457
718067369520.5681             0.06838381
718067395828.9423             0.06988505
718068346623.0521             -0.18402076
718068372931.4264             -0.0044506593
718069323725.5361             0.04453438
718069350033.9105             -0.09960924
718070300828.0201             -0.10388698
718070327136.3947             0.19750148
718071277930.5042             -0.04075065
718071304238.8788             -0.010765219
718072255032.9882             -0.0667779
718072281341.3629             0.13285944
718073232135.4722             -0.033084832
718073258443.847              -0.048434157
718074209237.9562             0.08066765
718074235546.3312             -0.088922106
718075186340.4402             -0.037482217
718075212648.8153             0.001658264
718076163442.9242             -0.03825119
718076189751.2994             -0.1550614
718077140545.4082             -0.085123256
718077166853.7836             -0.07146157
718078117647.8922             -0.21231802
718078143956.2677             -0.0691783
718079094750.3762             -0.09716174
718079121058.7518             -0.23902974
718080071852.8602             -0.04567146
718080098161.2358             -0.10019172
718081048955.3442             -0.02408312
718081075263.72               -0.009570178
718082026057.8282             -0.033662647
718082052366.2041             -0.12896667
718083003160.3123             0.037865736
718083029468.6882             0.01624337
718083980262.7961             0.06146562
718084006571.1724             0.10365596
718084957365.2802             -0.11920945
718084983673.6565             0.1192834
718085934467.7642             0.06464935
718085960776.1406             -0.10286026
718086911570.2482             0.21284047
718086937878.6248             0.081932634
718087888672.7322             0.0012983227
718087914981.1089             0.09165401
718088865775.2162             -0.002099437
718088892083.593              -0.027837902
718089842877.7002             -0.10185979
718089869186.0771             0.006873709
718090819980.1842             -0.14501715
718090846288.5613             -0.2604166
718091797082.6682             -0.07085761
718091823391.0454             -0.20713349
718092774185.1522             -0.19121715
718092800493.5295             -0.11644557
718093751287.6362             -0.22884561
718093777596.0137             -0.22304596
718094728390.1202             -0.14336202
718094754698.4978             -0.10222383
718095705492.6042             0.05176023
718095731800.9819             -0.02878801
718096682595.0883             0.15158106
718096708903.4661             0.03433673
718097659697.5723             0.006076344
718097686005.9502             0.13408333
718098636800.0563             -0.22010037
718098663108.4343             0.099075146
718099613902.5403             0.12483523
718099640210.9185             -0.16030397
718100591005.0243             0.20142727
718100617313.4026             0.024606124
718101568107.5083             0.11885591
718101594415.8867             0.14779742
718102545209.9923             0.0734994
718102571518.3708             0.07951789
718103522312.4763             -0.11552407
718103548620.855              0.03852048
718104499414.9603             -0.070901476
718104525723.3391             -0.0526411
718105476517.4443             0.027819574
718105502825.8232             0.0906471
718106453619.9283             -0.13141303
718106479928.3074             -0.046878636
718107430722.4124             -0.13484956
718107457030.7915             -0.16294155
718108407824.8964             -0.081183076
718108434133.2755             -0.08044081
718109384927.3804             -0.16762191
718109411235.7596             -0.15228397
718110362029.8644             0.01602967
718110388338.2438             -0.2058181
718111339132.3484             0.0379675
718111365440.7279             0.048332304
718112316234.8323             0.08959774
718112342543.212              0.069732435
718113293337.3163             -0.12625138
718113319645.6962             -0.054024074
718114270439.8003             0.1566971
718114296748.1803             -0.2562144
718115247542.2843             -0.020134509
718115273850.6644             0.08735745
718116224644.7683             0.08808966
718116250953.1486             -0.010936419
718117201747.2523             -0.12319026
718117228055.6327             0.11370661
718118178849.7363             0.051680896
718118205158.1168             -0.11903478
718119155952.2203             -0.08975824
718119182260.601              -0.06614689
718120133054.7043             0.051881388
718120159363.0851             -0.21286839
718121110157.1884             0.14210868
718121136465.5692             0.20051529
718122087259.6724             -0.03435309
718122113568.0533             0.27682355
718123064362.1564             -0.024580965
718123090670.5375             -0.010838468
718124041464.6404             0.22002983
718124067773.0216             0.02989163
718125018567.1244             0.1880344
718125044875.5057             0.2053989
718125995669.6084             0.18279977
718126021977.9899             0.26286963
718126972772.0924             0.17265259
718126999080.474              0.15081327
718127949874.5764             0.2199359
718127976182.9581             0.13581125
718128926977.0604             0.1790284
718128953285.4423             0.18067534
718129904079.5444             0.0660182
718129930387.9264             0.07870917
718130881182.0284             -0.041455373
718130907490.4105             -0.09009058
718131858284.5125             -0.1384482
718131884592.8947             0.0787052
718132835386.9965             0.17560017
718132861695.3788             0.02623319
718133812489.4805             0.20419551
718133838797.8629             0.07108662
718134789591.9645             0.10310431
718134815900.347              0.12578829
718135766694.4485             -0.08067836
718135793002.8312             0.001649946
718136743796.9325             -0.21419045
718136770105.3152             -0.102287926
718137720899.4165             -0.058277957
718137747207.7993             -0.2592233
718138698001.9005             -0.15613976
718138724310.2834             -0.035465155
718139675104.3844             0.1003012
718139701412.7676             -0.10759301
718140652206.8684             -0.071705654
718140678515.2517             -0.044628996
718141629309.3524             0.07825932
718141655617.7358             -0.09809936
718142606411.8364             -0.2028829
718142632720.22               -0.06725625
718143583514.3204             -0.116447866
718143609822.7041             -0.16799098
718144560616.8044             0.041075006
718144586925.1882             -0.098126665
718145537719.2885             -0.2044425
718145564027.6724             0.01223974
718146514821.7725             -0.028910963
718146541130.1565             -0.10381764
718147491924.2565             0.2952785
718147518232.6406             0.07240722
718148469026.7405             0.35802242
718148495335.1248             0.2983583
718149446129.2245             0.06154333
718149472437.6089             0.38662422
718150423231.7085             0.060280867
718150449540.093              0.18553707
718151400334.1925             -0.0071938606
718152377436.6765             -0.045477994
718153354539.1605             -0.0736871
718154331641.6445             -0.13567844
718155308744.1285             0.07125935
718156285846.6125             0.115735255
718157262949.0966             -0.114645705
718158240051.5806             0.060508315
718159217154.0646             0.051708978
718160194256.5486             0.19511713
718161171359.0326             0.06379552
718162148461.5166             0.1259588
718163125564.0006             -0.0321551
718164102666.4846             -0.19403479
718165079768.9686             -0.15993132
718166056871.4526             0.04650288
718167033973.9366             0.13213159
718168011076.4205             -0.021286659
718168988178.9045             0.0068314904
718169965281.3885             -0.05812531
718170942383.8726             -0.11690827
718171919486.3566             -0.033314016
718172896588.8406             -0.07547483
718173873691.3246             -0.07734501
718174850793.8086             0.04225394
718175827896.2926             -0.12129281
718176804998.7766             -0.013454928
718177782101.2606             0.20060727
718178759203.7446             -0.14039792
718179736306.2286             0.02064036
718180713408.7126             0.0226927
718181690511.1967             0.039674785
718182667613.6807             -0.00887983
718183644716.1647             -0.18820757
718184621818.6487             -0.19065331
718185598921.1327             -0.10445638
718186576023.6167             0.007017167
718187553126.1007             0.019734954
718188530228.5847             0.10554932
718189507331.0687             0.07606613
718190484433.5527             -0.18146186
718191461536.0367             -0.07806658
718192438638.5208             0.026411852
718193415741.0048             0.060570665
718194392843.4888             0.028221546
718195369945.9728             -0.013554012
718196347048.4567             -0.07456998
718197324150.9407             0.008184946
718198301253.4247             0.035282698
718199278355.9087             0.09814496
718200255458.3927             0.19175237
718201232560.8767             0.13443907
718202209663.3607             0.0327593
718203186765.8447             -0.14592327
718204163868.3287             -0.19265893
718205140970.8127             -0.049754404
718206118073.2968             -0.06027191
718207095175.7808             -0.0884077
718208072278.2648             0.066445716
718209049380.7488             0.18823667
718210026483.2328             0.04955312
718211003585.7168             -0.10572176
718211980688.2008             -0.0018068394
718212957790.6848             0.16196339
718213934893.1688             0.2297858
718214911995.6528             -0.15450375
718215889098.1368             -0.05232695
718216866200.6208             -0.060859244
718217843303.1049             0.18200478
718218820405.5889             0.064412825
718219797508.0729             0.09241765
718220774610.5569             -0.02898644
718221751713.0409             0.14460488
718222728815.5249             0.32904714
718223705918.0089             -0.09200338
718224683020.4928             0.0025897704
718225660122.9768             -0.1739235
718226637225.4608             0.028930027
718227614327.9448             0.0363604
718228591430.4288             -0.30420953
718229568532.9128             -0.33593386
718230545635.3969             -0.11392051
718231522737.8809             0.32251528
718232499840.3649             -0.25757247
718233476942.8489             -0.3411732
718234454045.3329             -0.09648405
718235431147.8169             0.039552994
718236408250.3009             0.07191583
718237385352.7849             -0.15058656
718238362455.2689             -0.37641478
718239339557.7529             -0.09480506
718240316660.2369             -0.015279332
718241293762.721              -0.22319442
718242270865.205              0.025002746
718243247967.689              0.02552795
718244225070.173              -0.036541443
718245202172.657              -0.013337592
718246179275.141              0.14467883
718247156377.625              -0.027641272
718248133480.109              0.19779778
718249110582.593              0.07944162
718250087685.077              -0.13072011
718251064787.561              -0.32658115
718252041890.045              -0.053342022
718253018992.5289             0.09082223
718253996095.013              0.35474086
718254973197.497              0.28281447
718255950299.981              -0.006148582
718256927402.465              0.054389402
718257904504.949              -0.16431332
718258881607.433              -0.023812866
718259858709.917              -0.019538196
718260835812.401              -0.26221046
718261812914.885              0.3086771
718262790017.369              0.13812931
718263767119.853              -0.03753966
718264744222.337              0.01905435
718265721324.821              0.18225884
718266698427.305              0.09608607
718267675529.7891             -0.31273845
718268652632.2731             -0.2132747
718269629734.7571             -0.30150545
718270606837.2411             -0.2991334
718271583939.7251             0.21848367
718272561042.2091             -0.14760607
718273538144.6931             0.6990162
718274515247.1771             0.32733327
718275492349.6611             0.20182413
718276469452.1451             0.12955593
718277446554.6292             -0.04558597
718278423657.1132             -0.15882923
718279400759.5972             0.11393226
718280377862.0812             -0.3217101
718281354964.5651             -0.4044192
718282332067.0491             -0.45665833
718283309169.5331             0.09951067
718284286272.0171             0.19671345
718285263374.5011             -0.08159402
718286240476.9851             -1.1028624
718287217579.4691             -0.47616357
718288194681.9531             0.0014719391
718289171784.4371             0.20746076
718290148886.9211             0.24875978
718291125989.4052             -0.18807666
718292103091.8892             -0.25166535
718293080194.3732             -0.025638483
718294057296.8572             0.26068896
718295034399.3412             0.21318571
718296011501.8252             0.7457845
718296988604.3092             0.2801657
718297965706.7932             0.15563922
718298942809.2772             0.30884862
718299919911.7612             -0.07820949
718300897014.2452             0.09398418
718301874116.7292             -0.22624737
718302851219.2133             -0.2710342
718303828321.6973             -0.11605777
718304805424.1813             0.044925094
718305782526.6653             0.1436024
718306759629.1493             -0.0880897
718307736731.6333             0.05626302
718308713834.1172             0.32280013
718309690936.6012             0.021536622
718310668039.0852             -0.14523941
718311645141.5692             0.022641512
718312622244.0532             0.09484031
718313599346.5372             -0.1506134
718314576449.0212             -0.046277087
718315553551.5052             -0.090764865
718316530653.9893             0.091111206
718317507756.4733             0.1025346
718318484858.9573             -0.15249269
718319461961.4413             -0.14448187
718320439063.9253             -0.010132466
718321416166.4093             -0.1009698
718322393268.8933             -0.12459003
718323370371.3773             0.18835698
718324347473.8613             -0.007319453
718325324576.3453             0.07993435
718326301678.8293             0.11824197
718327278781.3134             0.2547429
718328255883.7974             0.18560857
718329232986.2814             0.21643242
718330210088.7654             0.08366974
718331187191.2494             0.04776321
718332164293.7334             0.2507896
718333141396.2174             0.0108236745
718334118498.7014             -0.14765915
718335095601.1854             -0.16187906
718336072703.6694             -0.19247417
718337049806.1533             -0.11603103
718338026908.6373             -0.0753853
718339004011.1213             0.17569183
718339981113.6053             0.34672284
718340958216.0894             0.001438482
718341935318.5734             -0.118776284
718342912421.0574             -0.031049406
718343889523.5414             0.011633047
718344866626.0254             -0.0438956
718345843728.5094             -0.21367219
718346820830.9934             0.009842732
718347797933.4774             0.03072554
718348775035.9614             0.001426621
718349752138.4454             -0.04664229
718350729240.9294             -0.06578209
718351706343.4135             0.08005409
718352683445.8975             -0.14402144
718353660548.3815             0.18571472
718354637650.8655             -0.025474604
718355614753.3495             0.16156404
718356591855.8335             0.253932
718357568958.3175             0.14183597
718358546060.8015             0.13146034
718359523163.2855             -0.25870103
718360500265.7695             -0.2672867
718361477368.2535             -0.18743563
718362454470.7375             -0.07975036
718363431573.2216             0.18794794
718364408675.7056             0.22824007
718365385778.1895             0.045944143
718366362880.6735             0.103137925
718367339983.1575             -0.059685502
718368317085.6415             -0.056660116
718369294188.1255             -0.041791458
718370271290.6095             -0.12037353
718371248393.0935             -0.13695325
718372225495.5775             -0.0020125783
718373202598.0615             -0.024025757
718374179700.5455             0.045026444
718375156803.0295             -0.059912518
718376133905.5135             -0.119006895
718377111007.9976             -0.18693165
718378088110.4816             -0.035056565
718379065212.9656             0.07772038
718380042315.4496             -0.05529052
718381019417.9336             -0.10633699
718381996520.4176             -0.0078021553
718382973622.9016             -0.10200639
718383950725.3856             0.0181956
718384927827.8696             -0.04754764
718385904930.3536             -0.0947683
718386882032.8376             -0.036079843
718387859135.3217             0.28839967
718388836237.8057             0.25928804
718389813340.2897             0.050789826
718390790442.7737             -0.08667551
718391767545.2577             0.036609095
718392744647.7417             0.087656416
718393721750.2256             -0.0080219675
718394698852.7096             -0.22731456
718395675955.1936             -0.031648815
718396653057.6776             0.0962063
718397630160.1616             0.07601605
718398607262.6456             -0.19103873
718399584365.1296             0.05695565
718400561467.6136             0.10356024
718401538570.0977             -0.27990362
718402515672.5817             0.038524605
718403492775.0657             0.030788742
718404469877.5497             0.24186818
718405446980.0337             0.22920166
718406424082.5177             0.105373174
718407401185.0017             -0.013419108
718408378287.4857             0.039708357
718409355389.9697             0.08179154
718410332492.4537             0.2433944
718411309594.9377             0.16366914
718412286697.4218             0.1513292
718413263799.9058             0.17434104
718414240902.3898             0.01200414
718415218004.8738             0.015072781
718416195107.3578             -0.06159799
718417172209.8418             -0.03321662
718418149312.3258             0.22630222
718419126414.8098             0.025320198
718420103517.2938             -0.021255272
718421080619.7778             0.0770198
718422057722.2617             0.074263826
718423034824.7457             0.15442032
718424011927.2297             0.1361208
718424989029.7137             0.056034815
718425966132.1978             0.13229673
718426943234.6818             -0.056055766
718427920337.1658             0.016743956
718428897439.6498             -0.037825223
718429874542.1338             -0.17684826
718430851644.6178             0.014769422
718431828747.1018             0.05391426
718432805849.5858             0.10797082
718433782952.0698             0.02769711
718434760054.5538             0.00044380367
718435737157.0378             0.023964906
718436714259.5219             -0.025836982
718437691362.0059             0.08042087
718438668464.4899             0.018664809
718439645566.9739             -0.08333368
718440622669.4579             0.021909898
718441599771.9419             -0.09701234
718442576874.4259             -0.11362563
718443553976.9099             -0.13951844
718444531079.3939             -0.24746704
718445508181.8779             -0.22709432
718446485284.3619             0.17600605
718447462386.846              0.29730985
718448439489.33               0.1660462
718449416591.814              -0.10803901
718450393694.2979             0.031091893
718451370796.7819             0.045473155
718452347899.2659             0.026906049
718453325001.7499             -0.024877004
718454302104.2339             -0.015884556
718455279206.7179             0.024352286
718456256309.2019             -0.20808677
718457233411.6859             -0.007325831
718458210514.1699             0.12311396
718459187616.6539             0.30406272
718460164719.138              0.040646344
718461141821.622              0.06307583
718462118924.106              0.054918326
718463096026.59               -0.25490582
718464073129.074              0.041306082
718465050231.558              0.038312085
718466027334.042              -0.032105416
718467004436.526              -0.027552398
718467981539.01               0.13035975
718468958641.494              0.051354907
718469935743.978              -0.034375284
718470912846.462              -0.017805338
718471889948.946              0.023211338
718472867051.43               -0.15325257
718473844153.9141             0.0144970445
718474821256.3981             -0.031210499
718475798358.8821             0.17473271
718476775461.3661             -0.036359124
718477752563.85               0.031014252
718478729666.334              -0.040592913
718479706768.818              0.1750156
718480683871.302              0.09669739
718481660973.786              0.114611275
718482638076.27               0.017229099
718483615178.754              -0.06407031
718484592281.238              0.049207415
718485569383.722              0.04666889
718486546486.206              -0.21499118
718487523588.6901             -0.04690984
718488500691.1741             0.089642555
718489477793.6581             0.17263879
718490454896.1421             0.06615133
718491431998.6261             0.10276942
718492409101.1101             -0.0865575
718493386203.5941             -0.04289411
718494363306.0781             -0.046883706
718495340408.5621             0.00610223
718496317511.0461             -0.0065737055
718497294613.5302             -0.0695344
718498271716.0142             -0.08376032
718499248818.4982             -0.024129083
718500225920.9822             -0.13317259
718501203023.4662             -0.11728037
718502180125.9502             0.03301103
718503157228.4342             -0.00991948
718504134330.9182             -0.037392117
718505111433.4022             -0.09090456
718506088535.8861             -0.07079748
718507065638.3701             0.034215346
718508042740.8541             -0.025111264
718509019843.3381             -0.022608994
718509996945.8221             -0.038836934
718510974048.3062             -0.012369049
718511951150.7902             -0.06935233
718512928253.2742             -0.09540996
718513905355.7582             -0.038224835
718514882458.2422             0.021770986
718515859560.7262             0.14445251
718516836663.2102             -0.018151155
718517813765.6942             -0.002293231
718518790868.1782             -0.15756856
718519767970.6622             0.043611623
718520745073.1462             0.17931432
718521722175.6302             0.16457963
718522699278.1143             0.06593327
718523676380.5983             -0.06377801
718524653483.0823             0.052902944
718525630585.5663             -0.098693915
718526607688.0503             -0.06807442
718527584790.5343             -0.22306609
718528561893.0183             -0.18620105
718529538995.5023             -0.118032336
718530516097.9863             -0.053021975
718531493200.4703             -0.0074620624
718532470302.9543             -0.09803019
718533447405.4384             -0.26716846
718534424507.9222             -0.107921556
718535401610.4062             -0.18053521
718536378712.8903             -0.23565373
718537355815.3743             -0.0021797628
718538332917.8583             -0.1459419
718539310020.3423             0.107177936
718540287122.8263             0.08697741
718541264225.3103             0.25330693
718542241327.7943             0.022614898
718543218430.2783             -0.04446972
718544195532.7623             0.022198737
718545172635.2463             0.029853815
718546149737.7303             -0.07570459
718547126840.2144             0.058572967
718548103942.6984             -0.03356201
718549081045.1824             0.13078287
718550058147.6664             0.065203674
718551035250.1504             -0.0014800783
718552012352.6344             0.3071408
718552989455.1184             0.16222891
718553966557.6024             -0.05121177
718554943660.0864             0.09060676
718555920762.5704             0.16187647
718556897865.0544             -0.024534378
718557874967.5385             0.08866893
718558852070.0225             0.00013047182
718559829172.5065             0.16714029
718560806274.9905             0.1690527
718561783377.4745             0.13303177
718562760479.9584             0.09495939
718563737582.4424             0.10528117
718564714684.9264             0.010187251
718565691787.4104             -0.088934034
718566668889.8944             -0.0128017645
718567645992.3784             -0.20722267
718568623094.8624             -0.13346006
718569600197.3464             0.010818887
718570577299.8304             0.107258454
718571554402.3145             -0.067240134
718572531504.7985             -0.030320765
718573508607.2825             -0.2218796
718574485709.7665             0.042746734
718575462812.2505             0.13758917
718576439914.7345             -0.048050098
718577417017.2185             0.029472016
718578394119.7025             -0.22857691
718579371222.1865             0.074651524
718580348324.6705             0.14861153
718581325427.1545             0.14399746
718582302529.6385             0.15720642
718583279632.1226             0.08354763
718584256734.6066             -0.112770945
718585233837.0906             -0.18334763
718586210939.5746             -0.0730287
718587188042.0586             -0.1304593
718588165144.5426             0.010882233
718589142247.0266             0.021014612
718590119349.5106             0.013466945
718591096451.9945             0.0781669
718592073554.4785             -0.05762898
718593050656.9625             -0.1782363
718594027759.4465             -0.10086791
718595004861.9305             0.0955872
718595981964.4146             0.14818402
718596959066.8986             0.12959674
718597936169.3826             0.14191103
718598913271.8666             0.086705714
718599890374.3506             0.15716858
718600867476.8346             0.01402917
718601844579.3186             0.038141172
718602821681.8026             -0.03706094
718603798784.2866             -0.03780905
718604775886.7706             -0.2525977
718605752989.2546             -0.17007804
718606730091.7386             -0.2388209
718607707194.2227             -0.052366726
718608684296.7067             -0.047140855
718609661399.1907             0.1941314
718610638501.6747             -0.106342964
718611615604.1587             -0.1920724
718612592706.6427             -0.13809653
718613569809.1267             -0.2080732
718614546911.6107             -0.052381136
718615524014.0947             -0.18283771
718616501116.5787             -0.12280462
718617478219.0627             -0.072361134
718618455321.5468             0.056363035
718619432424.0306             -0.007635408
718620409526.5146             0.07526788
718621386628.9987             -0.09776256
718622363731.4827             -0.018537482
718623340833.9667             0.08670993
718624317936.4507             0.04260291
718625295038.9347             -0.14085415
718626272141.4187             -0.18817998
718627249243.9027             0.008592247
718628226346.3867             0.11019369
718629203448.8707             -0.16119805
718630180551.3547             -0.11864267
718631157653.8387             0.014710082
718632134756.3228             -0.036215197
718633111858.8068             0.16455746
718634088961.2908             0.20877194
718635066063.7748             0.1809288
718636043166.2588             -0.05748588
718637020268.7428             -0.013859329
718637997371.2268             -0.028101653
718638974473.7108             -0.07559153
718639951576.1948             -0.08472743
718640928678.6788             0.17661078
718641905781.1628             0.4171111
718642882883.6469             0.2745164
718643859986.1309             -0.20987341
718644837088.6149             -0.16755688
718645814191.0989             -0.07327269
718646791293.5828             -0.19888958
718647768396.0668             -0.19064575
718648745498.5508             0.03757929
718649722601.0348             0.17177093
718650699703.5188             -0.08979741
718651676806.0028             -0.006187594
718652653908.4868             0.00024663564
718653631010.9708             -0.09691877
718654608113.4548             -0.10412751
718655585215.9388             0.009003111
718656562318.4229             0.19232917
718657539420.9069             0.053142916
718658516523.3909             0.08151487
718659493625.8749             0.08566917
718660470728.3589             0.085557856
718661447830.8429             -0.021060007
718662424933.3269             0.031037372
718663402035.8109             -0.037644047
718664379138.2949             0.029225232
718665356240.7789             -0.09635275
718666333343.263              0.026821429
718667310445.747              -0.075173505
718668287548.231              -0.08795523
718669264650.715              -0.060317986
718670241753.199              -0.11549426
718671218855.683              -0.18137209
718672195958.167              -0.08715186
718673173060.651              -0.009219348
718674150163.135              -0.058770195
718675127265.6189             0.11763658
718676104368.1029             0.10395032
718677081470.5869             -0.16804312
718678058573.0709             -0.11490539
718679035675.5549             -0.0040634964
718680012778.039              0.005873906
718680989880.523              0.058830865
718681966983.007              0.03317427
718682944085.491              0.022040773
718683921187.975              0.1021915
718684898290.459              -0.3028542
718685875392.943              -0.088579476
718686852495.427              0.1633987
718687829597.911              0.078724265
718688806700.395              -0.06315201
718689783802.879              -0.16747685
718690760905.363              -0.17284533
718691738007.847              0.080289416
718692715110.331              0.15210295
718693692212.8151             0.13680367
718694669315.2991             -0.0539825
718695646417.7831             -0.14581028
718696623520.2671             -0.23066336
718697600622.7511             -0.17409216
718698577725.2351             -0.1719249
718699554827.7191             -0.12234055
718700531930.2031             -0.011430938
718701509032.6871             -0.0075699296
718702486135.1711             -0.2412525
718703463237.655              -0.2478758
718704440340.139              0.14805354
718705417442.623              0.15506883
718706394545.107              0.13537395
718707371647.5911             0.062058575
718708348750.0751             0.10642796
718709325852.5591             0.02761176
718710302955.0431             -0.07278374
718711280057.5271             -0.03868974
718712257160.0111             -0.03669075
718713234262.4951             0.031932503
718714211364.9791             0.029795345
718715188467.4631             -0.0027716667
718716165569.9471             0.02587321
718717142672.4312             -0.07525814
718718119774.9152             0.011330257
718719096877.3992             0.062516734
718720073979.8832             -0.013571074
718721051082.3672             -0.18306349
718722028184.8512             -0.2759071
718723005287.3352             -0.111975655
718723982389.8192             -0.07833243
718724959492.3032             0.07024214
718725936594.7872             -0.067021646
718726913697.2712             -0.04305209
718727890799.7552             0.06550928
718728867902.2393             0.15890981
718729845004.7233             -0.06526283
718730822107.2073             0.13401105
718731799209.6912             0.13102667
718732776312.1752             -0.102176
718733753414.6592             -0.09811185
718734730517.1432             0.084170595
718735707619.6272             0.15637219
718736684722.1112             0.08040942
718737661824.5952             -0.1097891
718738638927.0792             0.15948229
718739616029.5632             -0.006645539
718740593132.0472             0.046515312
718741570234.5312             0.11174244
718742547337.0153             -0.024597107
718743524439.4993             -0.009505906
718744501541.9833             -0.15647897
718745478644.4673             0.008033266
718746455746.9513             -0.0843488
718747432849.4353             0.0058590947
718748409951.9193             0.09899657
718749387054.4033             0.24970944
718750364156.8873             -0.03595372
718751341259.3713             0.05938686
718752318361.8553             -0.090692915
718753295464.3394             0.016069433
718754272566.8234             -0.0753554
718755249669.3074             -0.04351559
718756226771.7914             0.016153276
718757203874.2754             0.18001193
718758180976.7594             0.030525105
718759158079.2434             -0.18144429
718760135181.7273             -0.11636812
718761112284.2113             0.2450026
718762089386.6953             0.065049864
718763066489.1793             -0.08775677
718764043591.6633             -0.084453136
718765020694.1473             0.095491566
718765997796.6313             -0.011736548
718766974899.1154             -0.065446466
718767952001.5994             0.09792371
718768929104.0834             -0.034142442
718769906206.5674             0.24411717
718770883309.0514             -0.05908218
718771860411.5354             -0.06485928
718772837514.0194             -0.015270236
718773814616.5034             -0.036906037
718774791718.9874             -0.050514188
718775768821.4714             -0.0504094
718776745923.9554             0.04652422
718777723026.4395             -0.11901916
718778700128.9235             -0.12581211
718779677231.4075             0.12362938
718780654333.8915             0.04573386
718781631436.3755             -0.08136344
718782608538.8595             0.11260093
718783585641.3435             0.011479006
718784562743.8275             -0.044291396
718785539846.3115             -0.007923986
718786516948.7955             -0.051014356
718787494051.2795             0.068684556
718788471153.7634             -0.003982308
718789448256.2474             -0.014516678
718790425358.7314             -0.31065547
718791402461.2155             -0.040418725
718792379563.6995             0.11148059
718793356666.1835             -0.03568782
718794333768.6675             -0.050206523
718795310871.1515             -0.014848177
718796287973.6355             -0.11874353
718797265076.1195             -0.038557827
718798242178.6035             0.046387836
718799219281.0875             -0.041145492
718800196383.5715             -0.04817868
718801173486.0555             -0.0017891268
718802150588.5396             0.030861294
718803127691.0236             0.032380812
718804104793.5076             -0.1966247
718805081895.9916             -0.097053654
718806058998.4756             -0.15097393
718807036100.9596             0.060740497
718808013203.4436             -0.10959196
718808990305.9276             -0.21903215
718809967408.4116             0.0093666585
718810944510.8956             -0.06842374
718811921613.3796             0.016291589
718812898715.8636             0.06252932
718813875818.3477             0.091216646
718814852920.8317             -0.052073564
718815830023.3156             -0.32125574
718816807125.7996             -0.09541563
718817784228.2836             0.054265745
718818761330.7676             -0.033028256
718819738433.2516             0.09265225
718820715535.7356             -0.035902604
718821692638.2196             -0.09794698
718822669740.7036             0.12871829
718823646843.1876             0.1906489
718824623945.6716             -0.11302705
718825601048.1556             -0.04403391
718826578150.6396             -0.07410284
718827555253.1237             -0.079066046
718828532355.6077             0.04104522
718829509458.0917             -0.060775455
718830486560.5757             0.08649024
718831463663.0597             0.121191174
718832440765.5437             0.11829282
718833417868.0277             0.10647376
718834394970.5117             -0.11999989
718835372072.9957             -0.22863613
718836349175.4797             -0.3303806
718837326277.9637             -0.24219663
718838303380.4478             -0.123960085
718839280482.9318             0.029237313
718840257585.4158             0.13664755
718841234687.8998             -0.13850376
718842211790.3838             -0.22702739
718843188892.8678             -0.26817793
718844165995.3517             -0.093773074
718845143097.8357             0.12889898
718846120200.3197             -0.0049492773
718847097302.8037             -0.068768755
718848074405.2877             0.12427277
718849051507.7717             -0.07253628
718850028610.2557             -0.1857827
718851005712.7397             -0.18202
718851982815.2238             0.1088006
718852959917.7078             0.13817096
718853937020.1918             -0.05462208
718854914122.6758             0.13914584
718855891225.1598             0.036421824
718856868327.6438             0.07060776
718857845430.1278             -0.08434813
718858822532.6118             -0.019255811
718859799635.0958             0.059604
718860776737.5798             0.031448014
718861753840.0638             -0.26801902
718862730942.5479             -0.3992274
718863708045.0319             -0.109940164
718864685147.5159             0.15677455
718865662249.9999             0.021047933
718866639352.4839             0.07779799
718867616454.9679             0.044053912
718868593557.4519             -0.002235985
718869570659.9359             -0.14011319
718870547762.4199             -0.12241082
718871524864.9039             -0.061591174
718872501967.3878             -0.0027590997
718873479069.8718             0.17896265
718874456172.3558             0.123667106
718875433274.8398             0.07308764
718876410377.3239             -0.14408238
718877387479.8079             -0.052163754
718878364582.2919             -0.02126419
718879341684.7759             0.119650826
718880318787.2599             -0.0010871473
718881295889.7439             0.10823118
718882272992.2279             0.089211434
718883250094.7119             -0.027820474
718884227197.1959             -0.05755603
718885204299.6799             0.17377847
718886181402.164              -0.07405451
718887158504.648              -0.12761755
718888135607.132              -0.014019537
718889112709.616              -0.03554366
718890089812.1                0.08888695
718891066914.584              0.24480075
718892044017.068              0.059313707
718893021119.552              -0.1360684
718893998222.036              0.15167862
718894975324.52               0.14891368
718895952427.004              0.0072056227
718896929529.488              -0.1540099
718897906631.972              -0.15523826
718898883734.456              -0.069697686
718899860836.9401             -0.04248812
718900837939.424              -0.10318647
718901815041.908              -0.01940264
718902792144.392              -0.11593688
718903769246.876              -0.06964852
718904746349.36               0.14664638
718905723451.844              0.0035793914
718906700554.328              -0.0767265
718907677656.812              -0.045600463
718908654759.296              -0.1599065
718909631861.78               -0.19354764
718910608964.264              0.07436008
718911586066.748              0.2173298
718912563169.232              0.09252833
718913540271.7161             0.10407413
718914517374.2001             0.09285084
718915494476.6841             0.18003447
718916471579.1681             -0.018985227
718917448681.6521             -0.007515377
718918425784.1361             -0.014167031
718919402886.6201             0.06719339
718920379989.1041             0.035506368
718921357091.5881             -0.1343304
718922334194.0721             -0.024651477
718923311296.5562             0.11044495
718924288399.0402             0.046620417
718925265501.5242             -0.029205816
718926242604.0082             -0.013198159
718927219706.4922             0.005572145
718928196808.9762             0.018787447
718929173911.4601             0.021170653
718930151013.9441             -0.04729152
718931128116.4281             -0.15515059
718932105218.9121             0.08075748
718933082321.3961             0.04264408
718934059423.8801             -0.04919582
718935036526.3641             -0.08633988
718936013628.8481             0.17899919
718936990731.3322             0.17268959
718937967833.8162             0.13176577
718938944936.3002             0.07056693
718939922038.7842             -0.07903795
718940899141.2682             -0.06750557
718941876243.7522             -0.01498275
718942853346.2362             -0.10172607
718943830448.7202             -0.16858879
718944807551.2042             -0.2044776
718945784653.6882             -0.06207263
718946761756.1722             -0.0057170084
718947738858.6562             0.019181589
718948715961.1403             0.047373403
718949693063.6243             0.013398729
718950670166.1083             -0.044925686
718951647268.5923             -0.02822466
718952624371.0763             -0.13611907
718953601473.5603             -0.06135146
718954578576.0443             -0.16964537
718955555678.5283             0.038574588
718956532781.0123             -0.12874521
718957509883.4962             -0.031364255
718958486985.9802             -0.10291667
718959464088.4642             0.018582264
718960441190.9482             0.34707052
718961418293.4323             0.15017147
718962395395.9163             0.09203902
718963372498.4003             0.0028510878
718964349600.8843             -0.026951611
718965326703.3683             0.0053945896
718966303805.8523             0.06759752
718967280908.3363             -0.16640034
718968258010.8203             -0.0470738
718969235113.3043             -0.09475251
718970212215.7883             -0.17753397
718971189318.2723             0.105777495
718972166420.7563             0.13678746
718973143523.2404             0.01553341
718974120625.7244             0.15909772
718975097728.2084             0.033699792
718976074830.6924             0.0065853987
718977051933.1764             -0.007782124
718978029035.6604             -0.051215585
718979006138.1444             0.046980567
718979983240.6284             -0.00030027883
718980960343.1124             -0.014076065
718981937445.5964             -0.13878602
718982914548.0804             -0.062947676
718983891650.5645             0.048600826
718984868753.0483             0.16482013
718985845855.5323             0.052916963
718986822958.0164             -0.0004032588
718987800060.5004             0.047976803
718988777162.9844             -0.024121609
718989754265.4684             0.05186331
718990731367.9524             -0.05450372
718991708470.4364             -0.044582352
718992685572.9204             0.25924364
718993662675.4044             -0.09894514
718994639777.8884             -0.16079536
718995616880.3724             -0.15989411
718996593982.8564             -0.031925675
718997571085.3405             0.051049612
718998548187.8245             0.1287463
718999525290.3085             0.13807364
719000502392.7925             -0.0025953772
719001479495.2765             -0.031262666
719002456597.7605             0.1598723
719003433700.2445             0.13796139
719004410802.7285             -0.17231044
719005387905.2125             -0.015616453
719006365007.6965             0.19194712
719007342110.1805             0.21024847
719008319212.6646             -0.0692418
719009296315.1486             -0.28447372
719010273417.6326             -0.15961498
719011250520.1166             0.08726663
719012227622.6006             -0.057676643
719013204725.0845             0.07812782
719014181827.5685             0.046716727
719015158930.0525             0.018090686
719016136032.5365             0.15895027
719017113135.0205             0.14998415
719018090237.5045             0.029582055
719019067339.9885             0.08291509
719020044442.4725             0.11916098
719021021544.9565             0.039633542
719021998647.4406             0.03831968
719022975749.9246             0.02900772
719023952852.4086             0.18553199
719024929954.8926             0.10865259
719025907057.3766             0.1491393
719026884159.8606             0.041772258
719027861262.3446             0.074952304
719028838364.8286             0.123226024
719029815467.3126             0.18911563
719030792569.7966             0.116340205
719031769672.2806             -0.0844218
719032746774.7646             -0.13519979
719033723877.2487             -0.03561433
719034700979.7327             -0.06291409
719035678082.2167             -0.0014277799
719036655184.7007             0.06137936
719037632287.1847             0.050368432
719038609389.6687             0.085327424
719039586492.1527             -0.04872503
719040563594.6367             0.1923664
719041540697.1206             0.23450392
719042517799.6046             0.030446958
719043494902.0886             0.1446771
719044472004.5726             -0.06810708
719045449107.0566             0.052213173
719046426209.5406             0.19005041
719047403312.0247             0.0268402
719048380414.5087             -0.0010875913
719049357516.9927             0.11249147
719050334619.4767             0.02603398
719051311721.9607             0.12840834
719052288824.4447             0.03172328
719053265926.9287             -0.054580454
719054243029.4127             0.1579732
719055220131.8967             0.057860896
719056197234.3807             -0.011382317
719057174336.8647             0.052343585
719058151439.3488             0.11614998
719059128541.8328             0.20264061
719060105644.3168             -0.03320452
719061082746.8008             0.13270321
719062059849.2848             0.025289992
719063036951.7688             0.02304276
719064014054.2528             0.15641567
719064991156.7368             -0.04428793
719065968259.2208             -0.011910249
719066945361.7048             -0.062312078
719067922464.1888             -0.23853555
719068899566.6729             0.11968462
719069876669.1567             0.20169954
719070853771.6407             0.2955622
719071830874.1248             0.040368874
719072807976.6088             0.20904435
719073785079.0928             0.23074682
719074762181.5768             -0.014789538
719075739284.0608             0.08321936
719076716386.5448             0.17150876
719077693489.0288             -0.112729505
719078670591.5128             -0.033866044
719079647693.9968             -0.06137798
719080624796.4808             -0.20253532
719081601898.9648             -0.100883536
719082579001.4489             0.0379402
719083556103.9329             0.08302137
719084533206.4169             -0.1563622
719085510308.9009             0.006840481
719086487411.3849             -0.14500634
719087464513.8689             -0.032643322
719088441616.3529             -0.066083685
719089418718.8369             -0.17683622
719090395821.3209             -0.007435362
719091372923.8049             -0.04897524
719092350026.289              -0.050866988
719093327128.773              0.07883219
719094304231.257              0.050899096
719095281333.741              -0.11270459
719096258436.225              0.14658614
719097235538.709              0.0543983
719098212641.1929             0.05073584
719099189743.6769             -0.03847794
719100166846.1609             -0.18625173
719101143948.6449             -0.0595451
719102121051.1289             0.07118035
719103098153.6129             0.04335683
719104075256.0969             -0.033067245
719105052358.5809             -0.007423949
719106029461.065              0.20952117
719107006563.549              0.12630579
719107983666.033              -0.008916862
719108960768.517              -0.13931721
719109937871.001              0.006095207
719110914973.485              0.104381986
719111892075.969              -0.0057349675
719112869178.453              0.0014265318
719113846280.937              -0.14162873
719114823383.421              0.018363914
719115800485.905              -0.15171228
719116777588.389              -0.07667882
719117754690.873              -0.04506699
719118731793.357              0.11698384
719119708895.8411             -0.0547434
719120685998.3251             -0.0024647631
719121663100.8091             -0.060614407
719122640203.2931             0.14761406
719123617305.7771             -0.021075124
719124594408.2611             -0.26642346
719125571510.7451             0.17527626
719126548613.229              0.14277823
719127525715.713              -0.02236468
719128502818.197              -0.050834004
719129479920.681              0.32310674
719130457023.165              0.16880834
719131434125.649              -0.07330118
719132411228.133              0.011594476
719133388330.6171             0.14819291
719134365433.1011             0.023927988
719135342535.5851             0.044990074
719136319638.0691             0.034016218
719137296740.5531             -0.0784347
719138273843.0371             0.006064146
719139250945.5211             -0.122643664
719140228048.0051             -0.068185546
719141205150.4891             0.082201324
719142182252.9731             0.1642339
719143159355.4572             0.0618105
719144136457.9412             -0.059542466
719145113560.4252             0.007646449
719146090662.9092             0.0065535717
719147067765.3932             -0.02061554
719148044867.8772             -0.091012605
719149021970.3612             -0.07851576
719149999072.8452             -0.11293537
719150976175.3292             0.08487385
719151953277.8132             0.13158713
719152930380.2972             0.011738878
719153907482.7811             0.11284137
719154884585.2651             0.045625906
719155861687.7491             0.1865188
719156838790.2332             0.112545066
719157815892.7172             0.019257277
719158792995.2012             -0.0010877877
719159770097.6852             -0.10300155
719160747200.1692             -0.22843203
719161724302.6532             -0.052078757
719162701405.1372             -0.07828924
719163678507.6212             -0.15845007
719164655610.1052             -0.087005384
719165632712.5892             -0.00027865366
719166609815.0732             -0.0044034678
719167586917.5573             -0.05018083
719168564020.0413             -0.008360544
719169541122.5253             0.027224453
719170518225.0093             0.051031176
719171495327.4933             0.08857728
719172472429.9773             0.011843649
719173449532.4613             -0.06852096
719174426634.9453             0.0584821
719175403737.4293             0.28637335
719176380839.9133             0.12107015
719177357942.3973             0.10350288
719178335044.8813             -0.14632866
719179312147.3654             -0.15469867
719180289249.8494             -0.055856425
719181266352.3334             -0.030630367
719182243454.8173             -0.07808648
719183220557.3013             -0.048947033
719184197659.7853             -0.07752887
719185174762.2693             0.038506635
719186151864.7533             -0.051882923
719187128967.2373             -0.05593865
719188106069.7213             0.1844563
719189083172.2053             0.09046492
719190060274.6893             0.037313532
719191037377.1733             -0.06984439
719192014479.6573             -0.100935735
719192991582.1414             0.041875914
719193968684.6254             -0.016865933
719194945787.1094             0.061200887
719195922889.5934             0.06716882
719196899992.0774             0.107982256
719197877094.5614             0.08622595
719198854197.0454             0.10064902
719199831299.5294             -0.114044964
719200808402.0134             0.023040235
719201785504.4974             -0.15407768
719202762606.9814             -0.19399531
719203739709.4655             0.11332227
719204716811.9495             0.13678794
719205693914.4335             0.061681114
719206671016.9175             0.24968089
719207648119.4015             0.14289476
719208625221.8855             -0.016968546
719209602324.3695             -0.12420967
719210579426.8534             -0.02634702
719211556529.3374             0.12700556
719212533631.8214             0.09259517
719213510734.3054             -0.09466721
719214487836.7894             -0.05309666
719215464939.2734             0.06748896
719216442041.7574             -0.008690233
719217419144.2415             0.1218936
719218396246.7255             -0.007856566
719219373349.2095             0.113178216
719220350451.6935             0.21169807
719221327554.1775             0.17762795
719222304656.6615             0.033240177
719223281759.1455             0.088850096
719224258861.6295             0.118180595
719225235964.1135             -0.17385198
719226213066.5975             -0.12007185
719227190169.0815             0.045594003
719228167271.5656             -0.14690949
719229144374.0496             -0.09592172
719230121476.5336             -0.16762331
719231098579.0176             0.042474683
719232075681.5016             -0.1780411
719233052783.9856             -0.20018016
719234029886.4696             -0.10463406
719235006988.9536             0.017946813
719235984091.4376             0.11365671
719236961193.9216             0.07022618
719237938296.4056             0.123222075
719238915398.8895             -0.004352914
719239892501.3735             -0.06615186
719240869603.8575             -0.16742097
719241846706.3416             -0.23270683
719242823808.8256             -0.1753622
719243800911.3096             -0.09111975
719244778013.7936             -0.04434235
719245755116.2776             -0.21898925
719246732218.7616             -0.06794252
719247709321.2456             0.09787783
719248686423.7296             0.06848651
719249663526.2136             -0.18617433
719250640628.6976             -0.25507048
719251617731.1816             -0.16527356
719252594833.6656             0.042992726
719253571936.1497             -0.07483162
719254549038.6337             -0.09387315
719255526141.1177             -0.11422358
719256503243.6017             -0.17584364
719257480346.0857             -0.025928648
719258457448.5697             0.03531684
719259434551.0537             0.042693976
719260411653.5377             -0.020345476
719261388756.0217             -0.07825713
719262365858.5057             0.0777888
719263342960.9897             0.030422611
719264320063.4738             -0.19042936
719265297165.9578             -0.063104235
719266274268.4418             0.018393764
719267251370.9257             -0.01914382
719268228473.4097             -0.12639058
719269205575.8937             0.025180984
719270182678.3777             -0.054152187
719271159780.8617             -0.09581618
719272136883.3457             -0.092201285
719273113985.8297             -0.040455464
719274091088.3137             -0.030626055
719275068190.7977             0.025242006
719276045293.2817             0.0776811
719277022395.7657             0.20604314
719277999498.2498             0.23466092
719278976600.7338             0.09457318
719279953703.2178             0.030327389
719280930805.7018             -0.04409808
719281907908.1858             0.18442537
719282885010.6698             0.39211196
719283862113.1538             0.24105954
719284839215.6378             -0.114980064
719285816318.1218             -0.13106364
719286793420.6058             -0.025323655
719287770523.0898             0.003699282
719288747625.5739             0.10497226
719289724728.0579             0.15882984
719290701830.5419             0.06470594
719291678933.0259             -0.10446358
719292656035.5099             -0.04835165
719293633137.9939             0.13189267
719294610240.4779             -0.0581381
719295587342.9618             0.1074758
719296564445.4458             0.10654446
719297541547.9298             0.17418745
719298518650.4138             0.23256135
719299495752.8978             0.02518413
719300472855.3818             -0.15189865
719301449957.8658             -0.1248239
719302427060.3499             0.07047857
719303404162.8339             -0.012997905
719304381265.3179             0.091856614
719305358367.8019             0.22773653
719306335470.2859             0.4006387
719307312572.7699             0.011806695
719308289675.2539             -0.11816148
719309266777.7379             -0.10509016
719310243880.2219             -0.20499651
719311220982.7059             0.09713426
719312198085.19               0.12299966
719313175187.674              -0.048846167
719314152290.158              -0.078709304
719315129392.642              -0.17482805
719316106495.126              -0.09281055
719317083597.61               0.178233
719318060700.094              0.2303129
719319037802.578              0.17627493
719320014905.062              -0.014384457
719320992007.546              0.012387977
719321969110.03               0.011876063
719322946212.5139             -0.06907455
719323923314.9979             -0.0031800403
719324900417.4819             0.01369821
719325877519.966              0.008857422
719326854622.45               0.07131381
719327831724.934              0.041373014
719328808827.418              0.1000082
719329785929.902              0.04282477
719330763032.386              -0.030323729
719331740134.87               -0.009436711
719332717237.354              0.04208458
719333694339.838              -0.031151542
719334671442.322              0.116337396
719335648544.806              0.18155324
719336625647.29               0.06009654
719337602749.774              0.13730237
719338579852.258              0.08186459
719339556954.7421             0.01330844
719340534057.2261             -0.10034176
719341511159.7101             -0.071119644
719342488262.1941             -0.0801369
719343465364.6781             -0.04732523
719344442467.1621             -0.01740524
719345419569.6461             -0.034351636
719346396672.1301             0.03701565
719347373774.6141             -0.00011887916
719348350877.0981             0.070419736
719349327979.5822             -0.024247115
719350305082.0662             0.2787507
719351282184.55               0.35445985
719352259287.034              0.09424967
719353236389.5181             -0.012082571
719354213492.0021             -0.030484201
719355190594.4861             0.0057312297
719356167696.9701             0.15160997
719357144799.4541             -0.006428355
719358121901.9381             -0.047095362
719359099004.4221             -0.17565788
719360076106.9061             -0.23250648
719361053209.3901             0.030612722
719362030311.8741             0.06441203
719363007414.3582             0.07711839
719363984516.8422             0.023624118
719364961619.3262             -0.19799864
719365938721.8102             -0.28919291
719366915824.2942             0.12598239
719367892926.7782             0.26668137
719368870029.2622             0.18688372
719369847131.7462             0.12601578
719370824234.2302             0.1569928
719371801336.7142             -0.013881577
719372778439.1982             -0.18728863
719373755541.6823             -0.09003249
719374732644.1663             -0.021468494
719375709746.6503             -0.08271723
719376686849.1343             -0.09362723
719377663951.6183             -0.15566258
719378641054.1023             -0.057444416
719379618156.5862             -0.07816811
719380595259.0702             0.03785533
719381572361.5542             -0.18194444
719382549464.0382             -0.35195643
719383526566.5222             -0.22760032
719384503669.0062             -0.078511246
719385480771.4902             -0.008501363
719386457873.9742             0.038844686
719387434976.4583             0.22083497
719388412078.9423             0.22230817
719389389181.4263             0.04210162
719390366283.9103             0.14241762
719391343386.3943             -0.06380529
719392320488.8783             -0.26882538
719393297591.3623             -0.08021519
719394274693.8463             -0.0406385
719395251796.3303             -0.14280179
719396228898.8143             -0.0024456286
719397206001.2983             0.13475631
719398183103.7823             0.23721793
719399160206.2664             0.07225643
719400137308.7504             -0.0497543
719401114411.2344             0.02870538
719402091513.7184             -0.067128934
719403068616.2024             -0.106066935
719404045718.6864             -0.039745376
719405022821.1704             -0.038100187
719405999923.6544             -0.035302125
719406977026.1384             -0.21769795
719407954128.6223             -0.123041674
719408931231.1063             -0.101594105
719409908333.5903             0.009734713
719410885436.0743             -0.11711999
719411862538.5583             -0.11187277
719412839641.0424             -0.154265
719413816743.5264             0.08669829
719414793846.0104             0.036974296
719415770948.4944             0.17516041
719416748050.9784             0.2753534
719417725153.4624             -0.038630657
719418702255.9464             0.052777875
719419679358.4304             0.031794947
719420656460.9144             0.08942848
719421633563.3984             -0.045075595
719422610665.8824             0.051158607
719423587768.3665             0.07332031
719424564870.8505             0.026221061
719425541973.3345             0.14711542
719426519075.8185             -0.034711804
719427496178.3025             0.056696557
719428473280.7865             0.027923085
719429450383.2705             -0.12192
719430427485.7545             0.022934975
719431404588.2385             0.16171286
719432381690.7225             0.12932448
719433358793.2065             0.07954272
719434335895.6906             -0.061676364
719435312998.1746             -0.025343882
719436290100.6584             0.13055208
719437267203.1425             0.1184971
719438244305.6265             0.09493224
719439221408.1105             -0.030606054
719440198510.5945             0.009796952
719441175613.0785             -0.05388079
719442152715.5625             -0.072989844
719443129818.0465             -0.17385338
719444106920.5305             0.06126898
719445084023.0145             0.081830874
719446061125.4985             0.23769842
719447038227.9825             0.06688318
719448015330.4666             0.0067184893
719448992432.9506             -0.04189739
719449969535.4346             0.0059994115
719450946637.9186             0.059168242
719451923740.4026             -0.017652627
719452900842.8866             -0.17583647
719453877945.3706             -0.17150345
719454855047.8546             0.032122575
719455832150.3386             -0.032901965
719456809252.8226             -0.17172304
719457786355.3066             -0.18521555
719458763457.7906             0.08402428
719459740560.2747             -0.024096267
719460717662.7587             -0.035468433
719461694765.2427             -0.22131798
719462671867.7267             -0.26548547
719463648970.2107             -0.17441809
719464626072.6946             -0.057267193
719465603175.1786             0.0037520274
719466580277.6626             0.04855977
719467557380.1466             0.11818436
719468534482.6306             -0.11884731
719469511585.1146             -0.12420514
719470488687.5986             0.004808257
719471465790.0826             0.026013777
719472442892.5667             0.26787338
719473419995.0507             -0.01850363
719474397097.5347             0.05964375
719475374200.0187             0.041009314
719476351302.5027             -0.07460783
719477328404.9867             0.017500214
719478305507.4707             0.18003273
719479282609.9547             0.10242795
719480259712.4387             -0.06473965
719481236814.9227             0.050794657
719482213917.4067             -0.040597856
719483191019.8907             -0.16406046
719484168122.3748             -0.117785566
719485145224.8588             -0.18474226
719486122327.3428             0.0037672042
719487099429.8268             -0.103716075
719488076532.3108             -0.34424585
719489053634.7948             -0.15038134
719490030737.2788             -0.021891762
719491007839.7628             -0.14136802
719491984942.2467             -0.13700573
719492962044.7307             0.087955646
719493939147.2147             0.19654714
719494916249.6987             0.07694843
719495893352.1827             0.38390166
719496870454.6667             0.06389832
719497847557.1508             -0.12789752
719498824659.6348             -0.098421365
719499801762.1188             -0.16614652
719500778864.6028             -0.039943755
719501755967.0868             -0.061849114
719502733069.5708             -0.15792026
719503710172.0548             -0.0069950894
719504687274.5388             0.09268433
719505664377.0228             0.10761289
719506641479.5068             -0.13951181
719507618581.9908             -0.106557116
719508595684.4749             0.024972836
719509572786.9589             -0.06886106
719510549889.4429             -0.017594172
719511526991.9269             0.022806864
719512504094.4109             0.07327765
719513481196.8949             -0.05048016
719514458299.3789             0.007053424
719515435401.8629             -0.050570507
719516412504.3469             0.12099084
719517389606.8309             0.18199475
719518366709.315              0.0019447731
719519343811.799              0.14183182
719520320914.2828             -0.07292956
719521298016.7668             -0.1230001
719522275119.2509             0.14420448
719523252221.7349             0.14408971
719524229324.2189             0.08239229
719525206426.7029             -0.12576522
719526183529.1869             -0.045667123
719527160631.6709             -0.21129276
719528137734.1549             -0.068605475
719529114836.6389             0.043207884
719530091939.1229             0.14362498
719531069041.6069             0.052882295
719532046144.091              0.01862306
719533023246.575              0.086806096
719534000349.059              -0.033021282
719534977451.543              0.12425311
719535954554.027              0.10702654
719536931656.511              0.16245429
719537908758.995              0.21489553
719538885861.479              0.13007535
719539862963.963              -0.06554127
719540840066.447              -0.39795628
719541817168.931              -0.019101718
719542794271.415              -0.064454384
719543771373.899              -0.12573229
719544748476.383              -0.24680845
719545725578.8671             -0.31909275
719546702681.3511             -0.19977969
719547679783.8351             0.031004492
719548656886.319              0.21086475
719549633988.803              0.1689605
719550611091.287              -0.015859041
719551588193.771              -0.041181024
719552565296.255              0.06981308
719553542398.739              -0.0778865
719554519501.223              -0.10500136
719555496603.707              -0.03850601
719556473706.191              -0.03452102
719557450808.675              -0.20945118
719558427911.159              0.16589244
719559405013.6431             0.1380882
719560382116.1271             0.19937706
719561359218.6111             0.050952826
719562336321.0951             0.13594887
719563313423.5791             -0.14146785
719564290526.0631             -0.093117684
719565267628.5471             -0.082991734
719566244731.0311             -0.038264066
719567221833.5151             -0.19376384
719568198935.9991             0.16369808
719569176038.4832             0.14306982
719570153140.9672             0.032689042
719571130243.4512             -0.056425583
719572107345.9352             -0.1508282
719573084448.4192             0.095291235
719574061550.9032             0.0026543962
719575038653.3872             0.06479324
719576015755.8712             -0.10266583
719576992858.3551             -0.0054841368
719577969960.8391             -0.0043630935
719578947063.3231             0.028900236
719579924165.8071             0.28612345
719580901268.2911             0.026948709
719581878370.7751             0.0064081675
719582855473.2592             0.0717508
719583832575.7432             -0.03839664
719584809678.2272             0.0555995
719585786780.7112             -0.02675371
719586763883.1952             -0.19197181
719587740985.6792             -0.15526788
719588718088.1632             -0.13551822
719589695190.6472             -0.07648658
719590672293.1312             -0.12651311
719591649395.6152             -0.09490395
719592626498.0992             -0.2816731
719593603600.5833             0.13557433
719594580703.0673             0.042820185
719595557805.5513             0.11049129
719596534908.0353             -0.087141484
719597512010.5193             -0.29886743
719598489113.0033             -0.07914803
719599466215.4873             0.025922492
719600443317.9713             -0.03927052
719601420420.4553             0.07210665
719602397522.9393             0.1009361
719603374625.4233             -0.014610589
719604351727.9073             0.15189451
719605328830.3912             0.0970889
719606305932.8752             0.021450933
719607283035.3593             0.21731679
719608260137.8433             0.11106834
719609237240.3273             0.09803581
719610214342.8113             0.07814545
719611191445.2953             0.31035784
719612168547.7793             -0.005170167
719613145650.2633             -0.04094686
719614122752.7473             0.19134386
719615099855.2313             0.014874712
719616076957.7153             0.045642488
719617054060.1993             0.1419169
719618031162.6833             -0.029859021
719619008265.1674             -0.2537569
719619985367.6514             0.029970046
719620962470.1354             -0.11058312
719621939572.6194             0.0056930077
719622916675.1034             0.17928655
719623893777.5874             0.05660153
719624870880.0714             0.11640664
719625847982.5554             0.15521963
719626825085.0394             0.06086973
719627802187.5234             -0.011816953
719628779290.0074             -0.099500015
719629756392.4915             0.036259737
719630733494.9755             -0.040574778
719631710597.4595             -0.018384129
719632687699.9435             0.07180517
719633664802.4274             -0.044976804
719634641904.9114             -0.09186525
719635619007.3954             0.049818814
719636596109.8794             0.07801117
719637573212.3634             -0.03389528
719638550314.8474             -0.13701777
719639527417.3314             0.13752335
719640504519.8154             -0.13590509
719641481622.2994             -0.20635137
719642458724.7834             -0.13569295
719643435827.2675             0.04592587
719644412929.7515             0.14766619
719645390032.2355             -0.012381034
719646367134.7195             -0.13949206
719647344237.2035             -0.016448196
719648321339.6875             0.074714884
719649298442.1715             0.076605275
719650275544.6555             0.06280221
719651252647.1395             0.0758514
719652229749.6235             0.0523372
719653206852.1075             0.062194873
719654183954.5916             -0.08422135
719655161057.0756             -0.22896035
719656138159.5596             0.020531753
719657115262.0436             -0.030598758
719658092364.5276             -0.07390459
719659069467.0116             0.0018532822
719660046569.4956             0.13337436
719661023671.9795             0.24047084
719662000774.4635             0.11847774
719662977876.9475             -0.12969644
719663954979.4315             -0.081306435
719664932081.9155             -0.09882401
719665909184.3995             -0.11221463
719666886286.8835             -0.38503158
719667863389.3676             -0.012042387
719668840491.8516             -0.024011506
719669817594.3356             -0.110740535
719670794696.8196             -0.19713123
719671771799.3036             -0.15470223
719672748901.7876             0.0074874745
719673726004.2716             0.26023957
719674703106.7556             0.07803624
719675680209.2396             0.050929014
719676657311.7236             0.13495654
719677634414.2076             0.17849249
719678611516.6917             0.18667269
719679588619.1757             0.12643695
719680565721.6597             -0.016497562
719681542824.1437             0.07042882
719682519926.6277             -0.22387414
719683497029.1117             0.088033654
719684474131.5957             0.07971705
719685451234.0797             0.2092101
719686428336.5637             0.25480998
719687405439.0477             0.19041838
719688382541.5317             0.22587667
719689359644.0156             0.1217209
719690336746.4996             -0.119524516
719691313848.9836             -0.18677498
719692290951.4677             -0.10942074
719693268053.9517             -0.041551765
719694245156.4357             0.007802463
719695222258.9197             0.08317129
719696199361.4037             0.18247384
719697176463.8877             0.07726311
719698153566.3717             0.0010734404
719699130668.8557             -0.0144599965
719700107771.3397             0.03884283
719701084873.8237             -0.13928369
719702061976.3077             0.08938039
719703039078.7917             0.14374386
719704016181.2758             0.1023787
719704993283.7598             -0.18890396
719705970386.2438             -0.22370464
719706947488.7278             -0.03495613
719707924591.2118             0.08148249
719708901693.6958             0.19082916
719709878796.1798             0.052181765
719710855898.6638             0.1391953
719711833001.1478             0.13483518
719712810103.6318             -0.27952904
719713787206.1158             -0.09041961
719714764308.5999             -0.010269523
719715741411.0839             -0.25693464
719716718513.5679             -0.17667823
719717695616.0518             -0.13751535
719718672718.5358             0.034834765
719719649821.0198             0.32854205
719720626923.5038             0.06753004
719721604025.9878             -0.035883997
719722581128.4718             -0.10749305
719723558230.9558             -0.021938609
719724535333.4398             0.034856364
719725512435.9238             0.067378744
719726489538.4078             0.032740735
719727466640.8918             0.05143819
719728443743.3759             -0.043071687
719729420845.8599             -0.24107789
719730397948.3439             -0.11113391
719731375050.8279             -0.06327817
719732352153.3119             -0.073392
719733329255.7959             0.007432547
719734306358.2799             -0.2632011
719735283460.7639             -0.12923996
719736260563.2479             -0.1535085
719737237665.7319             0.09109458
719738214768.216              0.037551332
719739191870.7                -0.037823133
719740168973.184              -0.21472612
719741146075.668              -0.14361948
719742123178.152              -0.094374925
719743100280.636              0.15268327
719744077383.12               0.2550641
719745054485.604              0.05110384
719746031588.0879             -0.3277444
719747008690.5719             -0.036059126
719747985793.0559             -0.013797199
719748962895.5399             0.29097286
719749939998.0239             -0.03908153
719750917100.5079             -0.057443164
719751894202.992              0.04215533
719752871305.476              0.056517035
719753848407.96               -0.06674203
719754825510.444              -0.049786493
719755802612.928              -0.15851851
719756779715.412              0.0870375
719757756817.896              -0.09079482
719758733920.38               -0.29513475
719759711022.864              0.13152298
719760688125.348              0.25008625
719761665227.832              0.30731818
719762642330.316              0.23392724
719763619432.8                0.15536319
719764596535.284              -0.02407463
719765573637.7681             -0.28248093
719766550740.2521             -0.20278445
719767527842.7361             -0.081951015
719768504945.2201             0.41705656
719769482047.7041             0.44602412
719770459150.1881             0.17432073
719771436252.6721             0.097411685
719772413355.1561             -0.13987926
719773390457.6401             0.011012231
719774367560.124              0.24862158
719775344662.608              0.5835196
719776321765.092              -0.0067468546
719777298867.576              0.17349316
719778275970.06               0.14010039
719779253072.5441             -0.5173532
719780230175.0281             0.15874897
719781207277.5121             -0.32238993
719782184379.9961             -0.07295588
719783161482.4801             -0.40955535
719784138584.9641             0.25634393
719785115687.4481             0.467667
719786092789.9321             0.19904025
719787069892.4161             -0.08158539
719788046994.9001             -0.44052735
719789024097.3842             -0.47453192
719790001199.8682             0.24809356
719790978302.3522             -0.15342648
719791955404.8362             -0.014414861
719792932507.3202             -0.027360104
719793909609.8042             -0.31150615
719794886712.2882             0.037154157
719795863814.7722             -0.45746598
719796840917.2562             -0.33090305
719797818019.7402             -1.1766818
719798795122.2242             -0.8732477
719799772224.7083             0.06637793
719800749327.1923             0.41842133
719801726429.6763             0.20944956
719802703532.1602             -0.10155606
719803680634.6442             0.01684522
719804657737.1282             -0.15257098
719805634839.6122             0.18545502
719806611942.0962             0.37716994
719807589044.5802             0.25150985
719808566147.0642             0.1462656
719809543249.5482             0.022902174
719810520352.0322             -0.16280435
719811497454.5162             0.37739775
719812474557.0002             0.29286432
719813451659.4843             -0.15564236
719814428761.9683             -0.49197665
719815405864.4523             0.0405538
719816382966.9363             -0.24816863
719817360069.4203             -0.17012858
719818337171.9043             -0.3273028
719819314274.3883             -0.1455558
719820291376.8723             -0.010381484
719821268479.3563             0.15271066
719822245581.8403             0.14632662
719823222684.3243             0.08644935
719824199786.8083             -0.1403508
719825176889.2924             -0.19188856
719826153991.7764             -0.06972493
719827131094.2604             -0.20136538
719828108196.7444             -0.28828347
719829085299.2284             0.12968071
719830062401.7123             0.18133454
719831039504.1963             -0.084315106
719832016606.6803             -0.21058185
719832993709.1643             -0.07486993
719833970811.6483             0.05677225
719834947914.1323             -0.0745445
719835925016.6163             -0.25195292
719836902119.1003             -0.23651917
719837879221.5844             0.032066014
719838856324.0684             -0.042538263
719839833426.5524             0.13293844
719840810529.0364             0.06497899
719841787631.5204             -0.049307656
719842764734.0044             0.15376522
719843741836.4884             0.11720406
719844718938.9724             -0.03639273
719845696041.4564             0.10469266
719846673143.9404             -0.22316289
719847650246.4244             0.12689619
719848627348.9084             -0.064093925
719849604451.3925             0.06788304
719850581553.8765             0.14403623
719851558656.3605             0.09316211
719852535758.8445             -0.05803409
719853512861.3285             0.03836097
719854489963.8125             0.037482098
719855467066.2965             0.14459422
719856444168.7805             0.07207327
719857421271.2645             0.13923933
719858398373.7484             -0.12497692
719859375476.2324             -0.13791299
719860352578.7164             0.11069571
719861329681.2004             0.017661445
719862306783.6844             -0.06806489
719863283886.1685             -0.2797548
719864260988.6525             -0.40992928
719865238091.1365             -0.2179943
719866215193.6205             -0.24610057
719867192296.1045             -0.0695146
719868169398.5885             0.029145125
719869146501.0725             -0.015506971
719870123603.5565             -0.21702404
719871100706.0405             -0.25054982
719872077808.5245             -0.3723803
719873054911.0085             -0.32170212
719874032013.4926             -0.03995455
719875009115.9766             0.14195873
719875986218.4606             0.28756082
719876963320.9446             0.11203606
719877940423.4286             0.02627552
719878917525.9126             -0.42365873
719879894628.3966             -0.18444373
719880871730.8806             -0.02553895
719881848833.3646             0.07532723
719882825935.8486             0.10755562
719883803038.3326             0.03163742
719884780140.8167             -0.14202167
719885757243.3007             -0.1375165
719886734345.7845             -0.11994774
719887711448.2686             -0.10585712
719888688550.7526             -0.030128509
719889665653.2366             -0.10312301
719890642755.7206             0.11144587
719891619858.2046             0.15537643
719892596960.6886             -0.028237963
719893574063.1726             -0.06474164
719894551165.6566             -0.15906318
719895528268.1406             0.058904506
719896505370.6246             0.037092585
719897482473.1086             -0.07541625
719898459575.5927             0.07960641
719899436678.0767             -0.0043836897
719900413780.5607             0.031784333
