420856575949.4                0.00052051333
420857553010.0481             -0.00607301
420858530070.6962             -0.0010433926
420859507131.3443             0.0010382754
420860484191.99243            0.019868543
420861461252.6405             0.00542831
420862438313.28864            0.00498745
420863415373.9367             -0.0037618454
420864392434.5848             0.0039042556
420865369495.2329             0.0059000426
420866346555.881              -0.0017922536
420867323616.5291             0.007302227
420868300677.1772             -0.010318264
420869277737.8253             -0.014572921
420870254798.4734             0.0074072536
420871231859.12146            0.010850251
420872208919.7696             -0.0058075534
420873185980.41766            0.0015168993
420874163041.0658             0.015132258
420875140101.71387            0.010483378
420876117162.362              0.009596899
420877094223.0101             0.00808259
420878071283.65814            0.0010467282
420879048344.3063             -0.004091389
420880025404.95435            0.0027381305
420881002465.6025             0.0050375615
420881979526.25055            0.013478157
420882956586.8987             0.007009168
420883933647.54675            0.010759245
420884910708.1948             0.009147801
420885887768.84296            -0.012222068
420886864829.491              -0.019707298
420887841890.13916            -0.013495474
420888818950.78723            -0.010438936
420889796011.43536            -0.009450977
420890773072.08344            0.00016122451
420891750132.7315             0.017539557
420892727193.37964            0.0043598604
420893704254.0277             0.014916806
420894681314.67584            0.0006456219
420895658375.3239             0.012934884
420896635435.97205            0.013214024
420897612496.6201             -0.0076888395
420898589557.2682             -0.016886141
420899566617.9163             0.0017387569
420900543678.5644             -0.0027150302
420901520739.2125             0.0050811116
420902497799.8606             0.018147629
420903474860.5087             0.0031998297
420904451921.1568             -0.0037446741
420905428981.8049             0.009555959
420906406042.453              0.007778928
420907383103.1011             -0.00040948356
420908360163.7492             0.015529996
420909337224.3973             0.019228451
420910314285.0454             0.00481259
420911291345.6935             -0.010011748
420912268406.34155            -0.016228775
420913245466.9897             -0.010321198
420914222527.63776            0.007464132
420915199588.2859             0.004706099
420916176648.93396            -0.0016239719
420917153709.5821             -0.0026341586
420918130770.23016            -0.01636368
420919107830.87823            -0.009249329
420920084891.52637            0.017003756
420921061952.17444            0.027505886
420922039012.8226             0.017639257
420923016073.47064            -0.0024805232
420923993134.1188             0.001932573
420924970194.76685            -0.008703784
420925947255.4149             0.0004987428
420926924316.06305            0.00029819104
420927901376.7111             0.014760593
420928878437.35925            -0.008865799
420929855498.0073             -0.01225423
420930832558.65546            -0.004445036
420931809619.3035             -0.003958262
420932786679.9516             0.0035613994
420933763740.59973            -0.00014213604
420934740801.2478             -0.008239623
420935717861.89594            0.012438995
420936694922.544              0.011684746
420937671983.1921             0.008725816
420938649043.8402             0.015714724
420939626104.4883             0.008921783
420940603165.1364             -0.0018808302
420941580225.7845             -0.0005469548
420942557286.4326             0.0016032725
420943534347.0807             0.013195148
420944511407.72876            -0.009388515
420945488468.3769             -0.010039942
420946465529.02496            0.00036520205
420947442589.6731             -7.078775e-05
420948419650.32117            0.009150947
420949396710.9693             0.005149564
420950373771.6174             0.0028158135
420951350832.26544            0.006894888
420952327892.9136             0.016495327
420953304953.56165            0.009009395
420954282014.2098             -0.0072982204
420955259074.85785            0.008458278
420956236135.506              -0.0029759225
420957213196.15405            -0.0065719103
420958190256.8021             0.0047854045
420959167317.45026            0.01461871
420960144378.0983             0.008920537
420961121438.74646            -0.0028657054
420962098499.39453            -0.0012748715
420963075560.04266            -0.009105212
420964052620.69073            -0.0003475753
420965029681.3388             -0.006012848
420966006741.98694            -9.911246e-05
420966983802.635              -0.0072719227
420967960863.28314            -0.00947205
420968937923.9312             0.0044730925
420969914984.57935            -0.008562973
420970892045.2274             -0.0017197288
420971869105.8755             -0.0070148506
420972846166.5236             -0.00958945
420973823227.1717             0.0056928904
420974800287.8198             0.007939283
420975777348.4679             0.012167923
420976754409.116              -0.0030231383
420977731469.7641             5.994978e-06
420978708530.4122             -0.0035870306
420979685591.0603             -0.00891141
420980662651.7084             -0.005080609
420981639712.3565             -0.0054304125
420982616773.0046             -0.001989381
420983593833.6527             -0.00085519283
420984570894.3008             0.001653683
420985547954.94885            0.0030425852
420986525015.597              -0.0031216298
420987502076.24506            -0.003970119
420988479136.8932             0.0045319437
420989456197.54126            -0.008632015
420990433258.1894             -0.014970278
420991410318.83746            -0.015417383
420992387379.48553            0.008024337
420993364440.13367            0.014924512
420994341500.78174            0.004171986
420995318561.4299             0.012470765
420996295622.07794            0.0030212689
420997272682.7261             0.00094672525
420998249743.37415            -0.0038408071
420999226804.0222             0.004731952
421000203864.67035            0.006311571
421001180925.3184             -5.6356792e-05
421002157985.96655            0.0021002404
421003135046.6146             -0.0018250423
421004112107.26276            -0.008994379
421005089167.9108             0.0054145865
421006066228.5589             0.0071002203
421007043289.20703            0.011976371
421008020349.8551             0.007565321
421008997410.50323            0.0039884113
421009974471.1513             -0.00020371276
421010951531.79944            -0.0003076012
421011928592.4475             0.0009831814
421012905653.0956             0.00017835983
421013882713.7437             -0.005015019
421014859774.3918             -0.008164773
421015836835.0399             -0.0023725484
421016813895.688              0.005130511
421017790956.3361             -0.00080244755
421018768016.9842             0.0064616613
421019745077.63226            -0.002295676
421020722138.2804             -0.008781436
421021699198.92847            0.003408474
421022676259.5766             0.010881796
421023653320.2247             -0.0027511937
421024630380.8728             0.0009926799
421025607441.5209             0.01573023
421026584502.16895            0.003344981
421027561562.8171             -0.0016789894
421028538623.46515            -0.016985832
421029515684.1133             -0.022712732
421030492744.76135            -0.01626293
421031469805.4095             -0.014064899
421032446866.05756            -0.009698701
421033423926.7056             0.00028042242
421034400987.35376            -0.005869416
421035378048.00183            -0.006394924
421036355108.64996            -0.0061344183
421037332169.29803            -0.0054931245
421038309229.94617            0.0022880174
421039286290.59424            -0.014310437
421040263351.2423             -0.0077425377
421041240411.89044            0.018892
421042217472.5385             0.016794791
421043194533.18665            0.0065649305
421044171593.8347             -0.0009450382
421045148654.48285            -0.014900053
421046125715.1309             0.002052601
421047102775.779              0.007587549
421048079836.4271             -0.0009895591
421049056897.0752             -0.008404026
421050033957.7233             0.0018633861
421051011018.3714             0.011887703
421051988079.01953            0.00039302662
421052965139.6676             0.011476045
421053942200.3157             0.011733013
421054919260.9638             -0.00048650953
421055896321.6119             -0.00497923
421056873382.26               -0.002779108
421057850442.9081             0.0068350467
421058827503.5562             -0.0024866979
421059804564.2043             -0.014717821
421060781624.85236            -0.0123829665
421061758685.5005             0.010340356
421062735746.14856            -0.0028470247
421063712806.7967             0.0031662814
421064689867.44476            -0.007202861
421065666928.0929             -0.0036802222
421066643988.74097            0.0020367522
421067621049.38904            -0.007434613
421068598110.0372             -0.008001696
421069575170.68524            -0.021097753
421070552231.3334             -0.018450953
421071529291.98145            -0.004988341
421072506352.6296             -0.0004950808
421073483413.27765            -0.003932368
421074460473.9257             -0.008949418
421075437534.57385            -0.014857568
421076414595.2219             -0.014060405
421077391655.87006            -0.0054817307
421078368716.5181             0.0032324013
421079345777.16626            0.009826431
421080322837.81433            -0.0049448344
421081299898.4624             0.0054418324
421082276959.11053            0.009629106
421083254019.7586             -0.009008285
421084231080.40674            -0.0006555455
421085208141.0548             -0.010838093
421086185201.70294            -0.014871242
421087162262.351              -0.011491881
421088139322.9991             -0.016198922
421089116383.6472             -0.012973765
421090093444.2953             0.0017344728
421091070504.9434             0.0006070306
421092047565.5915             -0.0047613564
421093024626.23956            0.0047002183
421094001686.8877             0.004601317
421094978747.53577            0.0051043197
421095955808.1839             -0.0020962306
421096932868.832              -0.01258434
421097909929.4801             -0.0067492984
421098886990.1282             0.0072367415
421099864050.77625            0.01113748
421100841111.4244             0.006040658
421101818172.07245            0.0031968208
421102795232.7206             -0.002279124
421103772293.36865            -2.3796589e-05
421104749354.0168             0.0016540623
421105726414.66486            -0.015152116
421106703475.3129             -0.0051789186
421107680535.96106            0.0032172755
421108657596.60913            0.023168452
421109634657.25726            -0.009080322
421110611717.90533            -0.014813228
421111588778.55347            0.005724628
421112565839.20154            0.002436562
421113542899.8496             -0.0060387137
421114519960.49774            0.00719825
421115497021.1458             0.010932033
421116474081.79395            0.01629131
421117451142.442              0.021834536
421118428203.09015            -0.000117455944
421119405263.7382             -0.0034461045
421120382324.3863             -0.0025273263
421121359385.0344             -0.0039182324
421122336445.6825             0.015436622
421123313506.3306             -0.0012693921
421124290566.9787             -0.0047167367
421125267627.62683            -2.8758634e-06
421126244688.2749             0.017294087
421127221748.923              0.0021708386
421128198809.5711             0.0064479266
421129175870.2192             0.0148847215
421130152930.8673             0.025321946
421131129991.5154             0.020620618
421132107052.1635             -0.0051082494
421133084112.8116             -0.0014454352
421134061173.45966            -0.012382147
421135038234.1078             -0.003320443
421136015294.75586            0.011181681
421136992355.404              0.016230524
421137969416.05206            0.012037139
421138946476.7002             -0.0016210641
421139923537.34827            0.009153915
421140900597.99634            0.010485671
421141877658.6445             0.004128378
421142854719.29254            0.004425329
421143831779.9407             0.008822135
421144808840.58875            -0.01428712
421145785901.2369             -0.0030386788
421146762961.88495            -0.0015300135
421147740022.533              -0.002301993
421148717083.18115            -0.00792119
421149694143.8292             -0.0038990006
421150671204.47736            -0.00017662805
421151648265.1254             -0.0068100556
421152625325.77356            -0.0045933975
421153602386.42163            -0.008321162
421154579447.0697             0.0022608335
421155556507.71783            0.006144568
421156533568.3659             0.020202326
421157510629.01404            -0.0070659136
421158487689.6621             -0.006309553
421159464750.31024            -0.008885383
421160441810.9583             -0.012444751
421161418871.6064             0.0012005623
421162395932.2545             -0.0037792828
421163372992.9026             -0.000979133
421164350053.5507             -0.003603188
421165327114.1988             -0.009665718
421166304174.8469             -0.005129931
421167281235.495              0.0008997706
421168258296.14307            -0.010106637
421169235356.7912             -0.0055320393
421170212417.4393             -0.0053837257
421171189478.0874             -0.007628252
421172166538.7355             -0.0032216038
421173143599.3836             -0.0011448764
421174120660.0317             0.0009814292
421175097720.67975            -0.002248315
421176074781.3279             0.0142250825
421177051841.97595            -0.0024112137
421178028902.6241             -0.003886126
421179005963.27216            -0.0125729665
421179983023.9203             -0.011299034
421180960084.56836            -0.02238527
421181937145.21643            -0.012523686
421182914205.86456            -0.00084708515
421183891266.51263            0.010492732
421184868327.16077            -0.012714851
421185845387.80884            -0.023422403
421186822448.457              -0.015378693
421187799509.10504            -0.0049034404
421188776569.7531             -0.0020648914
421189753630.40125            0.0047074067
421190730691.0493             0.01090796
421191707751.69745            0.006744005
421192684812.3455             0.0045096413
421193661872.99365            0.012388551
421194638933.6417             0.0023831169
421195615994.2898             -0.0021262718
421196593054.9379             -0.00852476
421197570115.586              -0.004226515
421198547176.23413            0.0020587014
421199524236.8822             0.002610254
421200501297.53033            -0.004482079
421201478358.1784             0.0027073948
421202455418.8265             -0.002330025
421203432479.4746             -0.0031767052
421204409540.1227             0.009779931
421205386600.7708             0.010049941
421206363661.4189             0.008347714
421207340722.067              0.007494974
421208317782.7151             0.0002540714
421209294843.36316            0.009985122
421210271904.0113             -0.0021210532
421211248964.65936            -0.012936862
421212226025.3075             -0.0045303022
421213203085.95557            -0.0044788043
421214180146.6037             -0.009501261
421215157207.2518             0.0069901696
421216134267.89984            -0.00061913265
421217111328.548              -0.0032834401
421218088389.19604            -0.006668109
421219065449.8442             -0.010264254
421220042510.49225            -0.00016220917
421221019571.1404             0.013246855
421221996631.78845            0.0006285405
421222973692.4365             0.00070016086
421223950753.08466            0.010411231
421224927813.7327             0.01349424
421225904874.38086            -0.001517349
421226881935.02893            -0.0049749077
421227858995.67706            -0.010807719
421228836056.32513            0.0033203044
421229813116.9732             0.0034824687
421230790177.62134            0.0036858434
421231767238.2694             0.008354261
421232744298.91754            0.012623367
421233721359.5656             -0.0057805507
421234698420.21375            -0.014231317
421235675480.8618             -0.017998911
421236652541.5099             0.0051768194
421237629602.158              -0.008423478
421238606662.8061             -0.008256637
421239583723.4542             0.0057257186
421240560784.1023             0.01033394
421241537844.7504             -0.0041419845
421242514905.3985             -0.014000494
421243491966.0466             -0.012347963
421244469026.6947             0.006906021
421245446087.3428             0.00642126
421246423147.9909             0.0032657026
421247400208.639              0.010630944
421248377269.28705            0.0011201266
421249354329.9352             0.011746209
421250331390.58325            -0.0037356624
421251308451.2314             -0.014928021
421252285511.87946            -0.008345819
421253262572.5276             0.01567752
421254239633.17566            0.01870245
421255216693.8237             -0.012312272
421256193754.47186            -0.017697893
421257170815.11993            -0.011971984
421258147875.76807            -0.0036688244
421259124936.41614            0.01228878
421260101997.0643             0.014424419
421261079057.71234            0.007776036
421262056118.3604             -0.0014525037
421263033179.00854            -0.022047196
421264010239.6566             -0.009728388
421264987300.30475            0.014351211
421265964360.9528             0.013615076
421266941421.60095            0.011458772
421267918482.249              0.008399566
421268895542.8971             -0.008758506
421269872603.5452             0.010902128
421270849664.1933             0.013083103
421271826724.84143            0.01145425
421272803785.4895             0.025244484
421273780846.13763            0.008767086
421274757906.7857             0.013858891
421275734967.4338             0.01111398
421276712028.0819             -0.000501959
421277689088.73               -0.0017970208
421278666149.3781             -0.00836868
421279643210.0262             0.0025467074
421280620270.6743             0.009988228
421281597331.3224             0.008219874
421282574391.97046            -0.0013021728
421283551452.6186             -0.0051422156
421284528513.26666            -0.018313775
421285505573.9148             0.0074973833
421286482634.56287            0.0037199825
421287459695.211              -0.009143112
421288436755.8591             -0.00903137
421289413816.50714            -0.006432795
421290390877.1553             0.0034947495
421291367937.80334            -0.019579481
421292344998.4515             0.008577787
421293322059.09955            0.01393643
421294299119.7477             -0.005819664
421295276180.39575            0.008828361
421296253241.0438             0.005809907
421297230301.69196            0.011763092
421298207362.34               -0.00315458
421299184422.98816            -0.009806501
421300161483.6362             0.0034284405
421301138544.28436            0.014138462
421302115604.93243            0.0017582027
421303092665.5805             0.0036264458
421304069726.22864            0.014296172
421305046786.8767             -0.01895713
421306023847.52484            -0.019537186
421307000908.1729             -0.0034367319
421307977968.82104            0.011712365
421308955029.4691             0.009773601
421309932090.1172             0.002087613
421310909150.7653             -0.005179599
421311886211.4134             -0.016128886
421312863272.0615             0.010214874
421313840332.7096             0.017592328
421314817393.3577             -0.004114798
421315794454.0058             0.0012527399
421316771514.6539             -0.010828974
421317748575.302              -0.0197778
421318725635.9501             -0.019870482
421319702696.5982             0.0029713917
421320679757.2463             -0.010545449
421321656817.8944             -0.0015352877
421322633878.5425             0.017065708
421323610939.19055            0.0068439636
421324587999.8387             -0.0028282662
421325565060.48676            0.0095475055
421326542121.1349             0.0059810365
421327519181.78296            0.007986703
421328496242.4311             0.020699829
421329473303.07916            0.019013407
421330450363.72723            -0.0022949798
421331427424.37537            0.0008762822
421332404485.02344            0.0063608233
421333381545.6716             -0.0061645037
421334358606.31964            0.0020095059
421335335666.9678             0.0030122465
421336312727.61584            -0.0019043717
421337289788.2639             0.0047986303
421338266848.91205            -0.011509852
421339243909.5601             -0.0011838721
421340220970.20825            0.01985364
421341198030.8563             0.008805054
421342175091.50446            -0.009758709
421343152152.1525             -0.016446898
421344129212.8006             0.019127287
421345106273.4487             0.016463486
421346083334.0968             -0.010335854
421347060394.74493            0.0063063046
421348037455.393              -0.0043561044
421349014516.04114            0.005351764
421349991576.6892             0.016419528
421350968637.3373             -0.013026929
421351945697.9854             -0.0071374304
421352922758.6335             -0.025442628
421353899819.2816             -0.022225814
421354876879.9297             -0.008824997
421355853940.5778             -0.006818787
421356831001.2259             -0.010961481
421357808061.87396            -0.0027708928
421358785122.5221             0.0017361162
421359762183.17017            0.0032626681
421360739243.8183             0.002239438
421361716304.4664             0.01710981
421362693365.1145             -0.0009149296
421363670425.7626             -0.012381631
421364647486.41064            -0.0064163934
421365624547.0588             -0.012713577
421366601607.70685            -0.009462549
421367578668.355              -0.0068236026
421368555729.00305            -0.016257623
421369532789.6512             -0.005359207
421370509850.29926            0.008840753
421371486910.9473             0.0013449258
421372463971.59546            -0.0031564867
421373441032.2435             -0.0008526613
421374418092.89166            0.010473944
421375395153.53973            0.003886549
421376372214.18787            -0.0059683276
421377349274.83594            0.011758115
421378326335.484              0.014477395
421379303396.13214            0.016842281
421380280456.7802             0.013708256
421381257517.42834            -7.86701e-05
421382234578.0764             0.00372851
421383211638.72455            0.013051599
421384188699.3726             0.025094103
421385165760.0207             -0.007627496
421386142820.6688             -0.024778225
421387119881.3169             0.008420669
421388096941.965              0.007675171
421389074002.6131             0.012640736
421390051063.2612             0.015274975
421391028123.9093             0.0062766555
421392005184.5574             0.0009629626
421392982245.2055             0.009756437
421393959305.8536             0.005931974
421394936366.5017             0.008557483
421395913427.1498             0.013927668
421396890487.7979             0.0011518123
421397867548.446              0.0010331514
421398844609.09406            0.00041741662
421399821669.7422             0.0047913655
421400798730.39026            0.0030364413
421401775791.0384             -0.007307363
421402752851.68646            -0.006455616
421403729912.3346             -3.4419703e-05
421404706972.98267            -0.0064136675
421405684033.63074            -0.013530494
421406661094.2789             -0.020794561
421407638154.92694            -0.00741064
421408615215.5751             0.0052971486
421409592276.22314            0.00087734935
421410569336.8712             0.016083682
421411546397.51935            0.0067787548
421412523458.1674             -0.000897065
421413500518.81555            -0.020016635
421414477579.4636             -0.015164058
421415454640.11176            -0.008993655
421416431700.7598             0.0015335989
421417408761.4079             0.0038064183
421418385822.056              -0.0062954766
421419362882.7041             -0.006476208
421420339943.35223            0.0030400192
421421317004.0003             -0.011164468
421422294064.64844            -0.024016177
421423271125.2965             -0.016322302
421424248185.9446             -0.0010577326
421425225246.5927             -0.00032844165
421426202307.2408             -0.01087251
421427179367.8889             0.013890899
421428156428.537              0.017583944
421429133489.1851             -0.0051026214
421430110549.8332             -0.007669647
421431087610.48126            0.009756604
421432064671.1294             0.00090923655
421433041731.77747            0.0016293694
421434018792.4256             0.0057039205
421434995853.07367            0.006374117
421435972913.7218             0.015002941
421436949974.3699             0.0007687672
421437927035.01794            -0.00023256477
421438904095.6661             0.008507557
421439881156.31415            -8.93124e-05
421440858216.9623             -0.006295164
421441835277.61035            0.00049103645
421442812338.2585             0.007287839
421443789398.90656            0.025028437
421444766459.5546             0.0071496116
421445743520.20276            0.012870714
421446720580.8508             0.0065357913
421447697641.49896            0.015404543
421448674702.14703            0.0062528476
421449651762.79517            0.0015375246
421450628823.44324            0.015143717
421451605884.0913             0.0010720876
421452582944.73944            -0.00062027463
421453560005.3875             0.007305603
421454537066.03564            -0.0020991196
421455514126.6837             -0.0016849824
421456491187.33185            0.0022452883
421457468247.9799             0.0015303324
421458445308.628              0.004921437
421459422369.2761             0.005286963
421460399429.9242             0.021959063
421461376490.5723             0.0029700194
421462353551.2204             -0.0039309408
421463330611.8685             0.008667755
421464307672.5166             0.0146024935
421465284733.1647             0.0013345116
421466261793.8128             -0.009461913
421467238854.4609             -0.021030316
421468215915.109              -0.0033331793
421469192975.7571             -0.0074043213
421470170036.4052             -0.0033974207
421471147097.0533             -0.017521577
421472124157.70135            -0.02009857
421473101218.3495             -0.012157157
421474078278.99756            -0.011659248
421475055339.6457             -0.0016220051
421476032400.29376            0.00909065
421477009460.9419             0.0038361014
421477986521.58997            0.0045239143
421478963582.23804            -5.9696984e-05
421479940642.88617            0.0016110732
421480917703.53424            0.0030424318
421481894764.1824             -0.0012926364
421482871824.83044            -0.0069508064
421483848885.4786             0.004941809
421484825946.12665            0.006411868
421485803006.7747             -0.003113466
421486780067.42285            0.009629106
421487757128.0709             0.008411617
421488734188.71906            -0.001586712
421489711249.3671             0.0050456165
421490688310.01526            0.0036503763
421491665370.6633             0.0020255034
421492642431.3114             0.0055656927
421493619491.95953            0.008011991
421494596552.6076             0.0009423657
421495573613.25574            0.014982475
421496550673.9038             0.0034962546
421497527734.55194            0.020939471
421498504795.2                0.016235156
421499481855.8481             0.004463281
421500458916.4962             0.010073928
421501435977.1443             0.0015097363
421502413037.7924             -0.006395122
421503390098.4405             -0.0011911865
421504367159.0886             -0.00094718934
421505344219.7367             -0.015111397
421506321280.38477            -0.0037568624
421507298341.0329             0.0061047976
421508275401.68097            -0.0019508082
421509252462.3291             -0.0031384933
421510229522.9772             0.0055681127
421511206583.6253             -0.0054369085
421512183644.2734             -0.015528317
421513160704.92145            -0.006476892
421514137765.5696             -0.017158955
421515114826.21765            -0.012328796
421516091886.8658             0.011225103
421517068947.51385            -0.00061197474
421518046008.162              0.0052414318
421519023068.81006            -0.00012342034
421520000129.4581             0.00036720774
421520977190.10626            -0.010954959
421521954250.75433            -0.0035438803
421522931311.40247            -0.02611502
421523908372.05054            -0.011901412
421524885432.69867            -0.0020946409
421525862493.34674            -0.0024115646
421526839553.9948             -0.012357634
421527816614.64294            -0.001266586
421528793675.291              0.0029114136
421529770735.93915            0.009350785
421530747796.5872             -0.0012578579
421531724857.23535            -0.0030497122
421532701917.8834             -0.0022774949
421533678978.5315             0.0080018295
421534656039.1796             0.003332243
421535633099.8277             -0.0032317373
421536610160.4758             0.012657259
421537587221.1239             -0.00029910964
421538564281.77203            -0.009155769
421539541342.4201             -0.0076940185
421540518403.0682             0.016778769
421541495463.7163             0.019291714
421542472524.3644             0.0072290427
421543449585.0125             -0.022288281
421544426645.6606             -0.036212195
421545403706.3087             -0.0134505825
421546380766.9568             -0.0011265713
421547357827.60486            -0.0023115536
421548334888.253              -0.001006108
421549311948.90106            0.013110736
421550289009.5492             0.0005323623
421551266070.19727            -0.0074447035
421552243130.8454             0.002376564
421553220191.49347            -0.0021268963
421554197252.14154            -0.005134902
421555174312.7897             0.0065309117
421556151373.43774            -0.0017354187
421557128434.0859             0.0060704686
421558105494.73395            0.003531043
421559082555.3821             0.0007645753
421560059616.03015            -0.017289644
421561036676.6782             0.0017898859
421562013737.32635            -0.00015439923
421562990797.9744             -0.025073534
421563967858.62256            -0.023684094
421564944919.2706             -0.0027990888
421565921979.9187             -0.0116548715
421566899040.56683            -0.0068595493
421567876101.2149             0.0066936975
421568853161.86304            0.010167805
421569830222.5111             0.0009976797
421570807283.15924            -0.00071309623
421571784343.8073             0.007967295
421572761404.4554             0.003224103
421573738465.1035             0.007328408
421574715525.7516             0.011971016
421575692586.3997             0.00026672886
421576669647.0478             -0.0042616962
421577646707.6959             -0.0018564723
421578623768.344              -0.0034507243
421579600828.99207            0.0050172885
421580577889.6402             -0.00069461635
421581554950.28827            0.0058772666
421582532010.9364             -0.0078069116
421583509071.5845             -0.012015839
421584486132.2326             0.0124461735
421585463192.8807             -0.004832957
421586440253.52875            -0.0069438973
421587417314.1769             -0.009654311
421588394374.82495            0.028832702
421589371435.4731             0.00668205
421590348496.12115            0.003797725
421591325556.7693             -0.006952288
421592302617.41736            -0.018951848
421593279678.0654             -0.000513694
421594256738.71356            0.010991365
421595233799.36163            -0.019285213
421596210860.00977            -0.02055716
421597187920.65784            -0.010607435
421598164981.30597            -0.020916201
421599142041.95404            0.003291486
421600119102.6021             -0.0019397575
421601096163.25024            0.00053231354
421602073223.8983             -0.016461013
421603050284.54645            -0.013283224
421604027345.1945             -0.0104941325
421605004405.84265            -0.00016216202
421605981466.4907             -0.016312134
421606958527.1388             0.017591203
421607935587.7869             0.0032403928
421608912648.435              -0.017876863
421609889709.0831             0.010128966
421610866769.7312             -0.005469006
421611843830.37933            0.0141147375
421612820891.0274             0.017819345
421613797951.6755             -0.0015895484
421614775012.3236             0.0025263464
421615752072.9717             0.0041216905
421616729133.6198             -0.0062834127
421617706194.2679             0.007061942
421618683254.916              0.006017802
421619660315.5641             0.020411383
421620637376.21216            0.008842233
421621614436.8603             -0.0042175422
421622591497.50836            0.0012303003
421623568558.1565             -0.0087741325
421624545618.80457            -0.011148105
421625522679.4527             -0.023896227
421626499740.10077            0.012625587
421627476800.74884            0.019267656
421628453861.397              0.010786275
421629430922.04504            0.004518836
421630407982.6932             -0.0009551866
421631385043.34125            0.0018449078
421632362103.9894             0.0038476477
421633339164.63745            0.0142668085
421634316225.2855             0.01542737
421635293285.93365            0.009662387
421636270346.5817             -0.0040899124
421637247407.22986            -0.0043513593
421638224467.8779             -0.004674522
421639201528.52606            -0.004683082
421640178589.17413            -0.005576905
421641155649.8222             -0.004123683
421642132710.47034            -0.0022822495
421643109771.1184             -0.008340869
421644086831.76654            -0.00633488
421645063892.4146             0.0066703907
421646040953.06274            0.008343461
421647018013.7108             0.011076119
421647995074.3589             -0.0014486716
421648972135.007              0.0034880005
421649949195.6551             0.010706136
421650926256.3032             -0.004947363
421651903316.9513             -0.01858338
421652880377.5994             -0.0018873994
421653857438.2475             0.007095229
421654834498.89557            -0.006612962
421655811559.5437             -0.02575881
421656788620.1918             -0.0011222429
421657765680.8399             -0.008348961
421658742741.488              -0.007853694
421659719802.1361             0.014426203
421660696862.7842             0.012419661
421661673923.43225            -0.0075964695
421662650984.0804             -0.0037723356
421663628044.72845            -0.01388349
421664605105.3766             0.0077615166
421665582166.02466            0.0016341235
421666559226.6728             -0.018148202
421667536287.32086            -0.004743167
421668513347.96893            -0.0031436486
421669490408.61707            0.013340437
421670467469.26514            -0.0072354707
421671444529.91327            -0.016249439
421672421590.56134            -0.0062709968
421673398651.2095             -0.0008127472
421674375711.85754            -0.01375122
421675352772.5056             0.019519623
421676329833.15375            -0.00401003
421677306893.8018             -0.008689181
421678283954.44995            -0.005984375
421679261015.098              -0.009883988
421680238075.74615            -0.0050980477
421681215136.3942             -0.01354538
421682192197.0423             -0.013312431
421683169257.6904             -0.0004341764
421684146318.3385             -0.009326811
421685123378.98663            -0.0067818947
421686100439.6347             0.012454114
421687077500.28284            0.024383906
421688054560.9309             0.004093164
421689031621.579              -0.006200057
421690008682.2271             -0.0016830277
421690985742.8752             -0.00036635183
421691962803.5233             0.00073650543
421692939864.1714             0.010577209
421693916924.8195             0.0041353065
421694893985.4676             -0.0011878061
421695871046.11566            0.011013386
421696848106.7638             0.015988726
421697825167.41187            0.007366583
421698802228.06               0.007779778
421699779288.70807            0.0047001042
421700756349.3562             0.0068846904
421701733410.0043             0.008351176
421702710470.65234            0.0035817178
421703687531.3005             -0.009002122
421704664591.94855            -0.0042185583
421705641652.5967             0.007189756
421706618713.24475            0.014359017
421707595773.8929             0.0064895297
421708572834.54095            0.012190737
421709549895.189              -0.004308491
421710526955.83716            -0.002460257
421711504016.4852             0.00192423
421712481077.13336            0.00638828
421713458137.78143            0.0119621465
421714435198.42957            -0.016390825
421715412259.07764            -0.007527794
421716389319.7257             -0.008417849
421717366380.37384            -0.010914659
421718343441.0219             0.011868691
421719320501.67004            -0.013133031
421720297562.3181             -0.011464863
421721274622.9662             -0.019540248
421722251683.6143             0.0023843115
421723228744.2624             0.014512468
421724205804.9105             0.004104137
421725182865.5586             0.005700462
421726159926.2067             0.008856464
421727136986.8548             -0.00020927838
421728114047.50287            0.005267333
421729091108.151              0.014608737
421730068168.7991             0.003931358
421731045229.4472             0.0010429611
421732022290.0953             0.0037319497
421732999350.7434             0.019722888
421733976411.3915             0.009033769
421734953472.03955            -0.0035324409
421735930532.6877             -0.0054943343
421736907593.33575            -0.01167474
421737884653.9839             -0.0007274888
421738861714.63196            0.007747144
421739838775.2801             0.0056507573
421740815835.92816            0.004956498
421741792896.57623            -0.0032598355
421742769957.22437            0.004260142
421743747017.87244            0.007690307
421744724078.52057            0.0011458956
421745701139.16864            -0.0003301169
421746678199.8168             -0.0063376063
421747655260.46484            0.01267565
421748632321.1129             0.0008928599
421749609381.76105            -0.007551831
421750586442.4091             -0.0027066313
421751563503.05725            -0.0071154456
421752540563.7053             0.0022701414
421753517624.35345            -0.007930179
421754494685.0015             0.0032156664
421755471745.6496             0.005550365
421756448806.2977             0.000968602
421757425866.9458             0.013686136
421758402927.59393            -0.012849673
421759379988.242              -0.01362928
421760357048.89014            -0.014894738
421761334109.5382             -0.013994775
421762311170.1863             -0.014710004
421763288230.8344             0.0061285724
421764265291.4825             0.010643295
421765242352.1306             0.0064300634
421766219412.7787             0.0078077745
421767196473.4268             -0.006482778
421768173534.0749             -0.0066599115
421769150594.72296            0.005289285
421770127655.3711             -0.0037756509
421771104716.01917            -0.003927577
421772081776.6673             0.013360472
421773058837.31537            0.004887138
421774035897.9635             -0.019684058
421775012958.6116             -0.033177942
421775990019.25964            -0.008359556
421776967079.9078             -0.016010493
421777944140.55585            -0.0047476133
421778921201.204              0.0010894067
421779898261.85205            0.0069828476
421780875322.5002             0.012342393
421781852383.14825            -0.012356501
421782829443.7963             -0.011870881
421783806504.44446            -0.005411078
421784783565.0925             0.0058929957
421785760625.74066            -0.0045182225
421786737686.38873            0.01590171
421787714747.03687            0.009265207
421788691807.68494            -0.014753533
421789668868.333              -0.008873548
421790645928.98114            -0.0010496861
421791622989.6292             0.009008681
421792600050.27734            -0.0026927618
421793577110.9254             0.012743439
421794554171.57355            0.0058393264
421795531232.2216             -0.0023632266
421796508292.8697             -0.025909118
421797485353.5178             -0.01013489
421798462414.1659             0.0027113338
421799439474.814              -0.01818466
421800416535.4621             -0.0017129037
421801393596.1102             0.016597254
421802370656.7583             0.009036009
421803347717.4064             0.009465524
421804324778.0545             0.008400983
421805301838.7026             -0.014521739
421806278899.3507             0.008530735
421807255959.9988             -0.013107133
421808233020.6469             -0.013636936
421809210081.295              -0.002521963
421810187141.94305            -0.015007392
421811164202.5912             0.003987548
421812141263.23926            0.0036120317
421813118323.8874             -0.011043146
421814095384.53546            -0.011936225
421815072445.1836             -0.009384914
421816049505.83167            0.00050622056
421817026566.47974            0.021184692
421818003627.12787            0.023798238
421818980687.77594            0.024497412
421819957748.4241             -0.0076114926
421820934809.07214            -0.001563356
421821911869.7203             0.009573141
421822888930.36835            -0.016330069
421823865991.0164             0.007899952
421824843051.66455            0.0072700116
421825820112.3126             -0.00025946557
421826797172.96075            0.0011850026
421827774233.6088             -0.00968863
421828751294.25696            -0.011667737
421829728354.905              -0.013488123
421830705415.5531             0.009833652
421831682476.20123            1.557229e-05
421832659536.8493             -0.005314414
421833636597.49744            -0.0070741912
421834613658.1455             -0.0017276423
421835590718.79364            -0.009322015
421836567779.4417             0.006723064
421837544840.0898             -0.0046867016
421838521900.7379             -0.015485524
421839498961.386              -0.0063136034
421840476022.0341             -0.0014822421
421841453082.6822             0.0011651202
421842430143.3303             0.02380631
421843407203.9784             0.00031597458
421844384264.62646            0.015793998
421845361325.2746             0.004106587
421846338385.92267            -0.010597788
421847315446.5708             -0.028003996
421848292507.2189             -0.009135349
421849269567.867              -0.013733448
421850246628.5151             -0.014509682
421851223689.16315            0.01138233
421852200749.8113             0.01684161
421853177810.45935            0.00890452
421854154871.1075             -0.0034771308
421855131931.75555            0.004226763
421856108992.4037             0.008779346
421857086053.05176            0.004310533
421858063113.6998             -0.0071260193
421859040174.34796            -0.009146319
421860017234.99603            -0.005635003
421860994295.64417            0.0049292985
421861971356.29224            0.0014364156
421862948416.94037            -0.00018452831
421863925477.58844            0.0029556397
421864902538.2365             0.009275517
421865879598.88464            -0.016875667
421866856659.5327             -0.009463785
421867833720.18085            0.0018979305
421868810780.8289             0.0053538647
421869787841.47705            0.023551023
421870764902.1251             0.006701663
421871741962.7732             -0.0016754618
421872719023.4213             0.008891386
421873696084.0694             0.0152676385
421874673144.7175             -0.012603016
421875650205.3656             -0.011662602
421876627266.0137             -0.006622369
421877604326.6618             -0.012806097
421878581387.3099             -0.020309
421879558447.958              -0.0052521466
421880535508.6061             1.4366344e-06
421881512569.2542             0.0025302037
421882489629.9023             0.00039017474
421883466690.55035            0.00767199
421884443751.1985             0.011853705
421885420811.84656            0.012285261
421886397872.4947             0.0057152747
421887374933.14276            0.011965461
421888351993.7909             0.0051254127
421889329054.43896            0.001799153
421890306115.08704            -0.00071712775
421891283175.73517            0.0024192985
421892260236.38324            -0.0008861474
421893237297.0314             -0.016879449
421894214357.67944            -0.0072894585
421895191418.3276             0.0039996714
421896168478.97565            0.008951328
421897145539.6237             0.0035141183
421898122600.27185            -0.014572505
421899099660.9199             0.017575564
421900076721.56805            0.00943704
421901053782.2161             -0.0018431644
421902030842.86426            -0.008111966
421903007903.5123             0.0055748415
421903984964.1604             -0.011968951
421904962024.80853            -0.0027720998
421905939085.4566             0.00771937
421906916146.10474            -0.01360853
421907893206.7528             -0.011311484
421908870267.40094            0.024980955
421909847328.049              0.014150307
421910824388.6971             -0.0053502806
421911801449.3452             0.026754186
421912778509.9933             0.008386887
421913755570.6414             -0.022278337
421914732631.2895             -0.019710863
421915709691.9376             -0.020386167
421916686752.5857             -0.012366146
421917663813.23376            -0.0050552716
421918640873.8819             -0.001909648
421919617934.52997            -0.0071680536
421920594995.1781             -0.0008816005
421921572055.8262             -0.021552166
421922549116.4743             -0.013245383
421923526177.1224             -0.004262973
421924503237.77045            0.00034798356
421925480298.4186             0.0011691778
421926457359.06665            0.010769188
421927434419.7148             -0.00522218
421928411480.36285            0.011155401
421929388541.011              0.0191697
421930365601.65906            -0.015488423
421931342662.3071             -0.010614119
421932319722.95526            0.010468231
421933296783.60333            0.0049196337
421934273844.25146            0.0010178715
421935250904.89954            -0.006923159
421936227965.54767            -0.018088683
421937205026.19574            -0.0042590336
421938182086.8438             -0.0058834543
421939159147.49194            -0.005613732
421940136208.14               -0.016402654
421941113268.78815            -0.03327022
421942090329.4362             -0.022463564
421943067390.08435            0.0047775065
421944044450.7324             0.00972269
421945021511.3805             0.019475928
421945998572.0286             -0.0044210716
421946975632.6767             0.003181513
421947952693.3248             -0.016124917
421948929753.9729             -0.008015043
421949906814.62103            -0.025232993
421950883875.2691             0.000462708
421951860935.9172             0.0018856728
421952837996.5653             0.012637417
421953815057.2134             0.019731851
421954792117.8615             -0.0014189209
421955769178.5096             -0.006438402
421956746239.1577             -0.009503669
421957723299.8058             -0.017470947
421958700360.45386            -0.010099135
421959677421.102              -0.016307354
421960654481.75006            0.001412399
421961631542.3982             -0.015314161
421962608603.04626            0.005702814
421963585663.6944             0.0074303313
421964562724.34247            0.014690224
421965539784.99054            0.0073172045
421966516845.6387             -0.017460499
421967493906.28674            -0.009791129
421968470966.9349             -0.005025297
421969448027.58295            0.00160871
421970425088.2311             0.005746844
421971402148.87915            -0.004225118
421972379209.5272             0.025127469
421973356270.17535            0.016413338
421974333330.8234             -0.012215318
421975310391.47156            0.012024199
421976287452.1196             0.002943538
421977264512.76776            -0.004168269
421978241573.41583            -0.005958476
421979218634.0639             -0.002919969
421980195694.71204            0.01719968
421981172755.3601             0.015196
421982149816.00824            0.013849107
421983126876.6563             0.013206393
421984103937.30444            0.009930073
421985080997.9525             0.02087776
421986058058.6006             -0.003210206
421987035119.2487             -0.0044688694
421988012179.8968             0.0033867809
421988989240.5449             0.0017016118
421989966301.193              0.0054300143
421990943361.8411             0.0061752936
421991920422.4892             -0.006255801
421992897483.13727            -0.01918265
421993874543.7854             -0.0027898839
421994851604.4335             -0.030962767
421995828665.0816             -0.019224048
421996805725.7297             -0.0020979582
421997782786.3778             -0.012203471
421998759847.0259             -0.010370232
421999736907.67395            0.0034903802
422000713968.3221             0.0209965
422001691028.97015            0.010070478
422002668089.6183             0.0010007964
422003645150.26636            -0.019260436
422004622210.9145             -0.013092546
422005599271.56256            -0.013130901
422006576332.21063            0.0037339483
422007553392.85876            0.0030775592
422008530453.50684            0.008010624
422009507514.15497            0.0070181554
422010484574.80304            0.0168871
422011461635.4512             0.0026024932
422012438696.09924            0.009747514
422013415756.7473             -0.0017676259
422014392817.39545            -0.023448832
422015369878.0435             0.0048186253
422016346938.69165            0.0059548854
422017323999.3397             -0.009227099
422018301059.98785            -0.012607241
422019278120.6359             -0.0034554615
422020255181.284              -0.0126068685
422021232241.9321             0.0053037046
422022209302.5802             0.015799252
422023186363.22833            0.012753814
422024163423.8764             0.015093675
422025140484.52454            -0.01188673
422026117545.1726             0.0006814747
422027094605.8207             0.0055937404
422028071666.4688             -0.0037826013
422029048727.1169             0.014552531
422030025787.765              -0.0200719
422031002848.4131             -0.0095842965
422031979909.06116            -0.0024996626
422032956969.7093             -0.01510776
422033934030.35736            -0.025635574
422034911091.0055             -0.009678269
422035888151.65356            0.0011669652
422036865212.3017             -0.029402424
422037842272.94977            -0.012609749
422038819333.59784            -0.013457173
422039796394.246              0.0014098211
422040773454.89404            0.03326566
422041750515.5422             -0.0009924476
422042727576.19025            -0.005773741
422043704636.8384             0.03388254
422044681697.48645            0.0023008317
422045658758.1345             -0.007597617
422046635818.78265            -0.027801948
422047612879.4307             -0.006749101
422048589940.07886            -0.0057602627
422049567000.7269             -0.033901565
422050544061.37506            -0.001953578
422051521122.02313            -0.00093943917
422052498182.6712             0.0049829986
422053475243.31934            -0.009435012
422054452303.9674             -0.0041312813
422055429364.61554            0.014285533
422056406425.2636             0.021898925
422057383485.91174            0.008168044
422058360546.5598             0.021527074
422059337607.2079             -0.0056350916
422060314667.856              -0.013226132
422061291728.5041             0.0051651504
422062268789.1522             0.019094508
422063245849.8003             0.02361763
422064222910.4484             0.017327623
422065199971.0965             -0.003043692
422066177031.74457            0.0077816797
422067154092.3927             0.009743796
422068131153.0408             0.0355217
422069108213.6889             0.033140346
422070085274.337              0.0036805267
422071062334.9851             -0.003455792
422072039395.6332             -0.014822583
422073016456.28125            -0.029792503
422073993516.9294             -0.04978185
422074970577.57745            -0.0075650797
422075947638.2256             0.007488544
422076924698.87366            0.0058037806
422077901759.5218             0.007827107
422078878820.16986            0.0023523038
422079855880.81793            -0.01634201
422080832941.46606            -0.00610011
422081810002.11414            0.012988731
422082787062.76227            0.0050186347
422083764123.41034            -0.0032958789
422084741184.0585             0.007579063
422085718244.70654            0.006529077
422086695305.3546             0.018270697
422087672366.00275            -0.01276958
422088649426.6508             -0.0018730593
422089626487.29895            0.027545106
422090603547.947              0.025008107
422091580608.59515            0.024592364
422092557669.2432             -0.004694201
422093534729.8913             -0.009227657
422094511790.5394             0.005930123
422095488851.1875             0.0011221712
422096465911.83563            -0.026170278
422097442972.4837             -0.0147488
422098420033.13184            0.004413414
422099397093.7799             0.011033332
422100374154.428              0.002735951
422101351215.0761             0.0050254827
422102328275.7242             -0.015198694
422103305336.3723             0.0100336475
422104282397.0204             0.022939876
422105259457.6685             -0.01454028
422106236518.3166             -0.014772069
422107213578.96466            0.016485011
422108190639.6128             0.018777072
422109167700.26086            0.004020979
422110144760.909              0.0011807687
422111121821.55707            -0.009439462
422112098882.2052             -0.00062959536
422113075942.8533             0.03173686
422114053003.50134            0.01795674
422115030064.1495             0.0023744772
422116007124.79755            -0.006776911
422116984185.4457             0.008737253
422117961246.09375            0.023963436
422118938306.7419             0.021963166
422119915367.38995            -0.011759037
422120892428.038              0.0021020933
422121869488.68616            -0.008095116
422122846549.3342             0.013220569
422123823609.98236            0.00930369
422124800670.63043            0.008434001
422125777731.27856            0.0049893516
422126754791.92664            -0.0003111222
422127731852.5747             -0.007813872
422128708913.22284            -0.004546881
422129685973.8709             -0.004976024
422130663034.51904            -0.01321696
422131640095.1671             -0.020667374
422132617155.81525            0.0063821175
422133594216.4633             -0.0070425672
422134571277.1114             -0.009636974
422135548337.7595             -0.016492836
422136525398.4076             -0.011954126
422137502459.0557             -0.0073667117
422138479519.7038             -0.0022627006
422139456580.3519             -0.01140812
422140433641.0                0.0103688035
422141410701.6481             0.018854294
422142387762.2962             0.016968241
422143364822.9443             0.021573275
422144341883.5924             0.031679492
422145318944.2405             -0.018307885
422146296004.8886             -0.0021498424
422147273065.5367             -0.0020147422
422148250126.18475            0.0042162486
422149227186.8329             0.022367243
422150204247.48096            0.003492819
422151181308.1291             0.013735357
422152158368.77716            -0.0019831795
422153135429.4253             0.015793437
422154112490.07336            0.012599408
422155089550.72144            0.008442302
422156066611.36957            0.031770356
422157043672.01764            0.013174171
422158020732.6658             0.0050842185
422158997793.31384            0.024488274
422159974853.962              -0.002648778
422160951914.61005            0.017993316
422161928975.2581             0.006309194
422162906035.90625            -0.006618749
422163883096.5543             -0.0047285208
422164860157.20245            0.02458819
422165837217.8505             0.021906838
422166814278.49866            0.0071910005
422167791339.1467             -0.0072415317
422168768399.7948             -0.0020296134
422169745460.44293            -0.00864044
422170722521.091              0.012389652
422171699581.73914            0.007548636
422172676642.3872             0.0037053959
422173653703.03534            -0.00032320552
422174630763.6834             -0.0018507661
422175607824.3315             -0.005293357
422176584884.9796             -0.016758611
422177561945.6277             -0.016278343
422178539006.2758             -0.030776953
422179516066.9239             -0.0047690175
422180493127.572              0.010908946
422181470188.2201             0.017415607
422182447248.86816            -0.024519444
422183424309.5163             -0.007625445
422184401370.16437            -0.022374721
422185378430.8125             -0.013922174
422186355491.4606             -0.0062420536
422187332552.10864            0.010604177
422188309612.7568             -0.023173392
422189286673.40485            0.0068609407
422190263734.053              0.022358496
422191240794.70105            0.031270035
422192217855.3492             0.033912912
422193194915.99725            0.009823432
422194171976.6453             0.0027404497
422195149037.29346            -0.019626988
422196126097.9415             -0.01488196
422197103158.58966            0.0064503322
422198080219.23773            0.005591267
422199057279.88586            0.020567432
422200034340.53394            -0.01198664
422201011401.182              -0.0017673845
422201988461.83014            -0.023354648
422202965522.4782             -0.011010888
422203942583.12634            0.000593649
422204919643.7744             -0.0032915673
422205896704.42255            0.006500326
422206873765.0706             -0.020526933
422207850825.7187             0.027449325
422208827886.3668             0.053849556
422209804947.0149             0.03189253
422210782007.663              0.0101563325
422211759068.3111             0.01018564
422212736128.9592             -0.006638689
422213713189.6073             -0.014269259
422214690250.2554             -0.017348982
422215667310.9035             0.009727595
422216644371.5516             0.019968241
422217621432.1997             0.0068712085
422218598492.8478             0.0015372613
422219575553.4959             0.0016068113
422220552614.144              -0.0057904916
422221529674.79205            0.014578898
422222506735.4402             -0.031015575
422223483796.08826            -0.025042458
422224460856.7364             0.03245494
422225437917.38446            0.013756274
422226414978.0326             0.013300515
422227392038.68066            -0.034082126
422228369099.32874            -0.024769682
422229346159.97687            -0.005075032
422230323220.62494            -0.01235873
422231300281.2731             -0.0066398703
422232277341.92114            -0.03283763
422233254402.5693             -0.0016199468
422234231463.21735            0.011374377
422235208523.8654             0.019835591
422236185584.51355            0.01707318
422237162645.1616             0.0132078
422238139705.80975            0.02832329
422239116766.4578             0.010728388
422240093827.10596            0.014241099
422241070887.754              0.0075310813
422242047948.4021             0.026658133
422243025009.05023            -0.00026664772
422244002069.6983             -0.0005486034
422244979130.34644            0.02659554
422245956190.9945             0.017407179
422246933251.64264            0.0041252654
422247910312.2907             -9.5931384e-05
422248887372.9388             0.023379652
422249864433.5869             0.015497543
422250841494.235              0.0032391127
422251818554.8831             0.020357134
422252795615.5312             -0.010962639
422253772676.1793             -0.01647101
422254749736.8274             -0.0036517214
422255726797.47546            0.003792789
422256703858.1236             -0.026355727
422257680918.77167            -0.039769642
422258657979.4198             -0.008397
422259635040.0679             -0.016379634
422260612100.716              -0.0071380152
422261589161.3641             0.006642181
422262566222.01215            0.017350752
422263543282.6603             -0.012160839
422264520343.30835            0.018040746
422265497403.9565             0.000117706586
422266474464.60455            -0.013111093
422267451525.2527             0.0091305645
422268428585.90076            0.010748861
422269405646.5488             -0.00088413345
422270382707.19696            0.0059057693
422271359767.84503            -0.004356999
422272336828.49316            -0.032470696
422273313889.14124            -0.0029063774
422274290949.78937            -0.0012956352
422275268010.43744            -0.0121766655
422276245071.0855             -0.00025144455
422277222131.73364            -0.017062109
422278199192.3817             -0.035414092
422279176253.02985            0.004352339
422280153313.6779             -0.0094808545
422281130374.32605            -0.025047872
422282107434.9741             -0.017635196
422283084495.6222             0.012613161
422284061556.2703             -0.036893748
422285038616.9184             -0.024828631
422286015677.5665             -0.0007453852
422286992738.2146             -0.01915059
422287969798.86273            -0.028697338
422288946859.5108             0.025338918
422289923920.1589             0.025810191
422290900980.807              0.009832905
422291878041.4551             -0.023388978
422292855102.1032             0.0038948897
422293832162.7513             -0.012118829
422294809223.3994             0.014633331
422295786284.0475             0.012092135
422296763344.69556            0.021550436
422297740405.3437             -0.0066352403
422298717465.99176            -0.0058565885
422299694526.6399             -0.02303477
422300671587.28796            -0.0032033918
422301648647.9361             -0.004793424
422302625708.58417            0.0019381834
422303602769.23224            -0.008088664
422304579829.8804             -0.013141824
422305556890.52844            -0.014819284
422306533951.1766             0.006324339
422307511011.82465            0.017262226
422308488072.4728             -0.021003708
422309465133.12085            0.0006119153
422310442193.7689             -0.0062250746
422311419254.41705            -0.031386923
422312396315.0651             0.013061541
422313373375.71326            -0.0013884098
422314350436.3613             -0.0089387875
422315327497.00946            -0.010476562
422316304557.65753            0.0338342
422317281618.3056             -0.01666033
422318258678.95374            -0.0148546295
422319235739.6018             0.012180734
422320212800.24994            0.039737545
422321189860.898              0.020103972
422322166921.54614            -0.0081130015
422323143982.1942             -0.013390593
422324121042.8423             0.0030046124
422325098103.4904             0.03403209
422326075164.1385             0.018745167
422327052224.7866             0.0052310065
422328029285.4347             -0.011762491
422329006346.0828             -0.015053569
422329983406.7309             0.024035875
422330960467.37897            0.047715317
422331937528.0271             0.029838627
422332914588.6752             -0.023084532
422333891649.3233             -0.015577228
422334868709.9714             -0.030618124
422335845770.6195             -0.016745372
422336822831.2676             -0.008540603
422337799891.91565            -0.018215604
422338776952.5638             -0.016613608
422339754013.21185            0.011178864
422340731073.86               -0.021441298
422341708134.50806            -0.016067134
422342685195.1561             0.002404502
422343662255.80426            0.019990811
422344639316.45233            0.0110519165
422345616377.10046            0.026939861
422346593437.74854            -0.020030912
422347570498.39667            -0.0073499256
422348547559.04474            0.016950423
422349524619.6928             0.008300099
422350501680.34094            -0.001837449
422351478740.989              -0.024685469
422352455801.63715            -0.008289893
422353432862.2852             -0.025313307
422354409922.93335            -0.018859597
422355386983.5814             -0.00992541
422356364044.2295             0.017445922
422357341104.8776             -0.012391226
422358318165.5257             -0.008442267
422359295226.1738             0.026078269
422360272286.8219             0.03795235
422361249347.47003            -0.044968374
422362226408.1181             0.010044174
422363203468.7662             -0.003622929
422364180529.4143             0.0024479132
422365157590.0624             0.008757299
422366134650.7105             0.014032076
422367111711.3586             -0.015734669
422368088772.0067             0.036477167
422369065832.6548             -0.0037597963
422370042893.30286            -0.0154874055
422371019953.951              0.01929162
422371997014.59906            0.0010069637
422372974075.2472             -0.03162494
422373951135.89526            -0.0069858497
422374928196.5434             0.017513523
422375905257.19147            -0.008627735
422376882317.83954            0.012314599
422377859378.4877             0.024622474
422378836439.13574            0.034617245
422379813499.7839             0.0015038531
422380790560.43195            0.0072755963
422381767621.0801             0.0014222641
422382744681.72815            0.017549377
422383721742.3762             -0.015196177
422384698803.02435            -0.011981277
422385675863.6724             0.008403546
422386652924.32056            0.014782568
422387629984.9686             -0.022478927
422388607045.61676            -0.0053017396
422389584106.26483            0.025588743
422390561166.9129             0.035904404
422391538227.56104            0.03282411
422392515288.2091             -0.0057656565
422393492348.85724            -0.027631147
422394469409.5053             -0.015534093
422395446470.15344            -0.024705026
422396423530.8015             -0.009466447
422397400591.4496             0.017960472
422398377652.0977             -0.014350808
422399354712.7458             -0.0015697469
422400331773.3939             0.01706099
422401308834.042              0.029345488
422402285894.6901             0.025585406
422403262955.3382             0.0045559406
422404240015.98627            -0.031273194
422405217076.6344             -0.007549114
422406194137.2825             0.029616859
422407171197.9306             0.045025878
422408148258.5787             0.013018283
422409125319.2268             0.012635952
422410102379.8749             -0.0189469
422411079440.52295            -0.030337727
422412056501.1711             -0.025499422
422413033561.81915            0.0042141126
422414010622.4673             0.0007804585
422414987683.11536            0.010415779
422415964743.7635             0.0011311081
422416941804.41156            -0.006194429
422417918865.05963            0.013589061
422418895925.70776            0.009578398
422419872986.35583            -0.022168824
422420850047.00397            0.0046848105
422421827107.65204            0.008811914
422422804168.3002             -0.021415422
422423781228.94824            -0.013864262
422424758289.5963             -0.010322523
422425735350.24445            -0.014345193
422426712410.8925             -0.0030078262
422427689471.54065            0.019156696
422428666532.1887             0.010414718
422429643592.83685            -0.012453283
422430620653.4849             -0.008119111
422431597714.133              0.0016818965
422432574774.7811             0.0014807704
422433551835.4292             -0.005761039
422434528896.07733            0.01439345
422435505956.7254             0.032014485
422436483017.37354            -0.015990736
422437460078.0216             -0.0023613467
422438437138.6697             -0.0010466749
422439414199.3178             -0.003580297
422440391259.9659             0.0018031698
422441368320.614              0.004443716
422442345381.2621             0.010248858
422443322441.9102             0.033898093
422444299502.5583             -0.004412002
422445276563.20636            0.007039673
422446253623.8545             -0.030040877
422447230684.50256            -0.004625062
422448207745.1507             0.00794714
422449184805.79877            -0.01006572
422450161866.4469             0.03588879
422451138927.095              0.026481405
422452115987.74304            0.016151808
422453093048.3912             -0.010425876
422454070109.03925            -0.031499982
422455047169.6874             -0.032876868
422456024230.33545            -0.010543491
422457001290.9836             0.0029953108
422457978351.63165            0.03623124
422458955412.2797             0.01713907
422459932472.92786            0.020640966
422460909533.5759             0.015331215
422461886594.22406            -0.007440345
422462863654.87213            -0.017059673
422463840715.52026            0.016933037
422464817776.16833            0.02432993
422465794836.8164             -0.022493364
422466771897.46454            -0.008145962
422467748958.1126             0.016254911
422468726018.76074            -0.020019343
422469703079.4088             -0.028027117
422470680140.05695            0.015902158
422471657200.705              0.031908438
422472634261.3531             0.03294344
422473611322.0012             -0.017606312
422474588382.6493             -0.018197622
422475565443.2974             0.014960565
422476542503.9455             0.027133096
422477519564.5936             -0.01225707
422478496625.2417             -0.01418717
422479473685.8898             0.020216376
422480450746.5379             0.029686486
422481427807.186              0.009196415
422482404867.8341             0.018531244
422483381928.4822             0.024314933
422484358989.1303             -0.013827297
422485336049.7784             -0.007978186
422486313110.42645            -0.013307874
422487290171.0746             -0.0027784437
422488267231.72266            -0.004221025
422489244292.3708             -0.020212166
422490221353.01886            0.016377386
422491198413.667              0.013704214
422492175474.31506            0.02777768
422493152534.96313            0.004002237
422494129595.61127            0.0015407706
422495106656.25934            -0.018308578
422496083716.9075             -0.0023385761
422497060777.55554            -0.017735822
422498037838.2036             0.012664733
422499014898.85175            -0.009338962
422499991959.4998             -0.0010177845
422500969020.14795            -0.030969083
422501946080.796              -0.019392483
422502923141.44415            -0.007889638
422503900202.0922             6.6646608e-06
422504877262.7403             -0.0055703954
422505854323.3884             -0.023216853
422506831384.0365             -0.039928786
422507808444.68463            -0.019065848
422508785505.3327             -0.00030054923
422509762565.98083            0.0019125022
422510739626.6289             0.0043569566
422511716687.277              0.023987886
422512693747.9251             0.029199315
422513670808.5732             0.0072375746
422514647869.2213             -4.1777006e-05
422515624929.8694             -0.022321912
422516601990.5175             -0.029589767
422517579051.1656             -0.022734767
422518556111.81366            -0.011994268
422519533172.4618             -0.0018363948
422520510233.10986            0.023410046
422521487293.758              0.013994506
422522464354.40607            -0.014883347
422523441415.0542             -0.036488693
422524418475.7023             -0.043766916
422525395536.35034            -0.048903905
422526372596.9985             -0.00018412057
422527349657.64655            0.035348356
422528326718.2947             0.017203515
422529303778.94275            0.03468694
422530280839.5909             0.031248607
422531257900.23895            -0.043701254
422532234960.887              0.005289374
422533212021.53516            0.0010838655
422534189082.1832             0.013877571
422535166142.83136            -0.004931575
422536143203.47943            -0.022201387
422537120264.12756            -0.013902299
422538097324.77563            -0.008084421
422539074385.4237             -0.010999727
422540051446.07184            -0.00036333693
422541028506.7199             0.019603683
422542005567.36804            0.01565061
422542982628.0161             -0.013408638
422543959688.66425            -0.012747168
422544936749.3123             0.01114307
422545913809.9604             0.028651658
422546890870.6085             0.0052824314
422547867931.2566             -0.014020829
422548844991.9047             0.025778295
422549822052.5528             0.02741591
422550799113.2009             0.00024363885
422551776173.849              0.0018396232
422552753234.4971             0.0137710385
422553730295.1452             0.019081147
422554707355.7933             -0.006464819
422555684416.4414             0.012287008
422556661477.0895             0.018536035
422557638537.7376             0.014553248
422558615598.3857             -0.0030882608
422559592659.03375            -0.021962503
422560569719.6819             -0.032216024
422561546780.32996            -0.022038672
422562523840.9781             -0.026931321
422563500901.62616            0.0027208554
422564477962.2743             0.022624161
422565455022.92236            0.017622452
422566432083.57043            -0.027512461
422567409144.21857            -0.00082866324
422568386204.86664            -0.0021997546
422569363265.5148             -0.02067642
422570340326.16284            -0.009320216
422571317386.811              0.001951546
422572294447.45905            -0.035528116
422573271508.1071             -0.045275014
422574248568.75525            0.009687247
422575225629.4033             -0.016912455
422576202690.05145            -0.017438946
422577179750.6995             -0.00017844237
422578156811.34766            -0.051940434
422579133871.9957             0.014332165
422580110932.6438             0.016358174
422581087993.29193            -0.001619667
422582065053.94               -0.024305753
422583042114.58813            -0.008354685
422584019175.2362             -0.002836785
422584996235.88434            0.0041640964
422585973296.5324             0.056497436
422586950357.1805             0.08214624
422587927417.8286             0.032556184
422588904478.4767             -0.0020454598
422589881539.1248             -0.022137495
422590858599.7729             0.006397345
422591835660.421              0.022824775
422592812721.0691             0.025888085
422593789781.71716            -0.028366998
422594766842.3653             0.013610298
422595743903.01337            0.0022928857
422596720963.6615             0.032426562
422597698024.3096             -0.004763802
422598675084.9577             0.041053616
422599652145.6058             0.0005368047
422600629206.25385            0.039854232
422601606266.902              0.039936516
422602583327.55005            0.0062197354
422603560388.1982             0.008221971
422604537448.84625            -0.034484446
422605514509.4944             0.015005584
422606491570.14246            0.019083174
422607468630.7905             0.013371829
422608445691.43866            -0.026754318
422609422752.08673            -0.023270132
422610399812.73486            -0.019803228
422611376873.38293            0.006975973
422612353934.03107            0.03377851
422613330994.67914            0.0024320015
422614308055.3272             -0.023329606
422615285115.97534            -0.02845901
422616262176.6234             0.007631429
422617239237.27155            -0.029883865
422618216297.9196             -0.000111762034
422619193358.56775            0.011763177
422620170419.2158             0.022276903
422621147479.8639             0.0036259107
422622124540.512              -0.01741841
422623101601.1601             -0.002778912
422624078661.8082             0.030281702
422625055722.4563             0.020382423
422626032783.10443            -0.039808728
422627009843.7525             0.032582004
422627986904.4006             0.014313319
422628963965.0487             0.006159666
422629941025.6968             -0.004929789
422630918086.3449             -0.034401953
422631895146.993              -0.023172857
422632872207.6411             0.012334184
422633849268.2892             -0.006023435
422634826328.93726            -0.0010108978
422635803389.5854             -0.021005208
422636780450.23346            -0.028055262
422637757510.8816             -0.03050497
422638734571.52966            0.029098647
422639711632.1778             0.009665608
422640688692.82587            0.008274657
422641665753.47394            -0.0128291
422642642814.1221             0.003686141
422643619874.77014            0.0030900897
422644596935.4183             -0.0040185377
422645573996.06635            -0.027174305
422646551056.7145             -0.034584388
422647528117.36255            -0.04410928
422648505178.0106             -0.049853284
422649482238.65875            0.0035799597
422650459299.3068             0.013790728
422651436359.95496            0.042809624
422652413420.603              0.04923861
422653390481.2511             0.0017168834
422654367541.89923            -0.01926141
422655344602.5473             -0.0031685554
422656321663.19543            -0.02802359
422657298723.8435             -0.013160251
422658275784.49164            -0.010469841
422659252845.1397             -0.03570573
422660229905.7878             -0.05952675
422661206966.4359             -0.04163374
422662184027.084              -0.010055308
422663161087.7321             -0.013920877
422664138148.3802             -0.032756116
422665115209.0283             0.013117787
422666092269.6764             -0.024107091
422667069330.32446            -0.03356128
422668046390.9726             0.00799569
422669023451.62067            0.008322297
422670000512.2688             0.0091405725
422670977572.9169             0.032640938
422671954633.565              -0.005935069
422672931694.2131             -0.014193679
422673908754.86115            -0.002240369
422674885815.5093             0.024521267
422675862876.15735            0.0061674067
422676839936.8055             -0.016480178
422677816997.45355            0.0061859614
422678794058.1017             -0.02784973
422679771118.74976            -0.07352485
422680748179.3978             -0.010499854
422681725240.04596            0.026863037
422682702300.69403            0.01157097
422683679361.34216            0.005135381
422684656421.99023            0.0070367833
422685633482.63837            -0.07823271
422686610543.28644            -0.011130329
422687587603.9345             0.01471687
422688564664.58264            -0.037755277
422689541725.2307             -0.07354116
422690518785.87885            0.011537716
422691495846.5269             0.032559488
422692472907.17505            -0.029392395
422693449967.8231             0.017820613
422694427028.4712             0.03325366
422695404089.1193             0.018519731
422696381149.7674             0.02355364
422697358210.4155             0.018694779
422698335271.0636             -0.0014930218
422699312331.71173            0.041639328
422700289392.3598             0.060960118
422701266453.0079             0.03588942
422702243513.656              -0.024510235
422703220574.3041             -0.026919875
422704197634.9522             -0.006044266
422705174695.6003             0.012446091
422706151756.2484             0.004396718
422707128816.8965             -0.012624424
422708105877.54456            0.007469722
422709082938.1927             -0.0354966
422710059998.84076            -0.04564201
422711037059.4889             -0.013546401
422712014120.13696            -0.06715389
422712991180.7851             -0.0452965
422713968241.43317            0.03690747
422714945302.08124            0.06694741
422715922362.7294             0.03566092
422716899423.37744            0.00041158375
422717876484.0256             -0.042252515
422718853544.67365            0.00021373166
422719830605.3218             -0.009068195
422720807665.96985            -0.0098532
422721784726.6179             -0.048117623
422722761787.26605            0.002425135
422723738847.9141             -0.010864174
422724715908.56226            -0.04169771
422725692969.2103             0.010872312
422726670029.85846            -0.013015454
422727647090.50653            -0.0026092792
433158652872.4                0.002561136
433159629933.2482             -0.0065310323
433160606994.09644            0.00068245403
433161584054.94464            0.011242254
433162561115.7929             0.013529967
433163538176.6411             0.0108544305
433164515237.4893             0.005315778
433165492298.3375             -0.0032174885
433166469359.1857             0.004544277
433167446420.03394            0.0009271171
433168423480.88214            -0.01632245
433169400541.7304             -0.01610822
433170377602.5786             -0.0054580388
433171354663.4268             0.005508336
433172331724.275              -0.00130981
433173308785.1232             0.0024574806
433174285845.97144            0.0056428616
433175262906.81964            -0.0025910512
433176239967.6679             0.0010236766
433177217028.5161             0.01523798
433178194089.3643             0.010884283
433179171150.2125             -0.00403507
433180148211.0607             -0.0045278245
433181125271.90894            -0.0073416587
433182102332.75714            0.001812985
433183079393.60535            -0.005343439
433184056454.4536             -0.008277263
433185033515.3018             -0.0014509807
433186010576.15               -0.00041692643
433186987636.9982             0.009553995
433187964697.84644            -0.0036330447
433188941758.69464            0.00213486
433189918819.54285            0.0027670544
433190895880.3911             0.009280423
433191872941.2393             0.006561662
433192850002.0875             -0.0033104299
433193827062.9357             -0.001476309
433194804123.78394            -0.0051102885
433195781184.63214            0.0011750737
433196758245.48035            -0.0011350033
433197735306.3286             -0.002883622
433198712367.1768             -0.0037367858
433199689428.025              -0.008461994
433200666488.8732             0.0046731085
433201643549.72144            0.00776646
433202620610.56964            0.0009327789
433203597671.41785            -0.007025616
433204574732.2661             -0.011689924
433205551793.1143             -0.009864474
433206528853.9625             0.012084658
433207505914.8107             0.002828966
433208482975.65894            0.009216253
433209460036.50714            0.010424973
433210437097.35535            -0.0037515878
433211414158.2036             -0.008230292
433212391219.0518             -0.010449492
433213368279.9                -0.0021146934
433214345340.7482             -0.00048354952
433215322401.59644            0.008700727
433216299462.44464            0.0071534254
433217276523.29285            -0.0051902253
433218253584.14105            -0.016524814
433219230644.9893             -0.018692559
433220207705.8375             -0.016947368
433221184766.6857             -0.010549435
433222161827.53394            -0.0017168655
433223138888.38214            0.008311396
433224115949.23035            0.0025609198
433225093010.07855            -0.00094867626
433226070070.9268             0.008774312
433227047131.775              0.0055836597
433228024192.6232             0.004706663
433229001253.47144            -0.001003377
433229978314.31964            0.0047864243
433230955375.16785            0.002895392
433231932436.01605            0.008130665
433232909496.8643             0.0099419765
433233886557.7125             0.0033656948
433234863618.5607             0.0027456696
433235840679.40894            -0.008656191
433236817740.25714            -0.0013463286
433237794801.10535            0.0013193776
433238771861.95355            0.011304275
433239748922.8018             0.013991493
433240725983.65               0.00050837797
433241703044.4982             -0.003911865
433242680105.34644            0.004643457
433243657166.19464            0.0009256925
433244634227.04285            -0.00034740672
433245611287.89105            0.010185863
433246588348.7393             -0.006256484
433247565409.5875             0.0012748538
433248542470.4357             -0.004158645
433249519531.28394            0.008490046
433250496592.13214            0.005725969
433251473652.98035            0.004268583
433252450713.82855            0.009235403
433253427774.67676            0.0016136599
433254404835.525              0.008918067
433255381896.3732             0.0067496616
433256358957.22144            -0.0133085
433257336018.06964            -0.0033806285
433258313078.91785            0.0012744596
433259290139.76605            -0.0079804
433260267200.61426            -0.01595272
433261244261.4625             -0.0029985467
433262221322.3107             0.0022600049
433263198383.15894            -0.00028728496
433264175444.00714            0.003843977
433265152504.85535            0.005239089
433266129565.70355            0.00086396706
433267106626.55176            -0.010128161
433268083687.4                -0.010404735
433269060748.2482             0.006162968
433270037809.09644            0.009595723
433271014869.94464            -0.009503918
433271991930.79285            -0.004949178
433272968991.64105            -0.0031622192
433273946052.48926            0.0045595025
433274923113.3375             0.0043084356
433275900174.1857             -0.0064619873
433276877235.03394            -0.0050393026
433277854295.88214            -0.0013497375
433278831356.73035            0.00094990275
433279808417.57855            0.0021269897
433280785478.42676            0.010454679
433281762539.275              0.0028370183
433282739600.1232             0.0020546727
433283716660.97144            -0.00037807747
433284693721.81964            -0.002437458
433285670782.66785            -0.002563258
433286647843.51605            -0.008891004
433287624904.36426            -0.0019250931
433288601965.21246            0.007838549
433289579026.0607             0.019920927
433290556086.90894            0.0045819995
433291533147.75714            -0.0025489703
433292510208.60535            -0.0022765363
433293487269.45355            0.0013451828
433294464330.30176            -0.0014227829
433295441391.14996            0.0018479197
433296418451.9982             -0.0070847003
433297395512.84644            -0.005092564
433298372573.69464            -0.006686185
433299349634.54285            -0.0077268393
433300326695.39105            -0.0032872634
433301303756.23926            0.0041135433
433302280817.08746            -0.00021484651
433303257877.9357             -0.0010719745
433304234938.78394            0.0028463625
433305211999.63214            0.008739361
433306189060.48035            0.0044172625
433307166121.32855            0.0061781434
433308143182.17676            -0.0058391467
433309120243.02496            -0.0110009145
433310097303.8732             -0.0023224966
433311074364.72144            0.0020798384
433312051425.56964            0.00051787595
433313028486.41785            0.008851499
433314005547.26605            -0.005470037
433314982608.11426            -0.0019506266
433315959668.96246            0.0011057758
433316936729.8107             -0.005487865
433317913790.65894            -0.0045138192
433318890851.50714            -2.8845574e-05
433319867912.35535            0.0024240678
433320844973.20355            -0.0034712737
433321822034.05176            0.0015297551
433322799094.89996            0.0083934115
433323776155.74817            0.0033370492
433324753216.59644            -0.0061068013
433325730277.44464            -0.0055070682
433326707338.29285            -0.008556713
433327684399.14105            -0.007294615
433328661459.98926            -0.00031272243
433329638520.83746            -0.007891002
433330615581.68567            0.0092714885
433331592642.53394            0.009920127
433332569703.38214            0.012254682
433333546764.23035            -0.0015743322
433334523825.07855            0.0029560477
433335500885.92676            0.007172001
433336477946.77496            -0.0042238836
433337455007.62317            3.0917898e-05
433338432068.47144            0.0016015699
433339409129.31964            -0.0031963193
433340386190.16785            0.014046554
433341363251.01605            0.011490105
433342340311.86426            -0.00598564
433343317372.71246            0.0111141885
433344294433.56067            0.0106745055
433345271494.40894            -0.0017686728
433346248555.25714            0.0002898912
433347225616.10535            0.006070333
433348202676.95355            0.0013549734
433349179737.80176            -0.0014202486
433350156798.64996            -0.008835804
433351133859.49817            -0.0077158203
433352110920.34644            0.0022957197
433353087981.19464            0.0003664721
433354065042.04285            -0.0033418352
433355042102.89105            0.001284084
433356019163.73926            -0.0031730472
433356996224.58746            -0.0038474447
433357973285.43567            0.0024353317
433358950346.2839             -0.0018989459
433359927407.13214            0.0014205441
433360904467.98035            0.006470973
433361881528.82855            -0.00047395792
433362858589.67676            0.00095678883
433363835650.52496            -0.004100294
433364812711.37317            -0.005846388
433365789772.2214             0.00072782167
433366766833.06964            0.012441873
433367743893.91785            0.008001845
433368720954.76605            -0.00082635833
433369698015.61426            -0.0023866463
433370675076.46246            0.008349565
433371652137.31067            0.008028018
433372629198.1589             -0.00071753917
433373606259.00714            -0.0027158933
433374583319.85535            0.0016007036
433375560380.70355            -0.0008644695
433376537441.55176            9.6254225e-05
433377514502.39996            -0.0036530227
433378491563.24817            -0.0020681054
433379468624.0964             -0.0023700332
433380445684.94464            0.0041291984
433381422745.79285            -0.0001333117
433382399806.64105            -0.0006797476
433383376867.48926            0.002127625
433384353928.33746            0.0017399004
433385330989.18567            0.00095721934
433386308050.0339             -0.0095741395
433387285110.88214            -0.0044345697
433388262171.73035            0.011865554
433389239232.57855            0.005286681
433390216293.42676            -0.0016479449
433391193354.27496            -0.0047542923
433392170415.12317            0.00405868
433393147475.9714             -0.0018239198
433394124536.8196             -0.0015027401
433395101597.66785            -0.0049863686
433396078658.51605            0.0046598483
433397055719.36426            0.012326542
433398032780.21246            -0.001986347
433399009841.06067            0.0012767289
433399986901.9089             0.010316532
433400963962.7571             -0.003764651
433401941023.60535            0.003080022
433402918084.45355            -0.011250426
433403895145.30176            0.0015168203
433404872206.14996            0.009432042
433405849266.99817            -0.001167394
433406826327.8464             0.004015315
433407803388.6946             0.00987637
433408780449.54285            -0.0027882548
433409757510.39105            -0.0085061975
433410734571.23926            -0.0015910459
433411711632.08746            -0.014596956
433412688692.93567            -0.00020933349
433413665753.7839             0.005632101
433414642814.6321             0.0003683801
433415619875.48035            0.0019747424
433416596936.32855            -0.003211933
433417573997.17676            0.0025364885
433418551058.02496            0.0038253795
433419528118.87317            0.007670941
433420505179.7214             0.0026888796
433421482240.5696             -0.007438174
433422459301.41785            0.0056148604
433423436362.26605            0.0045271465
433424413423.11426            -0.006602742
433425390483.96246            -0.0075022564
433426367544.81067            0.00063951453
433427344605.6589             -0.008741667
433428321666.5071             -0.0025292635
433429298727.3553             0.0024519397
433430275788.20355            -0.00010697089
433431252849.05176            0.000475352
433432229909.89996            0.0014352385
433433206970.74817            0.0004529453
433434184031.5964             -0.0058216616
433435161092.4446             -0.009678901
433436138153.2928             -0.0016868348
433437115214.14105            0.0019416412
433438092274.98926            -0.002113943
433439069335.83746            -0.0064803176
433440046396.68567            0.0030646315
433441023457.5339             -0.00074896595
433442000518.3821             -0.0033933327
433442977579.2303             0.00026219554
433443954640.07855            -0.0014437845
433444931700.92676            -0.008626469
433445908761.77496            -0.0011561399
433446885822.62317            -0.005952937
433447862883.4714             -0.00604298
433448839944.3196             -0.008371836
433449817005.1678             -0.0022904954
433450794066.01605            0.0074297357
433451771126.86426            0.0062908595
433452748187.71246            0.0005046468
433453725248.56067            0.008537704
433454702309.4089             -0.001238869
433455679370.2571             0.0037746052
433456656431.1053             0.0023599553
433457633491.95355            -0.0014059237
433458610552.80176            0.009655123
433459587613.64996            -0.0016282705
433460564674.49817            -0.0075295977
433461541735.3464             -0.0021371723
433462518796.1946             -0.0017388244
433463495857.0428             0.008307139
433464472917.891              0.00932864
433465449978.73926            0.0064418623
433466427039.58746            -0.0026814695
433467404100.43567            -0.004621921
433468381161.2839             -0.004351402
433469358222.1321             0.0021915946
433470335282.9803             0.0052047204
433471312343.8285             -0.0015706632
433472289404.67676            0.0009106287
433473266465.52496            -7.062251e-05
433474243526.37317            -0.0038050453
433475220587.2214             0.0026214065
433476197648.0696             0.003951898
433477174708.9178             0.0062766536
433478151769.766              -0.0027574706
433479128830.61426            -0.0022032484
433480105891.46246            -0.008201483
433481082952.31067            -0.012593478
433482060013.1589             -0.0068906555
433483037074.0071             -0.0033502225
433484014134.8553             -0.0020447513
433484991195.7035             0.0035667336
433485968256.55176            0.0011733959
433486945317.39996            -0.0012775146
433487922378.24817            -0.0077757747
433488899439.0964             0.0028309089
433489876499.9446             0.0013430753
433490853560.7928             0.0012392658
433491830621.641              -0.0016918669
433492807682.48926            0.009434968
433493784743.33746            0.0004385553
433494761804.18567            0.003097121
433495738865.0339             -0.00033032233
433496715925.8821             -0.0027012953
433497692986.7303             -0.0002918296
433498670047.5785             0.0039353156
433499647108.4267             -0.0050327703
433500624169.27496            -0.014283252
433501601230.12317            -0.010382642
433502578290.9714             -0.009761395
433503555351.8196             -0.00052507775
433504532412.6678             -0.01394418
433505509473.516              -0.009819814
433506486534.3642             -0.0040990543
433507463595.21246            0.012580328
433508440656.06067            0.007659054
433509417716.9089             -0.0011109215
433510394777.7571             0.0075196438
433511371838.6053             -0.001401715
433512348899.4535             0.010231018
433513325960.3017             0.00013053992
433514303021.14996            0.0006577344
433515280081.99817            -0.009091494
433516257142.8464             -0.004872214
433517234203.6946             0.005802244
433518211264.5428             -0.01100411
433519188325.391              -0.020925969
433520165386.2392             -0.0061863866
433521142447.08746            -0.0050314525
433522119507.93567            -0.007165172
433523096568.7839             0.0007416283
433524073629.6321             0.0013777687
433525050690.4803             -0.006553766
433526027751.3285             -0.008397297
433527004812.1767             0.0032740515
433527981873.02496            -0.011198747
433528958933.87317            -0.016206592
433529935994.7214             -0.0049281768
433530913055.5696             -0.009308454
433531890116.4178             -0.006999147
433532867177.266              -0.0010213715
433533844238.1142             0.005534493
433534821298.9624             -0.0045119342
433535798359.81067            -0.004254574
433536775420.6589             -0.0053533106
433537752481.5071             0.010088896
433538729542.3553             0.0036192376
433539706603.2035             -0.0031852766
433540683664.0517             -0.0028860555
433541660724.8999             0.0061307186
433542637785.74817            0.0045213294
433543614846.5964             0.0021966132
433544591907.4446             -0.004458039
433545568968.2928             -0.002227402
433546546029.141              0.007866821
433547523089.9892             0.00313534
433548500150.8374             -0.011991032
433549477211.68567            -0.005302493
433550454272.5339             0.0060525066
433551431333.3821             0.0020823027
433552408394.2303             -0.007352128
433553385455.0785             0.0014922987
433554362515.9267             -0.0034854088
433555339576.7749             -0.0015411964
433556316637.62317            -0.0017788273
433557293698.4714             0.00016999166
433558270759.3196             0.0032434976
433559247820.1678             -0.0009363083
433560224881.016              -0.0077056685
433561201941.8642             -0.011700555
433562179002.7124             0.01074604
433563156063.56067            0.0046318728
433564133124.4089             0.011983626
433565110185.2571             0.0047809742
433566087246.1053             -0.005767716
433567064306.9535             -0.0012907562
433568041367.8017             0.0022804851
433569018428.6499             0.0003486515
433569995489.4981             -0.012285359
433570972550.3464             0.010677653
433571949611.1946             -0.0023810382
433572926672.0428             2.3395562e-05
433573903732.891              6.349208e-05
433574880793.7392             -0.0022752443
433575857854.5874             -0.00580494
433576834915.4356             -0.013096351
433577811976.2839             -0.0132616
433578789037.1321             0.0028962975
433579766097.9803             -0.0010940502
433580743158.8285             -0.0050215726
433581720219.6767             -0.0017949872
433582697280.5249             -0.0031202314
433583674341.3731             -0.0036019965
433584651402.2214             -0.003312
433585628463.0696             0.0014142711
433586605523.9178             -0.00092784903
433587582584.766              -0.005966409
433588559645.6142             -0.007229284
433589536706.4624             -0.005740653
433590513767.3106             -0.00063364074
433591490828.1589             -0.004278409
433592467889.0071             0.008927612
433593444949.8553             0.014160795
433594422010.7035             0.008739222
433595399071.5517             0.0033157344
433596376132.3999             -0.00029461243
433597353193.2481             0.004217886
433598330254.0964             -0.00477421
433599307314.9446             0.0032899736
433600284375.7928             0.005027651
433601261436.641              -0.0007028585
433602238497.4892             0.001255789
433603215558.3374             0.0049745943
433604192619.1856             0.00545362
433605169680.0338             -0.007092983
433606146740.8821             0.00019778576
433607123801.7303             0.010063405
433608100862.5785             -0.00055197225
433609077923.4267             -0.0003712615
433610054984.2749             -0.0023960003
433611032045.1231             0.0012908694
433612009105.9713             -0.0034440744
433612986166.8196             -0.0023341028
433613963227.6678             -0.008617553
433614940288.516              -0.011912782
433615917349.3642             -0.0107013285
433616894410.2124             0.0053993063
433617871471.0606             -0.0046406724
433618848531.9088             -0.009755777
433619825592.7571             -0.0064867297
433620802653.6053             0.0022978922
433621779714.4535             -0.0031744868
433622756775.3017             -0.0021200601
433623733836.1499             0.0018388305
433624710896.9981             -0.0020174554
433625687957.8463             -0.002719735
433626665018.6946             0.0033335367
433627642079.5428             0.0014542761
433628619140.391              -0.0026123507
433629596201.2392             -0.004293041
433630573262.0874             0.0007275635
433631550322.9356             -0.0044095907
433632527383.7838             -0.00089782925
433633504444.6321             0.0019338984
433634481505.4803             0.0032404116
433635458566.3285             -0.0029282277
433636435627.1767             -0.0070058815
433637412688.0249             -0.0036390852
433638389748.8731             0.0056607584
433639366809.7213             0.009953656
433640343870.5695             0.00856763
433641320931.4178             0.012111738
433642297992.266              0.0018668801
433643275053.1142             0.0026460337
433644252113.9624             0.01417769
433645229174.8106             0.018570736
433646206235.6588             0.0127953
433647183296.507              0.003828165
433648160357.3553             0.0028213193
433649137418.2035             0.005361852
433650114479.0517             0.016681962
433651091539.8999             0.01723503
433652068600.7481             0.009156329
433653045661.5963             0.016751513
433654022722.4445             0.016727583
433654999783.2928             0.015639422
433655976844.141              0.004576074
433656953904.9892             -0.00019502843
433657930965.8374             0.0031701766
433658908026.6856             -0.0134370215
433659885087.5338             -0.004833974
433660862148.382              0.0008710423
433661839209.2303             -0.011601675
433662816270.0785             -0.011511011
433663793330.9267             -0.00063906476
433664770391.7749             0.003439432
433665747452.6231             -0.0023795818
433666724513.4713             -0.0003114276
433667701574.3195             -0.005824179
433668678635.1678             -0.0041890647
433669655696.016              -0.0046671536
433670632756.8642             0.010308963
433671609817.7124             -0.0019855062
433672586878.5606             -0.007134281
433673563939.4088             -0.0072614052
433674541000.257              0.000759097
433675518061.1052             0.00097555685
433676495121.9535             0.0016413128
433677472182.8017             -0.0020932984
433678449243.6499             -0.0012246034
433679426304.4981             -0.00035640775
433680403365.3463             0.0042143683
433681380426.1945             0.0015527424
433682357487.0427             0.0030867408
433683334547.891              -0.00670294
433684311608.7392             -0.010732101
433685288669.5874             -0.0033411235
433686265730.4356             0.0021117993
433687242791.2838             -0.0057186363
433688219852.132              -0.004063179
433689196912.9802             -0.003927087
433690173973.8285             -0.007526172
433691151034.6767             0.0026478535
433692128095.5249             0.0033529934
433693105156.3731             6.347959e-05
433694082217.2213             -0.0024069597
433695059278.0695             -0.011193976
433696036338.9177             0.0023753967
433697013399.766              0.002379663
433697990460.6142             0.0032554292
433698967521.4624             -0.0007156885
433699944582.3106             0.0006890971
433700921643.1588             0.0007025032
433701898704.007              0.007633679
433702875764.8552             0.004667678
433703852825.7035             -0.001616651
433704829886.5517             0.0002292736
433705806947.3999             0.0026637297
433706784008.2481             0.003990606
433707761069.0963             -0.002493729
433708738129.9445             -0.0048539117
433709715190.7927             0.0045583504
433710692251.6409             0.011725602
433711669312.4892             -7.340461e-05
433712646373.3374             0.0062916283
433713623434.1856             -0.005179887
433714600495.0338             -0.011850554
433715577555.882              -0.0092307655
433716554616.7302             0.0030975523
433717531677.5784             0.013871714
433718508738.4267             -0.004624245
433719485799.2749             0.010804971
433720462860.1231             0.0110690845
433721439920.9713             -0.0012937848
433722416981.8195             -0.02024227
433723394042.6677             -0.008462745
433724371103.5159             -0.012876169
433725348164.3642             0.002147146
433726325225.2124             0.003012136
433727302286.0606             0.0013286575
433728279346.9088             0.0064302925
433729256407.757              0.01193804
433730233468.6052             0.013991924
433731210529.4534             0.012402407
433732187590.3017             0.0060133305
433733164651.1499             0.0066710147
433734141711.9981             -0.003663156
433735118772.8463             -0.012285813
433736095833.6945             0.0029034724
433737072894.5427             0.0035223518
433738049955.3909             0.00334173
433739027016.2392             0.0027667168
433740004077.0874             -0.0053611733
433740981137.9356             0.00056275656
433741958198.7838             0.0036397313
433742935259.632              -0.008253781
433743912320.4802             -9.9744204e-05
433744889381.3284             0.0046073915
433745866442.17664            -0.0025562665
433746843503.0249             -0.009486615
433747820563.8731             -0.0018015233
433748797624.7213             0.0132435355
433749774685.5695             0.012484967
433750751746.4177             0.0023851255
433751728807.2659             0.0061017815
433752705868.11414            0.0008391982
433753682928.9624             -0.010620085
433754659989.8106             -0.0074127535
433755637050.6588             0.0031909859
433756614111.507              0.007192882
433757591172.3552             -0.0017458494
433758568233.2034             0.0022995854
433759545294.05164            -0.0007637859
433760522354.8999             0.0031062833
433761499415.7481             -0.009463819
433762476476.5963             0.008046991
433763453537.4445             0.009595231
433764430598.2927             -0.0015179274
433765407659.1409             -0.004002734
433766384719.98914            -0.0050034276
433767361780.8374             0.010601542
433768338841.6856             0.0049279924
433769315902.5338             -0.0045406492
433770292963.382              -0.0012284626
433771270024.2302             0.0051994664
433772247085.0784             0.0017845583
433773224145.92664            -0.0073086643
433774201206.7749             0.0032823272
433775178267.6231             0.008941585
433776155328.4713             0.008696234
433777132389.3195             0.0071719745
433778109450.1677             0.0070115156
433779086511.0159             0.0101477755
433780063571.86414            0.0016387722
433781040632.71234            -0.0007853091
433782017693.5606             -0.00398574
433782994754.4088             0.001735718
433783971815.257              0.016253997
433784948876.1052             0.012463618
433785925936.9534             0.012987073
433786902997.80164            0.004500923
433787880058.64984            -0.01028529
433788857119.4981             -0.004462635
433789834180.3463             -0.007351638
433790811241.1945             0.0015812054
433791788302.0427             0.004623943
433792765362.8909             0.0029849692
433793742423.73914            -0.0027159206
433794719484.58734            -0.0018620485
433795696545.4356             -0.0058904123
433796673606.2838             -0.009491376
433797650667.132              -0.007715561
433798627727.9802             -0.007774185
433799604788.8284             0.000352957
433800581849.67664            -0.016674867
433801558910.52484            -0.004698503
433802535971.3731             0.004310203
433803513032.2213             0.003615685
433804490093.0695             0.004124587
433805467153.9177             -0.00925418
433806444214.7659             0.0018719984
433807421275.61414            0.0055811596
433808398336.46234            -0.0012264592
433809375397.3106             -0.009242368
433810352458.1588             -0.0011182729
433811329519.007              0.0013507629
433812306579.8552             -0.0066792136
433813283640.7034             -0.004835982
433814260701.55164            -0.0064226347
433815237762.39984            -0.0026931614
433816214823.24805            -0.005396898
433817191884.0963             0.007484766
433818168944.9445             0.007872977
433819146005.7927             -0.0041301604
433820123066.6409             0.0066253096
433821100127.48914            -0.0012053452
433822077188.33734            0.0027232133
433823054249.18555            0.005959554
433824031310.0338             -0.00031869242
433825008370.882              -0.0012851451
433825985431.7302             -0.008214581
433826962492.5784             -0.0075321584
433827939553.42664            -0.012172718
433828916614.27484            0.0024424903
433829893675.12305            0.009061303
433830870735.9713             0.0014997803
433831847796.8195             -0.003680229
433832824857.6677             -0.0045804135
433833801918.5159             0.000666944
433834778979.36414            -0.0044775433
433835756040.21234            0.009536139
433836733101.06055            0.011393155
433837710161.9088             0.00074537535
433838687222.757              -0.003159958
433839664283.6052             0.00094625633
433840641344.4534             0.008832889
433841618405.30164            0.0010032237
433842595466.14984            -0.005496266
433843572526.99805            -0.005369192
433844549587.8463             0.004145012
433845526648.6945             0.0014727425
433846503709.5427             0.008628678
433847480770.3909             0.0008113956
433848457831.23914            -0.0016159312
433849434892.08734            -0.009060754
433850411952.93555            -0.002028645
433851389013.78375            -0.006748885
433852366074.632              0.010401922
433853343135.4802             0.008441713
433854320196.3284             0.00017034025
433855297257.17664            0.0029785468
433856274318.02484            0.0030780246
433857251378.87305            -0.0018185911
433858228439.72125            -0.0080325
433859205500.5695             -0.00019045842
433860182561.4177             -0.004070412
433861159622.2659             0.0011883541
433862136683.11414            0.007045605
433863113743.96234            0.00070712826
433864090804.81055            0.014886183
433865067865.65875            0.009756075
433866044926.507              -0.00038796695
433867021987.3552             -0.0011413437
433867999048.2034             -0.011136052
433868976109.05164            -0.0032373865
433869953169.89984            -0.0043240837
433870930230.74805            -0.0043526404
433871907291.59625            -6.270121e-05
433872884352.4445             0.0006740318
433873861413.2927             0.0018613768
433874838474.1409             -0.0010929599
433875815534.98914            -0.0010741118
433876792595.83734            0.009683314
433877769656.68555            0.0010227853
433878746717.53375            0.0009429469
433879723778.382              0.008240447
433880700839.2302             -0.003478311
433881677900.0784             0.0021631757
433882654960.92664            2.047373e-05
433883632021.77484            -0.0011765592
433884609082.62305            -0.008794921
433885586143.47125            -0.00442685
433886563204.31946            -8.941927e-05
433887540265.1677             0.010009634
433888517326.0159             -0.002177462
433889494386.86414            0.0002721856
433890471447.71234            0.008867133
433891448508.56055            -8.626406e-05
433892425569.40875            0.00057649275
433893402630.25696            -0.010068893
433894379691.1052             -0.010267911
433895356751.9534             -0.0086294515
433896333812.80164            -0.0045629013
433897310873.64984            0.01720967
433898287934.49805            0.010401086
433899264995.34625            0.0124147
433900242056.19446            0.010079845
433901219117.0427             -0.010423431
433902196177.8909             -0.014196985
433903173238.73914            -0.0043014614
433904150299.58734            -0.0032832362
433905127360.43555            0.00597623
433906104421.28375            -0.003577235
433907081482.13196            0.0013457529
433908058542.9802             -0.006238416
433909035603.8284             -0.011060632
433910012664.67664            -0.0016527255
433910989725.52484            -0.00017469627
433911966786.37305            -0.0030667612
433912943847.22125            0.0057451
433913920908.06946            0.011529441
433914897968.9177             0.0042200214
433915875029.7659             0.005411318
433916852090.61414            -0.0016230642
433917829151.46234            0.003129127
433918806212.31055            0.004741259
433919783273.15875            0.00569464
433920760334.00696            0.013350508
433921737394.85516            1.9940979e-05
433922714455.7034             0.0012637901
433923691516.55164            0.0035940465
433924668577.39984            0.0048366752
433925645638.24805            0.0026855522
433926622699.09625            0.000569699
433927599759.94446            0.0027520333
433928576820.79266            0.0055956123
433929553881.6409             -0.006494221
433930530942.48914            -0.008659275
433931508003.33734            0.005783513
433932485064.18555            0.00832517
433933462125.03375            0.0072679278
433934439185.88196            -0.004004552
433935416246.73016            0.0021971136
433936393307.5784             0.0071901586
433937370368.42664            0.008945127
433938347429.27484            0.0012318473
433939324490.12305            0.0038600715
433940301550.97125            0.007384587
433941278611.81946            0.0039762263
433942255672.66766            -0.008929618
433943232733.5159             0.0008811547
433944209794.36414            0.0013251911
433945186855.21234            -0.0069192275
433946163916.06055            0.005617478
433947140976.90875            0.0098754205
433948118037.75696            0.01318394
433949095098.60516            0.005527091
433950072159.4534             0.0020794687
433951049220.30164            0.0015367212
433952026281.14984            0.0011569433
433953003341.99805            0.0037302275
433953980402.84625            0.003240513
433954957463.69446            0.014653448
433955934524.54266            -0.001283392
433956911585.39087            -0.005206416
433957888646.23914            0.0028361422
433958865707.08734            -0.00989614
433959842767.93555            -0.0046519055
433960819828.78375            0.0005911984
433961796889.63196            0.0002536739
433962773950.48016            -0.00049064565
433963751011.32837            -0.0021229212
433964728072.17664            0.0053250557
433965705133.02484            0.0006040144
433966682193.87305            -0.0023609218
433967659254.72125            -0.004821654
433968636315.56946            -0.0061850226
433969613376.41766            -0.007740368
433970590437.26587            0.0051615066
433971567498.11414            0.009511057
433972544558.96234            -0.0015726935
433973521619.81055            0.0111211585
433974498680.65875            0.008201879
433975475741.50696            0.013810118
433976452802.35516            -0.00028720737
433977429863.20337            0.007177471
433978406924.05164            0.0053845057
433979383984.89984            -0.0026011302
433980361045.74805            0.0073009874
433981338106.59625            -0.0024320711
433982315167.44446            -0.004744698
433983292228.29266            -0.00332782
433984269289.14087            -0.010884481
433985246349.98914            -0.005251822
433986223410.83734            -0.0024933028
433987200471.68555            0.006948119
433988177532.53375            0.0092160655
433989154593.38196            0.0011368991
433990131654.23016            0.009366255
433991108715.07837            0.0034725375
433992085775.9266             -0.0020737778
433993062836.77484            0.003998287
433994039897.62305            0.0022347828
433995016958.47125            -0.00062056864
433995994019.31946            -0.0087156715
433996971080.16766            -0.004076525
433997948141.01587            -3.271684e-05
433998925201.8641             -0.009107401
433999902262.71234            0.0027601134
434000879323.56055            -0.0018450997
434001856384.40875            -0.0070687104
434002833445.25696            0.0039660702
434003810506.10516            -0.005674795
434004787566.95337            -0.0015105978
434005764627.8016             -0.004086988
434006741688.64984            -0.005568169
434007718749.49805            -6.6373206e-05
434008695810.34625            -0.00247669
434009672871.19446            0.0067807976
434010649932.04266            -0.0054919072
434011626992.89087            -0.009615117
434012604053.7391             -0.009525043
434013581114.58734            0.0055647464
434014558175.43555            -0.00039236486
434015535236.28375            -0.002882499
434016512297.13196            -0.00078161625
434017489357.98016            0.004203957
434018466418.82837            0.00016981372
434019443479.6766             -0.0045924853
434020420540.52484            -0.0022755119
434021397601.37305            0.0076434175
434022374662.22125            -0.0051721423
434023351723.06946            -0.0070209824
434024328783.91766            -0.015072819
434025305844.76587            -0.00239469
434026282905.6141             -0.002714545
434027259966.4623             0.0065510515
434028237027.31055            -0.004478803
434029214088.15875            -0.010772313
434030191149.00696            -0.004834971
434031168209.85516            -0.003407748
434032145270.70337            0.0029605243
434033122331.5516             -0.0075605116
434034099392.3998             0.0019202003
434035076453.24805            0.009253504
434036053514.09625            0.0034048564
434037030574.94446            0.0025049045
434038007635.79266            0.0016982813
434038984696.64087            0.011071709
434039961757.4891             0.0038155422
434040938818.3373             -0.0019674534
434041915879.18555            -0.003379805
434042892940.03375            0.0005233237
434043870000.88196            0.011852233
434044847061.73016            0.0010581249
434045824122.57837            -0.005194146
434046801183.4266             -0.0007025055
434047778244.2748             -0.0026573872
434048755305.12305            -0.0070468173
434049732365.97125            -0.0015692731
434050709426.81946            0.0009869554
434051686487.66766            -0.0017757197
434052663548.51587            -0.0015980338
434053640609.3641             -0.0039433395
434054617670.2123             -0.0072585135
434055594731.06055            0.008149947
434056571791.90875            -0.006588706
434057548852.75696            0.00021323316
434058525913.60516            0.0038508489
434059502974.45337            -0.00033681502
434060480035.3016             -0.00029994358
434061457096.1498             -0.006177576
434062434156.998              0.0062267827
434063411217.84625            0.0055204667
434064388278.69446            0.0017732239
434065365339.54266            0.01116763
434066342400.39087            0.002085462
434067319461.2391             -0.0009024762
434068296522.0873             0.009890877
434069273582.9355             0.0007581573
434070250643.78375            -0.0049953447
434071227704.63196            0.011942339
434072204765.48016            0.020517342
434073181826.32837            0.008018526
434074158887.1766             0.0005028777
434075135948.0248             0.0075752665
434076113008.873              0.0004184078
434077090069.72125            0.006035134
434078067130.56946            0.00902733
434079044191.41766            0.0071180663
434080021252.26587            0.0015465412
434080998313.1141             0.0012154235
434081975373.9623             -0.019950917
434082952434.8105             -0.015773755
434083929495.65875            -0.008964193
434084906556.50696            -0.012040325
434085883617.35516            -0.0055578835
434086860678.20337            -0.0053402004
434087837739.0516             -0.006794928
434088814799.8998             0.0019141508
434089791860.748              0.009097454
434090768921.59625            -0.00038363974
434091745982.44446            -0.004165226
434092723043.29266            -0.004268534
434093700104.14087            -0.0027419655
434094677164.9891             -0.002550575
434095654225.8373             0.010655144
434096631286.6855             0.014302201
434097608347.5337             0.009913329
434098585408.38196            0.010150826
434099562469.23016            0.005820688
434100539530.07837            -0.0010055054
434101516590.9266             -0.0064204563
434102493651.7748             0.004111843
434103470712.623              0.0075798267
434104447773.4712             0.0036660559
434105424834.31946            0.0005734317
434106401895.16766            0.007984627
434107378956.01587            0.0066454285
434108356016.8641             0.0014747694
434109333077.7123             0.005196709
434110310138.5605             -0.0015632997
434111287199.4087             0.007906841
434112264260.25696            0.00087714364
434113241321.10516            -0.0015458926
434114218381.95337            -0.002451114
434115195442.8016             0.0008313718
434116172503.6498             0.008070334
434117149564.498              -0.00054828345
434118126625.3462             -0.0035849693
434119103686.19446            -0.0016989193
434120080747.04266            0.0019385174
434121057807.89087            0.0028321636
434122034868.7391             0.00210652
434123011929.5873             0.005841857
434123988990.4355             0.0035894304
434124966051.2837             0.0018323638
434125943112.13196            0.0006970168
434126920172.98016            -0.007732465
434127897233.82837            -0.0033992755
434128874294.6766             -0.008338791
434129851355.5248             -0.01320968
434130828416.373              -0.0057651405
434131805477.2212             -0.0031449415
434132782538.0694             -0.00400992
434133759598.91766            -0.003719957
434134736659.76587            -0.00021454778
434135713720.6141             0.004309791
434136690781.4623             0.01888643
434137667842.3105             0.004762935
434138644903.1587             0.00084567274
434139621964.0069             -0.0002587837
434140599024.85516            -0.002685061
434141576085.70337            -0.014482918
434142553146.5516             0.000234805
434143530207.3998             0.011845503
434144507268.248              0.0010937338
434145484329.0962             0.0007702546
434146461389.9444             -0.0013835423
434147438450.79266            -0.000709049
434148415511.64087            0.0015916141
434149392572.4891             0.0037280691
434150369633.3373             0.00066355383
434151346694.1855             0.007150722
434152323755.0337             0.004394409
434153300815.8819             -2.5507747e-05
434154277876.73016            0.0038022331
434155254937.57837            0.00091552193
434156231998.4266             0.0023291544
434157209059.2748             0.011983636
434158186120.123              0.0052254535
434159163180.9712             -0.003806394
434160140241.8194             -0.0029446855
434161117302.66766            -0.0017356133
434162094363.51587            -0.00048350028
434163071424.3641             0.0011886508
434164048485.2123             0.004015201
434165025546.0605             -0.0067711533
434166002606.9087             -0.018061142
434166979667.7569             -0.00059185474
434167956728.6051             -0.0021612092
434168933789.45337            0.0054034484
434169910850.3016             0.001513682
434170887911.1498             0.0060166926
434171864971.998              -0.0071611446
434172842032.8462             -0.008704241
434173819093.6944             -0.0005847683
434174796154.5426             0.008228016
434175773215.39087            0.00085547456
434176750276.2391             0.007849193
434177727337.0873             0.01677644
434178704397.9355             0.001886334
434179681458.7837             -0.0069632162
434180658519.6319             -0.0034687412
434181635580.4801             -0.011879493
434182612641.32837            0.0017321183
434183589702.1766             0.0019950652
434184566763.0248             0.0068325386
434185543823.873              0.0065853368
434186520884.7212             0.0002997337
434187497945.5694             -0.013430012
434188475006.4176             -0.0022433111
434189452067.26587            0.0021437446
434190429128.1141             0.0029279473
434191406188.9623             0.0028258576
434192383249.8105             -0.0043407804
434193360310.6587             -0.004461132
434194337371.5069             0.004441755
434195314432.3551             0.00039664865
434196291493.20337            -0.0077036484
434197268554.0516             -0.004990899
434198245614.8998             -0.0009256109
434199222675.748              -0.0008294489
434200199736.5962             -0.0026875874
434201176797.4444             -0.004971488
434202153858.2926             -0.000683244
434203130919.1408             0.007638863
434204107979.9891             -0.0042777765
434205085040.8373             -0.0024151092
434206062101.6855             0.0032264192
434207039162.5337             -0.008010119
434208016223.3819             -0.014960152
434208993284.2301             -0.0021000633
434209970345.0783             -0.007959291
434210947405.9266             -0.0040221005
434211924466.7748             -0.004353142
434212901527.623              -0.014939758
434213878588.4712             -0.004095962
434214855649.3194             -0.0011293842
434215832710.1676             0.011123455
434216809771.0158             0.013189552
434217786831.8641             -0.00096023735
434218763892.7123             -0.0021079935
434219740953.5605             -0.0074284254
434220718014.4087             0.0029892428
434221695075.2569             0.013869479
434222672136.1051             0.013301242
434223649196.9533             0.007911805
434224626257.8016             0.0028217004
434225603318.6498             0.01961595
434226580379.498              -0.0014444792
434227557440.3462             0.0072923736
434228534501.1944             0.014415885
434229511562.0426             0.0029156422
434230488622.8908             -0.0024000807
434231465683.7391             0.004366081
434232442744.5873             0.0037114082
434233419805.4355             -0.0027344308
434234396866.2837             -0.015213258
434235373927.1319             -0.01888201
434236350987.9801             0.0010527447
434237328048.8283             -0.011996773
434238305109.6765             0.0032478478
434239282170.5248             0.0045874724
434240259231.373              0.00804438
434241236292.2212             -0.008034374
434242213353.0694             -0.0034767624
434243190413.9176             0.004655975
434244167474.7658             0.009970493
434245144535.614              -0.003039015
434246121596.4623             0.010159879
434247098657.3105             0.008474425
434248075718.1587             0.003941516
434249052779.0069             -0.0099022295
434250029839.8551             -0.014050318
434251006900.7033             -0.0018978234
434251983961.5515             0.00020939994
434252961022.3998             -0.0040951353
434253938083.248              0.011518819
434254915144.0962             0.0047068894
434255892204.9444             0.002958569
434256869265.7926             0.0039684675
434257846326.6408             -0.0023749417
434258823387.489              -0.0005148534
434259800448.3373             0.009082232
434260777509.1855             0.007583896
434261754570.0337             0.005068941
434262731630.8819             0.0026969293
434263708691.7301             0.00951902
434264685752.5783             0.011229003
434265662813.4265             -0.0061091823
434266639874.2748             -0.01022942
434267616935.123              -0.00075157284
434268593995.9712             -0.0023290662
434269571056.8194             -0.0043859077
434270548117.6676             -0.0067606946
434271525178.5158             0.005948978
434272502239.364              -0.00032935577
434273479300.2122             0.001668483
434274456361.0605             0.0012989399
434275433421.9087             -0.0026744204
434276410482.7569             -0.0022641546
434277387543.6051             9.4204115e-05
434278364604.4533             0.0044084755
434279341665.3015             0.004589426
434280318726.1497             0.013771679
434281295786.998              0.007951882
434282272847.8462             0.005438706
434283249908.6944             0.0033770942
434284226969.5426             0.010436321
434285204030.3908             0.004506636
434286181091.239              -0.008530281
434287158152.0872             0.0013135578
434288135212.9355             -0.006127843
434289112273.7837             -0.0008712014
434290089334.6319             -0.0057554776
434291066395.4801             -0.0027677736
434292043456.3283             -0.013765451
434293020517.1765             -0.001732446
434293997578.0247             0.008313344
434294974638.873              0.009818383
434295951699.7212             0.0033165275
434296928760.5694             0.0003875443
434297905821.4176             0.001178952
434298882882.2658             -0.000266076
434299859943.114              0.00035122337
434300837003.9622             -0.0007915038
434301814064.8105             -0.0074722692
434302791125.6587             -0.004728366
434303768186.5069             0.0025803207
434304745247.3551             -0.0032449272
434305722308.2033             0.0040035397
434306699369.0515             0.0120597305
434307676429.8997             -0.0011496554
434308653490.7479             -0.00082347577
434309630551.5962             0.014627057
434310607612.4444             0.012260025
434311584673.2926             0.0007938983
434312561734.1408             0.006002607
434313538794.989              0.008892066
434314515855.8372             0.0014151626
434315492916.6854             0.0022199575
434316469977.5337             0.0006456959
434317447038.3819             0.0088461805
434318424099.2301             0.0032282604
434319401160.0783             -0.010851695
434320378220.9265             0.003222186
434321355281.7747             0.0014310584
434322332342.6229             -0.0017173018
434323309403.4712             -0.0023223467
434324286464.3194             0.0037858307
434325263525.1676             -3.0493933e-05
434326240586.0158             0.0014486102
434327217646.864              0.008603328
434328194707.7122             -0.007902126
434329171768.5604             -0.005506567
434330148829.4087             -0.0100494055
434331125890.2569             -0.013267024
434332102951.1051             -0.0046427515
434333080011.9533             -0.0046832515
434334057072.8015             0.0058825924
434335034133.6497             -0.017081827
434336011194.4979             -0.009872439
434336988255.3462             0.00418952
434337965316.1944             0.002697446
434338942377.0426             -0.0021954062
434339919437.8908             -0.010424451
434340896498.739              0.0040864795
434341873559.5872             0.0059938366
434342850620.4354             0.0004346427
434343827681.2836             0.0031145632
434344804742.1319             0.0023304767
434345781802.9801             0.005784867
434346758863.8283             0.006173075
434347735924.6765             0.006586832
434348712985.5247             -0.005833395
434349690046.3729             0.002837254
434350667107.2211             -0.0068648267
434351644168.0694             -0.006951587
434352621228.9176             -0.0012815816
434353598289.7658             -0.0057131066
434354575350.614              -0.010299508
434355552411.4622             -0.010660309
434356529472.3104             0.0029374538
434357506533.1586             0.0025168625
434358483594.0069             0.0043116035
434359460654.8551             0.0005146941
434360437715.7033             -0.0005007318
434361414776.5515             -0.0025753372
434362391837.3997             0.0052126776
434363368898.2479             0.011265395
434364345959.0961             -0.006531851
434365323019.9444             0.002839542
434366300080.7926             -0.0062030274
434367277141.6408             -0.015884375
434368254202.489              -0.003331336
434369231263.3372             0.0053345556
434370208324.1854             -0.0037141468
434371185385.0336             -0.003666155
434372162445.8819             -0.005203043
434373139506.7301             -0.008832735
434374116567.5783             -0.009149696
434375093628.4265             -0.0038552368
434376070689.2747             0.0023135336
434377047750.1229             -0.0043905405
434378024810.9711             0.0056370655
434379001871.81934            0.009542184
434379978932.6676             0.0016775648
434380955993.5158             -0.004053143
434381933054.364              -0.0016867553
434382910115.2122             -0.0025572723
434383887176.0604             -0.0071774707
434384864236.9086             -0.008306373
434385841297.75684            -0.010088916
434386818358.6051             -0.0022923686
434387795419.4533             -0.0012612506
434388772480.3015             -0.012505578
434389749541.1497             -0.0052403314
434390726601.9979             -0.009065022
434391703662.8461             0.002419994
434392680723.69434            -0.00806851
434393657784.5426             -0.0013696102
434394634845.3908             0.004428433
434395611906.239              -0.0127380965
434396588967.0872             -0.012522251
434397566027.9354             -0.00449629
434398543088.7836             0.0059339902
434399520149.63184            0.008175846
434400497210.4801             0.017025918
434401474271.3283             0.013977654
434402451332.1765             -0.0021462475
434403428393.0247             -0.011236566
434404405453.8729             -0.0045211087
434405382514.7211             -0.010052982
434406359575.56934            -0.00600344
434407336636.4176             0.009315813
434408313697.2658             0.0049312008
434409290758.114              -0.004736922
434410267818.9622             -0.01694078
434411244879.8104             -0.0045410725
434412221940.6586             0.0051982272
434413199001.50684            0.0068240706
434414176062.35504            -0.008800597
434415153123.2033             -0.0047154264
434416130184.0515             -0.009388036
434417107244.8997             -0.0040387297
434418084305.7479             0.0150413085
434419061366.5961             0.010797015
434420038427.44434            -0.004777612
434421015488.29254            -0.004207212
434421992549.1408             -0.0010250582
434422969609.989              -0.0051932586
434423946670.8372             -0.0011694623
434424923731.6854             -0.002383721
434425900792.5336             -0.0036813414
434426877853.38184            0.0066895136
434427854914.23004            0.015088567
434428831975.0783             0.005813089
434429809035.9265             0.0021893878
434430786096.7747             0.00022799842
434431763157.6229             0.00053990853
434432740218.4711             0.0027654932
434433717279.31934            -0.0029724676
434434694340.16754            -0.004353822
434435671401.0158             -0.00795051
434436648461.864              -0.0006779232
434437625522.7122             0.00015979627
434438602583.5604             0.007610499
434439579644.4086             -0.0104196
434440556705.25684            -0.013659226
434441533766.10504            -0.008996707
434442510826.9533             0.016854458
434443487887.8015             0.0027602904
434444464948.6497             0.010090871
434445442009.4979             0.0031997345
434446419070.3461             -0.0007947461
434447396131.19434            0.00088409905
434448373192.04254            0.005552804
434449350252.89075            0.011967575
434450327313.739              0.0014197719
434451304374.5872             0.005710251
434452281435.4354             -0.0077529256
434453258496.2836             -0.003125923
434454235557.13184            0.0047582714
434455212617.98004            -0.0009587502
434456189678.82825            0.008733665
434457166739.6765             0.0017066145
434458143800.5247             -0.0007396237
434459120861.3729             0.0020262979
434460097922.2211             -0.0031681878
434461074983.06934            -0.0042371214
434462052043.91754            -0.0137055535
434463029104.76575            -0.007001532
434464006165.614              -0.00073772453
434464983226.4622             -0.0014491779
434465960287.3104             -0.003534408
434466937348.1586             -0.001153227
434467914409.00684            0.007334032
434468891469.85504            0.0038399654
434469868530.70325            0.0060433554
434470845591.5515             0.008817204
434471822652.3997             -0.0019723515
434472799713.2479             0.008174095
434473776774.0961             0.0011987087
434474753834.94434            -0.0040744576
434475730895.79254            0.0020809965
434476707956.64075            -0.005943615
434477685017.489              -0.0017344593
434478662078.3372             -0.0022700434
434479639139.1854             0.00208831
434480616200.0336             0.008272731
434481593260.88184            0.002811635
434482570321.73004            -0.010789956
434483547382.57825            0.00020781715
434484524443.42645            0.020252291
434485501504.2747             -0.010951676
434486478565.1229             -0.01506723
434487455625.9711             -0.008291289
434488432686.81934            0.006935824
434489409747.66754            0.0024390072
434490386808.51575            -0.009150147
434491363869.36395            -0.0049039116
434492340930.2122             0.0011002272
434493317991.0604             0.006217001
434494295051.9086             -0.003441544
434495272112.75684            0.0011903534
434496249173.60504            0.0043753413
434497226234.45325            0.011712851
434498203295.30145            -0.0012026071
434499180356.1497             -0.0041826414
434500157416.9979             -0.002740657
434501134477.8461             0.0038450032
434502111538.69434            0.0024556646
434503088599.54254            0.001010726
434504065660.39075            -0.0076065212
434505042721.23895            -0.0014875829
434506019782.0872             -0.0014323897
434506996842.9354             0.011889613
434507973903.7836             -0.0048800847
434508950964.63184            0.009897791
434509928025.48004            0.008652426
434510905086.32825            -6.116865e-05
434511882147.17645            0.00031890444
434512859208.0247             0.004255639
434513836268.8729             0.00091444346
434514813329.7211             0.006824772
434515790390.56934            0.0039144037
434516767451.41754            0.006297605
434517744512.26575            9.5056734e-05
434518721573.11395            -0.010731736
434519698633.96216            -0.00791493
434520675694.8104             0.0006529571
434521652755.6586             0.00037414415
434522629816.50684            -0.0033956475
434523606877.35504            0.0029314861
434524583938.20325            0.002154306
434525560999.05145            -0.008633329
434526538059.89966            0.008209002
434527515120.7479             0.0064116446
434528492181.5961             -0.008842322
434529469242.44434            -0.005263831
434530446303.29254            0.00013178884
434531423364.14075            0.00484005
434532400424.98895            0.0037717165
434533377485.83716            0.007975737
434534354546.6854             0.009563899
434535331607.5336             0.00793443
434536308668.38184            -0.00036480482
434537285729.23004            0.0073753037
434538262790.07825            0.0058346223
434539239850.92645            -0.0006735905
434540216911.77466            0.00462357
434541193972.6229             0.0015642331
434542171033.4711             -0.0039048442
434543148094.31934            0.0012079154
434544125155.16754            -0.003111295
434545102216.01575            -0.0018062121
434546079276.86395            0.002622838
434547056337.71216            0.0032745919
434548033398.5604             -0.0052270936
434549010459.4086             -0.0010427893
434549987520.25684            -0.014650125
434550964581.10504            -0.0019308099
434551941641.95325            -0.00061735127
434552918702.80145            0.0026585893
434553895763.64966            -0.003971165
434554872824.49786            -0.0019359353
434555849885.3461             0.010703071
434556826946.19434            -0.0006955148
434557804007.04254            -0.0073857857
434558781067.89075            0.0069401977
434559758128.73895            -0.0022120941
434560735189.58716            0.004178764
434561712250.43536            -0.007038587
434562689311.2836             -0.01361012
434563666372.13184            -0.006944849
434564643432.98004            0.0020104533
434565620493.82825            -0.0039303885
434566597554.67645            -0.0019288872
434567574615.52466            -0.006204839
434568551676.37286            0.00026018295
434569528737.2211             -0.00097300875
434570505798.06934            0.009129262
434571482858.91754            0.005403684
434572459919.76575            0.0026803908
434573436980.61395            -0.0020390344
434574414041.46216            -0.0013848565
434575391102.31036            -0.0041812854
434576368163.1586             -0.005602832
434577345224.00684            -0.00034789756
434578322284.85504            0.00921841
434579299345.70325            0.008329744
434580276406.55145            0.002533112
434581253467.39966            0.0056962
434582230528.24786            0.008394417
434583207589.0961             -0.002189317
434584184649.94434            -0.0058369366
434585161710.79254            -0.0017409568
434586138771.64075            -0.0070077907
434587115832.48895            0.016467564
434588092893.33716            0.0077057215
434589069954.18536            0.0069843424
434590047015.03357            -0.005157604
434591024075.88184            0.004606066
434592001136.73004            -0.007445193
434592978197.57825            -0.0039656837
434593955258.42645            0.010909755
434594932319.27466            0.014842796
434595909380.12286            0.002522897
434596886440.97107            -0.004605693
434597863501.81934            0.00891205
434598840562.66754            0.00485228
434599817623.51575            0.0075030155
434600794684.36395            -0.00676995
434601771745.21216            8.331548e-05
434602748806.06036            -0.005369048
434603725866.90857            -0.017261893
434604702927.75684            -0.008133847
434605679988.60504            0.0051109046
434606657049.45325            0.0042003305
434607634110.30145            0.001300582
434608611171.14966            -0.009398321
434609588231.99786            -0.0038259632
434610565292.84607            0.00096732326
434611542353.69434            -0.008663947
434612519414.54254            0.0030746502
434613496475.39075            0.0050367843
434614473536.23895            -0.00094213354
434615450597.08716            -0.0035004413
434616427657.93536            -0.0010327426
434617404718.78357            -0.0029139456
434618381779.63184            0.00568063
434619358840.48004            -0.0002034341
434620335901.32825            0.009926307
434621312962.17645            0.0044846768
434622290023.02466            0.007930677
434623267083.87286            0.00036535307
434624244144.72107            -0.00051637314
434625221205.5693             -0.0079987105
434626198266.41754            -0.0039260564
434627175327.26575            -0.00035060733
434628152388.11395            -0.0038310632
434629129448.96216            -0.0020098449
434630106509.81036            0.0057015615
434631083570.65857            -0.0040680286
434632060631.5068             0.0034831418
434633037692.35504            -0.0007762081
434634014753.20325            -0.00085286045
434634991814.05145            0.015244571
434635968874.89966            0.0033071656
434636945935.74786            -0.005794937
434637922996.59607            -0.0018473371
434638900057.4443             0.0014382085
434639877118.29254            -0.010678018
434640854179.14075            0.0020949026
434641831239.98895            -0.003133113
434642808300.83716            0.0030831848
434643785361.68536            0.003717337
434644762422.53357            -0.006132134
434645739483.3818             -0.007836153
434646716544.23004            0.0004510288
434647693605.07825            -0.0013940793
434648670665.92645            -0.014287529
434649647726.77466            -0.00766869
434650624787.62286            0.005661206
434651601848.47107            -0.0027367054
434652578909.3193             -0.001569496
434653555970.16754            -0.0053657177
434654533031.01575            -0.008836155
434655510091.86395            -0.012866256
434656487152.71216            -0.0057851626
434657464213.56036            0.009893567
434658441274.40857            -0.0025975772
434659418335.2568             0.0033532246
434660395396.105              0.006834574
434661372456.95325            0.0062375576
434662349517.80145            -0.0031453562
434663326578.64966            -0.0103759
434664303639.49786            -0.016660867
434665280700.34607            0.0018971743
434666257761.1943             0.009702516
434667234822.0425             -0.0027712926
434668211882.89075            -0.0071695894
434669188943.73895            -0.007306258
434670166004.58716            0.0042455345
434671143065.43536            -0.0068757497
434672120126.28357            -0.01734389
434673097187.1318             -0.0015459149
434674074247.98               0.005506937
434675051308.82825            0.011412451
434676028369.67645            -0.0049679447
434677005430.52466            -0.0017910001
434677982491.37286            0.0041799275
434678959552.22107            0.0015468679
434679936613.0693             0.007943404
434680913673.9175             0.0005710417
434681890734.76575            0.007539228
434682867795.61395            -0.002760309
434683844856.46216            -0.005716886
434684821917.31036            -0.0033610892
434685798978.15857            -0.00012869861
434686776039.0068             -0.0015663641
434687753099.855              -0.0012223665
434688730160.70325            -0.009075961
434689707221.55145            -0.0047039115
434690684282.39966            -0.00996623
434691661343.24786            0.0058154315
434692638404.09607            -0.007157161
434693615464.9443             0.0011603463
434694592525.7925             0.002607454
434695569586.6407             -0.0006203855
434696546647.48895            0.0063309027
434697523708.33716            -0.00083104044
434698500769.18536            -0.004629909
434699477830.03357            -0.0027808063
434700454890.8818             -0.0016339836
434701431951.73               0.011328557
434702409012.5782             0.015554919
434703386073.42645            0.0055112178
434704363134.27466            0.009376903
434705340195.12286            -0.0039463555
434706317255.97107            -0.0067067663
434707294316.8193             -0.004804638
434708271377.6675             -0.011707156
434709248438.5157             -0.0015065176
434710225499.36395            0.0026906552
434711202560.21216            -0.0004018696
434712179621.06036            0.016127301
434713156681.90857            0.003912706
434714133742.7568             -0.004447206
434715110803.605              -0.010338035
434716087864.4532             -0.0065021333
434717064925.30145            -0.0019356074
434718041986.14966            -0.008727099
434719019046.99786            -0.017813282
434719996107.84607            0.0002609458
434720973168.6943             0.0012550346
434721950229.5425             -0.010251975
434722927290.3907             -0.004080615
434723904351.23895            -0.0074795317
434724881412.08716            -0.0053391014
434725858472.93536            -0.0042445664
434726835533.78357            -0.010653168
434727812594.6318             -0.01290523
434728789655.48               -0.011149344
434729766716.3282             -0.007975175
434730743777.1764             -0.001885951
434731720838.02466            -0.0046724193
434732697898.87286            0.006699797
434733674959.72107            0.0012310512
434734652020.5693             -0.000979392
434735629081.4175             0.005927888
434736606142.2657             0.0027547951
434737583203.1139             0.002434411
434738560263.96216            0.015746124
434739537324.81036            -0.001498688
434740514385.65857            -0.0023315938
434741491446.5068             0.001617301
434742468507.355              0.0021066465
434743445568.2032             -0.0080536
434744422629.0514             -0.0074375398
434745399689.89966            -0.0052193534
434746376750.74786            0.004019851
434747353811.59607            0.0071592983
434748330872.4443             0.003983998
434749307933.2925             0.005600667
434750284994.1407             -0.0028243493
434751262054.9889             0.010097708
434752239115.83716            0.0033046037
434753216176.68536            -0.00058271387
434754193237.53357            0.007829123
434755170298.3818             0.0105847325
434756147359.23               0.009915945
434757124420.0782             0.014642075
434758101480.9264             0.010940112
434759078541.77466            0.0019237123
434760055602.62286            -0.0027662613
434761032663.47107            0.0041163363
434762009724.3193             -0.0046517006
434762986785.1675             -0.011115417
434763963846.0157             -0.008724031
434764940906.8639             -0.0071155974
434765917967.7121             -0.0019052397
434766895028.56036            -0.009830097
434767872089.40857            -0.00032908627
434768849150.2568             -0.0019734232
434769826211.105              0.0050605624
434770803271.9532             0.00480459
434771780332.8014             -0.002285222
434772757393.6496             -0.0071986434
434773734454.49786            -0.0024942926
434774711515.34607            0.0036546441
434775688576.1943             0.011618137
434776665637.0425             0.012115066
434777642697.8907             0.00529937
434778619758.7389             -0.008499293
434779596819.5871             0.0056512975
434780573880.43536            0.006821291
434781550941.28357            0.0055406415
434782528002.1318             0.001846666
434783505062.98               0.00084975176
434784482123.8282             0.01012051
434785459184.6764             0.0041144257
434786436245.5246             -0.00893694
434787413306.37286            -0.008524989
434788390367.22107            -0.009618807
434789367428.0693             -0.0060020667
434790344488.9175             0.004341795
434791321549.7657             0.010145955
434792298610.6139             -0.0020185222
434793275671.4621             -0.004498191
434794252732.31036            0.002398065
434795229793.15857            0.0028552746
434796206854.0068             0.0022146194
434797183914.855              0.0015535152
434798160975.7032             -0.0076312595
434799138036.5514             -0.0006810052
434800115097.3996             0.0026093507
434801092158.2478             0.0059503475
434802069219.09607            0.006150272
434803046279.9443             0.0020024828
434804023340.7925             -0.003941984
434805000401.6407             -0.004702948
434805977462.4889             0.0016115308
434806954523.3371             -0.0035911782
434807931584.1853             -0.0030040636
434808908645.03357            -0.014443613
434809885705.8818             -0.0054361243
434810862766.73               0.004001811
434811839827.5782             0.006816659
434812816888.4264             0.0003226295
434813793949.2746             0.0019624066
434814771010.1228             -0.006803264
434815748070.97107            -0.00895802
434816725131.8193             -0.0018750776
434817702192.6675             0.006669743
434818679253.5157             0.010557657
434819656314.3639             0.009208062
434820633375.2121             -0.002408137
434821610436.0603             -0.0024271356
434822587496.90857            -0.0068361345
434823564557.7568             -0.009642921
434824541618.605              -0.0016014907
434825518679.4532             -0.0052263965
434826495740.3014             -0.0013129524
434827472801.1496             0.008732069
434828449861.9978             0.0070433635
434829426922.84607            0.0078259595
434830403983.6943             -0.005340123
434831381044.5425             0.0055566938
434832358105.3907             -0.005303525
434833335166.2389             0.0009339161
434834312227.0871             0.006617164
434835289287.9353             -0.0014581891
434836266348.7835             0.0056182398
434837243409.6318             0.0009392692
434838220470.48               0.00043597916
434839197531.3282             -0.011647365
434840174592.1764             -0.00407223
434841151653.0246             -0.0065363063
434842128713.8728             -0.004737932
434843105774.721              0.012406312
434844082835.5693             -0.0045560487
434845059896.4175             -0.008483237
434846036957.2657             0.009088996
434847014018.1139             0.014113706
434847991078.9621             0.0009427134
434848968139.8103             0.0044530453
434849945200.6585             -0.009370831
434850922261.5068             -0.008728526
434851899322.355              -0.007893408
434852876383.2032             -0.0012851696
434853853444.0514             0.006783025
434854830504.8996             0.0076655927
434855807565.7478             0.010417658
434856265189.5                0.0023023882
434856784626.596              -0.0028647492
434857242250.4483             0.004897168
434857761687.4443             -0.0074190833
434858219311.3966             0.00044916317
434858738748.2925             -5.9220572e-05
434859196372.3449             -0.003299519
434859715809.1407             0.0011532621
434860173433.2932             -0.0044280486
434860692869.9889             0.0043300446
434861150494.2415             -0.0069055473
434861669930.8371             -0.0016833186
434862127555.1898             -0.0024763069
434862646991.6853             0.0002508475
434863104616.1381             0.0031754854
434863624052.5335             -0.010881388
434864081677.0864             0.010850618
434864601113.3818             0.0014287655
434865058738.0347             -0.0063307644
434865578174.23               0.0020784584
434866035798.98303            -0.012687181
434866555235.0782             -0.0011952405
434867012859.93134            -0.0073639574
434867532295.9264             -0.013903828
434867989920.87964            -0.0017478934
434868509356.7746             -0.0028608392
434868966981.82794            -0.0038715121
434869486417.6228             0.0045200926
434869944042.77625            0.0032655
434870463478.471              -0.0021021764
434870921103.72455            0.0068438477
434871440539.3192             -0.0066053174
434871898164.67285            -0.0031687988
434872417600.1675             0.00560699
434872875225.62115            -0.0030339276
434873394661.0157             -0.00205213
434873852286.56946            -0.0010805132
434874371721.8639             -0.005699812
434874829347.51776            0.0032693706
434875348782.7121             -0.0013011171
434875806408.46606            -0.0037072292
434876325843.5603             0.0011314466
434876783469.41437            0.0016541749
434877302904.4085             -0.0046654255
434877760530.3627             -0.0022663292
434878279965.2567             0.006616591
434878737591.311              -0.0037278864
434879257026.105              -0.0030618764
434879714652.2593             0.00032773853
434880234086.9532             -0.0040084044
434880691713.2076             -0.0018992457
434881211147.8014             -0.0059221447
434881668774.1559             -0.0055439402
434882188208.6496             -0.008163099
434882645835.1042             -0.0032334202
434883165269.4978             0.0046948134
434883622896.0525             -0.003744579
434884142330.346              -0.0010565697
434884599957.0008             0.011806349
434885119391.1942             0.0011311
434885577017.9491             0.013740573
434886096452.0425             0.015100634
434886554078.8974             0.0013403691
434887073512.8907             0.012820128
434887531139.8457             0.0016512173
434888050573.7389             -0.0013429201
434888508200.794              0.0016772273
434889027634.5871             -0.007448279
434889485261.7423             0.006062049
434890004695.4353             0.0048857806
434890462322.6906             0.0022174562
434890981756.2835             0.004035835
434891439383.6389             -0.006595258
434891958817.1317             -2.7128724e-05
434892416444.5872             -0.015773816
434892935877.98               -0.0099817375
434893393505.5355             -0.004613585
434893912938.8282             -0.005863089
434894370566.4838             -0.011033325
434894889999.6764             -0.008123475
434895347627.4321             -0.017955132
434895867060.5246             -0.016852895
434896324688.38043            -0.00638623
434896844121.3728             -0.009547806
434897301749.32874            -0.0066973874
434897821182.221              -0.008119115
434898278810.27704            -0.01133861
434898798243.0692             -0.0076788496
434899255871.22534            -0.0012645082
434899775303.9175             0.00016985799
434900232932.17365            -0.0012805351
434900752364.7657             0.0059243687
434901209993.12195            -7.1906084e-05
434901729425.6139             -0.0023703538
434902187054.07025            -0.0040357774
434902706486.4621             -0.007441559
434903164115.01855            0.00017909918
434903683547.3103             0.008810071
434904141175.96686            -0.009038004
434904660608.1585             0.006354481
434905118236.91516            0.0032956079
434905637669.0067             0.005816218
434906095297.86346            0.010873099
434906614729.8549             0.0021781707
434907072358.81177            0.009696261
434907591790.7032             0.007115668
434908049419.7601             -0.002174434
434908568851.5514             -0.0015166794
434909026480.7084             0.003797187
434909545912.3996             0.00455154
434910003541.6567             -0.008283955
434910522973.2478             -0.0033995693
434910980602.605              -0.0045011225
434911500034.096              -0.013786772
434911957663.5533             -0.0056876256
434912477094.9442             -0.0027771683
434912934724.5016             -0.0017549511
434913454155.7924             0.0022005297
434913911785.4499             0.004196447
434914431216.6407             0.0009576463
434914888846.3982             0.014357418
434915408277.4889             0.006891841
434915865907.3465             0.010316827
434916385338.3371             0.004145765
434916842968.2948             0.006296627
434917362399.1853             -0.00026742253
434917820029.2431             0.0026700445
434918339460.0335             -0.0016767865
434918797090.1914             -0.00024230735
434919316520.8817             0.006815183
434919774151.1397             -0.0120869735
434920293581.7299             -0.003562692
434920751212.088              0.0022226507
434921270642.5782             -0.002138807
434921728273.0363             0.0005501795
434922247703.4264             -0.005826811
434922705333.9846             0.001494815
434923224764.2746             0.004274195
434923682394.9329             0.00073853985
434924201825.1228             0.002256837
434924659455.8812             -0.00016327613
434925178885.971              0.004222519
434925636516.8295             0.0033731451
434926155946.8192             -0.0018252631
434926613577.77783            -0.0027894597
434927133007.6674             -0.003813404
434927590638.72614            0.0037791887
434928110068.5157             -0.00382758
434928567699.67444            0.009335928
434929087129.3639             0.010777693
434929544760.62274            0.0039971853
434930064190.2121             0.016002016
434930521821.57104            0.008285944
434931041251.0603             0.0042512296
434931498882.51935            0.0070677926
434932018311.9085             0.011116791
434932475943.46765            -0.00797128
434932995372.7567             -0.0036328554
434933453004.41595            -0.0021976908
434933972433.6049             -0.0050855833
434934430065.36426            0.0013802802
434934949494.4532             0.0014451958
434935407126.31256            -0.005312398
434935926555.3014             -0.0028138044
434936384187.26086            -0.0008364899
434936903616.1496             -0.0029661695
434937361248.20917            0.0020591433
434937880676.9978             -0.00071678555
434938338309.1575             -0.002017643
434938857737.846              -0.00052659353
434939315370.1058             -0.00014761806
434939834798.6942             -0.003253898
434940292431.0541             0.009668374
434940811859.5424             0.0018142373
434941269492.0024             0.012979248
434941788920.3906             0.0076837577
434942246552.9506             -0.0040415227
434942765981.2389             -0.0048020366
434943223613.8989             0.015408852
434943743042.0871             1.9694098e-05
434944200674.8472             0.008268688
434944720102.9353             0.023222938
434945177735.79553            -0.0062975506
434945697163.7835             0.016932823
434946154796.74384            0.0061943196
434946674224.6317             0.01375459
434947131857.69214            0.006153023
434947651285.4799             0.015438924
434948108918.64044            0.0008832348
434948628346.3281             0.0013098367
434949085979.58875            -0.0008786595
434949605407.1764             -0.006358799
434950063040.53705            -0.00023394478
434950582468.0246             -0.008581332
434951040101.48535            -0.0021141013
434951559528.8728             -0.0022516076
434952017162.43365            -0.0012914822
434952536589.721              0.0068139303
434952994223.38196            -0.0039492203
434953513650.5692             -0.00058543275
434953971284.33026            0.0028410763
434954490711.4174             -0.0019182658
434954948345.27856            0.005554588
434955467772.2656             0.0019313407
434955925406.22687            -0.001566112
434956444833.1139             0.0052907905
434956902467.1752             0.011248808
434957421893.9621             -0.007531359
434957879528.1235             0.008606495
434958398954.8103             0.019904142
434958856589.0718             0.0006734814
434959376015.6585             -0.0051029967
434959833650.0201             0.0051847952
434960353076.5067             -0.0068837926
434960810710.9684             0.006266855
434961330137.3549             0.005482127
434961787771.9167             0.0008857449
434962307198.2031             0.010258272
434962764832.865              0.0076869433
434963284259.0514             0.0030520163
434963741893.8133             0.003633432
434964261319.8996             0.008184931
434964718954.7616             0.003975877
434965238380.7478             0.0073507563
434965696015.7099             0.0030515185
434966215441.596              0.0030583944
434966673076.6582             -0.009877676
434967192502.4442             -0.0130116185
434967650137.6065             0.004794318
434968169563.2924             -0.00091093587
434968627198.5548             0.0010740297
434969146624.1406             0.008292667
434969604259.5031             -0.009065515
434970123684.9889             0.001213117
434970581320.4514             -0.008218048
434971100745.8371             -0.009122347
434971558381.3997             0.0024169076
434972077806.6853             -0.0033391549
434972535442.348              0.017951181
434973054867.5335             0.0026331707
434973512503.2963             -0.004459701
434974031928.3817             -0.0014773109
434974489564.2446             -0.00097539363
434975008989.2299             0.0006107094
434975466625.19293            0.006077782
434975986050.0781             -0.00022330435
434976443686.14124            0.0033671926
434976963110.92633            0.0022147195
434977420747.08954            -0.0041145203
434977940171.7746             -0.0034996467
434978397808.03784            -0.0010926966
434978917232.6228             -0.0014970439
434979374868.98615            0.016794886
434979894293.471              0.014898961
434980351929.93445            -0.0072822236
434980871354.3192             -0.0011599232
434981328990.88275            -0.002748954
434981848415.1674             -0.0052309236
434982306051.83105            0.00034864797
434982825476.0156             -0.0075106337
434983283112.77936            -0.0035922094
434983802536.86383            -0.012007841
434984260173.72766            0.0019485119
434984779597.7121             -0.0031135958
434985237234.67596            -0.0040449896
434985756658.5603             -0.003927665
434986214295.62427            0.0034004804
434986733719.4085             0.007248449
434987191356.5726             -0.009836149
434987710780.2567             0.0076300018
434988168417.5209             -0.0108875455
434988687841.1049             -0.00036830944
434989145478.4692             0.0055134906
434989664901.9531             -0.002095848
434990122539.4175             0.0048650163
434990641962.80133            0.0053944807
434991099600.3658             -0.0008871592
434991619023.6496             0.010072902
434992076661.3141             -0.0037948585
434992596084.4978             0.0061541037
434993053722.2624             -0.00020699496
434993573145.346              -0.0073074847
434994030783.2107             0.00013835519
434994550206.1942             -0.00552262
434995007844.159              0.0021261193
434995527267.0424             -0.011117841
434995984905.1073             0.0074076806
434996504327.8906             -0.0039004055
434996961966.0556             0.008360967
434997481388.73883            0.0055552344
434997939027.0039             0.008172533
434998458449.5871             -0.00013660322
434998916087.9522             -0.0047539314
434999435510.4353             -0.006119249
434999893148.9005             0.006452755
435000412571.2835             -0.000738604
435000870209.8488             0.016620686
435001389632.1317             0.016101241
435001847270.7971             0.002599992
435002366692.9799             0.012916217
435002824331.7454             -0.010983989
435003343753.8281             0.000263308
435003801392.6937             0.0059529166
435004320814.67633            -0.011447853
435004778453.642              0.010556203
435005297875.5246             -0.0037107645
435005755514.59033            -0.006272599
435006274936.3728             -0.0039645224
435006732575.53864            -0.0049255486
435007251997.221              -0.00072379445
435007709636.48694            -0.003241851
435008229058.0692             0.003577
435008686697.43524            -0.00097624474
435009206118.9174             -0.0054789744
435009663758.38354            -0.001996238
435010183179.7656             -0.006636415
435010640819.33185            -0.0031627389
435011160240.61383            -0.0077149994
435011617880.28015            -0.007986454
435012137301.46204            -0.0026840186
435012594941.22845            0.0075975507
435013114362.3103             -0.005984622
435013572002.17676            0.0013908419
435014091423.1585             0.00039204877
435014549063.12506            -0.0034384893
435015068484.0067             -0.008146551
435015526124.07336            -0.0031506873
435016045544.8549             -0.0075136814
435016503185.02167            -0.0009636167
435017022605.7031             0.0010424902
435017480245.97               -0.0036229766
435017999666.55133            -0.0019500492
435018457306.9183             0.009686773
435018976727.39954            0.0004094726
435019434367.8666             0.009812276
435019953788.2478             0.01528669
435020411428.8149             0.006862119
435020930849.096              0.0068076733
435021388489.7632             -0.0015174164
435021907909.9442             0.0047490657
435022365550.7115             -0.007186842
435022884970.7924             -0.0050321524
435023342611.6598             0.007485243
435023862031.6406             -0.00021030675
435024319672.6081             0.008696281
435024839092.48883            0.014374716
435025296733.5564             -0.013064735
435025816153.33704            -0.004151767
435026273794.5047             -0.0071517937
435026793214.1853             -0.01110978
435027250855.453              0.000118412056
435027770275.0335             -0.0069041695
435028227916.4013             -0.006032793
435028747335.8817             -0.002718727
435029204977.3496             -0.0039650686
435029724396.7299             0.0014023305
435030182038.2979             0.00017374389
435031159099.2462             -0.0046551977
435032136160.1945             0.0039493563
435033113221.1428             0.0078326
435034090282.0911             0.013467247
435035067343.0394             -0.00030392446
435036044403.98773            0.0056986758
435037021464.93604            0.012561364
435037998525.88434            -0.0018861232
435038975586.83264            0.0072461953
435039952647.78094            0.00272062
435040929708.72925            0.007979087
435041906769.67755            0.013818482
435042883830.62585            -0.014101292
435043860891.57416            -0.0080572255
435044837952.52246            0.004883105
435045815013.47076            -0.0041110055
435046792074.41907            -0.0064826887
435047769135.3674             -0.005891632
435048746196.3157             -0.00086923037
435049723257.264              0.0052739712
435050700318.2123             -0.004949313
435051677379.1606             -0.008344298
435052654440.1089             -0.00018463367
435053631501.0572             0.0056602033
435054608562.0055             -0.0041280733
435055585622.9538             -0.00407013
435056562683.9021             -0.0031187385
435057539744.8504             -0.0016743399
435058516805.7987             -0.011884886
435059493866.747              -0.005647614
435060470927.6953             0.0035557966
435061447988.6436             -0.0092871785
435062425049.5919             -0.0051905494
435063402110.5402             0.0071723494
435064379171.4885             -0.0029007902
435065356232.4368             -0.011522714
435066333293.38513            -0.0064420886
435067310354.33344            -0.0016280679
435068287415.28174            0.0016761407
435069264476.23004            -0.013074725
435070241537.17834            -0.007877367
435071218598.12665            -0.008540824
435072195659.07495            -0.003558861
435073172720.02325            0.0067491876
435074149780.97156            0.0010784322
435075126841.91986            -0.0025796278
435076103902.86816            -0.0063676834
435077080963.81647            -0.0027926133
435078058024.7648             -0.013972727
435079035085.7131             -0.0035523316
435080012146.6614             0.00039489524
435080989207.6097             -0.0008733115
435081966268.558              0.0036295108
435082943329.5063             0.00066012196
435083920390.4546             0.0014596443
435084897451.4029             -0.00012506677
435085874512.3512             0.009892799
435086851573.2995             0.006522784
435087828634.2478             0.002053994
435088805695.1961             0.006559837
435089782756.1444             0.0011036673
435090759817.0927             -0.014227302
435091736878.041              -0.017045489
435092713938.9893             0.0027628003
435093690999.9376             -0.005092043
435094668060.8859             -0.02266462
435095645121.8342             -0.014010967
435096622182.78253            -0.0027023857
435097599243.73083            0.008392715
435098576304.67914            0.0049999068
435099553365.62744            0.0027786347
435100530426.57574            0.006263733
435101507487.52405            0.008342045
435102484548.47235            -3.203342e-05
435103461609.42065            0.0010419539
435104438670.36896            -0.007987387
435105415731.31726            0.0053946846
435106392792.26556            0.0016176631
435107369853.21387            0.0033692506
435108346914.1622             0.0054745623
435109323975.1105             0.008724989
435110301036.0588             0.0035245738
435111278097.0071             0.0009973609
435112255157.9553             0.00888711
435113232218.9036             0.017502263
435114209279.8519             0.010861271
435115186340.80023            -0.00041628588
435116163401.74854            0.0055075847
435117140462.69684            -0.0026777089
435118117523.64514            0.00017969302
435119094584.59344            0.0024343522
435120071645.54175            0.007495405
435121048706.49005            0.0018214129
435122025767.43835            0.0005419862
435123002828.38666            -0.0042173937
435123979889.33496            -0.00066717033
435124956950.28326            0.008070378
435125934011.23157            -0.0043797195
435126911072.1799             -0.003289709
435127888133.1282             0.0014469579
435128865194.0765             0.0032911592
435129842255.0248             -0.005019637
435130819315.9731             0.0004716184
435131796376.9214             0.0006285248
435132773437.8697             -0.009981709
435133750498.818              0.0048106504
435134727559.7663             -0.0035511823
435135704620.7146             -0.0016752376
435136681681.6629             -0.003315707
435137658742.6112             0.004792771
435138635803.5595             0.008076571
435139612864.5078             0.002981215
435140589925.4561             -0.005691616
435141566986.4044             -0.0023732616
435142544047.3527             -0.0013057246
435143521108.301              -0.003437556
435144498169.2493             -0.007424883
435145475230.19763            -0.0068532038
435146452291.14594            0.003983462
435147429352.09424            0.0030770071
435148406413.04254            0.0037534814
435149383473.99084            -0.001856549
435150360534.93915            -0.00021131597
435151337595.88745            -0.002398997
435152314656.83575            0.0113663925
435153291717.78406            0.013406265
435154268778.73236            -0.0030283146
435155245839.68066            0.012439026
435156222900.62897            0.010176333
435157199961.5773             0.0028911787
435158177022.5256             0.00035478894
435159154083.4739             -0.0008912723
435160131144.4222             -0.010867545
435161108205.3705             -0.013167621
435162085266.3188             -0.0025121004
435163062327.2671             0.0061886
435164039388.2154             -0.0031765946
435165016449.1637             -0.0008901152
435165993510.112              -0.0051203566
435166970571.0603             0.0052271835
435167947632.0086             0.009241685
435168924692.9569             -0.00193465
435169901753.9052             -0.007481739
435170878814.8535             -0.007825753
435171855875.8018             0.00048102235
435172832936.7501             0.00024441548
435173809997.6984             0.0076448293
435174787058.6467             0.00938864
435175764119.59503            0.0002197894
435176741180.54333            0.00030422682
435177718241.49164            0.008193545
435178695302.43994            0.015601869
435179672363.38824            0.013538393
435180649424.33655            0.0018015419
435181626485.28485            -0.010035492
435182603546.23315            0.0114292195
435183580607.18146            -0.00073940115
435184557668.12976            -0.0024177725
435185534729.07806            0.00068525336
435186511790.02637            -0.0051849918
435187488850.9747             -0.0032528746
435188465911.923              0.0017604369
435189442972.8713             -0.0008685201
435190420033.8196             -0.0032457188
435191397094.7679             0.0067051244
435192374155.7162             -0.004956222
435193351216.6645             -0.0015071899
435194328277.6128             0.0057492433
435195305338.5611             0.0055708615
435196282399.5094             0.0011901008
435197259460.4577             0.002485062
435198236521.406              -0.0027694644
435199213582.3543             -0.00024779627
435200190643.3026             -0.008020104
435201167704.2509             0.0019531702
435202144765.1992             0.014797502
435203121826.1475             0.009920946
435204098887.0958             0.01026285
435205075948.0441             -0.0015208595
435206053008.99243            -0.013166982
435207030069.94073            -0.008367828
435208007130.88904            -0.015830584
435208984191.83734            0.0013744901
435209961252.78564            -0.007203094
435210938313.73395            -0.0031327072
435211915374.68225            0.002056578
435212892435.63055            -0.0068466943
435213869496.57886            -0.00725311
435214846557.52716            -0.013603695
435215823618.47546            -0.00939806
435216800679.42377            -0.0023127235
435217777740.3721             0.010830389
435218754801.3204             0.004968588
435219731862.2687             0.0032009196
435220708923.217              0.0013779801
435221685984.1653             -0.0042738295
435222663045.1136             0.0090780035
435223640106.0619             0.015443936
435224617167.0102             0.005408974
435225594227.9585             0.0038910054
435226571288.9068             0.0016604739
435227548349.8551             0.0048355693
435228525410.8034             0.0052443543
435229502471.7517             0.004276828
435230479532.7                0.011856336
435231456593.6483             0.0012244153
435232433654.5966             -0.0057660667
435233410715.5449             -0.0040354435
435234387776.4932             -0.011638046
435235364837.4415             -0.0048974175
435236341898.38983            0.0076434095
435237318959.33813            0.013914605
435238296020.28644            0.007471024
435239273081.23474            -0.0069916453
435240250142.18304            0.0047713267
435241227203.13135            0.0015603601
435242204264.07965            0.003582118
435243181325.02795            -0.014314055
435244158385.97626            -0.008087625
435245135446.92456            -0.003969493
435246112507.87286            0.00022821857
435247089568.82117            0.0039474596
435248066629.7695             -0.00143527
435249043690.7178             -0.0060468726
435250020751.6661             -0.0045619737
435250997812.6144             -0.0045163087
435251974873.5627             -0.0076070125
435252951934.511              -0.01049906
435253928995.4593             -0.012799691
435254906056.4076             3.8462305e-05
435255883117.3559             -0.0009617596
435256860178.3042             0.008055817
435257837239.2525             0.0024196405
435258814300.2008             -0.005007547
435259791361.1491             0.00049283373
435260768422.0974             -0.002891748
435261745483.0457             -0.0034091845
435262722543.994              0.0052365414
435263699604.9423             0.008224503
435264676665.8906             -0.0033009828
435265653726.8389             0.0060650003
435266630787.78723            0.0007632382
435267607848.73553            0.0061356067
435268584909.68384            -0.000760473
435269561970.63214            -0.0025037532
435270539031.58044            0.0020697494
435271516092.52875            -0.0047202213
435272493153.47705            -0.008668113
435273470214.42535            -0.0033120627
435274447275.37366            -0.0071421056
435275424336.32196            0.0016902155
435276401397.27026            -0.007762776
435277378458.21857            -0.00035781335
435278355519.1669             0.0024512827
435279332580.1152             0.009708946
435280309641.0635             -0.0027017542
435281286702.0118             -0.0018902462
435282263762.96               -0.0008928709
435283240823.9083             0.011655736
435284217884.8566             0.012238769
435285194945.80493            0.005743767
435286172006.75323            0.014986192
435287149067.70154            0.0009671227
435288126128.64984            -0.0060181725
435289103189.59814            -0.008760718
435290080250.54645            -0.0069148703
435291057311.49475            -0.004888261
435292034372.44305            0.005632693
435293011433.39136            0.0044294307
435293988494.33966            -0.00032102095
435294965555.28796            -0.0021785737
435295942616.23627            -0.0065569356
435296919677.1846             -0.00024828027
435297896738.1329             0.004225208
435298873799.0812             0.0013024135
435299850860.0295             0.010852122
435300827920.9778             0.010840049
435301804981.9261             0.009201461
435302782042.8744             0.001854607
435303759103.8227             -0.005842722
435304736164.771              0.009078654
435305713225.7193             0.00668216
435306690286.6676             0.0040648957
435307667347.6159             -0.004451301
435308644408.5642             -0.009329956
435309621469.5125             -0.0019767636
435310598530.4608             0.0020541516
435311575591.4091             0.017236592
435312552652.3574             0.0028919263
435313529713.3057             0.0018456203
435314506774.254              -0.0076340116
435315483835.20233            -0.0031824296
435316460896.15063            -0.005106108
435317437957.09894            0.0047934563
435318415018.04724            0.0035632264
435319392078.99554            -0.014447798
435320369139.94385            -0.010450207
435321346200.89215            -0.0029154585
435322323261.84045            0.009873672
435323300322.78876            0.00478645
435324277383.73706            0.00040424019
435325254444.68536            0.0038753292
435326231505.63367            0.0007642494
435327208566.582              -0.0020249123
435328185627.5303             0.001794335
435329162688.4786             -0.0012679881
435330139749.4269             -0.009923248
435331116810.3752             0.008904455
435332093871.3235             0.012131899
435333070932.2718             0.010352827
435334047993.2201             0.011625693
435335025054.1684             0.0035928288
435336002115.1167             0.008968594
435336979176.065              0.002181695
435337956237.0133             0.0010442958
435338933297.9616             0.009916174
435339910358.9099             0.005689082
435340887419.8582             -0.013232983
435341864480.8065             0.0022164495
435342841541.7548             0.004068407
435343818602.7031             0.00272415
435344795663.6514             0.0019209516
435345772724.59973            -0.002779576
435346749785.54803            -0.0058364165
435347726846.49634            0.002539393
435348703907.44464            -0.0020765194
435349680968.39294            0.020286964
435350658029.34125            -0.00036832888
435351635090.28955            0.0010789317
435352612151.23785            -0.007460405
435353589212.18616            9.613645e-05
435354566273.13446            4.7441325e-05
435355543334.08276            -0.008815035
435356520395.03107            -0.005154485
435357497455.9794             -0.011417602
435358474516.9277             -0.0046003936
435359451577.876              -0.01051059
435360428638.8243             -0.015175438
435361405699.7726             -7.2290946e-05
435362382760.7209             0.0052480986
435363359821.6692             -0.0067056604
435364336882.6175             0.00015196616
435365313943.5658             -0.0011966059
435366291004.5141             -0.0034958445
435367268065.4624             -0.0031079587
435368245126.4107             0.0075480975
435369222187.359              0.0037128064
435370199248.3073             -0.008734172
435371176309.2556             0.006584891
435372153370.2039             0.002385258
435373130431.1522             -0.0107244
435374107492.1005             -0.0030610578
435375084553.0488             -0.0044919276
435376061613.99713            -0.0009916371
435377038674.94543            0.0025730955
435378015735.89374            0.0032081024
435378992796.84204            0.006676926
435379969857.79034            -0.009087529
435380946918.73865            0.0012997116
435381923979.68695            0.011933016
435382901040.63525            0.004043159
435383878101.58356            -0.0011876269
435384855162.53186            -0.009608576
435385832223.48016            -0.016591193
435386809284.42847            -0.00055081985
435387786345.3768             -0.009636602
435388763406.3251             0.004104556
435389740467.2734             0.006819803
435390717528.2217             0.012203483
435391694589.17               0.008834782
435392671650.1183             0.018444344
435393648711.0666             0.01295422
435394625772.0149             0.010951976
435395602832.9632             0.007900059
435396579893.9115             -0.0061454372
435397556954.8598             -0.00622861
435398534015.8081             0.0001796046
435399511076.7564             0.0062752506
435400488137.7047             -0.007919634
435401465198.653              -0.0076584653
435402442259.6013             -0.0046908436
435403419320.5496             -0.0024572504
435404396381.4979             0.007222379
435405373442.4462             -0.0013586488
435406350503.39453            -0.004273205
435407327564.34283            -0.0041753654
435408304625.29114            -0.0053715827
435409281686.23944            0.0022634848
435410258747.18774            0.0036099195
435411235808.13605            0.008970857
435412212869.08435            0.012870767
435413189930.03265            0.0040304326
435414166990.98096            -0.0016017915
435415144051.92926            0.0050635897
435416121112.87756            0.00781573
435417098173.82587            -0.0055873785
435418075234.7742             -0.0045566973
435419052295.7225             -0.019818064
435420029356.6708             -0.00604544
435421006417.6191             -0.007442875
435421983478.5674             -0.0037875853
435422960539.5157             0.0048997137
435423937600.464              -0.00025785324
435424914661.4123             0.0032342896
435425891722.3606             -0.019739542
435426868783.3089             -0.006076779
435427845844.2572             -0.0025739223
435428822905.2055             0.0043657157
435429799966.1538             -0.0015217406
435430777027.1021             0.0002771173
435431754088.0504             0.0072309026
435432731148.9987             0.008650558
435433708209.947              0.0021622477
435434685270.8953             0.0035909642
435435662331.8436             -0.002158807
435436639392.79193            -0.013454452
435437616453.74023            -0.0020455546
435438593514.68854            0.0012281665
435439570575.63684            -0.004882142
435440547636.58514            0.0053494438
435441524697.53345            -0.0005987408
435442501758.48175            -0.0040743453
435443478819.43005            0.010020532
435444455880.37836            0.004443137
435445432941.32666            -0.010459571
435446410002.27496            0.0033919478
435447387063.22327            0.006904364
435448364124.1716             -0.014224967
435449341185.1199             0.0040190574
435450318246.0682             -0.003297776
435451295307.0165             -0.0061612385
435452272367.9647             -0.0037603432
435453249428.913              -0.0050123
435454226489.8613             -0.010194723
435455203550.80963            -0.0071905046
435456180611.75793            0.0014478106
435457157672.70624            0.008931485
435458134733.65454            0.0030228386
435459111794.60284            0.0054442203
435460088855.55115            0.0031918334
435461065916.49945            0.008156796
435462042977.44775            0.016893798
435463020038.39606            0.010828887
435463997099.34436            0.0013869861
435464974160.29266            -0.015971744
435465951221.24097            -0.009567197
435466928282.1893             -0.006681142
435467905343.1376             0.0017636077
435468882404.0859             -0.0024858583
435469859465.0342             0.0028698274
435470836525.9825             -0.014174884
435471813586.9308             -0.009842443
435472790647.8791             -0.0128235705
435473767708.8274             -0.008766793
435474744769.7757             0.00080133404
435475721830.724              0.0008544569
435476698891.6723             0.004293854
435477675952.6206             0.0019729417
435478653013.5689             -0.0111017395
435479630074.5172             0.004879023
435480607135.4655             -0.0007189442
435481584196.4138             0.0031392418
435482561257.3621             0.006672173
435483538318.3104             0.005729738
435484515379.2587             -0.0020462088
435485492440.20703            0.0021725025
435486469501.15533            -0.007306417
435487446562.10364            -0.0077208974
435488423623.05194            0.00064582535
435489400684.00024            0.00020005602
435490377744.94855            -0.0038070797
435491354805.89685            -0.0048566186
435492331866.84515            -0.0024241824
435493308927.79346            -0.0015266745
435494285988.74176            0.006483247
435495263049.69006            -0.0014604211
435496240110.63837            -0.003923979
435497217171.5867             -0.0035816028
435498194232.535              0.0057345205
435499171293.4833             -0.0011027616
435500148354.4316             -0.008423503
435501125415.3799             0.0031322797
435502102476.3282             0.029364007
435503079537.2765             0.019827444
435504056598.2248             0.0076959315
435505033659.1731             -0.0040183514
435506010720.1214             -0.007830155
435506987781.0697             0.010041841
435507964842.018              0.0018863595
435508941902.9663             0.0048230947
435509918963.9146             0.001113329
435510896024.8629             -0.0085687535
435511873085.8112             0.0112406425
435512850146.7595             0.012690549
435513827207.7078             -0.002938105
435514804268.6561             -0.00092529913
435515781329.60443            -0.015245589
435516758390.55273            -0.007631691
435517735451.50104            0.0055183806
435518712512.44934            0.00692366
435519689573.39764            0.007728439
435520666634.34595            0.00039956436
435521643695.29425            -0.010398159
435522620756.24255            -0.00058482506
435523597817.19086            -0.012128658
435524574878.13916            -0.0019796595
435525551939.08746            -0.0029994238
435526529000.03577            -0.0065607424
435527506060.9841             -0.0052852193
435528483121.9324             -0.0034295016
435529460182.8807             0.009047893
435530437243.829              0.006699103
435531414304.7773             0.004915043
435532391365.7256             -0.0010720171
435533368426.6739             -0.009917043
435534345487.6222             0.0051827487
435535322548.5705             0.0032644954
435536299609.5188             0.010667256
435537276670.4671             -0.0013313943
435538253731.4154             -0.00498204
435539230792.3637             -0.0032308376
435540207853.312              0.009693634
435541184914.2603             0.002987599
435542161975.2086             0.0051791165
435543139036.1569             0.000735503
435544116097.1052             0.0059839915
435545093158.0535             0.013024316
435546070219.00183            0.006132696
435547047279.95013            0.0001188034
435548024340.89844            -0.0057006488
435549001401.84674            -0.017592862
435549978462.79504            -0.01843918
435550955523.74335            -0.0070848563
435551932584.69165            -0.00022914034
435552909645.63995            0.0006660257
435553886706.58826            -0.008244357
435554863767.53656            -0.008608015
435555840828.48486            -0.003891853
435556817889.43317            0.0006688137
435557794950.3815             -0.012022607
435558772011.3298             0.008132076
435559749072.2781             0.013205367
435560726133.2264             -0.005162577
435561703194.1747             -0.00460074
435562680255.123              0.006107295
435563657316.0713             0.009687232
435564634377.0196             0.0025695395
435565611437.9679             -0.0037509508
435566588498.9162             -0.008928414
435567565559.8645             -0.0011562612
435568542620.8128             -0.006942355
435569519681.7611             0.00872482
435570496742.7094             0.00093692454
435571473803.6577             -0.006821422
435572450864.606              -0.0034716192
435573427925.5543             0.0038098744
435574404986.5026             0.0073343334
435575382047.4509             0.008721221
435576359108.39923            0.008737544
435577336169.34753            -0.00056363305
435578313230.29584            -0.0023336979
435579290291.24414            0.009619444
435580267352.19244            0.008737359
435581244413.14075            -0.0019103893
435582221474.08905            -0.0005790645
435583198535.03735            -0.0068396367
435584175595.98566            -0.006776163
435585152656.93396            -0.0024897556
435586129717.88226            -0.013889936
435587106778.83057            0.004551067
435588083839.7789             0.0035937477
435589060900.7272             3.2563814e-05
435590037961.6755             -0.010606613
435591015022.6238             -0.0051319483
435591992083.5721             1.4165015e-05
435592969144.5204             -0.01790781
435593946205.4687             -0.0047118496
435594923266.417              -0.0036790941
435595900327.3653             -7.938265e-05
435596877388.3136             -0.010570776
435597854449.2619             -0.008642939
435598831510.2102             -0.0037550817
435599808571.1585             -0.006910712
435600785632.1068             0.0008594185
435601762693.0551             0.003345551
435602739754.0034             -0.003360919
435603716814.9517             -0.0068456177
435604693875.9                -0.000535285
435605670936.8483             0.0012241816
435606647997.79663            0.012911784
435607625058.74493            0.018646471
435608602119.69324            0.009969943
435609579180.64154            7.0680595e-05
435610556241.58984            -0.004999555
435611533302.53815            -0.00044112658
435612510363.48645            -0.0053192964
435613487424.43475            -0.0014915417
435614464485.38306            0.008259739
435615441546.33136            -0.000901198
435616418607.27966            0.0072593335
435617395668.22797            0.01093628
435618372729.1763             0.00032142948
435619349790.1246             -0.008563881
435620326851.0729             -0.00863733
435621303912.0212             -0.0026437314
435622280972.9694             0.001666157
435623258033.9177             0.008324115
435624235094.866              -0.00015206935
435625212155.81433            -0.0012292995
435626189216.76263            -0.0019492205
435627166277.71094            -0.0033175964
435628143338.65924            -0.0011631241
435629120399.60754            -0.004058827
435630097460.55585            -0.0079177255
435631074521.50415            -0.0090756975
435632051582.45245            -0.015913213
435633028643.40076            0.00398291
435634005704.34906            0.0039682835
435634982765.29736            -0.00082591485
435635959826.24567            -0.003541212
435636936887.194              0.0025897443
435637913948.1423             -0.0031448936
435638891009.0906             0.0033348727
435639868070.0389             0.0015928326
435640845130.9872             0.010331281
435641822191.9355             0.0085152155
435642799252.8838             -0.004040843
435643776313.8321             0.00088672084
435644753374.7804             0.009008087
435645730435.7287             0.0017878833
435646707496.677              -0.005428838
435647684557.6253             -0.0078099607
435648661618.5736             -0.0027306885
435649638679.5219             0.009695778
435650615740.4702             0.0128101995
435651592801.4185             0.0008227232
435652569862.3668             7.2727424e-05
435653546923.3151             -0.0054696775
435654523984.2634             -0.004134253
435655501045.21173            0.0008498396
435656478106.16003            0.0069506294
435657455167.10834            0.0021891913
435658432228.05664            0.004261805
435659409289.00494            -0.00057977304
435660386349.95325            0.009709332
435661363410.90155            0.0045174784
435662340471.84985            0.009845531
435663317532.79816            0.008018244
435664294593.74646            -0.009008109
435665271654.69476            -0.013344361
435666248715.64307            -0.010012111
435667225776.5914             0.004541153
435668202837.5397             0.0058554206
435669179898.488              0.01023778
435670156959.4363             0.0018046269
435671134020.3846             0.009862347
435672111081.3329             -0.0042799963
435673088142.2812             -0.0046473853
435674065203.2295             -0.0011477798
435675042264.1778             -0.0055304337
435676019325.1261             -0.017100811
435676996386.0744             -0.014974522
435677973447.0227             -0.004620783
435678950507.971              0.0020162473
435679927568.9193             -0.0085720895
435680904629.8676             -0.021814624
435681881690.8159             -0.011055042
435682858751.7642             -0.008172066
435683835812.7125             -0.009450189
435684812873.6608             0.0153237935
435685789934.60913            0.020375434
435686766995.55743            -0.004713244
435687744056.50574            -0.012588833
435688721117.45404            -0.014628798
435689698178.40234            -0.00564137
435690675239.35065            -0.0037292573
435691652300.29895            -0.00023837521
435692629361.24725            0.007074254
435693606422.19556            0.0019164083
435694583483.14386            0.0006575956
435695560544.09216            0.0062962114
435696537605.04047            0.008720499
435697514665.9888             -0.0077066766
435698491726.9371             -0.013338118
435699468787.8854             -0.008316791
435700445848.8337             -0.011190981
435701422909.782              -0.0026919418
435702399970.7303             0.001708854
435703377031.6786             -0.004115387
435704354092.6269             0.0077128187
435705331153.5752             0.000101539656
435706308214.5235             -0.007959245
435707285275.4718             -0.008846296
435708262336.4201             -0.007388107
435709239397.3684             -0.021574879
435710216458.3167             -0.0028119015
435711193519.265              0.0061378446
435712170580.2133             0.013339696
435713147641.1616             0.008690149
435714124702.1099             0.003526444
435715101763.0582             -0.0031274876
435716078824.00653            0.001780829
435717055884.95483            0.013560902
435718032945.90314            -0.0020835293
435719010006.85144            0.006297685
435719987067.79974            0.00050687895
435720964128.74805            9.705189e-05
435721941189.69635            0.004332358
435722918250.64465            0.011886197
435723895311.59296            0.0069777793
435724872372.54126            0.0069676954
435725849433.48956            -0.00023491103
435726826494.43787            -0.009540198
435727803555.38617            -0.007366351
435728780616.3345             -0.012373431
435729757677.2828             -0.006128423
435730734738.2311             0.014094021
435731711799.1794             0.015719574
435732688860.1277             -0.0021941953
435733665921.076              -0.0061304523
435734642982.0243             -0.0069349958
435735620042.9726             0.003581898
435736597103.9209             0.002058223
435737574164.8692             -0.003046549
435738551225.8175             0.008332782
435739528286.7658             -0.014505135
435740505347.7141             -0.006189393
435741482408.6624             -0.0096726185
435742459469.6107             -0.005131037
435743436530.559              0.015419022
435744413591.5073             0.011726523
435745390652.4556             0.0066818832
435746367713.40393            -0.0015492234
435747344774.35223            -0.007019256
435748321835.30054            -0.003951859
435749298896.24884            -0.0053169946
435750275957.19714            -0.008279834
435751253018.14545            0.002225209
435752230079.09375            0.005506703
435753207140.04205            0.004338048
435754184200.99036            0.0066189673
435755161261.93866            -0.0003042554
435756138322.88696            0.015066624
435757115383.83527            0.0010074081
435758092444.78357            0.005733473
435759069505.7319             0.0066421945
435760046566.6802             -0.010003452
435761023627.6285             0.0030172858
435762000688.5768             0.0024778799
435762977749.5251             -0.002992878
435763954810.4734             -0.016232768
435764931871.4217             -0.0032566416
435765908932.37               0.00019029038
435766885993.3183             0.005016964
435767863054.2666             -0.005606054
435768840115.2149             0.0007292561
435769817176.1632             0.010628088
435770794237.1115             0.0033745256
435771771298.0598             0.015192707
435772748359.0081             -0.0023042592
435773725419.9564             -0.0033243746
435774702480.9047             0.0009226484
435775679541.853              0.0114873815
435776656602.80133            0.0015638409
435777633663.74963            -0.012761638
435778610724.69794            -0.008119076
435779587785.64624            -0.0007452591
435780564846.59454            0.0024810277
435781541907.54285            -0.0008906774
435782518968.49115            -0.010640944
435783496029.43945            -0.0070417468
435784473090.38776            0.005485895
435785450151.33606            -0.0031493206
435786427212.28436            0.009945721
435787404273.23267            -0.002450593
435788381334.18097            -0.00038513882
435789358395.1293             0.016012104
435790335456.0776             0.0047656368
435791312517.0259             -0.010143053
435792289577.9741             -0.009718203
435793266638.9224             -0.012164953
435794243699.8707             -0.006498366
435795220760.81903            0.015384255
435796197821.76733            0.0056642597
435797174882.71564            -0.005636923
435798151943.66394            -0.0069549694
435799129004.61224            -0.014600154
435800106065.56055            -0.014673747
435801083126.50885            0.005506192
435802060187.45715            0.0067470255
435803037248.40546            0.0020002255
435804014309.35376            -0.007708384
435804991370.30206            0.013169054
435805968431.25037            0.0046291025
435806945492.19867            -0.0018971737
435807922553.147              -0.0042517395
435808899614.0953             0.0065462166
435809876675.0436             0.0018371644
435810853735.9919             -0.001919509
435811830796.9402             -0.012890557
435812807857.8885             -0.0021728037
435813784918.8368             -0.015499175
435814761979.7851             -0.014141858
435815739040.7334             -0.008136171
435816716101.6817             0.006314698
435817693162.63               -0.0036393018
435818670223.5783             -0.0136646265
435819647284.5266             -0.0037390292
435820624345.4749             0.00082964275
435821601406.4232             0.0010461408
435822578467.3715             0.0020878103
435823555528.3198             0.00082570844
435824532589.2681             -0.008935032
435825509650.21643            0.0011450193
435826486711.16473            0.0100965975
435827463772.11304            0.010126599
435828440833.06134            -0.007993884
435829417894.00964            -1.631398e-06
435830394954.95795            0.0058474755
435831372015.90625            -0.015600175
435832349076.85455            -0.012191489
435833326137.80286            0.007555034
435834303198.75116            0.0044559613
435835280259.69946            0.0065566115
435836257320.64777            0.0037124106
435837234381.59607            -0.003398143
435838211442.5444             -0.0049954443
435839188503.4927             0.0036737889
435840165564.441              0.004855639
435841142625.3893             0.0008165153
435842119686.3376             -0.0056280363
435843096747.2859             -0.0014845408
435844073808.2342             0.004621241
435845050869.1825             0.01655831
435846027930.1308             -0.0023177597
435847004991.0791             0.00112026
435847982052.0274             -0.00899172
435848959112.9757             -0.009885584
435849936173.924              0.0014139569
435850913234.8723             0.0051526683
435851890295.8206             0.0065728365
435852867356.7689             0.0087650735
435853844417.7172             0.006348102
435854821478.6655             -0.005287442
435855798539.61383            -0.001301644
435856775600.56213            0.013519842
435857752661.51044            0.00030885515
435858729722.45874            -0.007450142
435859706783.40704            0.00688631
435860683844.35535            0.010865189
435861660905.30365            0.008052855
435862637966.25195            0.020388274
435863615027.20026            0.0007523244
435864592088.14856            -0.013433822
435865569149.09686            0.00070563285
435866546210.04517            -0.00052808685
435867523270.99347            0.0060203727
435868500331.9418             0.0013338902
435869477392.8901             -0.007894115
435870454453.8384             -0.0026111754
435871431514.7867             -0.011157392
435872408575.735              -0.0009782499
435873385636.6833             0.0043723932
435874362697.6316             -0.008103671
435875339758.5799             0.00034340113
435876316819.5282             0.004444802
435877293880.4765             0.0132529335
435878270941.4248             0.019951588
435879248002.3731             0.001524096
435880225063.3214             0.001689314
435881202124.2697             0.009173268
435882179185.218              0.010636223
435883156246.1663             0.023725102
435884133307.1146             0.014551571
435885110368.0629             -0.002060922
435886087429.0112             -0.001635178
435887064489.95953            0.0064623547
435888041550.90784            -0.003173422
435889018611.85614            0.006669879
435889995672.80444            0.0038138696
435890972733.75275            0.0007177884
435891949794.70105            0.0065604895
435892926855.64935            0.0049389233
435893903916.59766            0.007834927
435894880977.54596            0.018475197
435895858038.49426            0.00037182737
435896835099.44257            -0.010463509
435897812160.39087            -0.0054663066
435898789221.3392             -0.012445554
435899766282.2875             0.018915119
435900743343.2358             0.0062956996
435901720404.1841             -0.007704483
435902697465.1324             0.011614436
435903674526.0807             0.0016116463
435904651587.029              0.00051552395
435905628647.9773             0.0074910144
435906605708.9256             -0.0014019693
435907582769.8739             0.0019854682
435908559830.8222             0.0070003457
435909536891.7705             0.0028914162
435910513952.7188             -0.00084476004
435911491013.6671             0.0060903803
435912468074.6154             0.005439904
435913445135.5637             0.023319576
435914422196.512              0.017827692
435915399257.4603             0.029494515
435916376318.4086             0.018648248
435917353379.35693            0.0074680615
435918330440.30524            -0.0033112208
435919307501.25354            0.010548893
435920284562.20184            0.029381488
435921261623.15015            0.008161278
435922238684.09845            0.00028294095
435923215745.04675            0.012214327
435924192805.99506            0.0043870895
435925169866.94336            -0.003341994
435926146927.89166            -0.004284691
435927123988.83997            0.0021233913
435928101049.78827            0.002906831
435929078110.7366             0.012026866
435930055171.6849             0.0049558957
435931032232.6332             0.0027668343
435932009293.5815             0.0118866535
435932986354.5298             0.016128344
435933963415.4781             0.014740066
435934940476.4264             0.013317126
435935917537.3747             0.0047624637
435936894598.323              0.014821819
435937871659.2713             0.024535744
435938848720.2196             0.0039717224
435939825781.1679             0.0041177967
435940802842.1162             0.011069839
435941779903.0645             0.019991562
435942756964.0128             0.013787873
435943734024.9611             0.0113527095
435944711085.9094             0.007128831
435945688146.8577             0.010596035
435946665207.806              0.010402975
435947642268.75433            0.010692429
435948619329.70264            0.009440833
435949596390.65094            0.012920572
435950573451.59924            0.016411161
435951550512.54755            0.017934965
435952527573.49585            0.0185935
435953504634.44415            0.011706306
435954481695.39246            0.012199853
435955458756.34076            0.008289295
435956435817.28906            0.0070648943
435957412878.23737            -0.0026865376
435958389939.18567            0.0022260519
435959367000.134              0.019744739
435960344061.0823             0.016201792
435961321122.0306             0.008489931
435962298182.9788             0.011758792
435963275243.9271             0.01664572
435964252304.8754             0.01705707
435965229365.8237             0.011361958
435966206426.77203            0.012146736
435967183487.72034            0.015968055
435968160548.66864            0.00094312185
435969137609.61694            0.0068358667
435970114670.56525            0.012604816
435971091731.51355            0.00071257434
435972068792.46185            0.010522427
435973045853.41016            0.016240492
435974022914.35846            0.016502412
435974999975.30676            0.01804747
435975977036.25507            0.0127924355
435976954097.20337            0.013348585
435977931158.1517             0.018262086
435978908219.1                0.012025301
435979885280.0483             0.007834335
435980862340.9966             0.0021126568
435981839401.9449             0.011551379
435982816462.8932             0.014021454
435983793523.8415             0.019161906
435984770584.7898             0.017578144
435985747645.7381             0.017980687
435986724706.6864             0.008208628
435987701767.6347             0.013665853
435988678828.583              0.0027895407
435989655889.5313             0.01295899
435990632950.4796             0.018141754
435991610011.4279             0.00922674
435992587072.3762             0.01906866
435993564133.3245             0.0151363695
435994541194.2728             0.00626029
435995518255.2211             0.017096596
435996495316.16943            0.013182474
435997472377.11774            0.014477831
435998449438.06604            0.022810865
435999426499.01434            0.013823507
436000403559.96265            0.004204407
436001380620.91095            0.011909671
436002357681.85925            0.0113528585
436003334742.80756            0.008626216
436004311803.75586            0.015166692
436005288864.70416            0.016506571
436006265925.65247            0.004485138
436007242986.60077            0.012597341
436008220047.5491             0.0075363517
436009197108.4974             0.0020530547
436010174169.4457             0.009638828
436011151230.394              0.005618925
436012128291.3423             -0.0024537684
436013105352.2906             0.0027415403
436014082413.2389             -0.00050291844
436015059474.1872             0.020260457
436016036535.1355             0.005455512
436017013596.0838             0.0006582119
436017990657.0321             0.011709986
436018967717.9804             0.0031352714
436019944778.9287             0.013739902
436020921839.877              0.0021184573
436021898900.8253             0.0087303
436022875961.7736             0.0028552797
436023853022.7219             0.013644403
436024830083.6702             0.015257696
436025807144.6185             0.022431843
436026784205.56683            0.012486924
436027761266.51514            -0.014919255
436028738327.46344            0.0043128957
436029715388.41174            0.005759669
436030692449.36005            0.0058209384
436031669510.30835            0.0066170697
436032646571.25665            0.008424556
436033623632.20496            0.0043599945
436034600693.15326            0.004028889
436035577754.10156            0.007908564
436036554815.04987            0.0065315356
436037531875.99817            -0.0015667554
436038508936.9465             0.0043985024
436039485997.8948             0.017734
436040463058.8431             0.016904525
436041440119.7914             0.010876457
436042417180.7397             0.013303473
436043394241.688              0.011158059
436044371302.6363             0.021079458
436045348363.5846             0.013220009
436046325424.5329             -0.00017539355
436047302485.4812             -0.0021328346
436048279546.4295             -0.012587282
436049256607.3778             -0.00583682
436050233668.3261             -0.0076855165
436051210729.2744             0.0068116435
436052187790.2227             0.01897034
436053164851.171              0.0017601138
436054141912.1193             0.008390018
436055118973.0676             0.0031976702
436056096034.0159             0.0012244371
436057073094.96423            -0.0026190812
436058050155.91254            -4.7016845e-05
436059027216.86084            0.000851712
436060004277.80914            0.0040397965
436060981338.75745            0.003530749
436061958399.70575            0.0029187305
436062935460.65405            0.013002106
436063912521.60236            -0.0015693504
436064889582.55066            0.0010229571
436065866643.49896            -0.009753861
436066843704.44727            0.0016780087
436067820765.39557            0.0029568158
436068797826.3439             -0.004681122
436069774887.2922             0.0022152222
436070751948.2405             0.006804688
436071729009.1888             -0.0059835403
436072706070.1371             -0.002649866
436073683131.0854             -0.00077215093
436074660192.0337             6.855682e-06
436075637252.982              0.0076500885
436076614313.9303             0.0035837146
436077591374.8786             -0.0025347508
436078568435.8269             0.005927677
436079545496.7752             -0.002178768
436080522557.7235             -0.002228496
436081499618.6718             0.00036962965
436082476679.6201             0.009112567
436083453740.5684             -0.00950522
436084430801.5167             -0.0021096289
436085407862.465              -0.0005991257
436086384923.4133             0.0022102362
436087361984.36163            0.0048325085
436088339045.30994            0.0052443263
436089316106.25824            0.00985897
436090293167.20654            0.0064400136
436091270228.15485            -0.0054755253
436092247289.10315            -0.002392835
436093224350.05145            0.0008827019
436094201410.99976            -0.0049622892
436095178471.94806            0.00041948733
436096155532.89636            -0.0046953433
436097132593.84467            0.0025382712
436098109654.79297            -0.01421393
436099086715.7413             -0.0006814168
436100063776.6896             0.0018516133
436101040837.6379             -0.0033813312
436102017898.5862             -0.0033058838
436102994959.5345             -0.013147927
436103972020.4828             0.0068325107
436104949081.4311             0.012631962
436105926142.3794             0.0054191644
436106903203.3277             0.0053426246
436107880264.276              0.0041271215
436108857325.2243             0.00037995618
436109834386.1726             0.020001827
436110811447.1209             0.003851547
436111788508.0692             -0.012267198
436112765569.0175             0.0016500825
436113742629.9658             0.005848298
436114719690.9141             6.3469735e-05
436115696751.8624             0.01435662
436116673812.8107             0.010210295
436117650873.75903            -0.0033304745
436118627934.70734            -0.0083014285
436119604995.65564            0.0011080513
436120582056.60394            -0.0010642445
436121559117.55225            -0.012148768
436122536178.50055            -0.007711849
436123513239.44885            -0.00040521682
436124490300.39716            0.0040438646
436125467361.34546            -0.00336335
436126444422.29376            -0.008808839
436127421483.24207            -0.004364077
436128398544.19037            0.014216108
436129375605.1387             0.0053158463
436130352666.087              -0.0017966427
436131329727.0353             -0.018246176
436132306787.9835             -0.012462465
436133283848.9318             0.001482364
436134260909.8801             0.0054963017
436135237970.8284             0.01443353
436136215031.77673            0.0061904006
436137192092.72504            0.01100049
436138169153.67334            0.010435331
436139146214.62164            0.0012268892
436140123275.56995            0.010171745
436141100336.51825            0.007356791
436142077397.46655            -0.0057535185
436143054458.41486            0.006218844
436144031519.36316            -0.0032904658
436145008580.31146            -0.012877593
436145985641.25977            -0.01881012
436146962702.20807            0.0016556259
436147939763.1564             0.0052247616
436148916824.1047             0.0012495274
436149893885.053              0.0019348378
436150870946.0013             -0.0022506027
436151848006.9496             -0.0034435848
436152825067.8979             -0.010922782
436153802128.8462             -1.6848464e-05
436154779189.7945             0.0021825032
436155756250.7428             -0.0008921888
436156733311.6911             -0.00412267
436157710372.6394             0.0062228576
436158687433.5877             0.0042103236
436159664494.536              0.015023225
436160641555.4843             -0.0021631124
436161618616.4326             -0.0047299513
436162595677.3809             -0.0039612697
436163572738.3292             -0.004003317
436164549799.2775             -0.014817246
436165526860.2258             -0.02535499
436166503921.17413            -0.009670507
436167480982.12244            -0.0007434105
436168458043.07074            0.001345318
436169435104.01904            0.00018717929
436170412164.96735            -0.005240024
436171389225.91565            -0.0033504171
436172366286.86395            -0.0020985052
436173343347.81226            0.0017078924
436174320408.76056            0.015300583
436175297469.70886            0.010153713
436176274530.65717            0.014214464
436177251591.60547            -0.0034318352
436178228652.5538             -7.5292126e-05
436179205713.5021             0.0036696754
436180182774.4504             0.0025745302
436181159835.3987             0.0010173201
436182136896.347              -0.004445898
436183113957.2953             0.009786273
436184091018.2436             -0.008446216
436185068079.1919             -0.011674555
436186045140.1402             0.015824422
436187022201.0885             0.017727844
436187999262.0368             0.012238594
436188976322.9851             -0.0014575598
436189953383.9334             0.008011502
436190930444.8817             -0.002123277
436191907505.83               0.0010479891
436192884566.7783             -0.004331841
436193861627.7266             0.0139832925
436194838688.6749             0.01478721
436195815749.6232             0.0053374427
436196792810.57153            0.00690163
436197769871.51984            0.0065962924
436198746932.46814            -0.0043248385
436199723993.41644            -0.009252972
436200701054.36475            -0.0065544583
436201678115.31305            0.00807777
436202655176.26135            -0.00888784
436203632237.20966            -0.008429219
436204609298.15796            0.0018839741
436205586359.10626            0.005006786
436206563420.05457            -0.008801265
436207540481.00287            0.0041112895
436208517541.9512             0.00612642
436209494602.8995             -0.009299448
436210471663.8478             -0.0015028785
436211448724.7961             0.0037809066
436212425785.7444             0.010532988
436213402846.6927             0.0081461575
436214379907.641              -0.006386474
436215356968.5893             0.025632823
436216334029.5376             0.0146164
436217311090.4859             -0.0030565627
436218288151.4342             -0.00402839
436219265212.3825             -0.004010081
436220242273.3308             -0.0016550878
436221219334.2791             -0.0044092913
436222196395.2274             -0.009112352
436223173456.1757             -0.0026496025
436224150517.124              -0.0038362665
436225127578.0723             -0.019105054
436226104639.0206             -0.0047067776
436227081699.96893            0.0013189543
436228058760.91724            -0.0043174485
436229035821.86554            -0.0043548727
436230012882.81384            0.0041816155
436230989943.76215            -0.0010735844
436231967004.71045            -0.006083253
436232944065.65875            0.015006747
436233921126.60706            0.009169927
436234898187.55536            -0.0010172507
436235875248.50366            0.011539058
436236852309.45197            0.014014827
436237829370.40027            0.0041196393
436238806431.3486             -0.0013340743
436239783492.2969             0.00265178
436240760553.2452             0.0038770495
436241737614.1935             0.0012058696
436242714675.1418             -0.009214862
436243691736.0901             -0.014507802
436244668797.0384             -0.0077140355
436245645857.9867             -0.0056254915
436246622918.935              0.013913367
436247599979.8833             0.020685438
436248577040.8316             0.0053491304
436249554101.7799             -0.0035376155
436250531162.7282             -0.008511432
436251508223.6765             -0.004621608
436252485284.6248             0.0033002265
436253462345.5731             0.005232739
436254439406.5214             -0.0005894024
436255416467.4697             0.0026327232
436256393528.418              0.0047977567
436257370589.36633            -0.003907666
436258347650.31464            -0.010046793
436259324711.26294            0.001321533
436260301772.21124            -0.0057227253
436261278833.15955            -0.014936731
436262255894.10785            -0.01441601
436263232955.05615            0.0030661514
436264210016.00446            0.012329198
436265187076.95276            0.0018197156
436266164137.90106            0.014046472
436267141198.84937            0.0049907225
436268118259.79767            -0.009096236
436269095320.746              0.009203363
436270072381.6943             0.004264207
436271049442.6426             0.006401121
436272026503.5909             -0.0038973885
436273003564.5392             -0.0016193462
436273980625.4875             0.00021862655
436274957686.4358             0.008661034
436275934747.3841             -0.005696154
436276911808.3324             -0.0026805373
436277888869.2807             -0.014815121
436278865930.229              0.0019924678
436279842991.1773             0.019800033
436280820052.1256             0.0030955605
436281797113.0739             0.0015166407
436282774174.0222             -0.0056397356
436283751234.9705             -0.013001743
436284728295.9188             -0.0073594805
436285705356.8671             0.0037805578
436286682417.8154             0.0064656665
436287659478.76373            0.001634966
436288636539.71204            -0.019887762
436289613600.66034            -0.012495665
436290590661.60864            -0.015441257
436291567722.55695            -0.010019055
436292544783.50525            -5.4673383e-05
436293521844.45355            -0.0068625337
436294498905.40186            0.00088383997
436295475966.35016            0.0067333095
436296453027.29846            -0.0009747537
436297430088.24677            -0.013369024
436298407149.19507            0.0050540455
436299384210.1434             -0.0073210867
436300361271.0917             -0.017138897
436301338332.04               -0.011641369
436302315392.9882             -0.0039827973
436303292453.9365             -0.0040457593
436304269514.8848             0.0061701513
436305246575.8331             0.0078139445
436306223636.78143            0.008775697
436307200697.72974            0.012466155
436308177758.67804            0.0075799376
436309154819.62634            0.004319861
436310131880.57465            0.019824376
436311108941.52295            0.008596481
436312086002.47125            -0.00068786973
436313063063.41956            0.016191108
436314040124.36786            -0.0023586925
436315017185.31616            2.9417231e-05
436315994246.26447            -0.016516222
436316971307.21277            -0.0054179956
436317948368.1611             0.0087989
436318925429.1094             0.0050039534
436319902490.0577             -0.004224602
436320879551.006              -0.011456736
436321856611.9543             -0.010249366
436322833672.9026             -0.0006106618
436323810733.8509             -0.0024481784
436324787794.7992             -0.007565878
436325764855.7475             -0.000547572
436326741916.6958             -0.00072399294
436327718977.6441             -0.022217086
436328696038.5924             -0.015494521
436329673099.5407             0.007933474
436330650160.489              -0.0029240919
436331627221.4373             0.0016684982
436332604282.3856             -0.012273777
436333581343.3339             -0.020561168
436334558404.2822             -0.012604903
436335535465.2305             0.004465155
436336512526.17883            -0.003942254
436337489587.12714            -0.008668475
436338466648.07544            -0.013146999
436339443709.02374            0.0013651255
436340420769.97205            0.002998073
436341397830.92035            -0.0071298447
436342374891.86865            -0.0052577625
436343351952.81696            -0.007687061
436344329013.76526            0.0043668137
436345306074.71356            0.01166382
436346283135.66187            -0.0031891519
436347260196.61017            -0.005438214
436348237257.5585             -0.0005973335
436349214318.5068             -0.002089388
436350191379.4551             -0.0018038976
436351168440.4034             0.0015728944
436352145501.3517             0.008339202
436353122562.3                0.007902256
436354099623.2483             0.008663909
436355076684.1966             0.01146147
436356053745.1449             -0.0013142109
436357030806.0932             0.0061052856
436358007867.0415             0.0046461555
436358984927.9898             0.01403454
436359961988.9381             -0.0019359133
436360939049.8864             0.0039831134
436361916110.8347             -0.00088379777
436362893171.783              0.00023531675
436363870232.7313             0.008664215
436364847293.6796             0.003846929
436365824354.6279             -0.0026398634
436366801415.57623            0.0013682597
436367778476.52454            0.0013610625
436368755537.47284            0.015700877
436369732598.42114            0.0059511317
436370709659.36945            -0.006313097
436371686720.31775            0.012974281
436372663781.26605            0.006693205
436373640842.21436            -0.00687011
436374617903.16266            0.0010427056
436375594964.11096            0.0005085519
436376572025.05927            0.0059241336
436377549086.00757            -0.014611378
436378526146.9559             -0.0060440763
436379503207.9042             -0.0078025847
436380480268.8525             0.009012598
436381457329.8008             0.0035494084
436382434390.7491             0.004239016
436383411451.6974             0.007982134
436384388512.6457             0.0113412095
436385365573.594              -0.0058755656
436386342634.5423             -0.009947786
436387319695.4906             0.013377578
436388296756.4389             0.007086172
436389273817.3872             -0.011235254
436390250878.3355             -0.010298706
436391227939.2838             -0.003336306
436392205000.2321             0.008439569
436393182061.1804             0.009987295
436394159122.1287             -0.0058057574
436395136183.077              0.0044284463
436396113244.0253             -0.0006206562
436397090304.97363            -0.00020260198
436398067365.92194            0.01082122
436399044426.87024            0.005175498
436400021487.81854            -0.0012188363
436400998548.76685            0.015930848
436401975609.71515            0.0038939824
436402952670.66345            0.0009695694
436403929731.61176            0.009159473
436404906792.56006            0.0014989057
436405883853.50836            0.01059208
436406860914.45667            0.006970783
436407837975.40497            -0.00033937627
436408815036.3533             0.004530425
436409792097.3016             -0.004735951
436410769158.2499             -0.013810919
436411746219.1982             -0.010281941
436412723280.1465             0.0035048937
436413700341.0948             0.015466691
436414677402.0431             -0.0056252023
436415654462.9914             0.008560696
436416631523.9397             -0.0027754637
436417608584.888              0.0012970945
436418585645.8363             -0.008001995
436419562706.7846             0.0011439224
436420539767.7329             0.003567621
436421516828.6812             0.0068264953
436422493889.6295             0.0024454095
436423470950.5778             0.010728822
436424448011.5261             0.01803904
436425425072.4744             0.0139505295
436426402133.4227             0.0035512806
436427379194.37103            -0.008196304
436428356255.31934            -0.0003644273
436429333316.26764            0.0020360935
436430310377.21594            0.0053665205
436431287438.16425            0.0077501275
436432264499.11255            0.0024454894
436433241560.06085            -0.011931079
436434218621.00916            -0.008668977
436435195681.95746            -0.0030602855
436436172742.90576            -0.0072031757
436437149803.85406            -0.0041387784
436438126864.80237            -0.008405852
436439103925.7507             -0.0032228322
436440080986.699              0.001393965
436441058047.6473             0.0079407515
436442035108.5956             0.0063381614
436443012169.5439             -0.0034552668
436443989230.4922             -0.019473145
436444966291.4405             -0.011475522
436445943352.3888             -0.0130399745
436446920413.3371             0.00668116
436447897474.2854             0.003403373
436448874535.2337             0.0038469948
436449851596.182              0.007633144
436450828657.1303             0.0052092816
436451805718.0786             -0.0037826318
436452782779.0269             -0.0005890894
436453759839.9752             -0.0018627561
436454736900.9235             -0.011461837
436455713961.8718             -0.0005378818
436456691022.8201             -0.006040096
436457668083.76843            -0.0042849057
436458645144.71674            0.0048370585
436459622205.66504            0.011140121
436460599266.61334            0.009898598
436461576327.56165            -0.0049086264
436462553388.50995            -0.011590195
436463530449.45825            0.0068915677
436464507510.40656            -0.011453114
436465484571.35486            -0.010493114
436466461632.30316            -0.007511213
436467438693.25146            0.0056404434
436468415754.19977            8.118576e-06
436469392815.1481             0.00072645064
436470369876.0964             -0.0017532612
436471346937.0447             0.00012231288
436472323997.9929             0.0042796736
436473301058.9412             0.016216556
436474278119.8895             0.004312461
436475255180.8378             0.02275309
436476232241.78613            0.02283053
436477209302.73444            0.0089049395
436478186363.68274            0.0058181607
436479163424.63104            0.0052564708
436480140485.57935            -0.00821291
436481117546.52765            -0.0153171355
436482094607.47595            -0.0076137655
436483071668.42426            0.008843509
436484048729.37256            -0.0031334914
436485025790.32086            0.0024179765
436486002851.26917            -0.0021610947
436486979912.21747            0.0019019616
436487956973.1658             -0.004701461
436488934034.1141             0.0066304877
436489911095.0624             0.0025274283
436490888156.0107             -0.005374231
436491865216.959              0.010075357
436492842277.9073             0.012372714
436493819338.8556             0.006137768
436494796399.8039             -0.028646227
436495773460.7522             -0.033414192
436496750521.7005             -0.009429322
436497727582.6488             -0.013247231
436498704643.5971             0.00013475616
436499681704.5454             -0.008218939
436500658765.4937             0.0077324808
436501635826.442              0.008564403
436502612887.3903             0.013015746
436503589948.3386             -0.00045855192
436504567009.2869             0.0032997013
436505544070.2352             0.003998842
436506521131.18353            0.01985763
436507498192.13184            0.0101038655
436508475253.08014            -0.0054149427
436509452314.02844            -0.013612985
436510429374.97675            -0.012455245
436511406435.92505            -0.0023548426
436512383496.87335            -0.014803724
436513360557.82166            0.0017540294
436514337618.76996            0.0029315196
436515314679.71826            0.009899216
436516291740.66656            0.013123877
436517268801.61487            0.0030300443
436518245862.5632             0.0027653652
436519222923.5115             -0.006195932
436520199984.4598             -0.009855344
436521177045.4081             0.008383447
436522154106.3564             0.0054062977
436523131167.3047             0.0065491223
436524108228.253              -0.001055174
436525085289.2013             0.010812607
436526062350.1496             0.0046081613
436527039411.0979             -0.005905062
436528016472.0462             -0.00010321721
436528993532.9945             -0.004562222
436529970593.9428             0.004694954
436530947654.8911             -0.004870266
436531924715.8394             0.00061326014
436532901776.7877             0.0052998974
436533878837.736              -0.0006346583
436534855898.6843             0.0014550076
436535832959.6326             0.013214846
436536810020.58093            0.0064249393
436537787081.52924            -0.008367961
436538764142.47754            0.015289688
436539741203.42584            0.009072546
436540718264.37415            -0.007395111
436541695325.32245            -0.005771705
436542672386.27075            -0.0058155307
436543649447.21906            -0.011043957
436544626508.16736            -0.0075512896
436545603569.11566            -0.0020886057
436546580630.06396            -0.018276459
436547557691.01227            -0.021066397
436548534751.9606             0.0020266066
436549511812.9089             0.006492845
436550488873.8572             -0.009494275
436551465934.8055             -0.004963519
436552442995.7538             -0.00017256707
436553420056.7021             -0.004006256
436554397117.6504             0.0012136527
436555374178.5987             -0.0010485823
436556351239.547              0.010114863
436557328300.4953             0.003920752
436558305361.4436             -0.020101946
436559282422.3919             -0.005027207
436560259483.3402             -0.013995661
436561236544.2885             -0.021376418
436562213605.2368             0.012609338
436563190666.1851             0.009763656
436564167727.1334             0.009807072
436565144788.0817             -0.008176007
436566121849.03               0.0062849694
436567098909.97833            0.006256781
436568075970.92664            0.0013019268
436569053031.87494            0.005147365
436570030092.82324            0.0068691527
436571007153.77155            0.00702983
436571984214.71985            0.0001745996
436572961275.66815            0.009594185
436573938336.61646            0.016644163
436574915397.56476            0.003004368
436575892458.51306            0.005250735
436576869519.46136            -0.0006486899
436577846580.40967            0.004860925
436578823641.358              -0.009470361
436579800702.3063             0.0070562637
436580777763.2546             0.017371183
436581754824.2029             -0.0010076158
436582731885.1512             -0.015742056
436583708946.0995             -0.0138100125
436584686007.0478             0.0076294946
436585663067.9961             0.0070555964
436586640128.9444             0.0047133244
436587617189.8927             -0.0018605127
436588594250.841              0.008321636
436589571311.7893             0.012438171
436590548372.7376             0.0024738351
436591525433.6859             0.0055043176
436592502494.6342             0.012063194
436593479555.5825             0.0063403132
436594456616.5308             -0.0017870188
436595433677.4791             -0.00697165
436596410738.4274             -0.008840266
436597387799.37573            -0.018170083
436598364860.32404            0.008091858
436599341921.27234            0.009434278
436600318982.22064            0.0074817007
436601296043.16895            0.0015404111
436602273104.11725            0.005989512
436603250165.06555            0.011627452
436604227226.01385            0.0035870261
436605204286.96216            -0.0018718534
436606181347.91046            0.008393517
436607158408.85876            -0.0010673115
436608135469.80707            -0.0069152485
436609112530.7554             0.0035627598
436610089591.7037             -0.008070871
436611066652.652              -0.021363761
436612043713.6003             -0.014631503
436613020774.5486             -0.0267555
436613997835.4969             -0.010112369
436614974896.4452             0.006506672
436615951957.3935             0.008744462
436616929018.3418             -0.00014066645
436617906079.2901             -0.0058092033
436618883140.2384             0.012129883
436619860201.1867             0.008460605
436620837262.135              -0.02789897
436621814323.0833             -0.0025366123
436622791384.0316             0.018208215
436623768444.9799             0.0016701662
436624745505.9282             -0.0041896286
436625722566.8765             0.014611031
436626699627.8248             0.010338549
436627676688.77313            0.003649195
436628653749.72144            -0.013788743
436629630810.66974            -0.014774171
436630607871.61804            -0.0021013154
436631584932.56635            -0.008628925
436632561993.51465            -0.010296455
436633539054.46295            -0.010366909
436634516115.41125            0.0025203482
436635493176.35956            -0.008678583
436636470237.30786            0.00048218938
436637447298.25616            0.0006905119
436638424359.20447            0.0052841376
436639401420.1528             0.025435066
436640378481.1011             0.014071611
436641355542.0494             -0.0003347356
436642332602.9977             0.0052215247
436643309663.9459             0.004291034
436644286724.8942             0.011623292
436645263785.8425             0.003565739
436646240846.79083            0.004445272
436647217907.73914            -0.0009746275
436648194968.68744            -0.0059089237
436649172029.63574            -0.019199535
436650149090.58405            -0.021767523
436651126151.53235            -0.009629293
436652103212.48065            -0.001623331
436653080273.42896            -0.007964982
436654057334.37726            -0.019743513
436655034395.32556            -0.0139011
436656011456.27386            -0.0033338114
436656988517.22217            0.003899842
436657965578.1705             0.0010577156
436658942639.1188             0.0019917265
436659919700.0671             0.009962426
436660896761.0154             0.008194866
436661873821.9637             -0.004261109
436662850882.912              -0.0031581928
436663827943.8603             -0.012217595
436664805004.8086             0.006008407
436665782065.7569             0.0076907524
436666759126.7052             -0.008559639
436667736187.6535             -0.0037763487
436668713248.6018             0.008897281
436669690309.5501             0.0074765007
436670667370.4984             -0.012484311
436671644431.4467             -0.010126247
436672621492.395              -0.0036193267
436673598553.3433             -0.0011129254
436674575614.2916             -0.0019377246
436675552675.2399             -0.0023162302
436676529736.18823            0.0009106425
436677506797.13654            -0.008431593
436678483858.08484            0.00065066334
436679460919.03314            0.0048516025
436680437979.98145            0.0121842455
436681415040.92975            0.020782072
436682392101.87805            0.0030388064
436683369162.82635            0.020537214
436684346223.77466            0.007489779
436685323284.72296            -0.011939538
436686300345.67126            -0.0033984582
436687277406.61957            -0.0011568916
436688254467.5679             -0.0039609727
436689231528.5162             -0.013080637
436690208589.4645             -0.0106184175
436691185650.4128             0.008134344
436692162711.3611             0.0040145773
436693139772.3094             -0.0067931674
436694116833.2577             -0.007002367
436695093894.206              0.000102800666
436696070955.1543             -0.006244825
436697048016.1026             -0.013129156
436698025077.0509             -0.014398539
436699002137.9992             0.01018944
436699979198.9475             0.0061561945
436700956259.8958             -0.018014861
436701933320.8441             -0.0015491473
436702910381.7924             -0.0150591675
436703887442.7407             0.0022249455
436704864503.689              0.004413586
436705841564.6373             -0.008888044
436706818625.58563            -0.0118602635
436707795686.53394            -0.0073943045
436708772747.48224            -0.0063441754
436709749808.43054            0.013651593
436710726869.37885            0.005582318
436711703930.32715            0.01712079
436712680991.27545            0.018467199
436713658052.22375            0.004496116
436714635113.17206            0.0036154578
436715612174.12036            -0.004021182
436716589235.06866            -0.00011052398
436717566296.01697            0.008570567
436718543356.9653             0.009353731
436719520417.9136             0.012400956
436720497478.8619             -0.0038106139
436721474539.8102             0.014932
436722451600.7585             0.03395784
436723428661.7068             0.029149177
436724405722.6551             0.02139958
436725382783.6034             -0.002710288
436726359844.5517             -0.008688454
436727336905.5                -0.006552825
