926075631389.1                0.06102916
926076608517.4904             -0.17455573
926077585645.8806             0.018818656
926078562774.271              -0.11429968
926079539902.6614             -0.24947117
926080517031.0518             -0.012979449
926081494159.442              0.3216015
926082471287.8324             -0.24708828
926083448416.2228             -0.009344683
926084425544.613              0.29335114
926085402673.0034             0.1503692
926086379801.3938             -0.10855681
926087356929.7842             0.21335177
926088334058.1744             0.27711704
926089311186.5648             -0.32642546
926090288314.9552             -0.27322403
926091265443.3455             -0.15237075
926092242571.7358             0.19059984
926093219700.1262             0.11650697
926094196828.5166             0.16133338
926095173956.9069             -0.08921029
926096151085.2972             -0.30673924
926097128213.6876             -0.038922645
926098105342.0779             0.11841978
926099082470.4683             0.07323592
926100059598.8586             0.10822523
926101036727.249              -0.36239737
926102013855.6393             -0.12389651
926102990984.0297             0.10136488
926103968112.42               -0.08669628
926104945240.8104             -0.06307791
926105922369.2007             0.25005394
926106899497.5911             0.23667626
926107876625.9814             -0.2739138
926108853754.3717             0.04260977
926109830882.7621             -0.07267681
926110808011.1525             0.011165102
926111785139.5428             -0.26396418
926112762267.9331             -0.08526453
926113739396.3235             0.0017574412
926114716524.7139             -0.06911637
926115693653.1041             0.3873399
926116670781.4945             0.11839857
926117647909.8849             -0.21117336
926118625038.2753             -0.22631174
926119602166.6655             0.2797303
926120579295.0559             0.15398379
926121556423.4463             -0.14205602
926122533551.8365             -0.12396088
926123510680.2269             0.13282093
926124487808.6173             0.23777224
926125464937.0077             0.036339078
926126442065.398              0.2166032
926127419193.7883             0.13275927
926128396322.1787             0.13141857
926129373450.569              0.010035386
926130350578.9594             0.050742958
926131327707.3497             0.1630896
926132304835.7401             0.080621265
926133281964.1304             -0.031493116
926134259092.5208             0.098943956
926135236220.9111             -0.14612728
926136213349.3014             0.06937564
926137190477.6918             0.028002663
926138167606.0822             0.13175939
926139144734.4725             0.011016176
926140121862.8628             -0.13408186
926141098991.2532             -0.16282673
926142076119.6436             -0.08266575
926143053248.0338             -0.036457177
926144030376.4242             0.087407574
926145007504.8146             0.410384
926145984633.205              0.2924042
926146961761.5952             0.21745686
926147938889.9856             -0.1840031
926148916018.376              -0.34119457
926149893146.7662             -0.23800637
926150870275.1566             0.13692635
926151847403.547              -0.13730039
926152824531.9374             -0.28935727
926153801660.3276             -0.223596
926154778788.718              0.26125374
926155755917.1084             0.0099873375
926156733045.4987             -0.36055556
926157710173.889              -0.3215218
926158687302.2794             0.2617701
926159664430.6698             -0.04144595
926160641559.06               0.08876791
926161618687.4504             -0.116964474
926162595815.8408             -0.23394522
926163572944.2312             0.019146526
926164550072.6215             0.35026053
926165527201.0118             0.090543024
926166504329.4022             -0.27001137
926167481457.7925             -0.24301295
926168458586.1829             0.06269251
926169435714.5732             0.071582675
926170412842.9636             -0.008702506
926171389971.3539             0.12519222
926172367099.7443             0.16243036
926173344228.1346             0.021460703
926174321356.5249             -0.46840274
926175298484.9153             -0.19013642
926176275613.3057             0.007190296
926177252741.696              -0.081786364
926178229870.0863             0.2074017
926179206998.4767             0.0915304
926180184126.8671             0.11783944
926181161255.2573             0.16533329
926182138383.6477             -0.09696017
926183115512.0381             0.045720853
926184092640.4285             0.2666559
926185069768.8187             0.39224085
926186046897.2091             0.2752039
926187024025.5995             0.0754595
926188001153.9897             0.073864825
926188978282.3801             -0.14707473
926189955410.7705             0.17595805
926190932539.1609             0.27326158
926191909667.5511             0.13775854
926192886795.9415             0.5892355
926193863924.3319             0.13129023
926194841052.7222             -0.1254718
926195818181.1125             0.121661685
926196795309.5029             0.29734057
926197772437.8933             -0.05933354
926198749566.2836             0.006918872
926199726694.674              0.08984924
926200703823.0643             0.0997356
926201680951.4546             0.17027032
926202658079.845              0.29308495
926203635208.2354             0.046765998
926204612336.6257             0.0477549
926205589465.016              0.1398378
926206566593.4064             0.26025516
926207543721.7968             -0.10206054
926208520850.187              -0.19138876
926209497978.5774             -0.26186234
926210475106.9678             -0.06856151
926211452235.3582             0.3337474
926212429363.7484             0.094170034
926213406492.1388             -0.2867898
926214383620.5292             -0.21187161
926215360748.9194             -0.13294901
926216337877.3098             -0.25901157
926217315005.7002             -0.03984424
926218292134.0906             0.12686202
926219269262.4808             -0.24953495
926220246390.8712             0.10574802
926221223519.2616             -0.23343982
926222200647.652              0.22479525
926223177776.0422             -0.05417741
926224154904.4326             0.21804951
926225132032.823              -0.24412581
926226109161.2133             -0.14182036
926227086289.6036             0.18008058
926228063417.994              0.032910608
926229040546.3844             0.060775105
926230017674.7747             -0.061502192
926230994803.165              -0.14915523
926231971931.5554             -0.22617365
926232949059.9457             -0.18810631
926233926188.336              0.09201998
926234903316.7264             0.44112906
926235880445.1168             0.24968654
926236857573.5071             0.21275827
926237834701.8975             0.26025444
926238811830.2878             0.13832088
926239788958.6781             0.115966275
926240766087.0685             0.21439071
926241743215.4589             0.05019681
926242720343.8492             -0.29869008
926243697472.2395             -0.06226179
926244674600.6299             -0.2722077
926245651729.0203             0.020739924
926246628857.4105             -0.099061966
926247605985.8009             -0.08774647
926248583114.1913             0.32197532
926249560242.5817             -0.035937395
926250537370.9719             -0.29146737
926251514499.3623             -0.28120157
926252491627.7527             -0.15151772
926253468756.143              -0.01799047
926254445884.5333             -0.38938442
926255423012.9237             -0.16125964
926256400141.3141             -0.17222993
926257377269.7043             -0.3746658
926258354398.0947             0.016448224
926259331526.4851             0.28656372
926260308654.8754             -0.09535574
926261285783.2657             0.033396784
926262262911.6561             -0.1963205
926263240040.0465             -0.15625985
926264217168.4368             -0.018947095
926265194296.8271             -0.012744218
926266171425.2175             0.2624294
926267148553.6078             0.070497364
926268125681.9982             0.023748828
926269102810.3885             0.1413884
926270079938.7789             -0.07688484
926271057067.1692             -0.5015028
926272034195.5596             0.02936795
926273011323.95               -0.07596735
926273988452.3402             -0.035956077
926274965580.7306             -0.04027991
926275942709.121              0.19783469
926276919837.5114             0.35364336
926277896965.9016             0.09536846
926278874094.292              0.351306
926279851222.6824             -0.073444396
926280828351.0728             0.005778756
926281805479.463              0.39277738
926282782607.8534             0.17742139
926283759736.2438             -0.12152787
926284736864.634              -0.20925957
926285713993.0244             0.010993895
926286691121.4148             -0.14067875
926287668249.8052             -0.030062156
926288645378.1954             0.411567
926289622506.5858             0.3081333
926290599634.9762             0.039994154
926291576763.3665             0.009909895
926292553891.7568             0.21609592
926293531020.1472             0.019327043
926294508148.5376             -0.53426725
926295485276.9279             -0.21025124
926296462405.3182             0.14623271
926297439533.7086             0.31095245
926298416662.0989             0.18537164
926299393790.4893             -0.16458414
926300370918.8796             -0.12582839
926301348047.27               0.08429006
926302325175.6603             0.11360344
926303302304.0507             0.034443796
926304279432.441              0.017902786
926305256560.8313             0.023221154
926306233689.2217             -0.1769321
926307210817.612              -0.19672035
926308187946.0024             -0.23650709
926309165074.3927             -0.07606087
926310142202.7831             0.038960923
926311119331.1735             -0.16749868
926312096459.5637             0.15631938
926313073587.9541             -0.15531173
926314050716.3445             -0.054995537
926315027844.7349             0.0079283565
926316004973.1251             -0.11971736
926316982101.5155             -0.023461005
926317959229.9059             0.23623368
926318936358.2961             -0.019389303
926319913486.6865             -0.17533043
926320890615.0769             0.10907136
926321867743.4673             -0.13611524
926322844871.8575             0.08529252
926323822000.2479             -0.06252957
926324799128.6383             0.17245193
926325776257.0286             -0.031457227
926326753385.419              -0.13383633
926327730513.8093             0.05087795
926328707642.1997             0.35931072
926329684770.59               -0.30761376
926330661898.9803             -0.15224268
926331639027.3707             -0.4204756
926332616155.761              -0.3350269
926333593284.1514             0.32600364
926334570412.5417             0.30935314
926335547540.9321             0.34468633
926336524669.3224             -0.09408925
926337501797.7128             0.21042266
926338478926.1031             0.1409219
926339456054.4935             -0.21192345
926340433182.8838             -0.081540465
926341410311.2742             -0.022411488
926342387439.6646             -0.3096057
926343364568.0548             -0.0962298
926344341696.4452             0.036111817
926345318824.8356             -0.09302865
926346295953.226              -0.21334206
926347273081.6162             -0.34707952
926348250210.0066             -0.21743082
926349227338.397              0.15384206
926350204466.7872             0.5068132
926351181595.1776             0.11324318
926352158723.568              0.14442636
926353135851.9584             0.23565866
926354112980.3486             -0.014329767
926355090108.739              -0.24166067
926356067237.1294             0.1828251
926357044365.5197             0.0019771175
926358021493.91               -0.21516766
926358998622.3004             -0.1703968
926359975750.6908             0.2325144
926360952879.081              -0.3515257
926361930007.4714             -0.12518969
926362907135.8618             0.13370857
926363884264.2521             -0.16943103
926364861392.6425             -0.10951404
926365838521.0328             0.0275805
926366815649.4232             0.21815991
926367792777.8135             0.20892407
926368769906.2039             0.26914507
926369747034.5942             0.10220777
926370724162.9845             -0.31416762
926371701291.3749             -0.23220025
926372678419.7653             -0.27970222
926373655548.1556             -0.19773401
926374632676.5459             -0.13553454
926375609804.9363             -0.07581494
926376586933.3267             -0.22232056
926377564061.7169             0.28085318
926378541190.1073             0.11283649
926379518318.4977             0.028695473
926380495446.8881             -0.2355158
926381472575.2783             -0.608035
926382449703.6687             -0.41417158
926383426832.0591             0.26063034
926384403960.4493             0.049337387
926385381088.8397             -0.3767498
926386358217.2301             0.0059690652
926387335345.6205             -0.096488714
926388312474.0107             0.09184336
926389289602.4011             -0.1439729
926390266730.7915             0.16652633
926391243859.1818             0.32671008
926392220987.5721             -0.030813469
926393198115.9625             0.011555377
926394175244.3529             -0.17984836
926395152372.7432             0.47507232
926396129501.1335             0.12393367
926397106629.5239             0.3472821
926398083757.9143             0.14849776
926399060886.3046             0.0808498
926400038014.695              -0.055573285
926401015143.0853             0.23622808
926401992271.4756             0.12866148
926402969399.866              0.1943981
926403946528.2563             0.031414296
926404923656.6467             -0.18153612
926405900785.037              0.0514138
926406877913.4274             0.28738573
926407855041.8177             0.35789138
926408832170.208              0.22823036
926409809298.5984             0.06769733
926410786426.9888             0.4564468
926411763555.3792             -0.01642284
926412740683.7694             0.44561306
926413717812.1598             0.13923255
926414694940.5502             -0.086476214
926415672068.9404             0.01960372
926416649197.3308             -0.17440155
926417626325.7212             0.102836534
926418603454.1116             -0.081196666
926419580582.5018             0.31718078
926420557710.8922             0.14419939
926421534839.2826             0.31408617
926422511967.6729             -0.10239427
926423489096.0632             -0.078316905
926424466224.4536             0.039277487
926425443352.844              0.051064648
926426420481.2343             0.06923243
926427397609.6246             0.1218189
926428374738.015              0.47074983
926429351866.4053             0.19028816
926430328994.7957             0.1428524
926431306123.186              0.028121023
926432283251.5764             -0.12958378
926433260379.9667             0.20874164
926434237508.357              0.10752499
926435214636.7474             -0.1897484
926436191765.1377             0.07240976
926437168893.5281             0.27191526
926438146021.9185             0.24506022
926439123150.3088             0.12599656
926440100278.6991             -0.28376415
926441077407.0895             -0.47532362
926442054535.4799             -0.048938397
926443031663.8701             -0.10633131
926444008792.2605             0.018286753
926444985920.6509             0.11837769
926445963049.0413             0.13299334
926446940177.4315             0.17247598
926447917305.8219             0.16344881
926448894434.2123             -0.10921476
926449871562.6025             -0.3091438
926450848690.9929             -0.06599693
926451825819.3833             -0.061151646
926452802947.7737             0.40499654
926453780076.164              0.15130074
926454757204.5543             -0.27247593
926455734332.9447             0.12583926
926456711461.3351             0.095881656
926457688589.7253             -0.040800553
926458665718.1157             -0.0018505347
926459642846.5061             0.07560674
926460619974.8964             0.13268666
926461597103.2867             -0.05073191
926462574231.6771             0.05689526
926463551360.0675             0.4208238
926464528488.4578             0.3824774
926465505616.8481             0.27553433
926466482745.2385             -0.043456234
926467459873.6288             0.080981225
926468437002.0192             0.2239426
926469414130.4095             -0.025889749
926470391258.7999             0.193329
926471368387.1902             0.15254653
926472345515.5806             -0.06861982
926473322643.971              0.0854525
926474299772.3612             0.028039288
926475276900.7516             0.24458474
926476254029.142              0.2641383
926477231157.5323             -0.15158667
926478208285.9226             -0.15974146
926479185414.313              -0.0035077746
926480162542.7034             -0.017364098
926481139671.0936             -0.15889923
926482116799.484              -0.20060608
926483093927.8744             -0.16353053
926484071056.2648             0.041906614
926485048184.655              -0.089349024
926486025313.0454             -0.2871389
926487002441.4358             -0.19383834
926487979569.826              0.08917497
926488956698.2164             -0.09380206
926489933826.6068             -0.12851615
926490910954.9972             -0.31233382
926491888083.3875             0.13164568
926492865211.7778             0.22275963
926493842340.1682             -0.16688316
926494819468.5585             -0.24389702
926495796596.9489             -0.11273057
926496773725.3392             -0.08438643
926497750853.7296             -0.029409556
926498727982.1199             -0.097922504
926499705110.5103             -0.051210765
926500682238.9006             0.12653299
926501659367.2909             0.15733539
926502636495.6813             -0.047909357
926503613624.0717             0.006977261
926504590752.462              -0.09628472
926505567880.8523             -0.24529408
926506545009.2427             0.0007767438
926507522137.633              0.12321487
926508499266.0233             0.30107698
926509476394.4137             0.04739143
926510453522.8041             -0.19916272
926511430651.1945             0.04462099
926512407779.5847             0.15330347
926513384907.9751             0.17220688
926514362036.3655             -0.0896447
926515339164.7559             -0.055302583
926516316293.1461             0.006340726
926517293421.5365             -0.045539122
926518270549.9269             0.13222814
926519247678.3171             0.09874023
926520224806.7075             0.19330846
926521201935.0979             0.028124832
926522179063.4883             -0.20596303
926523156191.8785             -0.043410063
926524133320.2689             -0.04760553
926525110448.6593             0.22925985
926526087577.0496             0.22950923
926527064705.44               -0.01865609
926528041833.8303             -0.18048821
926529018962.2207             -0.12231072
926529996090.611              0.017711215
926530973219.0013             0.11836364
926531950347.3917             0.017973596
926532927475.782              0.15281737
926533904604.1724             -0.12676947
926534881732.5627             0.041041285
926535858860.9531             -0.010649055
926536835989.3434             0.057057884
926537813117.7338             0.039590314
926538790246.1241             0.10540984
926539767374.5144             0.25639153
926540744502.9048             -0.014306173
926541721631.2952             -0.060559683
926542698759.6855             -0.11250783
926543675888.0758             0.12926438
926544653016.4662             0.048224963
926545630144.8566             -0.11978146
926546607273.2468             -0.25772095
926547584401.6372             -0.17912696
926548561530.0276             -0.081463255
926549538658.418              0.2743714
926550515786.8082             0.25205013
926551492915.1986             -0.08552741
926552470043.589              0.06792161
926553447171.9792             0.09714843
926554424300.3696             0.07150921
926555401428.76               0.22455771
926556378557.1504             -0.110878326
926557355685.5406             -0.29186547
926558332813.931              0.04355762
926559309942.3214             -0.028073361
926560287070.7117             0.06254235
926561264199.102              -0.2613434
926562241327.4924             -0.27778435
926563218455.8828             -0.2749793
926564195584.2731             -0.16190444
926565172712.6635             -0.1543731
926566149841.0538             -0.09153438
926567126969.4441             -0.23473014
926568104097.8345             0.009923259
926569081226.2249             0.38134155
926570058354.6152             0.27752048
926571035483.0055             0.21019073
926572012611.3959             0.08609634
926572989739.7863             0.11694662
926573966868.1766             0.061925534
926574943996.5669             0.309417
926575921124.9573             0.07582523
926576898253.3477             -0.051840942
926577875381.7379             -0.30962348
926578852510.1283             -0.08316417
926579829638.5187             0.10879642
926580806766.909              0.11541731
926581783895.2993             0.2637413
926582761023.6897             -0.082160376
926583738152.0801             -0.041354775
926584715280.4703             0.022379693
926585692408.8607             -0.012607979
926586669537.2511             -0.19422229
926587646665.6415             0.17799155
926588623794.0317             -0.016000919
926589600922.4221             0.07166719
926590578050.8125             0.0034101033
926591555179.2028             0.18903278
926592532307.5931             0.018823279
926593509435.9835             0.118697286
926594486564.3739             0.16490048
926595463692.7642             -0.105222404
926596440821.1545             0.23089798
926597417949.5449             -0.04689834
926598395077.9352             0.08818944
926599372206.3256             -0.07206524
926600349334.716              -0.28751123
926601326463.1063             0.04748121
926602303591.4966             0.020980092
926603280719.887              -0.01861469
926604257848.2773             -0.037701312
926605234976.6676             -0.18177414
926606212105.058              0.12918901
926607189233.4484             0.019285396
926608166361.8387             -0.12849267
926609143490.229              -0.1353109
926610120618.6194             -0.0009885262
926611097747.0098             0.20356266
926612074875.4                0.27359068
926613052003.7904             0.41838408
926614029132.1808             0.61064804
926615006260.5712             0.32617906
926615983388.9614             -0.23911256
926616960517.3518             -0.2416055
926617937645.7422             0.11033479
926618914774.1324             -0.18175723
926619891902.5228             -0.04574997
926620869030.9132             0.054299533
926621846159.3036             -0.00039793536
926622823287.6938             0.09526896
926623800416.0842             -0.03714466
926624777544.4746             0.08236678
926625754672.8649             0.12982588
926626731801.2552             0.042493884
926627708929.6456             0.08119064
926628686058.036              0.09563573
926629663186.4263             0.30877277
926630640314.8167             0.25869852
926631617443.207              -0.23788078
926632594571.5974             0.23640306
926633571699.9877             0.2017008
926634548828.378              0.07279977
926635525956.7684             0.15623938
926636503085.1587             -0.11655928
926637480213.5491             0.09383517
926638457341.9395             0.04663705
926639434470.3298             -0.024498034
926640411598.7201             -0.08909223
926641388727.1105             0.03200027
926642365855.5009             -0.27886432
926643342983.8911             -0.27104887
926644320112.2815             -0.08578054
926645297240.6719             -0.12166083
926646274369.0623             -0.1356649
926647251497.4525             -0.097557575
926648228625.8429             -0.09604794
926649205754.2333             0.2748423
926650182882.6235             -0.15147611
926651160011.0139             0.105058774
926652137139.4043             -0.0826338
926653114267.7947             0.006875495
926654091396.1849             0.060287107
926655068524.5753             -0.16122258
926656045652.9657             -0.0057199476
926657022781.356              0.07404342
926657999909.7463             0.34975395
926658977038.1367             -0.009506809
926659954166.5271             0.023025934
926660931294.9174             0.1728757
926661908423.3077             -0.15338531
926662885551.6981             -0.14494468
926663862680.0884             0.033444222
926664839808.4788             -0.13052133
926665816936.8691             -0.04766007
926666794065.2595             -0.06859144
926667771193.6498             -0.35144857
926668748322.0402             -0.32339126
926669725450.4305             0.12049385
926670702578.8208             -0.21963385
926671679707.2112             -0.19007927
926672656835.6016             -0.033719175
926673633963.992              -0.27758804
926674611092.3822             -0.26780453
926675588220.7726             -0.18523543
926676565349.163              -0.04135543
926677542477.5532             0.029595088
926678519605.9436             0.030168468
926679496734.334              -0.15094405
926680473862.7244             -0.11671329
926681450991.1146             0.045049362
926682428119.505              -0.29218838
926683405247.8954             -0.11035121
926684382376.2856             0.14764026
926685359504.676              0.15975302
926686336633.0664             0.17976083
926687313761.4568             -0.060310245
926688290889.847              -0.054046318
926689268018.2374             0.009244372
926690245146.6278             0.18393648
926691222275.0182             0.119259484
926692199403.4084             -0.044099633
926693176531.7988             -0.15088224
926694153660.1892             -0.24192597
926695130788.5795             -0.11365369
926696107916.9698             -0.20967223
926697085045.3602             -0.22038233
926698062173.7506             -0.06723058
926699039302.1409             0.14846098
926700016430.5312             0.18934785
926700993558.9216             0.13422354
926701970687.3119             -0.0070782867
926702947815.7023             -0.14150713
926703924944.0927             0.19864729
926704902072.483              0.005850319
926705879200.8733             -0.04143349
926706856329.2637             -0.10459619
926707833457.654              -0.29750362
926708810586.0443             -0.19176541
926709787714.4347             0.31421524
926710764842.8251             0.16643797
926711741971.2155             -0.059302196
926712719099.6057             -0.1605133
926713696227.9961             0.0038904848
926714673356.3865             0.16722363
926715650484.7767             0.16470692
926716627613.1671             0.38994858
926717604741.5575             -0.09144223
926718581869.9479             -0.26928824
926719558998.3381             0.23992398
926720536126.7285             0.09371413
926721513255.1189             0.103722356
926722490383.5092             0.0024817423
926723467511.8995             -0.09441789
926724444640.2899             0.04452791
926725421768.6803             0.013025756
926726398897.0706             0.27355254
926727376025.4609             -0.06354391
926728353153.8513             -0.0011590783
926729330282.2416             -0.024153814
926730307410.632              -0.16345043
926731284539.0223             -0.394018
926732261667.4127             -0.30336106
926733238795.803              0.26471692
926734215924.1934             0.26492983
926735193052.5837             0.10192117
926736170180.974              0.01881322
926737147309.3644             -0.12368954
926738124437.7548             -0.049355473
926739101566.1451             -0.14037485
926740078694.5354             0.16801533
926741055822.9258             -0.0045652855
926742032951.3162             -0.11213245
926743010079.7064             -0.20364463
926743987208.0968             0.3620505
926744964336.4872             0.08226799
926745941464.8776             0.016749747
926746918593.2678             0.13694221
926747895721.6582             0.16982538
926748872850.0486             0.25840315
926749849978.439              0.037843805
926750827106.8292             -0.059841715
926751804235.2196             0.0021108452
926752781363.61               0.034224004
926753758492.0002             0.17186251
926754735620.3906             0.2546172
926755712748.781              -0.105370745
926756689877.1714             -0.2071397
926757667005.5616             0.10141877
926758644133.952              -0.26716924
926759621262.3424             0.1939083
926760598390.7327             0.25194523
926761575519.123              0.053347
926762552647.5134             0.22163472
926763529775.9038             0.1278774
926764506904.2941             0.03956485
926765484032.6844             -0.14604563
926766461161.0748             -0.15245917
926767438289.4651             -0.2901213
926768415417.8555             -0.18978079
926769392546.2458             0.02367911
926770369674.6362             0.11889658
926771346803.0265             0.26861602
926772323931.4169             0.003673859
926773301059.8073             -0.29882216
926774278188.1975             -0.12801951
926775255316.5879             -0.26527876
926776232444.9783             0.071039
926777209573.3687             -0.10950272
926778186701.7589             -0.08209838
926779163830.1493             -0.11948503
926780140958.5397             -0.0036633434
926781118086.9299             -0.15066542
926782095215.3203             -0.47547227
926783072343.7107             -0.173336
926784049472.1011             0.16550508
926785026600.4913             0.037829597
926786003728.8817             0.108875625
926786980857.2721             0.2136114
926787957985.6624             0.25704825
926788935114.0527             0.09820079
926789912242.4431             -0.25363693
926790889370.8335             0.10730584
926791866499.2238             0.1455188
926792843627.6141             0.099780336
926793820756.0045             -0.064141236
926794797884.3948             0.15256965
926795775012.7852             0.024982952
926796752141.1755             -0.022717219
926797729269.5659             -0.038213942
926798706397.9562             0.15754619
926799683526.3466             0.01605111
926800660654.7369             -0.05811698
926801637783.1272             0.08215585
926802614911.5176             -0.13940018
926803592039.908              -0.24176846
926804569168.2983             -0.04288407
926805546296.6886             0.008045886
926806523425.079              -0.06313653
926807500553.4694             -0.048337985
926808477681.8597             0.038810726
926809454810.25               0.1018946
926810431938.6404             0.2590247
926811409067.0308             0.066500954
926812386195.421              0.13111345
926813363323.8114             0.074308015
926814340452.2018             -0.040062696
926815317580.5922             0.13575044
926816294708.9824             0.118353456
926817271837.3728             -0.11615843
926818248965.7632             -0.31106928
926819226094.1534             -0.22191206
926820203222.5438             0.011769163
926821180350.9342             -0.14575465
926822157479.3246             0.1284309
926823134607.7148             0.09297522
926824111736.1052             0.06703124
926825088864.4956             -0.15968142
926826065992.8859             -0.10451756
926827043121.2762             0.013949534
926828020249.6666             0.005053924
926828997378.057              0.118800126
926829974506.4473             -0.07904371
926830951634.8376             0.013957485
926831928763.228              -0.19556619
926832905891.6183             0.1173649
926833883020.0087             -0.010206914
926834860148.399              -0.12695181
926835837276.7894             -0.16671728
926836814405.1797             -0.24524385
926837791533.5701             -0.011104898
926838768661.9604             -0.09255505
926839745790.3507             0.036235955
926840722918.7411             0.14267533
926841700047.1315             -0.04300662
926842677175.5219             -0.2797083
926843654303.9121             -0.105983466
926844631432.3025             0.091313265
926845608560.6929             -0.065381624
926846585689.0831             -0.11108324
926847562817.4735             0.10099458
926848539945.8639             0.029551256
926849517074.2543             -0.05380175
926850494202.6445             -0.069397025
926851471331.0349             -0.23249376
926852448459.4253             0.08297496
926853425587.8156             -0.24424852
926854402716.2059             0.11033958
926855379844.5963             -0.07371446
926856356972.9867             -0.29873362
926857334101.377              -0.2705354
926858311229.7673             0.17606369
926859288358.1577             0.07732915
926860265486.548              -0.120842114
926861242614.9384             0.1050482
926862219743.3287             0.026213884
926863196871.7191             -0.05068543
926864174000.1094             -0.1666277
926865151128.4998             -0.12785175
926866128256.8901             -0.1634888
926867105385.2805             -0.168826
926868082513.6708             -0.02251421
926869059642.0612             -0.06610862
926870036770.4515             0.24818817
926871013898.8418             0.072733454
926871991027.2322             0.0016661125
926872968155.6226             0.1735183
926873945284.013              0.040544614
926874922412.4032             0.09306485
926875899540.7936             -0.06474473
926876876669.184              0.08421165
926877853797.5742             -0.192536
926878830925.9646             0.10981473
926879808054.355              -0.28386614
926880785182.7454             0.109851785
926881762311.1356             0.0464071
926882739439.526              -0.09250858
926883716567.9164             0.18932283
926884693696.3066             -0.10618239
926885670824.697              0.09742807
926886647953.0874             0.26343393
926887625081.4778             0.2481466
926888602209.868              0.09106003
926889579338.2584             -0.013140661
926890556466.6488             -0.023532145
926891533595.0391             0.15778583
926892510723.4294             0.105833344
926893487851.8198             0.24691065
926894464980.2102             0.13947767
926895442108.6005             -0.11116113
926896419236.9908             0.047371197
926897396365.3812             -0.0011027073
926898373493.7715             0.14723273
926899350622.1619             -0.21975079
926900327750.5522             -0.040886097
926901304878.9426             -0.05467889
926902282007.3329             0.13444239
926903259135.7233             -0.053294312
926904236264.1136             0.04370054
926905213392.5039             0.007825695
926906190520.8943             0.34630197
926907167649.2847             0.012419456
926908144777.675              -0.025170209
926909121906.0653             0.3498357
926910099034.4557             0.1450784
926911076162.8461             0.19698317
926912053291.2363             0.31216696
926913030419.6267             0.12741606
926914007548.0171             -0.17359707
926914984676.4075             0.09717551
926915961804.7977             0.11949086
926916938933.1881             0.15301208
926917916061.5785             0.19287902
926918893189.9688             0.010099482
926919870318.3591             0.015734259
926920847446.7495             -0.37034413
926921824575.1399             -0.19002976
926922801703.5302             0.03751217
926923778831.9205             0.021097744
926924755960.3109             0.07080019
926925733088.7013             0.0053386926
926926710217.0916             -0.08277779
926927687345.4819             -0.026264476
926928664473.8723             0.07632441
926929641602.2626             0.07284811
926930618730.653              -0.027766604
926931595859.0433             0.0046218266
926932572987.4337             -0.23278953
926933550115.824              -0.0429842
926934527244.2144             0.12891646
926935504372.6047             0.1135881
926936481500.995              0.06042916
926937458629.3854             0.18916103
926938435757.7758             -0.0084707225
926939412886.1661             0.044611562
926940390014.5564             0.19074062
926941367142.9468             -0.16013902
926942344271.3372             -0.09291569
926943321399.7274             0.096302815
926944298528.1178             0.16383149
926945275656.5082             0.09605037
926946252784.8986             -0.41648525
926947229913.2888             -0.26288474
926948207041.6792             -0.108413674
926949184170.0696             -0.30565915
926950161298.4598             0.1440247
926951138426.8502             0.3386091
926952115555.2406             0.11674429
926953092683.631              -0.2711032
926954069812.0212             -0.023687666
926955046940.4116             0.09623587
926956024068.802              -0.3335387
926957001197.1923             -0.10101435
926957978325.5826             -0.20480672
926958955453.973              -0.24784683
926959932582.3634             -0.1386617
926960909710.7537             0.07867856
926961886839.144              0.1937765
926962863967.5344             0.084283486
926963841095.9247             -0.009735073
926964818224.3151             -0.039718352
926965795352.7054             0.043021273
926966772481.0958             0.38296735
926967749609.4861             0.1370462
926968726737.8765             0.042410973
926969703866.2668             0.078271054
926970680994.6571             -0.5050366
926971658123.0475             -0.35263336
926972635251.4379             0.14168295
926973612379.8282             0.006702394
926974589508.2185             -0.15266678
926975566636.6089             0.15961455
926976543764.9993             0.17122982
926977520893.3896             0.2874454
926978498021.7799             0.18792881
926979475150.1703             0.08123779
926980452278.5607             -0.0018066113
926981429406.9509             -0.045740694
926982406535.3413             0.23815696
926983383663.7317             -0.0075522712
926984360792.1221             0.43609035
926985337920.5123             0.20526513
926986315048.9027             0.2102731
926987292177.2931             0.04547024
926988269305.6833             -0.07559881
926989246434.0737             -0.32023856
926990223562.4641             -0.25351816
926991200690.8545             -0.06348938
926992177819.2448             0.09346793
926993154947.6351             0.052758783
926994132076.0255             0.10317281
926995109204.4158             -0.19552803
926996086332.8062             -0.1641173
926997063461.1965             -0.40873668
926998040589.5869             -0.020236643
926999017717.9772             0.14140853
926999994846.3676             0.2744488
927000971974.7579             -0.22467452
927001949103.1482             -0.016080331
927002926231.5386             -0.05138982
927003903359.929              0.02116613
927004880488.3193             -0.073777914
927005857616.7096             -0.19376303
927006834745.1                0.030085351
927007811873.4904             0.12185278
927008789001.8806             -0.09327116
927009766130.271              -0.08617182
927010743258.6614             -0.016355976
927011720387.0518             -0.24418746
927012697515.442              -0.26104152
927013674643.8324             -0.066681616
927014651772.2228             0.107261255
927015628900.613              0.10747561
927016606029.0034             0.050769195
927017583157.3938             -0.1601484
927018560285.7842             -0.13639067
927019537414.1744             -0.086981624
927020514542.5648             0.2205042
927021491670.9552             0.003652598
927022468799.3455             -0.12499398
927023445927.7358             -0.09289097
927024423056.1262             -0.06870997
927025400184.5166             -0.08224184
927026377312.9069             0.1541691
927027354441.2972             0.08873802
927028331569.6876             -0.16442297
927029308698.0779             -0.13480988
927030285826.4683             -0.086022876
927031262954.8586             0.2317835
927032240083.249              -0.090980686
927033217211.6393             -0.12121254
927034194340.0297             0.27345526
927035171468.42               0.17193997
927036148596.8104             0.008239365
927037125725.2007             0.06605791
927038102853.5911             -0.23764773
927039079981.9814             -0.2798812
927040057110.3717             -0.36687258
927041034238.7621             -0.015468672
927042011367.1525             -0.088474534
927042988495.5428             0.083806045
927043965623.9331             0.17664482
927044942752.3235             0.26324123
927045919880.7139             0.25635773
927046897009.1041             0.009656761
927047874137.4945             -0.12657376
927048851265.8849             -0.19791405
927049828394.2753             -0.23919389
927050805522.6655             -0.0110505065
927051782651.0559             0.030774534
927052759779.4463             -0.02735553
927053736907.8365             -0.005322934
927054714036.2269             0.11552335
927055691164.6173             -0.10532564
927056668293.0077             -0.31741184
927057645421.398              -0.021354157
927058622549.7883             0.37573707
927059599678.1787             0.0218565
927060576806.569              0.26919785
927061553934.9594             -0.049603958
927062531063.3497             0.04959421
927063508191.7401             0.10617096
927064485320.1304             0.08022169
927065462448.5208             0.047102135
927066439576.9111             0.14967938
927067416705.3014             0.00374424
927068393833.6918             0.012887052
927069370962.0822             -0.10191332
927070348090.4725             -0.165124
927071325218.8628             -0.104449674
927072302347.2532             0.23325276
927073279475.6436             0.0629418
927074256604.0338             0.14029671
927075233732.4242             -0.18309858
927076210860.8146             -0.1019166
927077187989.205              -0.056488182
927078165117.5952             0.34762996
927079142245.9856             0.24491727
927080119374.376              0.061267365
927081096502.7662             0.2827021
927082073631.1566             0.38412166
927083050759.547              -0.0922335
927084027887.9374             0.043928754
927085005016.3276             0.08105121
927085982144.718              -0.05525454
927086959273.1084             -0.028780159
927087936401.4987             0.09941872
927088913529.889              0.016159484
927089890658.2794             0.080170475
927090867786.6698             0.06351501
927091844915.06               0.0021011063
927092822043.4504             -0.39659142
927093799171.8408             -0.22303522
927094776300.2312             -0.2284843
927095753428.6215             0.14016566
927096730557.0118             0.05972882
927097707685.4022             -0.35631213
927098684813.7925             -0.13444366
927099661942.1829             -0.0015132912
927100639070.5732             -0.10700048
927101616198.9636             0.3231435
927102593327.3539             0.4196841
927103570455.7443             -0.037429217
927104547584.1346             -0.06537595
927105524712.5249             0.08764053
927106501840.9153             -0.0097887395
927107478969.3057             -0.0027297873
927108456097.696              -0.14924096
927109433226.0863             0.18715584
927110410354.4767             -0.09883027
927111387482.8671             -0.13290806
927112364611.2573             0.12090622
927113341739.6477             0.123140894
927114318868.0381             0.3312867
927115295996.4285             -0.11255238
927116273124.8187             -0.14966688
927117250253.2091             -0.08921886
927118227381.5995             -0.037473958
927119204509.9897             -0.15730411
927120181638.3801             -0.07030999
927121158766.7705             -0.0960115
927122135895.1609             0.033080813
927123113023.5511             -0.15208529
927124090151.9415             -0.15654883
927125067280.3319             -0.025322214
927126044408.7222             0.04861368
927127021537.1125             0.18122706
927127998665.5029             0.15339641
927128975793.8933             -0.13931529
927129952922.2836             -0.30998158
927130930050.674              -0.22721688
927131907179.0643             -0.18948723
927132884307.4546             0.04348504
927133861435.845              0.076080985
927134838564.2354             0.07730378
927135815692.6257             0.16874185
927136792821.016              0.118195236
927137769949.4064             -0.09776671
927138747077.7968             -0.16482054
927139724206.187              0.11128898
927140701334.5774             -0.011308521
927141678462.9678             -0.09298393
927142655591.3582             0.118587345
927143632719.7484             0.008864373
927144609848.1388             -0.022087194
927145586976.5292             0.17278664
927146564104.9194             0.012883694
927147541233.3098             0.012742433
927148518361.7002             0.023507973
927149495490.0906             -0.13165247
927150472618.4808             -0.035887074
927151449746.8712             0.27148235
927152426875.2616             0.087095916
927153404003.652              -0.010493508
927154381132.0422             0.020175584
927155358260.4326             -0.03746402
927156335388.823              -0.11175009
927157312517.2133             -0.14695017
927158289645.6036             -0.027890362
927159266773.994              0.057700437
927160243902.3844             -0.3586585
927161221030.7747             -0.10085888
927162198159.165              0.045561347
927163175287.5554             0.052087963
927164152415.9457             0.091471076
927165129544.336              0.005536406
927166106672.7264             -0.046298712
927167083801.1168             -0.053424314
927168060929.5071             -0.16596624
927169038057.8975             -0.044790976
927170015186.2878             0.13618134
927170992314.6781             0.13164958
927171969443.0685             -0.06027549
927172946571.4589             0.014607637
927173923699.8492             -0.1246649
927174900828.2395             0.03662409
927175877956.6299             0.17334631
927176855085.0203             0.08640933
927177832213.4105             -0.2679825
927178809341.8009             -0.14946575
927179786470.1913             0.028557187
927180763598.5817             0.017234584
927181740726.9719             0.27339637
927182717855.3623             -0.23797913
927183694983.7527             0.20787306
927184672112.143              0.3033874
927185649240.5333             0.074169375
927186626368.9237             -0.034857992
927187603497.3141             0.25886905
927188580625.7043             -0.038148858
927189557754.0947             0.11058971
927190534882.4851             0.05715905
927191512010.8754             -0.1397987
927192489139.2657             -0.020895522
927193466267.6561             0.0394695
927194443396.0465             0.14190342
927195420524.4368             0.30219448
927196397652.8271             0.040759195
927197374781.2175             -0.2599697
927198351909.6078             -0.1892834
927199329037.9982             0.28083453
927200306166.3885             0.29996082
927201283294.7789             0.42246336
927202260423.1692             0.17788176
927203237551.5596             0.010484392
927204214679.95               -0.111338556
927205191808.3402             -0.20116551
927206168936.7306             -0.31220242
927207146065.121              -0.07434827
927208123193.5114             0.14640167
927209100321.9016             -0.008971383
927210077450.292              0.21129702
927211054578.6824             0.11459167
927212031707.0728             -0.16654618
927213008835.463              0.14730598
927213985963.8534             0.17378844
927214963092.2438             0.11582364
927215940220.634              0.07494742
927216917349.0244             -0.16852663
927217894477.4148             0.15608425
927218871605.8052             -0.015351034
927219848734.1954             -0.09914949
927220825862.5858             -0.07444333
927221802990.9762             -0.28235376
927222780119.3665             -0.054964673
927223757247.7568             -0.051363803
927224734376.1472             0.016385667
927225711504.5376             -0.032245275
927226688632.9279             -0.026651919
927227665761.3182             -0.06981214
927228642889.7086             -0.059659347
927229620018.0989             -0.1406273
927230597146.4893             -0.41466224
927231574274.8796             -0.23529597
927232551403.27               0.08698797
927233528531.6603             0.041661263
927234505660.0507             0.09417145
927235482788.441              0.20677276
927236459916.8313             -0.15964404
927237437045.2217             -0.22012077
927238414173.612              -0.053709246
927239391302.0024             0.07047556
927240368430.3927             -0.07486017
927241345558.7831             -0.09753998
927242322687.1735             -0.002192619
927243299815.5637             -0.1457981
927244276943.9541             -0.09410198
927245254072.3445             0.23437966
927246231200.7349             -0.2603824
927247208329.1251             -0.31944856
927248185457.5155             -0.07795694
927249162585.9059             -0.24682547
927250139714.2961             -0.32392213
927251116842.6865             -0.2649686
927252093971.0769             0.07623892
927253071099.4673             0.25013244
927254048227.8575             0.016978618
927255025356.2479             0.047268998
927256002484.6383             -0.1264329
927256979613.0286             0.25678492
927257956741.419              0.13816206
927258933869.8093             -0.21699786
927259910998.1997             -0.2234001
927260888126.59               -0.034430243
927261865254.9803             0.03486152
927262842383.3707             -0.028030844
927263819511.761              0.17581393
927264796640.1514             0.13959733
927265773768.5417             0.02791905
927266750896.9321             -0.09046687
927267728025.3224             -0.06101984
927268705153.7128             0.03680194
927269682282.1031             -0.18167344
927270659410.4935             -0.04314671
927271636538.8838             -0.010063353
927272613667.2742             -0.09276475
927273590795.6646             -0.014537442
927274567924.0548             -0.11788195
927275545052.4452             -0.30475855
927276522180.8356             0.040743742
927277499309.226              -0.07262853
927278476437.6162             -0.11183263
927279453566.0066             -0.12468923
927280430694.397              0.01943181
927281407822.7872             -0.01643515
927282384951.1776             0.07164117
927283362079.568              0.10977254
927284339207.9584             0.08477096
927285316336.3486             0.2287011
927286293464.739              0.0364749
927287270593.1294             0.037665144
927288247721.5197             -0.07780164
927289224849.91               0.06997745
927290201978.3004             0.007823873
927291179106.6908             -0.086897045
927292156235.081              0.071399815
927293133363.4714             -0.44300994
927294110491.8618             -0.056982346
927295087620.2521             -0.1640374
927296064748.6425             -0.24697691
927297041877.0328             -0.36017397
927298019005.4232             -0.18857294
927298996133.8135             -0.028316107
927299973262.2039             0.013147185
927300950390.5942             0.09458322
927301927518.9845             0.122584775
927302904647.3749             -0.2975924
927303881775.7653             -0.05028044
927304858904.1556             0.064256646
927305836032.5459             -0.0018260133
927306813160.9363             -0.17430204
927307790289.3267             0.017964885
927308767417.7169             -0.087155886
927309744546.1073             0.10295458
927310721674.4977             0.13857266
927311698802.8881             -0.148762
927312675931.2783             -0.0133412415
927313653059.6687             0.09128875
927314630188.0591             -0.044465054
927315607316.4493             -0.038347002
927316584444.8397             -0.0039730053
927317561573.2301             -0.13926342
927318538701.6205             -0.17590547
927319515830.0107             0.05258405
927320492958.4011             -0.19603346
927321470086.7915             -0.20550063
927322447215.1818             -0.071599856
927323424343.5721             0.17562445
927324401471.9625             0.14004108
927325378600.3529             0.057456426
927326355728.7432             -0.1030955
927327332857.1335             -0.104967766
927328309985.5239             -0.121536754
927329287113.9143             -0.15346357
927330264242.3046             0.06634688
927331241370.695              0.23089556
927332218499.0853             0.28591904
927333195627.4756             0.14521508
927334172755.866              -0.0012817563
927335149884.2563             0.038478397
927336127012.6467             0.063160956
927337104141.037              -0.00075291796
927338081269.4274             -0.009130354
927339058397.8177             0.11159711
927340035526.208              0.061539263
927341012654.5984             -0.013890616
927341989782.9888             0.2774363
927342966911.3792             0.060205977
927343944039.7694             0.059594184
927344921168.1598             -0.4869876
927345898296.5502             -0.21860377
927346875424.9404             0.20209157
927347852553.3308             0.023011997
927348829681.7212             -0.24160616
927349806810.1116             -0.15671016
927350783938.5018             -0.17015071
927351761066.8922             -0.02502972
927352738195.2826             -0.19091046
927353715323.6729             -0.32402936
927354692452.0632             -0.054724447
927355669580.4536             0.21892087
927356646708.844              0.27921328
927357623837.2343             0.27971515
927358600965.6246             0.14160164
927359578094.015              0.114181936
927360555222.4053             -0.15080382
927361532350.7957             -0.07872551
927362509479.186              0.36560032
927363486607.5764             0.24096854
927364463735.9667             0.06366037
927365440864.357              0.042711515
927366417992.7474             -0.13757622
927367395121.1377             0.08064011
927368372249.5281             0.1337361
927369349377.9185             -0.22070374
927370326506.3088             -0.25638783
927371303634.6991             -0.008167163
927372280763.0895             -0.09155142
927373257891.4799             -0.08993612
927374235019.8701             -0.17595251
927375212148.2605             -0.12958242
927376189276.6509             -0.05967911
927377166405.0413             -0.046790708
927378143533.4315             0.07972239
927379120661.8219             0.041716535
927380097790.2123             -0.05786604
927381074918.6025             0.039618205
927382052046.9929             0.061608136
927383029175.3833             0.1128834
927384006303.7737             0.09094768
927384983432.164              -0.07823166
927385960560.5543             0.06333985
927386937688.9447             -0.07202225
927387914817.3351             -0.06537322
927388891945.7253             -0.1474036
927389869074.1157             -0.07350001
927390846202.5061             -0.11702042
927391823330.8964             -0.08668053
927392800459.2867             0.28215864
927393777587.6771             0.24012828
927394754716.0675             0.14690366
927395731844.4578             0.015784804
927396708972.8481             -0.08326493
927397686101.2385             -0.066242605
927398663229.6288             -0.20234619
927399640358.0192             -0.12658711
927400617486.4095             -0.31464115
927401594614.7999             -0.37773958
927402571743.1902             -0.19197918
927403548871.5806             -0.30163297
927404525999.971              -0.19003521
927405503128.3612             -0.044212382
927406480256.7516             -0.26713425
927407457385.142              -0.21816409
927408434513.5323             -0.044354215
927409411641.9226             0.08416106
927410388770.313              -0.014815361
927411365898.7034             -0.12535983
927412343027.0936             -0.09523403
927413320155.484              0.02075076
927414297283.8744             -0.10777171
927415274412.2648             0.023074998
927416251540.655              0.12183824
927417228669.0454             -0.25435865
927418205797.4358             -0.19618234
927419182925.826              -0.0134888515
927420160054.2164             -0.1077756
927421137182.6068             -0.07759315
927422114310.9972             0.020319616
927423091439.3875             0.1414659
927424068567.7778             0.120231956
927425045696.1682             0.22173963
927426022824.5585             0.085817635
927426999952.9489             -0.031497523
927427977081.3392             -0.2917022
927428954209.7296             -0.13820398
927429931338.1199             0.1907451
927430908466.5103             -0.053185668
927431885594.9006             -0.03484993
927432862723.2909             -0.34314653
927433839851.6813             -0.021319687
927434816980.0717             0.22055395
927435794108.462              0.16823381
927436771236.8523             0.12806688
927437748365.2427             0.03738765
927438725493.633              0.18650937
927439702622.0233             0.14226338
927440679750.4137             -0.241431
927441656878.8041             0.06799704
927442634007.1945             0.23172912
927443611135.5847             -0.098439775
927444588263.9751             0.15844023
927445565392.3655             0.16472562
927446542520.7559             0.027609637
927447519649.1461             0.15979764
927448496777.5365             0.15065646
927449473905.9269             -0.10161116
927450451034.3171             0.05136782
927451428162.7075             -0.1466101
927452405291.0979             -0.102590114
927453382419.4883             -0.44839624
927454359547.8785             -0.31353948
927455336676.2689             0.0074456837
927456313804.6593             0.010280053
927457290933.0496             -0.25414163
927458268061.44               -0.3474967
927459245189.8303             -0.18364722
927460222318.2207             0.1354011
927461199446.611              0.00684093
927462176575.0013             -0.047119353
927463153703.3917             0.27050558
927464130831.782              -0.13416757
927465107960.1724             -0.11795639
927466085088.5627             -0.009546963
927467062216.9531             0.1327767
927468039345.3434             0.19932152
927469016473.7338             0.10825223
927469993602.1241             0.14090459
927470970730.5144             -0.020419633
927471947858.9048             0.016713252
927472924987.2952             8.9399146e-05
927473902115.6855             -0.1626492
927474879244.0758             0.31851935
927475856372.4662             0.023067966
927476833500.8566             0.004229519
927477810629.2468             0.31147742
927478787757.6372             0.16274905
927479764886.0276             -0.12524985
927480742014.418              -0.22141328
927481719142.8082             -0.08347499
927482696271.1986             -0.06938087
927483673399.589              -0.08704385
927484650527.9792             0.13215756
927485627656.3696             0.015709592
927486604784.76               0.10128499
927487581913.1504             0.18004803
927488559041.5406             0.19202109
927489536169.931              0.22963801
927490513298.3214             0.10061766
927491490426.7117             -0.106404446
927492467555.102              0.13674824
927493444683.4924             0.3907976
927494421811.8828             -0.14701091
927495398940.2731             -0.053418756
927496376068.6635             0.22540852
927497353197.0538             -0.256866
927498330325.4441             -0.15374604
927499307453.8345             0.2844598
927500284582.2249             0.34312072
927501261710.6152             0.11217738
927502238839.0055             -0.0057424475
927503215967.3959             0.15742134
927504193095.7863             0.106507234
927505170224.1766             -0.1689469
927506147352.5669             0.22779834
927507124480.9573             0.041595094
927508101609.3477             0.078879565
927509078737.7379             -0.20591606
927510055866.1283             -0.77495235
927511032994.5187             -0.348342
927512010122.909              0.022352457
927512987251.2993             0.16415906
927513964379.6897             0.014844128
927514941508.0801             -0.050005436
927515918636.4703             -0.021176789
927516895764.8607             0.25828022
927517872893.2511             0.040312722
927518850021.6415             0.085056536
927519827150.0317             -0.1800868
927520804278.4221             0.011452279
927521781406.8125             0.055707764
927522758535.2028             0.22994323
927523735663.5931             -0.12708841
927524712791.9835             -0.22228558
927525689920.3739             0.03683071
927526667048.7642             0.06906676
927527644177.1545             0.12958518
927528621305.5449             0.3135077
927529598433.9352             0.0898157
927530575562.3256             0.060230628
927531552690.716              -0.08451411
927532529819.1063             -0.43876818
927533506947.4966             -0.07742046
927534484075.887              0.13479464
927535461204.2773             -0.1385696
927536438332.6676             0.0019334124
927537415461.058              0.11085414
927538392589.4484             0.16319133
927539369717.8387             -0.10181741
927540346846.229              -0.005949941
927541323974.6194             -0.04306617
927542301103.0098             -0.16824035
927543278231.4                -0.19989434
927544255359.7904             -0.16326092
927545232488.1808             0.1553504
927546209616.5712             0.14781651
927547186744.9614             0.1314562
927548163873.3518             0.049609177
927549141001.7422             -0.2513498
927550118130.1324             -0.08658251
927551095258.5228             0.0077173063
927552072386.9132             -0.20753884
927553049515.3036             -0.13994734
927554026643.6938             -0.07046463
927555003772.0842             0.054512545
927555980900.4746             0.028951282
927556958028.8649             0.27579537
927557935157.2552             -0.036491472
927558912285.6456             0.15103807
927559889414.036              -0.04155588
927560866542.4263             -0.03593167
927561843670.8167             0.13842058
927562820799.207              0.24631174
927563797927.5974             -0.09737795
927564775055.9877             -0.06149195
927565752184.378              -0.14026228
927566729312.7684             -0.25371504
927567706441.1587             -0.027742669
927568683569.5491             0.1533731
927569660697.9395             -0.07928172
927570637826.3298             -0.19741309
927571614954.7201             0.0034376828
927572592083.1105             0.10246625
927573569211.5009             0.34023806
927574546339.8911             0.5505707
927575523468.2815             0.20916477
927576500596.6719             0.21600129
927577477725.0623             0.21652994
927578454853.4525             -0.06409454
927579431981.8429             -0.026441526
927580409110.2333             0.43585613
927581386238.6235             0.111107185
927582363367.0139             -0.060977984
927583340495.4043             -0.004113552
927584317623.7947             -0.22287716
927585294752.1849             -0.08429885
927586271880.5753             -0.21128088
927587249008.9657             0.015158643
927588226137.356              0.24914835
927589203265.7463             0.24769066
927590180394.1367             0.2961401
927591157522.5271             0.0004525799
927592134650.9174             -0.009554022
927593111779.3077             -0.13823624
927594088907.6981             -0.056881577
927595066036.0884             0.10357147
927596043164.4788             0.11146802
927597020292.8691             0.1228897
927597997421.2595             0.11487709
927598974549.6498             0.08444686
927599951678.0402             -0.48901495
927600928806.4305             -0.38238513
927601905934.8208             -0.021519989
927602883063.2112             -0.054425005
927603860191.6016             0.04734508
927604837319.992              0.069830574
927605814448.3822             -0.032430857
927606791576.7726             -0.23369233
927607768705.163              -0.07129313
927608745833.5532             0.16550209
927609722961.9436             0.27748582
927610700090.334              -0.024182165
927611677218.7244             -0.21010333
927612654347.1146             0.13921541
927613631475.505              -0.11034644
927614608603.8954             -0.14684635
927615585732.2856             -0.20523703
927616562860.676              0.04100226
927617539989.0664             -0.07955897
927618517117.4568             0.13228238
927619494245.847              0.07124228
927620471374.2374             -0.08362554
927621448502.6278             -0.0072383555
927622425631.0182             -0.22902232
927623402759.4084             -0.117502615
927624379887.7988             0.005760145
927625357016.1892             0.20698763
927626334144.5795             0.20150134
927627311272.9698             0.17271663
927628288401.3602             0.22665553
927629265529.7506             0.0670576
927630242658.1409             0.051516388
927631219786.5312             0.079891145
927632196914.9216             -0.056529246
927633174043.3119             0.21742679
927634151171.7023             0.07415631
927635128300.0927             0.10398904
927636105428.483              -0.063061595
927637082556.8733             0.15192981
927638059685.2637             -0.15251146
927639036813.654              -0.13638686
927640013942.0443             -0.041256722
927640991070.4347             -0.17152946
927641968198.8251             0.16736446
927642945327.2155             0.13856128
927643922455.6057             -0.1513325
927644899583.9961             -0.1479344
927645876712.3865             -0.042935908
927646853840.7767             0.020351198
927647830969.1671             0.052359108
927648808097.5575             -0.046185132
927649785225.9479             -0.18936366
927650762354.3381             0.010178862
927651739482.7285             -0.15481345
927652716611.1189             -0.017790394
927653693739.5092             0.25659537
927654670867.8995             0.21724066
927655647996.2899             -0.04831074
927656625124.6803             -0.14061081
927657602253.0706             -0.026529297
927658579381.4609             -0.13358915
927659556509.8513             -0.22893089
927660533638.2416             -0.21026945
927661510766.632              -0.014702215
927662487895.0223             0.004790669
927663465023.4127             -0.04338494
927664442151.803              -0.0751321
927665419280.1934             0.019606994
927666396408.5837             0.24909954
927667373536.974              -0.057747446
927668350665.3644             -0.05007308
927669327793.7548             -0.47495565
927670304922.1451             -0.27191937
927671282050.5354             -0.040575616
927672259178.9258             0.110568926
927673236307.3162             -0.11424187
927674213435.7064             -0.25748527
927675190564.0968             -0.13213162
927676167692.4872             -0.17599007
927677144820.8776             -0.1147848
927678121949.2678             0.054380514
927679099077.6582             0.03649784
927680076206.0486             0.0357647
927681053334.439              0.2014486
927682030462.8292             0.15119492
927683007591.2196             0.23408715
927683984719.61               -0.11752744
927684961848.0002             -0.123241775
927685938976.3906             -0.2580795
927686916104.781              -0.12268332
927687893233.1714             0.29039365
927688870361.5616             0.19123682
927689847489.952              0.34881258
927690824618.3424             0.076507226
927691801746.7327             0.060020957
927692778875.123              0.007792502
927693756003.5134             0.092557654
927694733131.9038             -0.18978989
927695710260.2941             0.08445849
927696687388.6844             0.17645003
927697664517.0748             0.3973561
927698641645.4651             0.35729814
927699618773.8555             -0.019560687
927700595902.2458             -0.10075217
927701573030.6362             0.0020078777
927702550159.0265             -0.03967782
927703527287.4169             -0.08028628
927704504415.8073             -0.089910924
927705481544.1975             0.0884763
927706458672.5879             0.14421837
927707435800.9783             -0.09625352
927708412929.3687             0.21368761
927709390057.7589             0.007549381
927710367186.1493             0.08261409
927711344314.5397             0.0374596
927712321442.9299             0.076149255
927713298571.3203             0.1587762
927714275699.7107             0.24134886
927715252828.1011             0.17118742
927716229956.4913             0.33070737
927717207084.8817             0.27260327
927718184213.2721             0.0014617406
927719161341.6624             0.25571048
927720138470.0527             0.14378811
927721115598.4431             -0.13455571
927722092726.8335             -0.027909027
927723069855.2238             -0.17554021
927724046983.6141             0.026801456
927725024112.0045             -0.20391317
927726001240.3948             -0.10525498
927726978368.7852             -0.057638317
927727955497.1755             -0.02772508
927728932625.5659             -0.0055001127
927729909753.9562             -0.059023485
927730886882.3466             0.054935608
927731864010.7369             0.00080810493
927732841139.1272             0.10972751
927733818267.5176             0.063529536
927734795395.908              -0.26419675
927735772524.2983             -0.19846016
927736749652.6886             0.056467306
927737726781.079              0.02358097
927738703909.4694             0.06746874
927739681037.8597             0.10230569
927740658166.25               0.017139306
927741635294.6404             0.22721691
927742612423.0308             0.41821057
927743589551.421              0.34038746
927744566679.8114             -0.012722062
927745543808.2018             -0.06434828
927746520936.5922             -0.1843988
927747498064.9824             0.17028543
927748475193.3728             0.17680354
927749452321.7632             0.076135784
927750429450.1534             0.08925661
927751406578.5438             0.07081534
927752383706.9342             -0.09464401
927753360835.3246             0.19780624
927754337963.7148             -0.100633636
927755315092.1052             -0.18549672
927756292220.4956             -0.0783925
927757269348.8859             -0.1202596
927758246477.2762             -0.116165794
927759223605.6666             -0.26860857
927760200734.057              0.00193354
927761177862.4473             -0.034649275
927762154990.8376             -0.26210326
927763132119.228              -0.25630432
927764109247.6183             -0.055760637
927765086376.0087             -0.015715932
927766063504.399              0.06703572
927767040632.7894             -0.15449174
927768017761.1797             -0.10094919
927768994889.5701             -0.108540215
927769972017.9604             -0.19729583
927770949146.3507             0.0840895
927771926274.7411             -0.019272603
927772903403.1315             -0.03286195
927773880531.5219             -0.046975303
927774857659.9121             0.19300516
927775834788.3025             0.16652608
927776811916.6929             0.045998
927777789045.0831             0.20412284
927778766173.4735             0.1578605
927779743301.8639             0.020976944
927780720430.2543             0.100328244
927781697558.6445             0.18006486
927782674687.0349             0.004786481
927783651815.4253             -0.24442483
927784628943.8156             -0.09442703
927785606072.2059             0.08324254
927786583200.5963             0.047633834
927787560328.9867             0.038404223
927788537457.377              0.014000445
927789514585.7673             0.0942585
927790491714.1577             0.06557892
927791468842.548              -0.04930157
927792445970.9384             0.119440936
927793423099.3287             -0.0148128625
927794400227.7191             -0.07122697
927795377356.1094             0.1327788
927796354484.4998             -0.07838294
927797331612.8901             0.08130458
927798308741.2805             0.1977189
927799285869.6708             -0.11609378
927800262998.0612             -0.055599656
927801240126.4515             0.14856271
927802217254.8418             0.18404259
927803194383.2322             0.11593951
927804171511.6226             -0.04186894
927805148640.013              -0.04149127
927806125768.4032             0.24609527
927807102896.7936             -0.1521747
927808080025.184              -0.09458127
927809057153.5742             -0.13372044
927810034281.9646             -0.15171884
927811011410.355              -0.011492022
927811988538.7454             0.061243393
927812965667.1356             0.17275763
927813942795.526              0.20554802
927814919923.9164             0.12226426
927815897052.3066             -0.029879896
927816874180.697              -0.16615747
927817851309.0874             -0.24602972
927818828437.4778             -0.11301816
927819805565.868              -0.3144145
927820782694.2584             -0.014647114
927821759822.6488             0.1545728
927822736951.0391             0.30654958
927823714079.4294             0.14754422
927824691207.8198             0.18667492
927825595298.2                0.08638764
927825668336.2102             0.18088724
927826572426.7904             0.18226372
927826645464.6005             0.04506002
927827549555.3807             0.1751237
927827622592.9908             0.046717413
927828526683.9712             0.06952116
927828599721.3812             0.032175
927829503812.5615             -0.05767632
927829576849.7715             -0.024107846
927830480941.152              0.17221764
927830553978.1619             -0.036153037
927831458069.7423             0.17880335
927831531106.5522             0.17889446
927832435198.3328             -0.06381474
927832508234.9426             0.28716618
927833412326.9232             0.036703687
927833485363.3329             -0.06548286
927834389455.5135             0.23140682
927834462491.7233             -0.11623054
927835366584.104              0.09438489
927835439620.1136             0.16388653
927836343712.6943             -0.1238229
927836416748.5039             0.09772068
927837320841.2848             0.17429736
927837393876.8943             0.033138867
927838297969.8751             0.04792738
927838371005.2847             0.13460869
927839275098.4656             0.02557223
927839348133.675              -0.08218524
927840252227.056              -0.17456914
927840325262.0653             0.10000589
927841229355.6464             -0.066838756
927841302390.4557             0.06401435
927842206484.2368             -0.06719832
927842279518.8461             0.0130119575
927843183612.8271             0.085588165
927843256647.2363             -0.19480048
927844160741.4176             0.011420589
927844233775.6267             0.13995105
927845137870.008              0.093055554
927845210904.0171             0.11184756
927846114998.5984             0.100975595
927846188032.4075             -0.023450388
927847092127.1888             0.008161612
927847165160.7977             0.058150917
927848069255.7792             0.16821443
927848142289.1881             -0.11642459
927849046384.3696             0.17119424
927849119417.5785             0.24560657
927850023512.96               0.15050581
927850096545.9688             0.14849861
927851000641.5504             -0.2704619
927851073674.3591             0.06844551
927851977770.1409             0.102658406
927852050802.7495             -0.13140894
927852954898.7312             0.027948348
927853027931.1399             0.21500687
927853932027.3217             -0.10597389
927854005059.5302             0.132958
927854909155.912              0.066627346
927854982187.9205             0.113719836
927855886284.5024             -0.045333132
927855959316.3109             0.035549257
927856863413.0928             -0.25799388
927856936444.7013             -0.036734313
927857840541.6832             -0.13459562
927857913573.0916             -0.02061153
927858817670.2737             -0.13365552
927858890701.4819             -0.10241457
927859794798.864              -0.20965664
927859867829.8723             -0.15938361
927860771927.4545             0.2956651
927860844958.2626             -0.047318697
927861749056.0448             -0.025353715
927861822086.653              0.2278766
927862726184.6353             -0.17864053
927862799215.0433             -0.0901279
927863703313.2256             -0.2743601
927863776343.4337             -0.15759388
927864680441.816              -0.20412466
927864753471.824              -0.07040045
927865657570.4065             0.13889049
927865730600.2144             -0.28654414
927866634698.9968             -0.08898256
927866707728.6047             -0.12246924
927867611827.5873             0.026858473
927867684856.995              -0.45914066
927868588956.1776             0.05135871
927868661985.3854             -0.013404527
927869566084.7681             -0.031370472
927869639113.7758             0.06997524
927870543213.3584             -0.07431365
927870616242.1661             0.12725589
927871520341.9489             0.036770865
927871593370.5564             0.18871462
927872497470.5393             0.12639113
927872570498.9468             0.10457036
927873474599.1296             -0.12860236
927873547627.3372             0.06222443
927874451727.7201             -0.0010363472
927874524755.7274             -0.0824058
927875428856.3104             0.055002317
927875501884.1178             -0.04435373
927876405984.9009             0.06866093
927876479012.5082             -0.07824406
927877383113.4913             0.058231752
927877456140.8986             -0.19720088
927878360242.0817             -0.14591016
927878433269.2888             -0.31250912
927879337370.6721             0.22594531
927879410397.6792             -0.07212614
927880314499.2625             0.049466442
927880387526.0696             0.17974617
927881291627.8529             0.041932967
927881364654.4598             -0.10412224
927882268756.4432             -0.07152125
927882341782.8502             0.04741466
927883245885.0337             -0.19173938
927883318911.2406             0.019437414
927884223013.6241             0.1142307
927884296039.631              -0.15746163
927885200142.2145             0.039418582
927885273168.0212             -0.12514573
927886177270.8049             0.015922537
927886250296.4116             -0.016765302
927887154399.3953             -0.13791376
927887227424.802              -0.00064320036
927888131527.9857             -0.1814996
927888204553.1923             0.10655662
927889108656.576              0.121487096
927889181681.5826             0.21409245
927890085785.1665             0.012147664
927890158809.973              0.27470237
927891062913.757              -0.05873471
927891135938.3634             0.080880076
927892040042.3473             0.2130856
927892113066.7537             0.11745227
927893017170.9377             0.00024675846
927893090195.144              0.2500773
927893994299.5281             -0.060461536
927894067323.5344             0.049348366
927894971428.1185             0.100308396
927895044451.9247             -0.103822164
927895948556.7089             0.03214626
927896021580.3151             -0.16979817
927896925685.2993             -0.12374972
927896998708.7054             -0.13519189
927897902813.8898             0.07087926
927897975837.0958             -0.19039924
927898879942.4801             0.15609464
927898952965.4861             -0.010372776
927899857071.0706             0.39330316
927899930093.8765             0.06685243
927900834199.6609             0.2983477
927900907222.2668             0.25608945
927901811328.2513             0.25365373
927901884350.6571             0.10748127
927902788456.8418             -0.0905256
927902861479.0475             0.050341032
927903765585.4321             -0.19299126
927903838607.4379             -0.1396988
927904742714.0226             -0.11964411
927904815735.8282             -0.0982185
927905719842.6129             -0.19394149
927905792864.2185             0.017484505
927906696971.2034             -0.045961928
927906769992.6089             0.004237014
927907674099.7937             -0.1444521
927907747120.9993             0.099179305
927908651228.3842             -0.11892689
927908724249.3896             -0.08739346
927909628356.9746             -0.18070473
927909701377.7799             -0.3010134
927910605485.565              -0.2365912
927910678506.1703             -0.31855756
927911582614.1554             -0.09010121
927911655634.5607             -0.24880156
927912559742.7457             0.26051715
927912632762.9509             0.11895851
927913536871.3362             0.16195281
927913609891.3413             0.2056254
927914513999.9265             0.038538247
927914587019.7317             0.19604233
927915491128.517              -0.011385535
927915564148.1221             0.059641115
927916468257.1074             -0.31322265
927916541276.5123             -0.10585523
927917445385.6978             0.011635137
927917518404.9027             -0.081950955
927918422514.2882             -0.07251471
927918495533.2931             0.20816575
927919399642.8785             0.0152482875
927919472661.6833             -0.023892237
927920376771.469              0.08539587
927920449790.0737             0.05425534
927921353900.0593             0.020468874
927921426918.4641             -0.03987264
927922331028.6498             0.062071323
927922404046.8545             0.08724619
927923308157.2402             0.12847012
927923381175.2448             0.11406012
927924285285.8306             0.0070273443
927924358303.6351             0.143524
927925262414.421              -0.012709132
927925335432.0255             0.034964047
927926239543.0114             -0.024654122
927926312560.4158             0.07978806
927927216671.6018             0.1417664
927927289688.8062             -0.27908263
927928193800.1921             -0.07413807
927928266817.1965             -0.004690127
927929170928.7826             0.013754604
927929243945.5869             -0.10271255
927930148057.373              0.08874206
927930221073.9772             -0.047261324
927931125185.9634             -0.03814061
927931198202.3676             -0.056839496
927932102314.5538             0.099706486
927932175330.7579             -0.104964495
927933079443.1442             -0.16773486
927933152459.1482             0.08663698
927934056571.7346             -0.07656535
927934129587.5386             -0.16438644
927935033700.3251             -0.077533044
927935106715.929              -0.030961763
927936010828.9154             0.008019523
927936083844.3193             -0.13731089
927936987957.5059             -0.23445614
927937060972.7096             -0.2792534
927937965086.0962             0.14741407
927938038101.1                -0.24372962
927938942214.6866             -0.095658846
927939919343.277              -0.26640636
927940896471.8674             -0.049652245
927941873600.4579             0.09210104
927942850729.0482             -0.007170683
927943827857.6387             -0.026738087
927944804986.229              0.10561607
927945782114.8195             0.08506629
927946759243.4098             0.022138769
927947736372.0002             0.005794959
927948713500.5907             0.097329296
927949690629.181              -0.018753977
927950667757.7715             0.11334761
927951644886.3618             -0.12072055
927952622014.9523             -0.03872447
927953599143.5426             -0.045906983
927954576272.133              0.050054118
927955553400.7235             0.08511982
927956530529.3138             0.1608335
927957507657.9043             0.15841627
927958484786.4946             0.16141723
927959461915.0851             0.04182725
927960439043.6754             0.12215377
927961416172.2659             -0.010371722
927962393300.8563             0.029076263
927963370429.4467             0.14950788
927964347558.0371             -0.017942177
927965324686.6274             0.10031055
927966301815.2179             -0.27923787
927967278943.8083             0.03978057
927968256072.3987             0.11180078
927969233200.9891             -0.20973662
927970210329.5795             -0.06443939
927971187458.1699             -0.053176433
927972164586.7603             0.07268485
927973141715.3507             -0.13273336
927974118843.9412             -0.18403462
927975095972.5315             0.1276469
927976073101.122              -0.08769221
927977050229.7123             -0.005998377
927978027358.3027             -0.15815175
927979004486.8931             -0.09343947
927979981615.4835             -0.0074984115
927980958744.074              -0.04070512
927981935872.6643             -0.07849021
927982913001.2548             0.06461105
927983890129.8451             -0.13310783
927984867258.4355             -0.10222241
927985844387.0259             -0.21371622
927986821515.6163             0.03300441
927987798644.2068             0.12265214
927988775772.7971             0.08514057
927989752901.3876             -0.29540956
927990730029.9779             0.1693157
927991707158.5684             0.28193972
927992684287.1588             -0.19930118
927993661415.7491             -0.24660273
927994638544.3396             -0.026796903
927995615672.9299             -0.113519356
927996592801.5204             -0.03705231
927997569930.1107             0.0033661788
927998547058.7012             -0.32947695
927999524187.2916             -0.12696102
928000501315.882              0.017675187
928001478444.4724             -0.03133105
928002455573.0627             -0.039128873
928003432701.6532             0.22448698
928004409830.2435             0.1256792
928005386958.834              0.33643273
928006364087.4244             -0.27522463
928007341216.0148             -0.41785613
928008318344.6052             -0.22054915
928009295473.1956             0.04944388
928010272601.786              0.13094854
928011249730.3763             0.09980881
928012226858.9668             -0.06651815
928013203987.5573             0.002633028
928014181116.1476             0.021766635
928015158244.738              -0.05783945
928016135373.3284             0.2126346
928017112501.9188             0.008955742
928018089630.5092             -0.15668818
928019066759.0996             -0.051061437
928020043887.6901             -0.16501589
928021021016.2804             0.2643303
928021998144.8708             0.25615808
928022975273.4612             -0.050446402
928023952402.0516             0.049528003
928024929530.6421             0.04185741
928025906659.2324             0.05252523
928026883787.8229             0.0767228
928027860916.4132             0.07972312
928028838045.0037             -0.36241782
928029815173.594              -0.10833851
928030792302.1844             -0.089217655
928031769430.7749             0.11881442
928032746559.3652             0.14303192
928033723687.9557             0.07845772
928034700816.546              0.24372496
928035677945.1365             0.15434651
928036655073.7268             0.06168163
928037632202.3173             -0.17590499
928038609330.9077             0.25344512
928039586459.498              0.10593477
928040563588.0885             0.005693004
928041540716.6788             0.008708802
928042517845.2693             -0.040232893
928043494973.8596             0.1726543
928044472102.4501             -0.012277862
928045449231.0405             0.13570431
928046426359.6309             0.07450977
928047403488.2213             -0.024842815
928048380616.8116             -0.08173919
928049357745.4021             -0.19490677
928050334873.9924             -0.06636842
928051312002.5829             -0.20890926
928052289131.1733             -0.15624493
928053266259.7637             -0.015567349
928054243388.3541             0.11344883
928055220516.9445             0.15221351
928056197645.5349             -0.0104005225
928057174774.1254             -0.033307713
928058151902.7157             -0.2222756
928059129031.3062             -0.15276948
928060106159.8965             -0.0028256956
928061083288.4869             0.010337457
928062060417.0773             0.36339346
928063037545.6677             -0.08000034
928064014674.2582             -0.016757099
928064991802.8485             -0.18654066
928065968931.439              -0.10042374
928066946060.0293             -0.0710516
928067923188.6198             0.16875307
928068900317.2101             0.1697431
928069877445.8005             0.08365448
928070854574.391              0.28384677
928071831702.9813             0.47682235
928072808831.5718             0.2642943
928073785960.1621             0.02470603
928074763088.7526             0.06867647
928075740217.3429             0.044178203
928076717345.9333             0.05493986
928077694474.5238             -0.17211553
928078671603.1141             -0.048573077
928079648731.7046             0.009645137
928080625860.2949             -0.1693324
928081602988.8854             -0.1354978
928082580117.4758             -0.00050037727
928083557246.0662             0.17237575
928084534374.6566             -0.16136518
928085511503.247              0.08011143
928086488631.8374             0.053331688
928087465760.4277             0.04685545
928088442889.0182             0.10658942
928089420017.6086             -0.18240543
928090397146.199              -0.29527324
928091374274.7894             -0.12593806
928092351403.3798             0.114127114
928093328531.9702             0.049599882
928094305660.5605             0.084595636
928095282789.151              -0.0678928
928096259917.7415             -0.22906643
928097237046.3318             -0.17883575
928098214174.9222             -0.15192062
928099191303.5126             0.06917761
928100168432.103              -0.11248597
928101145560.6934             0.14714217
928102122689.2838             -0.06299094
928103099817.8743             -0.12572739
928104076946.4646             -0.05894704
928105054075.055              -0.28266776
928106031203.6454             -0.2840312
928107008332.2358             -0.16267167
928107985460.8262             -0.22535683
928108962589.4166             -0.08024479
928109939718.0071             0.061602622
928110916846.5974             0.018411994
928111893975.1879             0.10255588
928112871103.7782             -0.10019062
928113848232.3687             0.10486797
928114825360.9591             0.013640029
928115802489.5494             -0.13226019
928116779618.1399             -0.19617333
928117756746.7302             -0.11015599
928118733875.3207             0.2067934
928119711003.911              -0.08756776
928120688132.5015             0.17271481
928121665261.0919             0.18725297
928122642389.6823             0.24389802
928123619518.2727             0.05969843
928124596646.863              0.11441333
928125573775.4535             0.30165824
928126550904.0438             -0.102980554
928127528032.6343             -0.2045118
928128505161.2247             0.13218634
928129482289.8151             0.12228681
928130459418.4055             0.15782946
928131436546.9958             0.08343811
928132413675.5863             0.2658372
928133390804.1766             0.046286263
928134367932.7671             -0.00015326717
928135345061.3575             0.014639019
928136322189.9479             -0.12386036
928137299318.5383             0.03979462
928138276447.1287             0.16298582
928139253575.7191             -0.035387103
928140230704.3094             0.18339406
928141207832.8999             0.22895841
928142184961.4904             -0.039101746
928143162090.0807             -0.14775325
928144139218.6711             0.021516932
928145116347.2615             -0.07329076
928146093475.8519             0.020083094
928147070604.4424             0.19967228
928148047733.0327             0.11905212
928149024861.6232             -0.12696773
928150001990.2135             -0.10990217
928150979118.804              0.13692646
928151956247.3943             0.064274594
928152933375.9847             -0.11653159
928153910504.5752             -0.060539182
928154887633.1655             0.060879838
928155864761.756              -0.066250004
928156841890.3463             0.0034291723
928157819018.9368             0.12958592
928158796147.5271             0.14666292
928159773276.1176             -0.015271139
928160750404.708              0.18075086
928161727533.2983             0.04564161
928162704661.8888             0.06739277
928163681790.4791             0.09949309
928164658919.0696             0.06175082
928165636047.6599             -0.07693521
928166613176.2504             -0.07138967
928167590304.8408             0.055302355
928168567433.4312             -0.108153395
928169544562.0216             0.109810635
928170521690.6119             -0.010038446
928171498819.2024             -0.11697437
928172475947.7928             0.004356865
928173453076.3832             0.12175042
928174430204.9736             -0.099441566
928175407333.564              0.1513126
928176384462.1544             0.14672504
928177361590.7448             -0.033391662
928178338719.3352             -0.0992254
928179315847.9257             0.034039937
928180292976.516              0.088612765
928181270105.1064             -0.15838343
928182247233.6968             -0.059344597
928183224362.2872             0.037990946
928184201490.8776             -0.15992384
928185178619.468              -0.15821354
928186155748.0585             0.16514389
928187132876.6488             0.048195332
928188110005.2393             0.06428495
928189087133.8296             -0.026093254
928190064262.42               -0.1823887
928191041391.0104             -0.12759778
928192018519.6008             -0.15612341
928192995648.1913             -0.066499636
928193972776.7816             -0.069210395
928194949905.3721             -0.18806368
928195927033.9624             0.021361532
928196904162.5529             -0.0771027
928197881291.1432             0.10531775
928198858419.7336             -0.056261897
928199835548.3241             -0.119959325
928200812676.9144             -0.055259693
928201789805.5049             0.027922811
928202766934.0952             0.06447721
928203744062.6857             0.07093797
928204721191.2761             -0.17954771
928205698319.8665             -0.015729638
928206675448.4569             -0.057039946
928207652577.0472             -0.18713243
928208629705.6377             -0.01789887
928209606834.228              0.06681568
928210583962.8185             0.09503143
928211561091.4089             -0.025808211
928212538219.9993             -0.14008182
928213515348.5897             -0.12903711
928214492477.18               0.18799552
928215469605.7705             0.31837428
928216446734.3608             0.23313525
928217423862.9513             0.22717322
928218400991.5417             0.07520835
928219378120.1321             -0.0754005
928220355248.7225             -0.10760707
928221332377.3129             0.02121765
928222309505.9033             -0.25421494
928223286634.4937             -0.07992558
928224263763.0841             -0.0030822353
928225240891.6746             -0.04562882
928226218020.2649             -0.3186212
928227195148.8553             -0.29972315
928228172277.4457             -0.01776711
928229149406.0361             -0.3157955
928230126534.6265             -0.122360595
928231103663.2169             -0.05754944
928232080791.8074             0.08694307
928233057920.3977             0.2657886
928234035048.9882             0.17622745
928235012177.5785             0.0084648
928235989306.169              0.15896723
928236966434.7594             0.16849221
928237943563.3497             0.031998117
928238920691.9402             -0.0549452
928239897820.5305             -0.20087704
928240874949.121              -0.008110104
928241852077.7113             0.2303876
928242829206.3018             0.055647902
928243806334.8922             -0.09462283
928244783463.4825             -0.057430834
928245760592.073              0.0074571334
928246737720.6633             0.24132162
928247714849.2538             0.11923662
928248691977.8441             0.26383322
928249669106.4346             0.21720487
928250646235.025              -0.017928721
928251623363.6154             -0.1854164
928252600492.2058             -0.019699715
928253577620.7961             -0.05258182
928254554749.3866             -0.13943133
928255531877.9769             0.18147375
928256509006.5674             0.17233865
928257486135.1578             0.31672168
928258463263.7482             0.14418715
928259440392.3386             0.116485916
928260417520.929              0.22034474
928261394649.5194             0.11944688
928262371778.1099             0.11589872
928263348906.7002             -0.087295055
928264326035.2906             -0.039482147
928265303163.881              0.33259755
928266280292.4714             0.17590952
928267257421.0618             -0.027306689
928268234549.6522             -0.07850186
928269211678.2427             0.29412344
928270188806.833              0.1188684
928271165935.4235             -0.046008278
928272143064.0138             -0.03202186
928273120192.6042             -0.10575968
928274097321.1946             0.14101177
928275074449.785              0.02904265
928276051578.3755             0.09664996
928277028706.9658             -0.01859006
928278005835.5563             -0.08853656
928278982964.1466             0.1214229
928279960092.737              0.1633424
928280937221.3274             0.20033142
928281914349.9178             0.041221086
928282891478.5083             0.23946609
928283868607.0986             0.24246153
928284845735.6891             -0.07868857
928285822864.2794             0.13950208
928286799992.8699             0.12575127
928287777121.4602             0.28423214
928288754250.0507             0.16004206
928289731378.6411             -0.057963017
928290708507.2314             0.12039797
928291685635.8219             0.27026996
928292662764.4122             0.079808354
928293639893.0027             0.04443935
928294617021.5931             -0.04424944
928295594150.1835             0.14877768
928296571278.7739             0.053600222
928297548407.3643             0.15393266
928298525535.9547             0.06857744
928299502664.545              0.06287227
928300479793.1355             0.11670745
928301456921.726              0.22851907
928302434050.3163             -0.020355515
928303411178.9067             -0.13895778
928304388307.4971             -0.10809087
928305365436.0875             -0.11358588
928306342564.6779             -0.13899715
928307319693.2683             -0.05084952
928308296821.8588             -0.0015537147
928309273950.4491             0.20612702
928310251079.0396             0.08117903
928311228207.6299             -0.07388021
928312205336.2203             0.068919495
928313182464.8107             0.29713696
928314159593.4011             0.14166434
928315136721.9916             -0.020711452
928316113850.5819             0.017316354
928317090979.1724             -0.088979945
928318068107.7627             -0.063212164
928319045236.3531             0.23134507
928320022364.9435             0.28583497
928320999493.5339             0.034185328
928321976622.1244             -0.07520041
928322953750.7147             -0.07020566
928323930879.3052             0.039886195
928324908007.8955             0.21030559
928325885136.486              0.38224092
928326862265.0764             0.010270114
928327839393.6667             -0.07722403
928328816522.2572             -0.20530963
928329793650.8475             -0.046495277
928330770779.438              0.0513115
928331747908.0283             0.35877907
928332725036.6188             0.1447591
928333702165.2092             0.092089385
928334679293.7996             0.116809435
928335656422.39               0.02186081
928336633550.9803             0.09937398
928337610679.5708             0.010943324
928338587808.1611             0.23036641
928339564936.7516             0.08292055
928340542065.342              0.16788936
928341519193.9324             -0.06503603
928342496322.5228             -0.020345517
928343473451.1132             0.07613804
928344450579.7036             -0.13611294
928345427708.294              -0.057333585
928346404836.8844             0.17715074
928347381965.4749             0.12450117
928348359094.0652             0.04097191
928349336222.6556             0.16036779
928350313351.246              0.17304952
928351290479.8364             0.2547869
928352267608.4269             0.27441508
928353244737.0172             0.077186435
928354221865.6077             -0.041248165
928355198994.198              0.28029713
928356176122.7885             0.1338188
928357153251.3788             0.120691195
928358130379.9692             0.011388875
928359107508.5597             0.17959635
928360084637.15               0.16978651
928361061765.7405             -0.021752909
928362038894.3308             -0.079378545
928363016022.9213             0.288245
928363993151.5116             0.17268269
928364970280.102              -0.117957585
928365947408.6925             -0.08520687
928366924537.2828             0.061944924
928367901665.8733             0.010978071
928368878794.4636             -0.19560109
928369855923.0541             -0.19237684
928370833051.6444             0.19653457
928371810180.2349             0.51816434
928372787308.8253             0.25303864
928373764437.4156             0.0753075
928374741566.0061             0.13024493
928375718694.5964             0.19441183
928376695823.1869             -0.12903568
928377672951.7772             0.14397418
928378650080.3677             0.013315157
928379627208.9581             -0.0014947766
928380604337.5485             0.10075735
928381581466.1389             -0.06475484
928382558594.7292             0.3066315
928383535723.3197             0.14134036
928384512851.9102             0.079547316
928385489980.5005             -0.11411292
928386467109.091              -0.24428669
928387444237.6813             0.1592075
928388421366.2717             0.17365918
928389398494.862              -0.0832358
928390375623.4525             -0.010152455
928391352752.043              -0.23755814
928392329880.6333             -0.17584969
928393307009.2238             0.13779977
928394284137.8141             0.047908057
928395261266.4045             -0.16167067
928396238394.9949             -0.037349444
928397215523.5853             0.18014018
928398192652.1758             0.024562243
928399169780.7661             -0.09374153
928400146909.3566             0.06211408
928401124037.9469             -0.020558229
928402101166.5374             0.13336277
928403078295.1277             -0.04603447
928404055423.7181             0.131445
928405032552.3086             -0.08869292
928406009680.8989             -0.11328711
928406986809.4894             0.009672112
928407963938.0797             -0.05902844
928408941066.6702             -0.2598332
928409918195.2605             -0.27832058
928410895323.851              -0.18414357
928411872452.4414             0.0326047
928412849581.0317             0.052762166
928413826709.6222             -0.016158782
928414803838.2125             0.16831596
928415780966.803              -0.079476684
928416758095.3934             -0.010940432
928417735223.9838             -0.20786922
928418712352.5742             -0.16438918
928419689481.1646             0.059031095
928420666609.755              0.123650596
928421643738.3453             0.124870874
928422620866.9358             -0.19269402
928423597995.5262             0.14353682
928424575124.1166             -0.044049002
928425552252.707              0.07464453
928426529381.2974             -0.00056779495
928427506509.8878             -0.23470008
928428483638.4781             -0.22799346
928429460767.0686             -0.040982947
928430437895.659              0.33113548
928431415024.2494             -0.13438316
928432392152.8398             0.13477932
928433369281.4302             -0.05972758
928434346410.0206             0.012571463
928435323538.611              -0.06633099
928436300667.2014             -0.15404664
928437277795.7919             0.14651248
928438254924.3822             0.03365267
928439232052.9727             0.1776467
928440209181.563              0.1363416
928441186310.1534             0.09690335
928442163438.7439             -0.056568477
928443140567.3342             -0.14186011
928444117695.9247             0.12660989
928445094824.515              0.10143318
928446071953.1055             0.019816207
928447049081.6958             0.19684148
928448026210.2863             0.12599143
928449003338.8767             0.03305172
928449980467.467              0.089467466
928450957596.0575             0.16436638
928451934724.6478             0.21166016
928452911853.2383             0.008759542
928453888981.8286             -0.115045525
928454866110.4191             -0.20685492
928455843239.0095             -0.09082592
928456820367.5999             0.0996043
928457797496.1903             0.19209011
928458774624.7806             -0.0076788226
928459751753.3711             0.06887681
928460728881.9614             0.20905577
928461706010.5519             0.11436696
928462683139.1423             0.23301874
928463660267.7327             -0.12593749
928464637396.3231             0.02547269
928465614524.9135             0.07821914
928466591653.5039             -0.038533393
928467568782.0942             -0.073687434
928468545910.6847             -0.097845174
928469523039.2751             0.012775773
928470500167.8655             0.17269494
928471477296.4559             0.005085763
928472454425.0463             0.049069542
928473431553.6367             -0.027572373
928474408682.2272             -0.054709367
928475385810.8175             0.082158744
928476362939.408              0.13554183
928477340067.9983             -0.043295674
928478317196.5887             0.28704342
928479294325.1791             0.24449667
928480271453.7695             -0.118743226
928481248582.36               -0.16753541
928482225710.9503             -0.33884448
928483202839.5408             -0.03606363
928484179968.1311             0.08397751
928485157096.7216             -0.002903715
928486134225.3119             -0.09986416
928487111353.9023             -0.19720972
928488088482.4928             -0.26757753
928489065611.0831             -0.02859625
928490042739.6736             -0.038570065
928491019868.2639             -0.025960583
928491996996.8544             0.011278049
928492974125.4447             0.004101027
928493951254.0352             0.002386306
928494928382.6256             -0.06718021
928495905511.216              0.047910757
928496882639.8064             0.056200102
928497859768.3967             0.018776748
928498836896.9872             0.04726464
928499814025.5775             0.2529178
928500791154.168              0.08767089
928501768282.7584             0.11458662
928502745411.3488             0.16007116
928503722539.9392             0.15631135
928504699668.5295             -0.055179868
928505676797.12               -0.1316102
928506653925.7104             -0.004459494
928507631054.3008             -0.078722395
928508608182.8912             -0.23103581
928509585311.4816             0.09842084
928510562440.072              0.06618224
928511539568.6624             -0.22884053
928512516697.2528             -0.3762611
928513493825.8433             -0.3444634
928514470954.4336             -0.36936352
928515448083.024              -0.050016087
928516425211.6144             0.0659942
928517402340.2048             -0.2598813
928518379468.7952             -0.011248846
928519356597.3856             0.19410148
928520333725.9761             0.05760442
928521310854.5664             0.05525312
928522287983.1569             0.04649805
928523265111.7472             -0.029479165
928524242240.3376             0.23846315
928525219368.928              0.2173094
928526196497.5184             -0.10649929
928527173626.1089             0.010259872
928528150754.6992             0.17200215
928529127883.2897             0.06614387
928530105011.88               -0.12105241
928531082140.4705             -0.10628166
928532059269.0609             -0.0025823468
928533036397.6512             0.113076665
928534013526.2417             0.0864414
928534990654.832              0.054497242
928535967783.4225             -0.0042906944
928536944912.0128             0.014689894
928537922040.6033             -0.121244036
928538899169.1937             -0.06721547
928539876297.784              -0.09943766
928540853426.3745             -0.118086755
928541830554.9648             -0.2392991
928542807683.5553             -0.13766563
928543784812.1456             -0.020359844
928544761940.7361             -0.09768969
928545739069.3265             0.20193972
928546716197.9169             0.2014205
928547693326.5073             0.05352156
928548670455.0977             -0.20654824
928549647583.6881             0.030104551
928550624712.2784             0.0047885384
928551601840.8689             -0.081334956
928552578969.4594             0.14291102
928553556098.0497             0.04951007
928554533226.6401             0.17933287
928555510355.2305             0.17181298
928556487483.8209             0.38297254
928557464612.4113             0.22297283
928558441741.0017             0.22286686
928559418869.5922             0.015115694
928560395998.1825             0.15790217
928561373126.773              0.22529107
928562350255.3633             0.33589554
928563327383.9537             0.014301982
928564304512.5442             0.0001239786
928565281641.1345             0.25359395
928566258769.725              -0.041269273
928567235898.3153             -0.09831266
928568213026.9058             -0.24563971
928569190155.4961             0.14633942
928570167284.0865             0.029147321
928571144412.677              0.09887697
928572121541.2673             0.2275852
928573098669.8578             0.0216912
928574075798.4481             0.034217052
928575052927.0386             0.05686558
928576030055.6289             -0.12967177
928577007184.2194             -0.22013052
928577984312.8098             -0.26711118
928578961441.4001             0.04866786
928579938569.9906             0.006111722
928580915698.5809             0.18145517
928581892827.1714             0.15815267
928582869955.7617             -0.06744602
928583847084.3522             0.18644853
928584824212.9426             0.088278204
928585801341.533              0.037019078
928586778470.1234             -0.1637327
928587755598.7137             -0.07599028
928588732727.3042             0.11168751
928589709855.8945             -0.24930708
928590686984.485              0.05160249
928591664113.0754             0.023478048
928592641241.6658             -0.14584185
928593618370.2562             0.03610465
928594595498.8466             0.13954161
928595572627.437              -0.14056726
928596549756.0275             0.119419925
928597526884.6178             0.20803009
928598504013.2083             -0.073951915
928599481141.7986             0.2713823
928600458270.389              -0.034531195
928601435398.9794             0.07263183
928602412527.5698             0.37445366
928603389656.1603             0.2803971
928604366784.7506             0.09818379
928605343913.3411             -0.11309317
928606321041.9314             -0.012589564
928607298170.5219             -0.33127907
928608275299.1122             0.12812199
928609252427.7026             -0.011339974
928610229556.2931             0.052658245
928611206684.8834             0.030000905
928612183813.4739             0.074316
928613160942.0642             0.01408505
928614138070.6547             -0.19718866
928615115199.245              0.08871798
928616092327.8354             0.19007221
928617069456.4259             -0.00949455
928618046585.0162             -0.18715595
928619023713.6067             0.08295374
928620000842.197              -0.12511502
928620977970.7875             -0.33484903
928621955099.3779             0.0863834
928622932227.9683             0.36815786
928623909356.5587             0.33468577
928624886485.149              0.12760752
928625863613.7395             -0.08611326
928626840742.3298             0.17212695
928627817870.9203             0.102935955
928628794999.5107             0.0811062
928629772128.1011             0.15577023
928630749256.6915             0.043252576
928631726385.2819             -0.024461228
928632703513.8723             -0.13072516
928633680642.4626             -0.23495322
928634657771.0531             -0.13671651
928635634899.6436             0.0011044025
928636612028.2339             -0.080182076
928637589156.8243             0.10955967
928638566285.4147             0.22803052
928639543414.0051             -0.06480674
928640520542.5955             -0.11995312
928641497671.1859             -0.02276381
928642474799.7764             0.070336685
928643451928.3667             -0.10340907
928644429056.9572             0.15962318
928645406185.5475             0.060995575
928646383314.138              -0.05384256
928647360442.7283             0.20697393
928648337571.3187             0.15529688
928649314699.9092             0.13772781
928650291828.4995             0.057328023
928651268957.09               -0.04320724
928652246085.6803             0.19663836
928653223214.2708             0.20706894
928654200342.8612             -0.11843791
928655177471.4515             0.21078193
928656154600.042              0.07601912
928657131728.6323             0.029256383
928658108857.2228             -0.06340129
928659085985.8131             -0.23177014
928660063114.4036             0.012716578
928661040242.994              -0.11991108
928662017371.5844             0.09298511
928662994500.1748             0.23082347
928663971628.7651             0.016882308
928664948757.3556             0.15413181
928665925885.9459             -0.03794789
928666903014.5364             -0.17215605
928667880143.1268             -0.18209466
928668857271.7172             0.12971522
928669834400.3076             0.018833822
928670811528.898              0.0074305013
928671788657.4884             -0.009744958
928672765786.0787             0.053789556
928673742914.6692             0.17510146
928674720043.2596             -0.20752612
928675697171.85               -0.03319457
928676674300.4404             -0.1999022
928677651429.0308             -0.27307257
928678628557.6212             -0.053234674
928679605686.2115             -0.010422381
928680582814.802              -0.042089857
928681559943.3925             -0.00058935356
928682537071.9828             0.023136001
928683514200.5732             -0.026830962
928684491329.1636             -0.108467706
928685468457.754              0.08604093
928686445586.3445             -0.101791516
928687422714.9348             -0.19532727
928688399843.5253             0.026907051
928689376972.1156             0.019515153
928690354100.706              -0.22526856
928691331229.2964             -0.1981554
928692308357.8868             0.018744174
928693285486.4773             -0.051280886
928694262615.0676             -0.31474397
928695239743.6581             0.021347111
928696216872.2484             0.32121664
928697194000.8389             0.08261704
928698171129.4292             -0.081142224
928699148258.0197             -0.13769896
928700125386.6101             -0.2964904
928701102515.2004             -0.110312425
928702079643.7909             -0.019909712
928703056772.3812             -0.03750875
928704033900.9717             -0.10008124
928705011029.562              -0.12725215
928705988158.1525             -0.12643103
928706965286.7429             0.07756389
928707942415.3333             0.069196895
928708919543.9237             0.07231392
928709896672.514              0.06922384
928710873801.1045             0.07158827
928711850929.695              -0.040565345
928712828058.2853             -0.09673604
928713805186.8757             0.061095275
928714782315.4661             0.0912618
928715759444.0565             -0.16475116
928716736572.6469             -0.23356865
928717713701.2373             -0.22277543
928718690829.8278             0.16057853
928719667958.4181             0.005366441
928720645087.0085             0.00853222
928721622215.5989             -0.23819873
928722599344.1893             -0.08613429
928723576472.7797             -0.12221334
928724553601.3701             -0.05415653
928725530729.9606             -0.24695468
928726507858.5509             0.10130759
928727484987.1414             0.09071921
928728462115.7317             -0.17179984
928729439244.3221             -0.1790795
928730416372.9125             -0.1723009
928731393501.5029             0.09322764
928732370630.0934             0.17191304
928733347758.6837             0.083611965
928734324887.2742             0.1042222
928735302015.8645             -0.108963825
928736279144.455              0.115679644
928737256273.0453             -0.007136231
928738233401.6357             0.1998118
928739210530.2262             0.072556
928740187658.8165             0.017701909
928741164787.407              0.081802666
928742141915.9973             -0.02733278
928743119044.5878             -0.0049691712
928744096173.1782             0.22759
928745073301.7686             0.13266705
928746050430.359              0.06832938
928747027558.9493             -0.035369955
928748004687.5398             0.20868753
928748981816.1301             -0.18878847
928749958944.7206             0.098617546
928750936073.311              -0.23370808
928751913201.9014             -0.07377809
928752890330.4918             -0.009554372
928753867459.0822             -0.11197235
928754844587.6726             -0.016670851
928755821716.263              -0.14716893
928756798844.8534             0.01655824
928757775973.4438             0.0941203
928758753102.0342             -0.027814902
928759730230.6246             0.074024305
928760707359.215              -0.0912223
928761684487.8054             -0.17062882
928762661616.3958             -0.16386254
928763638744.9862             0.17003831
928764615873.5767             0.06285044
928765593002.167              -0.084586516
928766570130.7574             -0.12201261
928767547259.3478             -0.0093760025
928768524387.9382             0.1707272
928769501516.5286             0.003632186
928770478645.119              -0.07524096
928771455773.7095             0.06327004
928772432902.2998             0.086947225
928773410030.8903             0.021673925
928774387159.4806             -0.002849402
928775364288.071              -0.16905373
928776341416.6615             -0.14137048
928777318545.2518             0.09940468
928778295673.8423             0.110332824
928779272802.4326             0.117335625
928780249931.0231             0.196117
928781227059.6134             0.040767524
928782204188.2039             -0.10783416
928783181316.7943             -0.1841746
928784158445.3846             0.08164719
928785135573.9751             0.10255224
928786112702.5654             -0.084791034
928787089831.1559             -0.31768203
928788066959.7462             0.04414828
928789044088.3367             -0.1501652
928790021216.9271             -0.05224637
928790998345.5175             0.05977447
928791975474.1079             -0.10985375
928792952602.6982             0.005292055
928793929731.2887             0.21262021
928794906859.879              0.043958593
928795883988.4695             0.07421113
928796861117.0599             -0.018761288
928797838245.6503             -0.25623265
928798815374.2407             -0.012020953
928799792502.831              0.118799254
928800769631.4215             0.16421652
928801746760.0118             0.19260561
928802723888.6023             0.02515819
928803701017.1927             0.10048121
928804678145.7831             -0.12640437
928805655274.3735             0.09594343
928806632402.9639             0.30729887
928807609531.5543             -0.00997466
928808586660.1448             -0.059000675
928809563788.7351             -0.09165812
928810540917.3256             0.1125815
928811518045.9159             0.21466997
928812495174.5063             0.03610576
928813472303.0967             0.014023688
928814449431.6871             0.085658215
928815426560.2776             0.14095235
928816403688.8679             0.0124010835
928817380817.4584             -0.039918933
928818357946.0487             -0.09334642
928819335074.6392             0.07209735
928820312203.2295             -0.043262176
928821289331.82               0.071438424
928822266460.4104             0.094143756
928823243589.0007             0.123232566
928824220717.5912             0.06306511
928825197846.1815             0.09917679
928826174974.772              -0.14349364
928827152103.3623             0.09708434
928828129231.9528             0.06368949
928829106360.5432             0.23727958
928830083489.1335             -0.021613326
928831060617.724              -0.023635564
928832037746.3143             -0.11966411
928833014874.9048             -0.01299671
928833992003.4952             0.2519747
928834969132.0856             -0.22042726
928835946260.676              -0.02537997
928836923389.2664             0.13551413
928837900517.8568             0.064556725
928838877646.4471             0.048616108
928839854775.0376             -0.017784763
928840831903.628              -0.089020915
928841809032.2184             -0.008635195
928842786160.8088             0.24653901
928843763289.3992             -0.035861213
928844740417.9896             -0.09098006
928845717546.58               0.11784008
928846694675.1704             -0.0017533317
928847671803.7609             -0.103531934
928848648932.3512             -0.22407885
928849626060.9417             0.059859693
928850603189.532              0.14677657
928851580318.1224             0.1814948
928852557446.7128             0.28170177
928853534575.3032             0.16945782
928854511703.8937             0.115053274
928855488832.484              0.03286243
928856465961.0745             0.14438273
928857443089.6648             0.028710589
928858420218.2552             -0.00014092174
928859397346.8456             0.102495775
928860374475.436              0.14611562
928861351604.0265             0.10096806
928862328732.6168             -0.036767513
928863305861.2073             -0.025414763
928864282989.7976             0.10053974
928865260118.3881             0.07969546
928866237246.9785             -0.14760992
928867214375.5688             0.084973805
928868191504.1593             0.1269567
928869168632.7496             -0.18691283
928870145761.3401             0.039919753
928871122889.9304             -0.09673187
928872100018.5209             -0.13403206
928873077147.1113             -0.01609354
928874054275.7017             -0.10844416
928875031404.2921             -0.07556017
928876008532.8824             -0.1708413
928876985661.4729             -0.3128381
928877962790.0632             -0.1478346
928878939918.6537             -0.109136224
928879917047.2441             -0.10364494
928880894175.8345             -0.010494353
928881871304.4249             0.12230283
928882848433.0153             -0.03108762
928883825561.6057             -0.100389585
928884802690.196              -0.076968096
928885779818.7865             -0.116880216
928886756947.377              0.1224373
928887734075.9673             0.18142444
928888711204.5577             0.18224403
928889688333.1481             0.044829734
928890665461.7385             -0.06029164
928891642590.3289             0.030483533
928892619718.9193             0.01380853
928893596847.5098             -0.0039946665
928894573976.1001             -0.11812934
928895551104.6906             -0.13246799
928896528233.2809             0.07559203
928897505361.8713             0.11265468
928898482490.4618             0.0825553
928899459619.0521             0.007417603
928900436747.6426             0.2639968
928901413876.2329             0.09618681
928902391004.8234             -0.17691429
928903368133.4137             0.051256437
928904345262.0042             0.046742797
928905322390.5946             0.34867194
928906299519.1849             0.3407298
928907276647.7754             0.116269566
928908253776.3657             -0.07601485
928909230904.9562             -0.024195606
928910208033.5465             0.0353638
928911185162.137              -0.07198474
928912162290.7274             -0.10320586
928913139419.3177             0.04971184
928914116547.9082             -0.091562614
928915093676.4985             -0.14649697
928916070805.089              -0.07547732
928917047933.6793             0.1710253
928918025062.2698             0.058874913
928919002190.8602             -0.09608626
928919979319.4506             -0.025418153
928920956448.041              0.01070297
928921933576.6313             0.3632965
928922910705.2218             0.24506284
928923887833.8123             0.08350452
928924864962.4026             -0.0434987
928925842090.993              -0.058925446
928926819219.5834             0.09431369
928927796348.1738             0.13019952
928928773476.7642             0.04205446
928929750605.3546             -0.13056447
928930727733.9451             0.02150931
928931704862.5354             -0.091973305
928932681991.1259             -0.05596069
928933659119.7162             0.14171194
928934636248.3066             -0.16525817
928935613376.897              0.004933863
928936590505.4874             0.05703724
928937567634.0779             0.0075488463
928938544762.6682             -0.24129632
928939521891.2587             0.09028375
928940499019.849              -0.00046762935
928941476148.4395             -0.061798394
928942453277.0298             0.0712084
928943430405.6202             0.055596586
928944407534.2107             0.10226249
928945384662.801              0.003785014
928946361791.3915             -0.184906
928947338919.9818             0.020440765
928948316048.5723             0.21314687
928949293177.1626             0.017696615
928950270305.753              0.26751634
928951247434.3435             0.1438539
928952224562.9338             0.019084942
928953201691.5243             -0.2683454
928954178820.1146             -0.021949692
928955155948.7051             0.079540975
928956133077.2955             -0.021674205
928957110205.8859             -0.017302504
928958087334.4763             -0.04927611
928959064463.0667             -0.028223509
928960041591.6571             -0.07167304
928961018720.2474             0.08403111
928961995848.8379             -0.023190297
928962972977.4283             0.20833866
928963950106.0187             0.0971101
928964927234.6091             -0.059545964
928965904363.1995             0.0038851702
928966881491.7899             0.06737236
928967858620.3802             -0.0052586463
928968835748.9707             -0.022219142
928969812877.5612             -0.014387744
928970790006.1515             0.13622248
928971767134.742              0.16070017
928972744263.3323             0.099340394
928973721391.9227             0.08091304
928974698520.5131             0.09980979
928975675649.1035             0.06603403
928976652777.694              -0.008945057
928977629906.2843             0.04540356
928978607034.8748             0.027800187
928979584163.4651             0.040657196
928980561292.0555             0.005508551
928981538420.6459             -0.1512172
928982515549.2363             -0.096294574
928983492677.8268             -0.032164607
928984469806.4171             0.10833417
928985446935.0076             0.2280211
928986424063.5979             0.3126425
928987401192.1884             0.15008837
928988378320.7788             0.16088395
928989355449.3691             0.12954968
928990332577.9596             0.16797811
928991309706.5499             0.237378
928992286835.1404             0.09607532
928993263963.7307             -0.091272004
928994241092.3212             -0.24302761
928995218220.9116             0.09886433
928996195349.502              0.19990245
928997172478.0924             -0.14348845
928998149606.6827             -0.08274469
928999126735.2732             0.20042506
929000103863.8635             0.014444564
929001080992.454              -0.04643098
929002058121.0444             -0.14018096
929003035249.6348             0.16557863
929004012378.2252             -0.00094234303
929004989506.8156             0.048316535
929005966635.406              -0.02170889
929006943763.9963             -0.15300244
929007920892.5868             0.036899522
929008898021.1772             -0.04859088
929009875149.7676             0.10364671
929010852278.358              0.117267266
929011829406.9484             0.07676624
929012806535.5388             -0.060467623
929013783664.1293             -0.0372751
929014760792.7196             0.056805987
929015737921.31               0.08334789
929016715049.9004             -0.05261596
929017692178.4908             -0.03303965
929018669307.0812             -0.13216673
929019646435.6716             -0.22264771
929020623564.2621             -0.0005455715
929021600692.8524             0.21570122
929022577821.4429             0.17466243
929023554950.0332             0.32521397
929024532078.6237             0.32019714
929025509207.214              0.20703898
929026486335.8044             0.14495744
929027463464.3949             -0.043443654
929028440592.9852             0.041900612
929029417721.5757             0.15470093
929030394850.166              0.27661896
929031371978.7565             0.08533719
929032349107.3468             -0.029695624
929033326235.9373             -0.15526944
929034303364.5277             -0.13414915
929035280493.118              -0.18293838
929036257621.7085             -0.026402952
929037234750.2988             0.06517055
929038211878.8893             -0.14272429
929039189007.4796             -0.035795253
929040166136.0701             -0.0065872744
929041143264.6605             0.011614221
929042120393.2509             -0.09742045
929043097521.8413             -0.21976748
929044074650.4316             -0.17935929
929045051779.0221             0.02210737
929046028907.6125             -0.08945745
929047006036.2029             -0.13170539
929047983164.7933             0.1083967
929048960293.3837             -0.033074263
929049937421.9741             0.107077874
929050914550.5645             -0.019656595
929051891679.1549             -0.10409686
929052868807.7454             0.070471175
929053845936.3357             0.03432521
929054823064.9261             -0.115486555
929055800193.5165             -0.3070193
929056777322.1069             -0.30493286
929057754450.6973             -0.13149434
929058731579.2877             -0.14116006
929059708707.8782             -0.21975242
929060685836.4685             -0.098634206
929061662965.059              0.060350988
929062640093.6493             0.25727808
929063617222.2397             -0.028482104
929064594350.8301             -0.18906637
929065571479.4205             -0.07571084
929066548608.011              -0.07767515
929067525736.6013             -0.021624453
929068502865.1918             -0.15307835
929069479993.7821             -0.2273381
929070457122.3726             -0.39936393
929071434250.9629             -0.27020735
929072411379.5533             -0.06430262
929073388508.1438             -0.16896246
929074365636.7341             -0.07686805
929075342765.3246             -0.22813235
929076319893.9149             0.04525296
929077297022.5054             -0.050842315
929078274151.0958             0.009631962
929079251279.6862             0.14207505
929080228408.2766             0.16353305
929081205536.867              0.04331279
929082182665.4574             -0.04376806
929083159794.0477             0.16996086
929084136922.6382             0.107003
929085114051.2286             -0.19474287
929086091179.819              0.03125907
929087068308.4094             0.12654662
929088045436.9998             0.09612473
929089022565.5902             0.09694552
929089999694.1805             0.025188142
929090976822.771              -0.13787647
929091953951.3615             0.01138232
929092931079.9518             -0.071471825
929093908208.5422             0.08795501
929094885337.1326             0.28976816
929095862465.723              0.066543825
929096839594.3134             0.18467684
929097816722.9038             -0.1136512
929098793851.4943             -0.06109129
929099770980.0846             0.059149094
929100748108.675              0.32344866
929101725237.2654             -0.03237333
929102702365.8558             -0.10588758
929103679494.4463             -0.012611991
929104656623.0366             -0.051969487
929105633751.6271             0.01741594
929106610880.2174             0.4303664
929107588008.8079             0.3940207
929108565137.3982             0.055593953
929109542265.9886             0.11614079
929110519394.5791             -0.061137404
929111496523.1694             -0.020178583
929112473651.7599             0.062534384
929113450780.3502             -0.07126279
929114427908.9407             -0.019922901
929115405037.531              0.23525164
929116382166.1215             0.2811708
929117359294.7119             -0.12142136
929118336423.3022             -0.077732265
929119313551.8927             -0.033994406
929120290680.483              -0.028535629
929121267809.0735             0.019401483
929122244937.6638             0.11724863
929123222066.2543             0.053068966
929124199194.8447             0.29931614
929125176323.435              0.0068831528
929126153452.0255             -0.021768535
929127130580.6158             -0.08275747
929128107709.2063             -0.045120075
929129084837.7966             -0.30328348
929130061966.3871             -0.25674614
929131039094.9775             0.044081558
929132016223.5679             -0.07636232
929132993352.1583             0.08501547
929133970480.7487             -0.03630224
929134947609.3391             -0.115577854
929135924737.9296             -0.07755728
929136901866.5199             0.05805831
929137878995.1104             0.015222559
929138856123.7007             0.049379807
929139833252.2911             -0.18164879
929140810380.8815             -0.248852
929141787509.4719             -0.23296542
929142764638.0624             -0.08847971
929143741766.6527             0.0861352
929144718895.2432             -0.14116938
929145696023.8335             0.09854228
929146673152.424              -0.1510572
929147650281.0143             -0.113689296
929148627409.6047             -0.037928108
929149604538.1952             -0.10060461
929150581666.7855             0.030393451
929151558795.376              -0.1403005
929152535923.9663             -0.063387915
929153513052.5568             0.046332095
929154490181.1471             0.032985464
929155467309.7375             -0.1770555
929156444438.328              -0.0546178
929157421566.9183             0.08205991
929158398695.5088             -0.1310023
929159375824.0991             -0.099937454
929160352952.6896             -0.03700147
929161330081.2799             0.023777852
929162307209.8704             0.0034021568
929163284338.4608             -0.027309584
929164261467.0511             -0.032620557
929165238595.6416             -0.07757392
929166215724.2319             -0.018463254
929167192852.8224             -0.16802055
929168169981.4128             0.015143382
929169147110.0032             -0.034364715
929170124238.5936             -0.02953219
929171101367.184              0.23690343
929172078495.7744             -0.02558017
929173055624.3647             -0.06778837
929174032752.9552             -0.10292344
929175009881.5457             -0.0023608552
929175987010.136              0.17746893
929176964138.7264             -0.14289321
929177941267.3168             -0.024967795
929178918395.9072             -0.22158222
929179895524.4976             -0.18598925
929180872653.088              -0.20235226
929181849781.6785             -0.008896904
929182826910.2688             0.12832561
929183804038.8593             -0.13285334
929184781167.4496             -0.078837246
929185758296.04               -0.1743298
929186735424.6304             -0.021030119
929187712553.2208             -0.18974842
929188689681.8113             -0.31575286
929189666810.4016             -0.114458196
929190643938.9921             0.18187182
929191621067.5824             -0.006471318
929192598196.1729             0.07972407
929193575324.7633             0.12384835
929194552453.3536             0.13252512
929195529581.9441             0.10642513
929196506710.5344             -4.494419e-05
929197483839.1249             -0.14202821
929198460967.7152             -0.022102922
929199438096.3057             0.08933871
929200415224.8961             -0.04477931
929201392353.4865             -0.2762849
929202369482.0769             0.13140886
929203346610.6672             0.0862248
929204323739.2577             -0.11689936
929205300867.848              -0.043786127
929206277996.4385             0.12881345
929207255125.0289             -0.009780695
929208232253.6193             0.0033645115
929209209382.2097             0.0024422281
929210186510.8                0.118221685
929211163639.3905             -0.037427735
929212140767.9808             -0.035684414
929213117896.5713             0.06718001
929214095025.1617             0.15860468
929215072153.7521             0.01229647
929216049282.3425             -0.112752385
929217026410.9329             0.20546444
929218003539.5233             0.22300872
929218980668.1136             -0.023690026
929219957796.7041             -0.04579173
929220934925.2946             -0.03717877
929221912053.8849             -0.13760191
929222889182.4753             0.1222523
929223866311.0657             0.04676918
929224843439.6561             0.042623617
929225820568.2466             -0.0035492615
929226797696.8369             -0.005764
929227774825.4274             0.002929632
929228751954.0177             -0.12340853
929229729082.6082             0.08356715
929230706211.1985             -0.07893776
929231683339.789              -0.114837125
929232660468.3794             -0.1977891
929233637596.9697             -0.09260158
929234614725.5602             0.11343197
929235591854.1505             -0.01717571
929236568982.741              0.05680637
929237546111.3313             -0.11302656
929238523239.9218             -0.15504311
929239500368.5122             -0.06970021
929240477497.1025             -0.2499155
929241454625.693              -0.24265766
929242431754.2833             -0.068958975
929243408882.8738             0.2942298
929244386011.4641             0.1820125
929245363140.0546             0.031630833
929246340268.645              -0.1268876
929247317397.2354             0.16661492
929248294525.8258             0.21015002
929249271654.4161             0.19153444
929250248783.0066             0.15227474
929251225911.5969             0.11579026
929252203040.1874             -0.16333832
929253180168.7778             0.0160817
929254157297.3682             0.126685
929255134425.9586             0.083935305
929256111554.549              -0.008474993
929257088683.1394             0.019288184
929258065811.7299             0.08234266
929259042940.3202             0.06077133
929260020068.9106             0.08065072
929260997197.501              0.22095987
929261974326.0914             0.16886337
929262951454.6818             0.27102885
929263928583.2722             0.19476815
929264905711.8627             0.26150993
929265882840.453              0.17217383
929266859969.0435             -0.11514141
929267837097.6338             0.047147628
929268814226.2242             0.09902754
929269791354.8146             -0.087282695
929270768483.405              -0.21844178
929271745611.9955             0.0776925
929272722740.5858             0.26143843
929273699869.1763             0.022819292
929274676997.7666             -0.13567832
929275654126.357              -0.038194347
929276631254.9474             -0.07254117
929277608383.5378             -0.018651133
929278585512.1283             -0.018592177
929279562640.7186             -0.004371991
929280539769.3091             -0.12714887
929281516897.8994             -0.1965154
929282494026.4899             -0.08353456
929283471155.0803             -0.051216945
929284448283.6707             -0.10879025
929285425412.2611             -0.13266368
929286402540.8514             0.28939012
929287379669.4419             0.12928997
929288356798.0322             0.14369218
929289333926.6227             0.106988795
929290311055.2131             0.0278575
929291288183.8035             -0.15830308
929292265312.3939             0.12349565
929293242440.9843             0.28956252
929294219569.5747             0.09460626
929295196698.165              0.07967466
929296173826.7555             -0.108731486
929297150955.346              -0.102786124
929298128083.9363             -0.06450952
929299105212.5267             -0.120761864
929300082341.1171             -0.007667907
929301059469.7075             -0.05104739
929302036598.2979             -0.10400406
929303013726.8883             0.15467678
929303990855.4788             -0.13025343
929304967984.0691             0.08809461
929305945112.6595             0.26717347
929306922241.2499             0.086052135
929307899369.8403             0.056949697
929308876498.4307             -0.045304157
929309853627.0211             0.08142555
929310830755.6116             0.036139205
929311807884.2019             -0.018253304
929312785012.7924             -0.036068555
929313762141.3827             -0.022601081
929314739269.9731             0.030787071
929315716398.5636             0.12897083
929316693527.1539             0.20916037
929317670655.7444             0.07672805
929318647784.3347             0.02439803
929319624912.9252             0.00937488
929320602041.5155             -0.12970006
929321579170.106              -0.12891996
929322556298.6964             0.046942495
929323533427.2867             -0.12258547
929324510555.8772             -0.008618062
929325487684.4675             0.05154351
929326464813.058              0.0073757526
929327441941.6483             -0.13826567
929328419070.2388             0.005684151
929329396198.8292             0.10074325
929330373327.4196             0.31747982
929331350456.01               0.37035102
929332327584.6003             0.10212033
929333304713.1908             -0.040514745
929334281841.7811             0.20096464
929335258970.3716             0.18840405
929336236098.962              0.14980543
929337213227.5524             0.21356376
929338190356.1428             0.12001607
929339167484.7332             -0.009833349
929340144613.3236             0.09694884
929341121741.914              0.11082562
929342098870.5044             0.02629955
929343075999.0948             -0.25318566
929344053127.6852             -0.012881581
929345030256.2756             -0.07170473
929346007384.866              -0.036766604
929346984513.4564             0.20800915
929347961642.0469             -0.00034831912
929348938770.6372             -0.14370027
929349915899.2277             0.051365007
929350893027.818              -0.10125281
929351870156.4084             -0.02572455
929352847284.9988             -0.08938618
929353824413.5892             0.071243845
929354801542.1797             -0.1293785
929355778670.77               -0.29834643
929356755799.3605             -0.21021852
929357732927.9508             -0.032392833
929358710056.5413             -0.16170464
929359687185.1316             0.10196311
929360664313.722              0.33656576
929361641442.3125             0.0736046
929362618570.9028             -0.030904492
929363595699.4933             -0.07077228
929364572828.0836             -0.01523996
929365549956.6741             -0.064371735
929366527085.2644             -0.19943361
929367504213.8549             0.10148245
929368481342.4453             0.036333628
929369458471.0356             0.014138272
929370435599.6261             -0.11114359
929371412728.2164             -0.21238881
929372389856.8069             -0.14009516
929373366985.3973             -0.022686943
929374344113.9877             0.011178344
929375321242.5781             -0.10400539
929376298371.1685             -0.052349277
929377275499.7589             0.053886253
929378252628.3492             -0.28813466
929379229756.9397             0.04417627
929380206885.5302             0.082987994
929381184014.1205             -0.10262507
929382161142.7109             -0.16485631
929383138271.3013             -0.20385566
929384115399.8917             -0.25425115
929385092528.482              0.13089384
929386069657.0725             0.09217822
929387046785.663              -0.047049094
929388023914.2533             -0.2874687
929389001042.8438             -0.10393466
929389978171.4341             -0.1332255
929390955300.0245             0.17144185
929391932428.6149             0.056736
929392909557.2053             -0.19019869
929393886685.7958             -0.1557209
929394863814.3861             -0.031047774
929395840942.9766             -0.24959587
929396818071.5669             -0.10064746
929397795200.1573             -0.09680822
929398772328.7477             -0.16522656
929399749457.3381             0.014371622
929400726585.9286             -0.15513174
929401703714.5189             -0.18259692
929402680843.1094             0.00047265767
929403657971.6997             0.26121768
929404635100.2902             -0.040527936
929405612228.8806             -0.10315213
929406589357.471              -0.122019246
929407566486.0614             -0.17604019
929408543614.6517             0.14021999
929409520743.2422             -0.096282125
929410497871.8325             0.053063698
929411475000.423              -0.041916803
929412452129.0134             -0.06618255
929413429257.6038             -0.1445935
929414406386.1942             -0.11618231
929415383514.7845             -0.0771182
929416360643.375              0.0433976
929417337771.9653             -0.117552996
929418314900.5558             -0.16143672
929419292029.1462             0.027505515
929420269157.7366             0.023178121
929421246286.327              -0.0030103864
929422223414.9174             0.08315944
929423200543.5078             0.28012374
929424177672.0981             0.07177357
929425154800.6886             -0.13205965
929426131929.279              -0.22057904
929427109057.8694             -0.15370117
929428086186.4598             -0.19395024
929429063315.0502             -0.108821034
929430040443.6406             -0.012038925
929431017572.231              -0.025530115
929431994700.8214             -0.21363847
929432971829.4119             -0.28648365
929433948958.0022             -0.2001037
929434926086.5927             -0.0705333
929435903215.183              0.043543153
929436880343.7734             0.0758289
929437857472.3639             0.07422554
929438834600.9542             -0.10884558
929439811729.5447             -0.042479534
929440788858.135              -0.21148711
929441765986.7255             -0.25298554
929442743115.3158             -0.19014366
929443720243.9062             -0.28201258
929444697372.4967             -0.23185983
929445674501.087              -0.3227259
929446651629.6775             0.16330376
929447628758.2678             0.16087614
929448605886.8583             0.0167348
929449583015.4486             0.14649087
929450560144.0391             -0.07497184
929451537272.6295             -0.29287237
929452514401.2198             -0.030031204
929453491529.8103             0.0017975551
929454468658.4006             -0.013362563
929455445786.9911             -0.03806735
929456422915.5814             -0.04874699
929457400044.1719             -0.116264604
929458377172.7623             -0.19306673
929459354301.3527             -0.11699633
929460331429.9431             -0.0920335
929461308558.5334             -0.07955244
929462285687.1239             -0.14085495
929463262815.7144             0.037478454
929464239944.3047             0.15103814
929465217072.8951             0.31738275
929466194201.4855             0.2856469
929467171330.0759             -0.08878757
929468148458.6663             -0.11210788
929469125587.2567             -0.09536466
929470102715.8472             0.047995336
929471079844.4375             0.21368825
929472056973.028              0.21241236
929473034101.6183             -0.033350464
929474011230.2087             -0.13955772
929474988358.7991             -0.12116278
929475965487.3895             -0.11591897
929476942615.98               0.05430406
929477919744.5703             -0.23466276
929478896873.1608             -0.15593728
929479874001.7511             -0.06543353
929480851130.3416             -0.30357674
929481828258.9319             -0.18603893
929482805387.5223             -0.25404856
929483782516.1128             0.070373625
929484759644.7031             0.22778045
929485736773.2936             0.009013501
929486713901.8839             -0.24339572
929487691030.4744             -0.12507336
929488668159.0647             -0.0019518876
929489645287.6552             0.00032046862
929490622416.2456             -0.06451079
929491599544.8359             0.0076301163
929492576673.4264             0.03987543
929493553802.0167             0.19154608
929494530930.6072             0.10014691
929495508059.1976             -0.12515108
929496485187.788              -0.109987386
929497462316.3784             -0.17669562
929498439444.9688             0.094280966
929499416573.5592             0.17351939
929500393702.1495             -0.03721793
929501370830.74               -0.10134328
929502347959.3304             -0.031552833
929503325087.9208             0.20600252
929504302216.5112             0.15677619
929505279345.1016             -4.197962e-05
929506256473.692              -0.066085845
929507233602.2823             0.01742729
929508210730.8728             -0.0892564
929509187859.4633             0.10793863
929510164988.0536             0.107659556
929511142116.644              -0.05240393
929512119245.2344             0.025280623
929513096373.8248             -0.13183543
929514073502.4152             -0.06672197
929515050631.0056             -0.06682197
929516027759.5961             0.022360507
929517004888.1864             0.03830346
929517982016.7769             -0.13976915
929518959145.3672             -0.12988418
929519936273.9576             0.007998134
929520913402.548              0.11828664
929521890531.1384             -0.05099644
929522867659.7289             -0.01221413
929523844788.3192             -0.07570658
929524821916.9097             0.15456642
929525799045.5                0.25885853
929526776174.0905             0.005204868
929527753302.6809             0.06371725
929528730431.2712             0.109805115
929529707559.8617             0.05023136
929530684688.452              0.08476793
929531661817.0425             0.00017306997
929532638945.6328             -0.053788356
929533560073.5                -0.03957402
929533616074.2233             -0.2173809
929534537202.1904             0.05368237
929534593202.8137             0.043302458
929535514330.8809             0.13836718
929535570331.404              0.11977103
929536491459.5713             0.1487882
929536547459.9945             0.16466044
929537468588.2617             -0.01599121
929537524588.5848             0.20608315
929538445716.9521             -0.048451725
929538501717.1753             -0.023401253
929539422845.6426             0.006820114
929539478845.7656             -0.055931345
929540399974.333              -0.09402971
929540455974.3561             0.12942523
929541377103.0234             0.06809026
929541433102.9465             -0.040436488
929542354231.7139             0.16064698
929542410231.5369             0.015043338
929543331360.4043             0.055070683
929543387360.1273             0.083012834
929544308489.0947             -0.03953066
929544364488.7177             0.07819013
929545285617.7852             -0.13581043
929545341617.3081             -0.0035528827
929546262746.4756             -0.015066276
929546318745.8984             -0.13244177
929547239875.166              0.14277467
929547295874.4889             -0.17684585
929548217003.8564             0.124426216
929548273003.0793             -0.065083936
929549194132.5469             -0.017985191
929549250131.6697             0.037456267
929550171261.2373             -0.12219932
929550227260.2601             0.02903884
929551148389.9277             0.09642116
929551204388.8505             0.04056023
929552125518.6182             0.062202953
929552181517.4409             0.0982236
929553102647.3086             -0.0117502585
929553158646.0314             0.100469515
929554079775.999              -0.026591701
929554135774.6217             0.15663078
929555056904.6895             0.0789101
929555112903.2122             0.03383247
929556034033.3799             -0.07099893
929556090031.8025             0.047207568
929557011162.0703             -0.16393164
929557067160.393              0.10468648
929557988290.7607             -0.15018928
929558044288.9833             0.00020560049
929558965419.4512             0.20388177
929559021417.5737             0.0052817664
929559942548.1416             -0.09072875
929559998546.1642             0.28618607
929560919676.832              -0.12596059
929560975674.7545             -0.009205173
929561896805.5225             -0.15871714
929561952803.345              -0.0041874032
929562873934.2129             0.23857471
929562929931.9353             -0.040871322
929563851062.9033             0.016281322
929563907060.5258             0.15330602
929564828191.5938             -0.23654088
929564884189.1161             -0.12897305
929565805320.2842             -0.019748215
929565861317.7065             -0.18803035
929566782448.9746             0.07913741
929566838446.297              -0.032471683
929567759577.665              0.04376987
929567815574.8873             0.06306641
929568736706.3555             0.10938714
929568792703.4778             -0.06695741
929569713835.0459             0.015141797
929569769832.0681             0.019619612
929570690963.7363             0.037355207
929570746960.6586             -0.0040162746
929571668092.4268             0.083240815
929571724089.2489             0.0057472377
929572645221.1172             0.120915994
929572701217.8394             0.06901323
929573622349.8076             0.05992485
929573678346.4298             0.17368966
929574599478.498              0.053079195
929574655475.0201             0.03481449
929575576607.1885             -0.06205426
929575632603.6106             0.051671583
929576553735.8789             0.12530331
929576609732.2009             -0.03221358
929577530864.5693             0.042889282
929577586860.7914             0.011540806
929578507993.2598             0.008639221
929578563989.3817             -0.019884538
929579485121.9502             0.08657526
929579541117.9722             0.09672135
929580462250.6406             -0.095781356
929580518246.5626             -0.025403064
929581439379.331              -0.15243012
929581495375.153              -0.0065872087
929582416508.0215             -0.029164007
929582472503.7434             0.006684711
929583393636.7119             -0.048474528
929583449632.3337             -0.0748005
929584370765.4023             0.008718715
929584426760.9242             0.11338003
929585347894.0928             0.18065545
929585403889.5146             0.14379106
929586325022.7832             0.12828343
929586381018.105              0.3409156
929587302151.4736             0.27622285
929587358146.6954             0.27980557
929588279280.1641             -0.0505251
929588335275.2858             0.27805036
929589256408.8545             0.087776974
929589312403.8762             -0.042243794
929590233537.5449             -0.09660947
929590289532.4666             0.13068844
929591210666.2354             -0.19939183
929591266661.057              -0.019260736
929592187794.9258             -0.05612233
929592243789.6475             -0.06087563
929593164923.6162             -0.2209345
929593220918.2378             0.07008856
929594142052.3066             -0.0016156157
929594198046.8282             -0.25302857
929595119180.9971             -0.005179739
929595175175.4186             0.07175113
929596096309.6875             0.121074654
929596152304.009              -0.0017854315
929597073438.3779             0.41288024
929597129432.5994             -0.073325574
929598050567.0684             0.31771243
929598106561.1898             0.18797943
929599027695.7588             0.08334936
929599083689.7803             0.063720055
929600004824.4492             -0.043125074
929600060818.3706             -0.09600362
929600981953.1396             0.2607092
929601037946.961              -0.023622753
929601959081.8301             0.026595647
929602015075.5514             0.16142942
929602936210.5205             -0.050601307
929602992204.1418             0.013291198
929603913339.2109             -0.17525738
929603969332.7322             -0.03436926
929604890467.9014             -0.112640545
929604946461.3226             -0.093242936
929605867596.5918             0.120923616
929605923589.9131             0.0122691
929606844725.2822             -0.037711173
929606900718.5034             0.08252
929607821853.9727             0.00013333236
929607877847.0939             -0.0719982
929608798982.6631             0.11336692
929608854975.6842             0.108011186
929609776111.3535             -0.03430459
929609832104.2747             -0.10772671
929610753240.044              0.27211353
929610809232.865              0.029320441
929611730368.7345             0.17133752
929611786361.4554             0.34188613
929612707497.4249             0.16752714
929612763490.0459             0.2596359
929613684626.1154             0.02674546
929613740618.6362             0.10921089
929614661754.8058             -0.039005272
929614717747.2267             0.011953555
929615638883.4962             0.03771229
929615694875.817              0.056483556
929616616012.1866             0.16080135
929616672004.4075             -0.29311424
929617593140.8771             0.14144611
929617649132.9979             0.13181388
929618570269.5675             0.18365583
929618626261.5883             0.018405957
929619547398.2579             0.05275095
929619603390.1787             0.06891595
929620524526.9484             -0.20611137
929620580518.769              -0.0151178995
929621501655.6388             -0.17043199
929621557647.3595             -0.1251984
929622478784.3292             0.051563643
929622534775.9498             -0.13750076
929623455913.0197             -0.052023165
929623511904.5403             0.040305626
929624433041.7101             0.14204414
929624489033.1307             -0.020014502
929625410170.4005             0.022706714
929625466161.7211             0.0084484555
929626387299.091              0.08090101
929626443290.3115             0.09966217
929627364427.7814             0.016691385
929627420418.9019             0.10503085
929628341556.4718             0.06577652
929628397547.4923             0.060836766
929629318685.1622             -0.024791297
929629374676.0826             0.033704046
929630295813.8527             -0.109433435
929630351804.6731             -0.0892698
929631272942.5431             0.031724405
929631328933.2635             -0.047474734
929632250071.2335             0.03322559
929632306061.8539             0.08943143
929633227199.924              0.009880688
929633283190.4443             0.12047467
929634204328.6144             0.14310043
929634260319.0347             0.048868477
929635181457.3048             0.12950669
929635237447.6251             -0.019801974
929636158585.9952             0.10545589
929636214576.2155             -0.031308018
929637135714.6857             0.025057072
929637191704.8059             0.022108367
929638112843.3761             -0.05927344
929638168833.3964             0.019229138
929639089972.0665             0.18514752
929639145961.9867             -0.114923194
929640067100.757              -0.051855702
929640123090.5771             0.12534517
929641044229.4474             -0.16366576
929641100219.1675             -0.08720905
929642021358.1378             -0.03714865
929642077347.7579             -0.089285284
929642998486.8282             -0.17027017
929643054476.3484             0.09958384
929643975615.5187             -0.20697857
929644031604.9387             -0.15844037
929644952744.2091             0.0030808656
929645008733.5292             -0.11151477
929645929872.8995             -0.10259235
929645985862.1195             0.122785084
929646907001.59               -0.30463776
929646962990.71               0.13790105
929647884130.2804             -0.20410265
929647940119.3003             -0.1782095
929648861258.9708             0.055105258
929648917247.8907             -0.08995205
929649838387.6613             0.044618875
929649894376.4812             -0.1294474
929650815516.3517             0.043818653
929650871505.0715             -0.040647447
929651792645.0421             0.0024004022
929651848633.662              -0.05787453
929652769773.7325             -0.17152587
929652825762.2523             0.049701694
929653746902.423              -0.07188378
929653802890.8428             0.11293386
929654724031.1134             -0.02335619
929654780019.4331             -0.1416787
929655701159.8038             -0.029114014
929655757148.0236             -0.14537771
929656678288.4943             0.036665287
929656734276.614              0.050799027
929657655417.1847             0.25216722
929657711405.2043             0.032456752
929658632545.8751             0.05196025
929658688533.7948             0.16033246
929659609674.5656             0.0666036
929659665662.3851             -0.0783336
929660586803.256              -0.075481564
929660642790.9756             0.019690417
929661563931.9464             -0.010279362
929661619919.5659             -0.20407699
929662541060.6368             -0.1483014
929662597048.1564             0.0357671
929663518189.3273             0.036406472
929663574176.7468             0.022832263
929664495318.0177             0.015360016
929664551305.3372             0.13680823
929665472446.7081             -0.04185585
929665528433.9276             0.12211444
929666449575.3986             -0.073612615
929666505562.518              -0.06467791
929667426704.089              0.084868334
929667482691.1084             -0.1809987
929668403832.7794             -0.03470158
929668459819.6987             -0.18255535
929669380961.4698             -0.18710792
929669436948.2892             -0.15953079
929670358090.1603             0.07455521
929670414076.8796             -0.06570781
929671335218.8507             -0.0722112
929671391205.47               0.032995418
929672312347.5411             -0.046337567
929672368334.0604             0.0072397324
929673289476.2316             0.09852641
929673345462.6508             0.047263276
929674266604.922              0.16167209
929674322591.2412             0.022197053
929675243733.6124             0.060385164
929675299719.8317             -0.0011337867
929676220862.3029             -0.007195477
929676276848.422              -0.02459955
929677197990.9933             0.021201992
929677253977.0125             -0.21235178
929678175119.6837             0.06448269
929678231105.6028             0.13540162
929679152248.3741             -0.23015767
929679208234.1932             0.1297538
929680129377.0646             -0.3198795
929680185362.7836             -0.16187659
929681106505.755              -0.19493964
929681162491.374              -0.1472363
929682083634.4454             -0.05359146
929682139619.9645             0.024065087
929683060763.1359             -0.074853994
929683116748.5548             -0.015244686
929684037891.8263             -0.06791607
929684093877.1453             -0.39819452
929685015020.5167             0.12351767
929685071005.7356             -0.21225274
929685992149.2072             0.0276542
929686048134.326              0.2825355
929686969277.8976             -0.02526684
929687025262.9164             0.027897857
929687946406.588              -0.20093442
929688002391.5068             -0.118849754
929688923535.2784             -0.10760378
929689900663.9689             -0.25519186
929690877792.6593             -0.14163704
929691854921.3497             0.040973276
929692832050.0402             0.05374531
929693809178.7306             0.0033869403
929694786307.421              -0.12543048
929695763436.1115             -0.15697895
929696740564.8019             0.017109543
929697717693.4923             -0.025774047
929698694822.1827             -0.05233124
929699671950.8732             -0.050118458
929700649079.5636             -0.12884228
929701626208.254              -0.010882263
929702603336.9445             0.20651865
929703580465.6349             0.1457702
929704557594.3253             -0.17350613
929705534723.0157             0.033138517
929706511851.7062             0.054191925
929707488980.3966             -0.0616488
929708466109.087              0.0750559
929709443237.7775             0.08561988
929710420366.4679             0.043188993
929711397495.1583             0.19091146
929712374623.8488             0.09318797
929713351752.5392             0.12889528
929714328881.2296             0.049281415
929715306009.92               0.004696749
929716283138.6105             0.037334193
929717260267.3009             0.019665398
929718237395.9913             0.043840464
929719214524.6818             -0.034024227
929720191653.3722             -0.15681732
929721168782.0626             -0.2505554
929722145910.753              0.14448759
929723123039.4435             0.18932222
929724100168.1339             0.2502768
929725077296.8243             -0.10833515
929726054425.5148             -0.047784295
929727031554.2052             -0.20381737
929728008682.8956             -0.1855348
929728985811.586              -0.035813823
929729962940.2765             -0.013569971
929730940068.9669             0.09600966
929731917197.6573             0.28843212
929732894326.3478             0.1440448
929733871455.0382             0.15058328
929734848583.7286             0.23476487
929735825712.4191             0.033694714
929736802841.1095             0.09370918
929737779969.7999             0.08802672
929738757098.4904             0.06038509
929739734227.1808             0.1350173
929740711355.8712             0.014622745
929741688484.5616             -0.20118627
929742665613.2521             -0.28343016
929743642741.9425             -0.12357136
929744619870.6329             -0.04943351
929745596999.3234             -0.22252071
929746574128.0138             0.019973334
929747551256.7042             -0.027974062
929748528385.3947             0.17778
929749505514.0851             -0.07145036
929750482642.7755             -0.057414394
929751459771.466              0.115731575
929752436900.1564             0.20881711
929753414028.8468             -0.13437906
929754391157.5372             -0.23842835
929755368286.2277             -0.14719862
929756345414.9181             0.024716461
929757322543.6085             0.27353314
929758299672.299              0.016503753
929759276800.9894             -0.0186004
929760253929.6798             -0.019827126
929761231058.3702             0.09839927
929762208187.0607             -0.0015977806
929763185315.7511             0.0020963207
929764162444.4415             -0.10707376
929765139573.132              0.13938053
929766116701.8224             0.1848645
929767093830.513              0.065595746
929768070959.2034             -0.1308967
929769048087.8938             0.08663072
929770025216.5842             -0.0053237253
929771002345.2747             -0.21494795
929771979473.9651             -0.09777466
929772956602.6555             -0.25821164
929773933731.346              -0.2399022
929774910860.0364             0.037929144
929775887988.7268             0.0059693004
929776865117.4172             0.0071598757
929777842246.1077             -0.18877243
929778819374.7981             -0.07302744
929779796503.4885             0.03561846
929780773632.179              -0.13559008
929781750760.8694             -0.08762831
929782727889.5598             0.14053538
929783705018.2502             0.1574362
929784682146.9407             0.016528944
929785659275.6311             -0.041895263
929786636404.3215             -0.079770386
929787613533.012              -0.083519906
929788590661.7024             0.0806092
929789567790.3928             -0.06133308
929790544919.0833             -0.038480997
929791522047.7737             -0.030349627
929792499176.4641             -0.0334748
929793476305.1545             -0.20165813
929794453433.845              -0.27419266
929795430562.5354             0.06371928
929796407691.2258             0.09800231
929797384819.9163             -0.03807133
929798361948.6067             -0.15778776
929799339077.2971             0.17918742
929800316205.9875             0.04636793
929801293334.678              0.024158694
929802270463.3684             -0.08244764
929803247592.0588             -0.19940853
929804224720.7493             -0.0859693
929805201849.4397             0.20951626
929806178978.1301             0.11117052
929807156106.8206             -0.09953182
929808133235.511              0.11214518
929809110364.2014             0.026990792
929810087492.8918             -0.1126913
929811064621.5823             0.13948794
929812041750.2727             0.07808853
929813018878.9631             0.01011221
929813996007.6536             0.12336812
929814973136.344              0.12733218
929815950265.0344             0.21354754
929816927393.7249             -0.01685574
929817904522.4153             0.021137634
929818881651.1057             0.03157316
929819858779.7961             0.09667885
929820835908.4866             0.11624169
929821813037.177              0.23341693
929822790165.8674             0.14194788
929823767294.5579             -0.2271487
929824744423.2483             -0.029076537
929825721551.9387             0.26404387
929826698680.6292             -0.02695587
929827675809.3196             0.05525297
929828652938.01               0.18768284
929829630066.7004             0.07093482
929830607195.3909             -0.051539093
929831584324.0813             0.052380454
929832561452.7717             -0.19539098
929833538581.4622             0.08953194
929834515710.1526             0.17740366
929835492838.843              0.11377284
929836469967.5334             -0.06683336
929837447096.2239             0.18808538
929838424224.9143             -0.07337425
929839401353.6047             -0.22503798
929840378482.2952             -0.27701634
929841355610.9856             -0.04507632
929842332739.676              0.10820381
929843309868.3665             0.22029638
929844286997.0569             -0.07952867
929845264125.7473             0.10520031
929846241254.4377             -0.23590116
929847218383.1282             0.011223255
929848195511.8186             0.036933936
929849172640.509              0.12250579
929850149769.1995             0.15692842
929851126897.8899             -0.015343108
929852104026.5803             -0.15612029
929853081155.2708             -0.035148866
929854058283.9612             -0.037941072
929855035412.6516             0.05084462
929856012541.342              0.19828652
929856989670.0325             0.06840217
929857966798.7229             0.21787672
929858943927.4133             -0.032025807
929859921056.1038             -0.029749302
929860898184.7942             0.074580476
929861875313.4846             0.24589856
929862852442.175              -0.15252893
929863829570.8655             -0.22559032
929864806699.5559             0.13592309
929865783828.2463             0.15054326
929866760956.9368             0.08014916
929867738085.6272             -0.0684118
929868715214.3176             0.0075745024
929869692343.008              -0.056761734
929870669471.6985             -0.07777394
929871646600.3889             0.0949591
929872623729.0793             0.29918513
929873600857.7698             -0.080810025
929874577986.4602             -0.291086
929875555115.1506             -0.032871168
929876532243.8411             0.1621899
929877509372.5315             0.10541832
929878486501.2219             0.044332054
929879463629.9124             -0.047130685
929880440758.6028             -0.15562421
929881417887.2932             -0.039210718
929882395015.9836             -0.003688123
929883372144.6741             -0.012932341
929884349273.3645             0.06371465
929885326402.0549             0.0015996826
929886303530.7454             0.017324518
929887280659.4358             -0.047376536
929888257788.1262             -0.3322717
929889234916.8167             -0.18416923
929890212045.5071             0.11827666
929891189174.1975             0.07292498
929892166302.888              -0.15896669
929893143431.5784             -0.114571415
929894120560.2688             -0.02337826
929895097688.9592             0.18712692
929896074817.6497             -0.060433693
929897051946.3401             0.050851405
929898029075.0305             0.24983265
929899006203.721              0.11235346
929899983332.4114             -0.06413247
929900960461.1018             0.061320204
929901937589.7922             0.23009299
929902914718.4827             0.22017017
929903891847.1731             -0.019923307
929904868975.8635             -0.048623186
929905846104.554              -0.05832661
929906823233.2444             0.011130208
929907800361.9348             0.14230117
929908777490.6252             -0.066537164
929909754619.3157             0.13064231
929910731748.0061             0.113382384
929911708876.6965             0.06654766
929912686005.387              0.123225205
929913663134.0774             -0.20968682
929914640262.7678             -0.013526923
929915617391.4583             -0.0036393635
929916594520.1487             0.21912764
929917571648.8391             0.08695917
929918548777.5295             0.135586
929919525906.22               0.066925816
929920503034.9104             0.022542669
929921480163.6008             0.1369813
929922457292.2914             0.057547458
929923434420.9818             0.22506452
929924411549.6722             0.15216573
929925388678.3627             0.2091521
929926365807.0531             -0.10321
929927342935.7435             0.077861264
929928320064.434              0.2937676
929929297193.1244             -0.06354916
929930274321.8148             -0.25627175
929931251450.5052             -0.05854709
929932228579.1957             0.15062968
929933205707.8861             -0.022111094
929934182836.5765             0.062396165
929935159965.267              0.050604396
929936137093.9574             0.24861728
929937114222.6478             -0.13231163
929938091351.3383             -0.13436139
929939068480.0287             -0.03811409
929940045608.7191             0.23287822
929941022737.4095             -0.050765365
929941999866.1                0.044411264
929942976994.7904             -0.12363349
929943954123.4808             -0.2190888
929944931252.1713             0.050645143
929945908380.8617             0.19148417
929946885509.5521             0.11994074
929947862638.2426             0.10585009
929948839766.933              0.22636546
929949816895.6234             0.020554245
929950794024.3138             0.10897451
929951771153.0043             0.04121587
929952748281.6947             -0.00407085
929953725410.3851             0.19790892
929954702539.0756             0.094418384
929955679667.766              -0.03664484
929956656796.4564             0.039848838
929957633925.1469             0.071555786
929958611053.8373             -0.004422668
929959588182.5277             0.22025406
929960565311.2181             0.1935337
929961542439.9086             0.15123175
929962519568.599              0.059958737
929963496697.2894             -0.34596166
929964473825.9799             -0.1407054
929965450954.6703             0.28779635
929966428083.3607             0.19616544
929967405212.0511             0.06913757
929968382340.7416             0.13163
929969359469.432              0.17752694
929970336598.1224             -0.030477094
929971313726.8129             0.032140333
929972290855.5033             0.08962489
929973267984.1937             0.028413465
929974245112.8842             0.029717015
929975222241.5746             0.1023733
929976199370.265              0.027993506
929977176498.9554             0.09769712
929978153627.6459             0.13776198
929979130756.3363             0.32367182
929980107885.0267             0.12793364
929981085013.7172             0.04841836
929982062142.4076             -0.080562934
929983039271.098              -0.13920023
929984016399.7885             -0.04699498
929984993528.4789             0.053790454
929985970657.1693             0.256729
929986947785.8597             0.16263764
929987924914.5502             -0.12373345
929988902043.2406             -0.1709818
929989879171.931              0.03138452
929990856300.6215             -0.038853854
929991833429.3119             0.30277002
929992810558.0023             0.29625493
929993787686.6927             0.21583582
929994764815.3832             0.04933015
929995741944.0736             0.16381131
929996719072.764              0.07985196
929997696201.4545             0.072653964
929998673330.1449             0.043304097
929999650458.8353             -0.31637833
930000627587.5258             -0.08305428
930001604716.2162             0.026153333
930002581844.9066             -0.15990695
930003558973.597              -0.18028426
930004536102.2875             -0.08229318
930005513230.9779             -0.04028232
930006490359.6683             0.21881159
930007467488.3588             0.22981374
930008444617.0492             0.055668466
930009421745.7396             0.03457318
930010398874.43               0.006130662
930011376003.1205             -0.061072897
930012353131.8109             0.1526135
930013330260.5013             0.11412698
930014307389.1918             -0.14509064
930015284517.8822             -0.089966685
930016261646.5726             -0.078971915
930017238775.2631             -0.25849265
930018215903.9535             -0.20912136
930019193032.6439             0.10502671
930020170161.3344             -0.05937923
930021147290.0248             0.09213665
930022124418.7152             -0.0074642473
930023101547.4056             0.17554688
930024078676.0961             0.042407624
930025055804.7865             0.010076883
930026032933.4769             0.08016024
930027010062.1674             0.05908888
930027987190.8578             0.19524585
930028964319.5482             0.098773554
930029941448.2386             -0.2664082
930030918576.9291             -0.07433067
930031895705.6195             -0.040498026
930032872834.3099             0.16009931
930033849963.0004             0.12463305
930034827091.6908             0.13376224
930035804220.3812             0.068342075
930036781349.0717             0.040334262
930037758477.7621             -0.1153055
930038735606.4525             -0.23888119
930039712735.143              -0.07501682
930040689863.8334             -0.1355878
930041666992.5238             0.16522308
930042644121.2142             0.29534847
930043621249.9047             0.17674229
930044598378.5951             0.07743469
930045575507.2855             0.31542903
930046552635.976              -0.096085146
930047529764.6664             -0.20615703
930048506893.3568             0.051915225
930049484022.0472             0.10831657
930050461150.7377             -0.22833167
930051438279.4281             0.09401343
930052415408.1185             0.20709734
930053392536.809              0.10155077
930054369665.4994             0.19897294
930055346794.1898             0.046783876
930056323922.8802             0.04944435
930057301051.5707             -0.14187358
930058278180.2611             -0.08772105
930059255308.9515             0.29410788
930060232437.642              0.06635312
930061209566.3324             0.1448629
930062186695.0228             0.04476305
930063163823.7133             -0.16025814
930064140952.4037             -0.10301909
930065118081.0941             0.01112396
930066095209.7845             0.07873969
930067072338.475              -0.021825405
930068049467.1654             -0.09684129
930069026595.8558             -0.12199412
930070003724.5463             0.14786284
930070980853.2367             -0.08650184
930071957981.9271             -0.1513074
930072935110.6176             -0.0037149778
930073912239.308              0.097763374
930074889367.9984             0.063379735
930075866496.6888             0.24216169
930076843625.3794             0.20979272
930077820754.0698             0.07589597
930078797882.7603             -0.19905517
930079775011.4507             0.022237878
930080752140.1411             0.1745664
930081729268.8315             0.09695587
930082706397.522              0.005435382
930083683526.2124             0.124023385
930084660654.9028             0.029861333
930085637783.5933             -0.03889722
930086614912.2837             4.4016593e-05
930087592040.9741             0.056171868
930088569169.6646             0.18070213
930089546298.355              -0.103870444
930090523427.0454             0.05669489
930091500555.7358             0.11309049
930092477684.4263             -0.026270034
930093454813.1167             -0.09101063
930094431941.8071             -0.026728816
930095409070.4976             0.1788901
930096386199.188              0.018384304
930097363327.8784             0.052760042
930098340456.5688             -0.016694102
930099317585.2593             0.084454425
930100294713.9497             0.23220687
930101271842.6401             0.2716337
930102248971.3306             -0.0043681823
930103226100.021              -0.036631618
930104203228.7114             0.18977448
930105180357.4019             0.0004321958
930106157486.0923             -0.065842204
930107134614.7827             -0.024598565
930108111743.4731             -0.21442197
930109088872.1636             -0.2360133
930110066000.854              -0.0738428
930111043129.5444             0.059540134
930112020258.2349             0.07777018
930112997386.9253             0.1222154
930113974515.6157             0.14930344
930114951644.3062             0.060217764
930115928772.9966             -0.07989708
930116905901.687              0.025100932
930117883030.3774             -0.0026342
930118860159.0679             -0.043221775
930119837287.7583             -0.096445054
930120814416.4487             -0.034645688
930121791545.1392             -0.08636463
930122768673.8296             -0.104366995
930123745802.52               0.003136446
930124722931.2104             -0.080836765
930125700059.9009             -0.20503649
930126677188.5913             -0.035313617
930127654317.2817             -0.11033876
930128631445.9722             0.05734805
930129608574.6626             -0.12532182
930130585703.353              -0.031437602
930131562832.0435             -0.09711225
930132539960.7339             0.16230507
930133517089.4243             0.10455893
930134494218.1147             -0.12765288
930135471346.8052             -0.115363136
930136448475.4956             -0.03405253
930137425604.186              0.036575835
930138402732.8765             -0.17094691
930139379861.5669             -0.08018266
930140356990.2573             -0.004347424
930141334118.9478             -0.09132126
930142311247.6382             0.16879791
930143288376.3286             -0.048077468
930144265505.019              -0.003759261
930145242633.7095             -0.04758313
930146219762.3999             -0.088883616
930147196891.0903             -0.25256997
930148174019.7808             -0.049739007
930149151148.4712             -0.09809286
930150128277.1616             -0.0064669177
930151105405.852              -0.17638873
930152082534.5425             -0.22020869
930153059663.2329             0.13899751
930154036791.9233             -0.06668907
930155013920.6138             -0.124970384
930155991049.3042             -0.24897294
930156968177.9946             0.05410094
930157945306.685              0.16397321
930158922435.3755             0.11467597
930159899564.0659             0.044161443
930160876692.7563             0.20244528
930161853821.4468             0.2904051
930162830950.1372             -0.08451074
930163808078.8276             -0.09135918
930164785207.5181             -0.14755218
930165762336.2085             -0.3929158
930166739464.8989             -0.14041482
930167716593.5894             -0.078250274
930168693722.2798             -0.071563266
930169670850.9702             -0.3262402
930170647979.6606             0.03985381
930171625108.3511             0.20729516
930172602237.0415             0.18365781
930173579365.7319             0.0045541045
930174556494.4224             0.0670716
930175533623.1128             0.13623
930176510751.8032             -0.00018355492
930177487880.4937             -0.23192707
930178465009.1841             -0.1819454
930179442137.8745             0.053631574
930180419266.565              -0.0029376077
930181396395.2554             0.33498052
930182373523.9458             0.2663821
930183350652.6362             0.045526076
930184327781.3267             -0.035626393
930185304910.0171             0.106896706
930186282038.7075             -0.16594672
930187259167.398              -0.25171098
930188236296.0884             0.038699828
930189213424.7788             0.22923827
930190190553.4692             -0.08873275
930191167682.1597             0.10519686
930192144810.8501             -0.1368859
930193121939.5405             -0.052118275
930194099068.231              -0.0118561
930195076196.9214             -0.034688804
930196053325.6118             0.12381997
930197030454.3022             0.032044776
930198007582.9927             0.07438752
930198984711.6831             0.015188703
930199961840.3735             -0.30439302
930200938969.064              -0.10468416
930201916097.7544             -0.18734689
930202893226.4448             -0.08707756
930203870355.1353             0.0992738
930204847483.8257             0.021603797
930205824612.5161             -0.13924503
930206801741.2065             0.104743
930207778869.897              0.044298947
930208755998.5874             -0.16155285
930209733127.2778             -0.14570335
930210710255.9683             0.07356821
930211687384.6587             0.13446069
930212664513.3491             0.19810559
930213641642.0396             0.12780286
930214618770.73               -0.0387392
930215595899.4204             0.002041647
930216573028.1108             -0.16474414
930217550156.8013             -0.05483429
930218527285.4917             -0.17321424
930219504414.1821             -0.044369876
930220481542.8726             0.169433
930221458671.563              -0.008356758
930222435800.2534             -0.014128185
930223412928.9438             0.032728333
930224390057.6343             0.1341325
930225367186.3247             0.12921219
930226344315.0151             0.13580994
930227321443.7056             -0.0036975597
930228298572.396              -0.014088175
930229275701.0864             -0.024481306
930230252829.7769             0.014260911
930231229958.4673             0.17473963
930232207087.1578             -0.14532207
930233184215.8483             -0.008308208
930234161344.5387             -0.12463199
930235138473.2291             -0.010085312
930236115601.9196             0.058246817
930237092730.61               0.0052769794
930238069859.3004             0.14898506
930239046987.9908             -0.09132173
930240024116.6813             0.090852834
930241001245.3717             0.24227321
930241978374.0621             0.012393185
930242955502.7526             -0.018732887
930243932631.443              -0.21135344
930244909760.1334             -0.06369609
930245886888.8239             -0.13282332
930246864017.5143             -0.076666735
930247841146.2047             -0.021212388
930248818274.8951             0.13173792
930249795403.5856             0.07150203
930250772532.276              -0.05730504
930251749660.9664             -0.21078233
930252726789.6569             0.16382287
930253703918.3473             0.16776475
930254681047.0377             -0.36308733
930255658175.7281             -0.037653897
930256635304.4186             0.07712369
930257612433.109              -0.08771645
930258589561.7994             -0.07992985
930259566690.4899             0.20089535
930260543819.1803             0.2767047
930261520947.8707             -0.034451578
930262498076.5612             0.07472824
930263475205.2516             -0.059813734
930264452333.942              -0.20571104
930265429462.6324             -0.26247966
930266406591.3229             -0.28887784
930267383720.0133             -0.2944741
930268360848.7037             -0.082336
930269337977.3942             -0.140817
930270315106.0846             -0.15333565
930271292234.775              -0.12075316
930272269363.4655             -0.18120834
930273246492.1559             -0.10191574
930274223620.8463             0.020579638
930275200749.5367             0.1909889
930276177878.2272             0.048141032
930277155006.9176             -0.034021508
930278132135.608              0.016801395
930279109264.2985             -0.040433086
930280086392.9889             -0.11896617
930281063521.6793             0.15329874
930282040650.3698             0.2204627
930283017779.0602             -0.018605096
930283994907.7506             -0.007482646
930284972036.441              0.010295871
930285949165.1315             0.04893105
930286926293.8219             -0.18346785
930287903422.5123             -0.04824706
930288880551.2028             0.2275988
930289857679.8932             0.021051338
930290834808.5836             0.1521033
930291811937.274              0.055707328
930292789065.9645             0.13798381
930293766194.6549             -0.22038648
930294743323.3453             -0.036308035
930295720452.0358             0.22143927
930296697580.7262             0.25368
930297674709.4166             0.23643707
930298651838.107              0.08496684
930299628966.7975             0.22995277
930300606095.4879             0.42487717
930301583224.1783             0.13846883
930302560352.8688             -0.17120394
930303537481.5592             -0.020692814
930304514610.2496             0.12791307
930305491738.9401             0.038162626
930306468867.6305             -0.055726815
930307445996.3209             0.096268244
930308423125.0114             0.066343434
930309400253.7018             -0.1513749
930310377382.3922             0.0066940584
930311354511.0826             -0.049229734
930312331639.7731             -0.12946899
930313308768.4635             -0.152529
930314285897.1539             0.002734656
930315263025.8444             -0.11734865
930316240154.5348             -0.00037357284
930317217283.2252             0.1509465
930318194411.9156             0.09644097
930319171540.6061             -0.25627565
930320148669.2965             -0.20932908
930321125797.9869             0.04654131
930322102926.6774             0.013626089
930323080055.3678             -0.03917407
930324057184.0582             -0.3420539
930325034312.7487             0.075091116
930326011441.4391             0.4046343
930326988570.1295             0.17293264
930327965698.82               -0.044748947
930328942827.5104             -0.33885163
930329919956.2008             0.12383744
930330897084.8912             0.13761556
930331874213.5817             -0.16871125
930332851342.2721             0.16776244
930333828470.9625             0.15661797
930334805599.653              0.0050777216
930335782728.3434             -0.18974438
930336759857.0338             -0.120372444
930337736985.7242             -0.015684746
930338714114.4147             -0.23049459
930339691243.1051             -0.049162257
930340668371.7955             -0.04502517
930341645500.486              0.010610621
930342622629.1764             0.04507383
930343599757.8668             0.044508703
930344576886.5573             0.16659999
930345554015.2477             0.08289746
930346531143.9381             0.12006593
930347508272.6285             0.20643821
930348485401.319              0.21040344
930349462530.0094             0.0038651282
930350439658.6998             0.1869917
930351416787.3903             0.0065862415
930352393916.0807             -0.2310283
930353371044.7711             -0.11516411
930354348173.4615             0.14537212
930355325302.152              0.026641378
930356302430.8424             -0.069579795
930357279559.5328             -0.09761504
930358256688.2233             -0.27285403
930359233816.9137             -0.26532093
930360210945.6041             -0.078325555
930361188074.2946             0.1682037
930362165202.985              0.047895327
930363142331.6754             -0.3561889
930364119460.3658             -0.035060912
930365096589.0563             0.09361638
930366073717.7467             -0.2246629
930367050846.4371             -0.11969967
930368027975.1276             -0.20554015
930369005103.818              -0.08392126
930369982232.5084             0.26616228
930370959361.1989             0.14868475
930371936489.8893             0.037141405
930372913618.5797             -0.036236577
930373890747.2701             -0.043421023
930374867875.9606             -0.16361557
930375845004.651              0.08461085
930376822133.3414             -0.03794895
930377799262.0319             0.047465622
930378776390.7223             0.034008946
930379753519.4127             0.11527987
930380730648.1031             0.0723621
930381707776.7936             0.10724506
930382684905.484              -0.16595066
930383662034.1744             -0.09718028
930384639162.8649             -0.0759478
930385616291.5553             -0.16702768
930386593420.2457             -0.22499692
930387570548.9363             -0.13354082
930388547677.6267             0.1271872
930389524806.3171             0.37119004
930390501935.0076             0.14741173
930391479063.698              -0.008643199
930392456192.3884             0.15971012
930393433321.0789             0.09023643
930394410449.7693             0.053451534
930395387578.4597             0.13391945
930396364707.1501             -0.01066809
930397341835.8406             0.15878946
930398318964.531              0.09108582
930399296093.2214             -0.03344225
930400273221.9119             0.00050924625
930401250350.6023             0.32656217
930402227479.2927             -0.009660018
930403204607.9832             -0.022058602
930404181736.6736             -0.0022019553
930405158865.364              0.024771582
930406135994.0544             -0.1010662
930407113122.7449             -0.044004016
930408090251.4353             -0.13632995
930409067380.1257             0.12634094
930410044508.8162             0.12203157
930411021637.5066             0.13856117
930411998766.197              0.07283899
930412975894.8875             0.2105146
930413953023.5779             0.14425033
930414930152.2683             0.030712219
930415907280.9587             -0.07297059
930416884409.6492             -0.060204487
930417861538.3396             -0.025034841
930418838667.03               -0.18226905
930419815795.7205             -0.16528562
930420792924.4109             0.020246098
930421770053.1013             0.04680318
930422747181.7917             -0.15502578
930423724310.4822             -0.1551633
930424701439.1726             -0.19270717
930425678567.863              0.07831004
930426655696.5535             0.3437161
930427632825.2439             0.15759388
930428609953.9343             0.014529999
930429587082.6248             -0.04222151
930430564211.3152             -0.20262884
930431541340.0056             -0.28517872
930432518468.696              0.091984905
930433495597.3865             -0.091950454
930434472726.0769             -0.140434
930435449854.7673             -0.10467795
930436426983.4578             -0.035138287
930437404112.1482             -0.047264002
930438381240.8386             -0.10916108
930439358369.529              0.0957081
930440335498.2195             0.1482209
930441312626.9099             0.030967323
930442289755.6003             0.0023209422
930443266884.2908             0.02368286
930444244012.9812             0.019329354
930445221141.6716             -0.050912026
930446198270.362              -0.05133063
930447175399.0525             -0.14707558
930448152527.7429             -0.008831036
930449129656.4333             -0.0563628
930450106785.1238             0.10507404
930451083913.8142             0.11737342
930452061042.5046             0.14741103
930453038171.1951             0.18704669
930454015299.8855             0.087263376
930454992428.5759             -0.06021576
930455969557.2664             -0.35046312
930456946685.9568             -0.15845451
930457923814.6472             -0.22054935
930458900943.3376             -0.01110627
930459878072.0281             -0.16390997
930460855200.7185             -0.13401076
930461832329.4089             -0.10607019
930462809458.0994             0.04576339
930463786586.7898             0.08249968
930464763715.4802             -0.011571137
930465740844.1707             0.046685744
930466717972.8611             0.22084649
930467695101.5515             0.34864914
930468672230.242              0.005500467
930469649358.9324             -0.12595475
930470626487.6228             -0.11240034
930471603616.3132             -0.091284715
930472580745.0037             0.10385057
930473557873.6941             -0.12511289
930474535002.3845             -0.14533062
930475512131.075              0.104337916
930476489259.7654             0.22357978
930477466388.4558             0.039912317
930478443517.1462             -0.056797173
930479420645.8367             -0.0042181327
930480397774.5271             -0.0034663195
930481374903.2175             0.023169264
930482352031.908              -0.04042374
930483329160.5984             0.30845052
930484306289.2888             -0.031708334
930485283417.9792             -0.2552581
930486260546.6697             -0.03690147
930487237675.3601             -0.16817462
930488214804.0505             -0.30311832
930489191932.741              -0.15793598
930490169061.4314             0.04995257
930491146190.1218             -0.14420056
930492123318.8123             0.041980423
930493100447.5027             0.061331224
930494077576.1931             -0.10913216
930495054704.8835             -0.13675609
930496031833.574              -0.10273392
930497008962.2644             0.07693031
930497986090.9548             0.116647124
930498963219.6453             -0.14544609
930499940348.3357             -0.21163194
930500917477.0261             -0.31411773
930501894605.7166             -0.09700974
930502871734.407              -0.1510265
930503848863.0974             -0.0743012
930504825991.7878             -0.18955228
930505803120.4783             -0.30789182
930506780249.1687             -0.1622314
930507757377.8591             -0.13088314
930508734506.5496             0.017774893
930509711635.24               -0.105461225
930510688763.9304             -0.10089792
930511665892.6208             0.018139735
930512643021.3113             0.20670937
930513620150.0017             0.10452005
930514597278.6921             -0.2215052
930515574407.3826             -0.2872081
930516551536.073              -0.1692035
930517528664.7634             0.12776943
930518505793.4539             0.044609316
930519482922.1443             -0.109578766
930520460050.8347             0.06574591
930521437179.5251             -0.08459356
930522414308.2156             -0.006479947
930523391436.906              0.052445862
930524368565.5964             -0.12223389
930525345694.2869             -0.11058599
930526322822.9773             0.0020815758
930527299951.6677             -0.082981475
930528277080.3582             0.077858716
930529254209.0486             -0.13697092
930530231337.739              -0.22369559
930531208466.4294             0.053437967
930532185595.1199             0.14913227
930533162723.8103             -0.21429469
930534139852.5007             -0.20405492
930535116981.1912             0.13805565
930536094109.8816             0.16402644
930537071238.572              0.05255064
930538048367.2625             0.050719973
930539025495.9529             -0.09931653
930540002624.6433             -0.04415811
930540979753.3337             -0.05340657
930541956882.0242             0.109794006
930542934010.7147             -0.09642595
930543911139.4052             0.04479401
930544888268.0956             -0.14819758
930545865396.786              -0.042767204
930546842525.4764             0.13124196
930547819654.1669             0.12561905
930548796782.8573             0.031836115
930549773911.5477             -0.13433772
930550751040.2382             0.19806731
930551728168.9286             0.1328043
930552705297.619              0.13713099
930553682426.3094             0.008168518
930554659554.9999             0.048238974
930555636683.6903             0.1981417
930556613812.3807             0.19801475
930557590941.0712             0.062241003
930558568069.7616             -0.06339525
930559545198.452              -0.009882276
930560522327.1425             0.3133277
930561499455.8329             -0.00053165405
930562476584.5233             -0.17621942
930563453713.2137             -0.34238812
930564430841.9042             -0.034557458
930565407970.5946             -0.3031652
930566385099.285              -0.23437221
930567362227.9755             0.06477478
930568339356.6659             0.10851826
930569316485.3563             0.04620573
930570293614.0468             -0.16121387
930571270742.7372             0.22884111
930572247871.4276             0.057494983
930573225000.118              0.19025481
930574202128.8085             0.18454613
930575179257.4989             0.23126665
930576156386.1893             -0.0076872054
930577133514.8798             0.1573925
930578110643.5702             0.13400888
930579087772.2606             -0.102753796
930580064900.951              -0.17969665
930581042029.6415             -0.13035303
930582019158.3319             -0.0601233
930582996287.0223             0.1529132
930583973415.7128             -0.07224816
930584950544.4032             -0.27967998
930585927673.0936             -0.21575148
930586904801.784              0.005479673
930587881930.4745             -0.03408974
930588859059.1649             -0.054417185
930589836187.8553             0.17719324
930590813316.5458             0.027770242
930591790445.2362             0.043188892
930592767573.9266             0.11191365
930593744702.6171             0.032220215
930594721831.3075             0.13395171
930595698959.9979             0.05307273
930596676088.6884             0.04176004
930597653217.3788             0.04530294
930598630346.0692             -0.13212265
930599607474.7596             -0.09463734
930600584603.4501             -0.09740887
930601561732.1405             -0.1693936
930602538860.8309             -0.20932034
930603515989.5214             -0.100806296
930604493118.2118             -0.009258071
930605470246.9022             -0.09001614
930606447375.5927             -0.02116486
930607424504.2831             0.2709397
930608401632.9735             0.317814
930609378761.664              0.11412414
930610355890.3544             0.041260548
930611333019.0448             -0.05737183
930612310147.7352             0.05261589
930613287276.4257             0.11706469
930614264405.1161             0.029588409
930615241533.8065             0.023998652
930616218662.497              0.19316517
930617195791.1874             -0.047081355
930618172919.8778             -0.030043092
930619150048.5682             0.17090651
930620127177.2587             -0.03374564
930621104305.9491             0.065298565
930622081434.6395             0.4663145
930623058563.33               0.31133327
930624035692.0204             0.15020068
930625012820.7108             0.19532639
930625989949.4012             0.18674845
930626967078.0917             0.04977664
930627944206.7821             0.0029562423
930628921335.4725             0.38953227
930629898464.163              0.14664328
930630875592.8534             0.31343964
930631852721.5438             0.25268358
930632829850.2343             0.11590586
930633806978.9247             0.080401085
930634784107.6151             0.005947815
930635761236.3055             -0.0005095485
930636738364.996              0.030309366
930637715493.6864             -0.18763548
930638692622.3768             0.40066087
930639669751.0673             0.24198279
930640646879.7577             0.0286272
930641624008.4481             -0.111228205
930642601137.1385             -0.056996178
930643578265.829              0.099132344
930644555394.5194             -0.015976349
930645532523.2098             -0.045275006
930646509651.9003             -0.2685842
930647486780.5907             -0.26606172
930648463909.2811             -0.03558842
930649441037.9716             -0.0076367087
930650418166.662              0.058324125
930651395295.3524             -0.03289789
930652372424.0428             0.116414696
930653349552.7333             0.25947466
930654326681.4237             0.2530486
930655303810.1141             0.09920335
930656280938.8046             0.11739986
930657258067.495              0.112386756
930658235196.1854             0.019149672
930659212324.8759             -0.026202371
930660189453.5663             -0.059365276
930661166582.2567             0.23053513
930662143710.9471             0.21844271
930663120839.6376             0.105817735
930664097968.328              0.010948687
930665075097.0184             0.1716592
930666052225.7089             -0.06431559
930667029354.3993             -0.07512718
930668006483.0897             -0.1449098
930668983611.7802             0.10394167
930669960740.4706             0.039591406
930670937869.161              0.0986979
930671914997.8514             -0.04508621
930672892126.5419             -0.04732339
930673869255.2323             -0.20067315
930674846383.9227             0.052272927
930675823512.6132             0.2949669
930676800641.3036             0.041223917
930677777769.994              0.107054636
930678754898.6844             0.07704629
930679732027.3749             -0.065586396
930680709156.0653             -0.061357573
930681686284.7557             -0.02003774
930682663413.4462             -0.08489436
930683640542.1366             -0.13443209
930684617670.827              -0.25508273
930685594799.5175             -0.3007158
930686571928.2079             0.034537517
930687549056.8983             -0.23793401
930688526185.5887             -0.16849257
930689503314.2792             -0.19607142
930690480442.9696             -0.159812
930691457571.66               -0.18755075
930692434700.3505             0.06141721
930693411829.0409             -0.053968724
930694388957.7313             -0.27537954
930695366086.4218             -0.056127258
930696343215.1122             -0.20273267
930697320343.8026             -0.09235336
930698297472.4932             0.07652259
930699274601.1836             0.1900164
930700251729.874              -0.12033486
930701228858.5645             0.10135165
930702205987.2549             -0.09976821
930703183115.9453             -0.00096392544
930704160244.6357             0.12804244
930705137373.3262             -0.18505989
930706114502.0166             -0.048999015
930707091630.707              0.35671076
930708068759.3975             0.33645412
930709045888.0879             0.08832697
930710023016.7783             -0.014072945
930711000145.4688             0.09570368
930711977274.1592             0.29969546
930712954402.8496             0.23026082
930713931531.54               -0.090298705
930714908660.2305             -0.18998612
930715885788.9209             -0.045232832
930716862917.6113             -0.13865472
930717840046.3018             -0.00682818
930718817174.9922             0.059991177
930719794303.6826             0.20085697
930720771432.373              0.063135885
930721748561.0635             -0.0027787213
930722725689.7539             -0.08115929
930723702818.4443             -0.11728686
930724679947.1348             0.12805931
930725657075.8252             0.3407621
930726634204.5156             0.13364093
930727611333.206              0.04713576
930728588461.8965             0.012416536
930729565590.5869             -0.003470478
930730542719.2773             -0.02290587
930731519847.9678             -0.14810103
930732496976.6582             -0.07796941
930733474105.3486             0.12523122
930734451234.0391             0.39850906
930735428362.7295             0.17970464
930736405491.4199             -0.2032855
930737382620.1104             0.12680829
930738359748.8008             0.17456411
930739336877.4912             -0.0857689
930740314006.1816             -0.13030489
930741291134.8721             -0.10851515
930742268263.5625             0.005267707
930743245392.2529             0.15913253
930744222520.9434             0.09495425
930745199649.6338             -0.09729175
930746176778.3242             0.17229523
930747153907.0146             -0.14044178
930748131035.7051             -0.17526285
930749108164.3955             -0.1308839
930750085293.0859             0.15926385
930751062421.7764             0.15158133
930752039550.4668             0.0588978
930753016679.1572             0.03554707
930753993807.8477             0.1619333
930754970936.5381             0.21857907
930755948065.2285             0.06651506
930756925193.919              -0.21123134
930757902322.6094             -0.30825263
930758879451.2998             -0.17614713
930759856579.9902             -0.17758767
930760833708.6807             0.2375496
930761810837.3711             0.1113679
930762787966.0615             0.05376001
930763765094.752              0.1681371
930764742223.4424             0.1472457
930765719352.1328             0.06352071
930766696480.8232             0.024040768
930767673609.5137             -0.07983295
930768650738.2041             -0.27693495
930769627866.8945             -0.1421463
930770604995.585              -0.011126828
930771582124.2754             -0.017153848
930772559252.9658             0.10310371
930773536381.6562             0.018167006
930774513510.3467             0.09114864
930775490639.0371             0.31713635
930776467767.7275             -0.10582487
930777444896.418              -0.12347248
930778422025.1084             0.12643448
930779399153.7988             0.03854402
930780376282.4893             0.046059158
930781353411.1797             0.06857576
930782330539.8701             0.05712838
930783307668.5605             -0.003525871
930784284797.251              0.032043613
930785261925.9414             0.25096855
930786239054.6318             0.14939795
930787216183.3223             -0.15589358
930788193312.0127             -0.057713293
930789170440.7031             0.006487062
930790147569.3936             0.037806492
930791124698.084              -0.0020557411
930792101826.7744             0.08175233
930793078955.4648             -0.10431815
930794056084.1553             -0.109060936
930795033212.8457             0.15422198
930796010341.5361             0.14167011
930796987470.2266             -0.0053839283
930797964598.917              -0.05761216
930798941727.6074             0.09437306
930799918856.2979             0.21449468
930800895984.9883             0.3051898
930801873113.6787             0.18185778
930802850242.3691             0.06326297
930803827371.0596             -0.11689273
930804804499.75               0.0561812
930805781628.4404             -0.03706069
930806758757.1309             0.02739662
930807735885.8213             0.3234983
930808713014.5117             0.05339408
930809690143.2021             -0.029398184
930810667271.8926             -0.29193202
930811644400.583              -0.34377867
930812621529.2734             -0.08760392
930813598657.9639             -0.098918304
930814575786.6543             -0.033084303
930815552915.3447             -0.03612473
930816530044.0352             0.00042207356
930817507172.7256             0.085324295
930818484301.416              0.17105079
930819461430.1064             0.2041619
930820438558.7969             0.06785817
930821415687.4873             -0.23482461
930822392816.1777             -0.009027436
930823369944.8682             -0.046950936
930824347073.5586             -0.061315246
930825324202.249              -0.02977916
930826301330.9395             -0.32736644
930827278459.6299             -0.19306469
930828255588.3203             0.032057542
930829232717.0107             0.059436765
930830209845.7012             0.13446605
930831186974.3916             -0.18920144
930832164103.082              -0.042870015
930833141231.7725             0.008215858
930834118360.4629             0.11580593
930835095489.1533             0.051508434
930836072617.8438             -0.004737857
930837049746.5342             -0.06581683
930838026875.2246             -0.13073778
930839004003.915              -0.17850855
930839981132.6055             0.0013592374
930840958261.2959             -0.063463226
930841935389.9863             0.0026529785
930842912518.6768             -0.0053569777
930843889647.3672             0.14960653
930844866776.0576             0.08364676
930845843904.748              -0.124119826
930846821033.4385             -0.21550347
930847798162.1289             -0.07046896
930848775290.8193             0.07063045
930849752419.5098             0.2120259
930850729548.2002             0.10641806
930851706676.8906             -0.13691886
930852683805.581              -0.04869382
930853660934.2716             -0.10558033
930854638062.962              -0.15934221
930855615191.6525             -0.14047213
930856592320.3429             0.18343884
930857569449.0333             -0.0203998
930858546577.7238             -0.21856336
930859523706.4142             -0.23233847
930860500835.1046             0.17503339
930861477963.795              -0.19303474
930862455092.4855             -0.25922439
930863432221.1759             0.1087989
930864409349.8663             -0.009170928
930865386478.5568             -0.04645043
930866363607.2472             -0.006011948
930867340735.9376             -0.003085597
930868317864.628              0.07819019
930869294993.3185             -0.04118379
930870272122.0089             -0.027329234
930871249250.6993             -0.21748675
930872226379.3898             -0.26550972
930873203508.0802             0.1807585
930874180636.7706             0.11054804
930875157765.461              0.019066598
930876134894.1515             0.01856646
930877112022.8419             0.096435316
930878089151.5323             -0.08131931
930879066280.2228             0.058583707
930880043408.9132             0.020514503
930881020537.6036             0.07370886
930881997666.2941             0.30926776
930882974794.9845             -0.08979447
930883951923.6749             -0.1364124
930884929052.3654             -0.06995364
930885906181.0558             -0.112195864
930886883309.7462             0.014070818
930887860438.4366             0.075526915
930888837567.1271             -0.04117453
930889814695.8175             0.05818755
930890791824.5079             -0.11640168
930891768953.1984             -0.0032003238
930892746081.8888             0.097669646
930893723210.5792             -0.0037613083
930894700339.2697             -0.15948324
930895677467.9601             0.04318754
930896654596.6505             -0.24515904
930897631725.341              0.08136864
930898608854.0314             -0.07634147
930899585982.7218             0.13214366
930900563111.4122             -0.09894155
930901540240.1027             0.047368966
930902517368.7931             0.061035484
930903494497.4835             0.32723224
930904471626.174              0.21360713
930905448754.8644             0.16894013
930906425883.5548             0.12511764
930907403012.2452             0.15069193
930908380140.9357             -0.069763005
930909357269.6261             -0.28106254
930910334398.3165             -0.09246595
930911311527.007              0.12980601
930912288655.6974             0.15307143
930913265784.3878             0.18853846
930914242913.0782             0.079809956
930915220041.7687             -0.25154513
930916197170.4591             -0.063324325
930917174299.1495             0.1804451
930918151427.84               0.17198527
930919128556.5304             0.10596027
930920105685.2208             0.0013793628
930921082813.9113             0.08326129
930922059942.6017             0.005236563
930923037071.2921             0.066547975
930924014199.9825             0.16414917
930924991328.673              -0.08160898
930925968457.3634             -0.04551276
930926945586.0538             -0.075321496
930927922714.7443             0.03307432
930928899843.4347             -0.07217894
930929876972.1251             0.0865162
930930854100.8156             0.20076677
930931831229.506              0.09048096
930932808358.1964             -0.00031341283
930933785486.8868             -0.01841587
930934762615.5773             -0.17709915
930935739744.2677             -0.32378536
930936716872.9581             -0.14556533
930937694001.6486             -0.19872026
930938671130.339              0.031395175
930939648259.0294             0.07233365
930940625387.7198             -0.09983924
930941602516.4103             0.13696916
930942579645.1007             0.20956954
930943556773.7911             0.29879555
930944533902.4816             0.04058816
930945511031.172              -0.07216776
930946488159.8624             -0.16073263
930947465288.5529             0.077219754
930948442417.2433             0.18668759
930949419545.9337             0.20598938
930950396674.6241             -0.066091
930951373803.3146             -0.09722244
930952350932.005              0.1323445
930953328060.6954             -0.047265064
930954305189.3859             -0.19089319
930955282318.0763             0.054929737
930956259446.7667             -0.06281568
930957236575.4572             0.30746186
930958213704.1476             0.088658474
930959190832.838              0.0037367719
930960167961.5284             -0.140325
930961145090.2189             -0.055807374
930962122218.9093             0.047568195
930963099347.5997             0.037888102
930964076476.2902             -0.13704818
930965053604.9806             0.04555748
930966030733.671              0.020843243
930967007862.3615             -0.16025151
930967984991.0519             -0.352884
930968962119.7423             -0.27500543
930969939248.4327             0.070016876
930970916377.1232             0.19914922
930971893505.8136             0.18825094
930972870634.504              0.11055661
930973847763.1945             0.0054058162
930974824891.8849             -0.033301882
930975802020.5753             0.29798892
930976779149.2657             0.11262736
930977756277.9562             -0.058377452
930978733406.6466             -0.21766834
930979710535.337              -0.042298153
930980687664.0275             -0.097566
930981664792.7179             0.01648195
930982641921.4083             0.11254331
930983619050.0988             -0.15851669
930984596178.7892             -0.08429282
930985573307.4796             -0.022065539
930986550436.17               0.067153424
930987527564.8605             -0.19486706
930988504693.5509             -0.147606
930989481822.2413             0.14884861
930990458950.9318             -0.13123314
930991436079.6222             0.11070291
930992413208.3126             -0.1049428
930993390337.003              -0.033948597
930994367465.6935             0.15763162
930995344594.3839             0.13973032
930996321723.0743             0.12927023
930997298851.7648             -0.05036295
930998275980.4552             -0.01166653
930999253109.1456             0.032168787
931000230237.836              0.036361765
931001207366.5265             0.095613
931002184495.2169             -0.035611432
931003161623.9073             -0.18273854
931004138752.5978             -0.2290849
931005115881.2882             -0.11121169
931006093009.9786             -0.2874105
931007070138.6691             -0.069325484
931008047267.3596             0.079153776
931009024396.05               0.04960347
931010001524.7405             0.040578138
931010978653.4309             0.0411319
931011955782.1213             -0.20369941
931012932910.8118             -0.07555648
931013910039.5022             -0.15533178
931014887168.1926             0.028888175
931015864296.883              -0.089124404
931016841425.5735             -0.045668125
931017818554.2639             0.15052274
931018795682.9543             -0.15716313
931019772811.6448             -0.07597119
931020749940.3352             0.048313405
931021727069.0256             0.1649903
931022704197.7161             0.06724974
931023681326.4065             -0.055214062
931024658455.0969             0.15153782
931025635583.7874             0.03204818
931026612712.4778             0.07476168
931027589841.1682             -0.023990752
931028566969.8586             -0.041290626
931029544098.5491             0.112953626
931030521227.2395             0.037291937
931031498355.9299             -0.024674559
931032475484.6204             0.06503186
931033452613.3108             0.12062147
931034429742.0012             0.06503465
931035406870.6917             0.12566933
931036383999.3821             0.19842537
931037361128.0725             -0.14401127
931038338256.763              -0.28776735
931039315385.4534             -0.1187753
931040292514.1438             0.112637036
931041269642.8342             -0.11462295
931042246771.5247             0.04043404
931043223900.2151             0.05966745
931044201028.9055             0.015984494
931045178157.596              0.07166794
931046155286.2864             0.09676419
931047132414.9768             0.11554325
931048109543.6672             -0.0068204235
931049086672.3577             -0.034300193
931050063801.0481             -0.008853495
931051040929.7385             0.11524575
931052018058.429              0.061631083
931052995187.1194             0.082884796
931053972315.8098             -0.04258568
931054949444.5002             0.002996001
931055926573.1907             -0.15112656
931056903701.8811             -0.114361964
931057880830.5715             0.1649677
931058857959.262              0.22018616
931059835087.9524             0.110471964
931060812216.6428             -0.050024632
931061789345.3333             -0.09845271
931062766474.0237             -0.11021926
931063743602.7141             -0.1727289
931064720731.4045             -0.013409022
931065697860.095              -0.056114607
931066674988.7854             -0.039769586
931067652117.4758             0.04201828
931068629246.1663             0.13652779
931069606374.8567             -0.091202304
931070583503.5471             -0.22501726
931071560632.2375             -0.29314366
931072537760.928              -0.17182836
931073514889.6184             -0.13599598
931074492018.3088             -0.06626773
931075469146.9993             -0.097356535
931076446275.6897             -0.11056412
931077423404.3801             0.031222103
931078400533.0706             -0.05935666
931079377661.761              -0.1379254
931080354790.4514             -0.42407554
931081331919.1418             -0.12984556
931082309047.8323             0.12947352
931083286176.5227             0.03630048
931084263305.2131             -0.03159597
931085240433.9036             -0.08479064
931086217562.594              -0.16481236
931087194691.2844             -0.23800656
931088171819.9749             -0.14034787
931089148948.6653             -0.17145407
931090126077.3557             -0.07650577
931091103206.0461             0.05154728
931092080334.7366             -0.011643514
931093057463.427              0.08379414
931094034592.1174             -0.19423588
931095011720.8079             -0.11283009
931095988849.4983             0.09128257
931096965978.1887             -0.06358824
931097943106.8792             0.2561106
931098920235.5696             0.23052071
931099897364.26               -0.011293804
931100874492.9504             -0.014455795
931101851621.6409             -0.023069091
931102828750.3313             0.24690574
931103805879.0217             -0.00126543
931104783007.7122             -0.061347924
931105760136.4026             -0.027319195
931106737265.093              -0.047195118
931107714393.7834             -0.0061300583
931108691522.4739             -0.049877368
931109668651.1643             -0.056403756
931110645779.8547             -0.030210366
931111622908.5452             -0.028480168
931112600037.2356             0.008517016
931113577165.926              0.16290359
931114554294.6165             0.27292088
931115531423.3069             0.08388035
931116508551.9973             -0.1857329
931117485680.6877             0.14793602
931118462809.3782             0.1577382
931119439938.0686             0.02359681
931120417066.759              -0.23145261
931121394195.4495             -0.05240692
931122371324.1399             0.07155167
931123348452.8303             0.29898536
931124325581.5208             0.045951147
931125302710.2112             -0.021883253
931126279838.9016             -0.06946839
931127256967.592              -0.032980192
931128234096.2825             0.037608977
931129211224.9729             0.29709306
931130188353.6633             0.12176334
931131165482.3538             0.034114536
931132142611.0442             -0.19186656
931133119739.7346             -0.12567529
931134096868.425              -0.34172583
931135073997.1155             -0.19813323
931136051125.8059             -0.1611798
931137028254.4963             -0.24788257
931138005383.1868             0.004092264
931138982511.8772             0.2228173
931139959640.5676             0.17353402
931140936769.258              -0.16691813
931141913897.9485             -0.12998617
931142891026.6389             -0.107722275
931143868155.3293             -0.11152191
931144845284.0198             -0.23570958
931145822412.7102             -0.13901946
931146799541.4006             -0.18291906
931147776670.0911             0.061558146
931148753798.7815             0.20246868
931149730927.4719             -0.014848872
931150708056.1624             -0.1329644
931151685184.8528             -0.2701478
931152662313.5432             -0.2355897
931153639442.2336             -0.00600932
931154616570.9241             0.031548534
931155593699.6145             -0.19970894
931156570828.3049             0.058444016
931157547956.9954             0.025366057
931158525085.6858             0.07643785
931159502214.3762             0.201357
931160479343.0667             0.14563511
931161456471.7571             0.058362287
931162433600.4475             -0.097677246
931163410729.1381             0.018744044
931164387857.8285             -0.019162439
931165364986.5189             0.05248474
931166342115.2094             -0.18973538
931167319243.8998             -0.01818138
931168296372.5902             0.124103025
931169273501.2806             0.071160376
931170250629.9711             0.003353623
931171227758.6615             -0.055437416
931172204887.3519             0.05470221
931173182016.0424             0.27046365
931174159144.7328             0.08338035
931175136273.4232             0.08802175
931176113402.1136             0.20528933
931177090530.8041             -0.10177468
931178067659.4945             -0.23292933
931179044788.1849             -0.22706372
931180021916.8754             -0.070908666
931180999045.5658             -0.2185746
931181976174.2562             -0.38034073
931182953302.9467             0.022599945
931183930431.6371             0.24997903
931184907560.3275             0.015904427
931185884689.018              0.08406781
931186861817.7084             0.14496595
931187838946.3988             -0.042608235
931188816075.0892             -0.005230419
931189793203.7797             0.041742433
931190770332.4701             0.12576349
931191747461.1605             0.04558907
931192724589.851              -0.12203382
931193701718.5414             -0.03842087
931194678847.2318             0.06518775
931195655975.9222             -0.10771585
931196633104.6127             -0.014817824
931197610233.3031             0.098987505
931198587361.9935             -0.057199545
931199564490.684              -0.060177334
931200541619.3744             0.07686286
931201518748.0648             0.22574273
931202495876.7552             0.0831056
931203473005.4457             -0.0022793193
931204450134.1361             0.13107708
931205427262.8265             0.039284196
931206404391.517              -0.1796011
931207381520.2074             -0.10424774
931208358648.8978             -0.043167584
931209335777.5883             0.091678455
931210312906.2787             -0.04587042
931211290034.9691             -0.0234273
931212267163.6595             -0.05766773
931213244292.35               -0.17638716
931214221421.0404             0.06031938
931215198549.7308             0.24590403
931216175678.4213             0.12856187
931217152807.1117             0.015179548
931218129935.8021             0.018859366
931219107064.4926             -0.20970854
931220084193.183              -0.037552122
931221061321.8734             -0.17631185
931222038450.5638             -0.33663213
931223015579.2543             -0.12531474
931223992707.9447             0.021178067
931224969836.6351             0.020919941
931225946965.3256             0.14165734
931226924094.016              0.12136381
931227901222.7064             0.1851862
931228878351.3969             0.1473627
931229855480.0873             0.040248506
931230832608.7777             -0.079604276
931231809737.4681             0.040794425
931232786866.1586             0.061953403
931233763994.849              0.03405565
931234741123.5394             0.14239822
931235718252.2299             0.13120036
931236695380.9203             -0.04775559
931237672509.6107             0.050016757
931238649638.3011             0.17033195
931239626766.9916             0.1998498
931240603895.682              0.2713753
931241581024.3724             0.0027833327
931242558153.0629             -0.12329822
931243535281.7533             0.06841416
931244512410.4437             0.04596267
931245489539.1342             0.12490973
931246466667.8246             0.18274789
931247443796.515              0.12883289
931248420925.2054             0.25961596
931249398053.8959             0.15962937
931250375182.5863             -0.08702222
931251352311.2767             -0.2452082
931252329439.9672             0.078270584
931253306568.6576             0.101096354
931254283697.348              0.17059511
931255260826.0385             0.18169878
931256237954.7289             0.1152371
931257215083.4193             -0.06245857
931258192212.1097             -0.04271164
931259169340.8002             -0.080679215
931260146469.4906             -0.34771842
931261123598.181              -0.101420805
931262100726.8715             -0.21118665
931263077855.5619             -0.33989292
931264054984.2523             -0.073930345
931265032112.9427             -0.12946397
931266009241.6332             0.08825751
931266986370.3236             0.015523765
931267963499.014              -0.062336996
931268940627.7045             0.1365193
931269917756.3949             -0.073534995
931270894885.0853             -0.040854372
931271872013.7758             0.21163133
931272849142.4662             0.115995705
931273826271.1566             -0.17710479
931274803399.847              -0.2289239
931275780528.5375             -0.07080902
931276757657.2279             -0.10525838
931277734785.9183             0.09661718
931278711914.6088             -0.2762514
931279689043.2992             -0.016546486
931280666171.9896             0.062345345
931281643300.68               -0.08731428
931282620429.3705             -0.15671325
931283523982.6                0.17100815
931283597558.0609             -0.094746836
931284501111.3906             0.037006706
931284574686.7513             0.010728521
931285478240.1814             -0.26011574
931285551815.4418             -0.012632026
931286455368.972              0.0038130814
931286528944.1322             -0.18957543
931287432497.7628             -0.25192663
931287506072.8226             0.04181905
931288409626.5535             -0.046101823
931288483201.5131             0.018925302
931289386755.3442             0.00012489798
931289460330.2035             0.057333983
931290363884.1349             -0.18178174
931290437458.8939             0.122254476
931291341012.9255             -0.033973157
931291414587.5844             -0.11535229
931292318141.7163             0.29677588
931292391716.2748             -0.012975572
931293295270.507              0.12148987
931293368844.9652             0.15108307
931294272399.2977             0.09480151
931294345973.6556             0.18190677
931295249528.0884             -0.1610515
931295323102.3461             0.24898364
931296226656.8792             0.020677084
931296300231.0365             0.10641411
931297203785.6698             0.20595145
931297277359.7269             0.18622026
931298180914.4606             -0.03978662
931298254488.4174             0.12320049
931299158043.2512             -0.09972818
931299231617.1078             -0.0840832
931300135172.0419             -0.039409798
931300208745.7982             -0.10699304
931301112300.8326             -0.07902673
931301185874.4886             0.067884944
931302089429.6233             0.15612708
931302163003.1791             0.17850648
931303066558.4141             0.013098308
931303140131.8695             0.30930838
931304043687.2047             -0.08637488
931304117260.5599             0.14508216
931305020815.9955             0.15545648
931305094389.2504             0.06495142
931305997944.7861             0.06750753
931306071517.9408             -0.0036848844
931306975073.5768             0.10236116
931307048646.6312             0.014033969
931307952202.3676             -0.03093218
931308025775.3217             0.19224143
931308929331.1582             -0.11776913
931309002904.0121             0.010784336
931309906459.949              -0.15614896
931309980032.7025             -0.10136863
931310883588.7396             -0.1662827
931310957161.393              -0.14024621
931311860717.5304             0.051998176
931311934290.0834             -0.04052735
931312837846.321              0.04683776
931312911418.7738             0.0425738
931313814975.1118             0.00093663164
931313888547.4642             0.14570342
931314792103.9025             0.055133723
931314865676.1547             -0.0507052
931315769232.6931             0.12809534
931315842804.8451             0.06556916
931316746361.4839             -0.06911972
931316819933.5355             0.02061023
931317723490.2745             -0.05470085
931317797062.226              0.001365323
931318700619.0653             -0.026975129
931318774190.9165             -0.02627415
931319677747.856              0.10306606
931319751319.6069             -0.09274112
931320654876.6467             0.16126642
931320728448.2974             0.031817485
931321632005.4374             0.2864778
931321705576.9878             0.11392887
931322609134.228              0.056948144
931322682705.6782             0.14733587
931323586263.0188             -0.018773764
931323659834.3687             0.036512237
931324563391.8094             0.20468508
931324636963.0591             -0.055272434
931325540520.6002             0.12720846
931325614091.7495             0.0038888967
931326517649.3909             0.058563717
931326591220.44               0.15817483
931327494778.1816             -0.024027586
931327568349.1304             0.14818817
931328471906.9723             -0.06452071
931328545477.8208             0.039562996
931329449035.7631             -0.15008856
931329522606.5112             -0.03655929
931330426164.5537             0.14812844
931330499735.2017             -0.06267996
931331403293.3444             0.15202948
931331476863.8921             0.068540335
931332380422.1351             0.06007278
931332453992.5825             0.011276719
931333357550.9258             -0.019795628
931333431121.273              0.028375138
931334334679.7166             -0.16557331
931334408249.9634             0.030776845
931335311808.5072             0.11681565
931335385378.6538             -0.17136082
931336288937.298              -0.12417619
931336362507.3442             0.09840572
931337266066.0886             -0.1453541
931337339636.0347             0.07091535
931338243194.8793             -0.048978124
931338316764.7251             -0.046221845
931339220323.67               0.07664731
931339293893.4155             0.12600979
931340197452.4607             0.26536676
931340271022.106              0.13226308
931341174581.2515             0.04771402
931341248150.7964             0.28644407
931342151710.0421             0.21313566
931342225279.4868             0.09925122
931343128838.8329             0.046361674
931343202408.1772             -0.026209896
931344105967.6235             0.01613459
931344179536.8677             -0.092598066
931345083096.4143             0.20289777
931345156665.5581             0.0461277
931346060225.205              -0.006256461
931346133794.2485             0.020884076
931347037353.9956             -0.050330617
931347110922.939              -0.10984101
931348014482.7864             0.0051361662
931348088051.6294             0.04249381
931348991611.577              -0.02469507
931349065180.3198             0.057725016
931349968740.3678             -0.041706607
931350042309.0103             -0.07064482
931350945869.1584             -0.45793122
931351019437.7007             -0.085121706
931351922997.9492             -0.111537136
931351996566.3911             -0.095986195
931352900126.7399             -0.048437018
931352973695.0815             -0.012789083
931353877255.5305             0.1662323
931353950823.772              -0.1412534
931354854384.3213             -0.034314256
931354927952.4624             -0.045587685
931355831513.1119             -0.25621298
931355905081.1528             -0.06644662
931356808641.9027             -0.030298498
931356882209.8433             0.04653239
931357785770.6934             -0.13041973
931357859338.5337             0.03735906
931358762899.4841             -0.17532408
931358836467.2241             -0.047828946
931359740028.2748             -0.07688648
931359813595.9146             -0.05080507
931360717157.0654             -0.035475917
931360790724.605              -0.023835747
931361694285.8562             -0.12885962
931361767853.2954             -0.007932377
931362671414.6469             0.058544703
931362744981.9858             0.032611355
931363648543.4376             0.16334811
931363722110.6763             0.18228129
931364625672.2283             0.14713566
931364699239.3667             0.0433597
931365602801.019              -0.18804379
931365676368.0571             0.12453385
931366579929.8097             -0.24229491
931366653496.7476             -0.080425456
931367557058.6005             -0.15109986
931367630625.438              -0.18707769
931368534187.3911             -0.10084652
931368607754.1284             -0.2342015
931369511316.1818             0.26322308
931369584882.8188             0.017517997
931370488444.9725             0.15759502
931370562011.5093             0.10900432
931371465573.7632             0.3042922
931371539140.1997             0.24494211
931372442702.554              0.19955297
931372516268.8901             0.31150135
931373419831.3446             0.028840348
931373493397.5806             0.20246714
931374396960.1354             0.02415794
931374470526.271              0.1603321
931375374088.926              -0.078873016
931375447654.9614             0.07599328
931376351217.7167             -0.060518514
931376424783.6519             -0.07439397
931377328346.5074             -0.07496489
931377401912.3423             -0.061078627
931378305475.2981             -0.08461342
931378379041.0327             0.0769892
931379282604.0889             -0.16316222
931379356169.7231             0.10161713
931380259732.8795             0.05725319
931380333298.4136             -0.11945376
931381236861.6703             -0.04928081
931381310427.104              -0.056435265
931382213990.4609             0.15713891
931382287555.7944             -0.12165323
931383191119.2517             0.024090895
931383264684.4849             0.01413668
931384168248.0424             0.02705534
931384241813.1753             -0.012811889
931385145376.833              -0.05792047
931385218941.8657             0.046585493
931386122505.6238             -0.08093574
931386196070.5562             0.046545424
931387099634.4144             -0.22338095
931387173199.2466             0.0769801
931388076763.2052             -0.3330782
931388150327.937              -0.1648902
931389053891.9958             0.14977345
931389127456.6274             -0.23053251
931390031020.7866             0.00092371745
931390104585.3179             0.106515326
931391008149.5773             -0.18749268
931391081714.0083             -0.030999467
931391985278.3679             0.10421884
931392058842.6987             0.038730048
931392962407.1587             0.20640759
931393035971.3892             0.10216107
931393939535.9493             0.04813483
931394013100.0796             0.03481872
931394916664.7401             -0.033612847
931394990228.77               -0.059062332
931395893793.5308             0.05535091
931395967357.4604             -0.14212427
931396870922.3215             -0.012992936
931397848051.1122             0.28298768
931398825179.903              0.11055461
931399802308.6936             -0.31105846
931400779437.4843             0.089803256
931401756566.275              0.33508113
931402733695.0657             0.13039601
931403710823.8564             -0.0698802
931404687952.6471             -0.07777543
931405665081.4379             -0.046726108
931406642210.2285             0.10791196
931407619339.0192             -0.08077115
931408596467.8099             -0.28826407
931409573596.6006             0.15441227
931410550725.3914             0.009163729
931411527854.182              -0.11867601
931412504982.9728             -0.34567997
931413482111.7634             -0.03177489
931414459240.5541             -0.20906408
931415436369.3448             -0.025584392
931416413498.1355             -0.04783563
931417390626.9263             0.16467433
931418367755.7169             -0.028438838
931419344884.5077             -0.03417033
931420322013.2983             0.026155667
931421299142.0891             0.026413789
931422276270.8798             0.14102757
931423253399.6704             0.16329229
931424230528.4612             -0.022364568
931425207657.2518             -0.04364514
931426184786.0426             0.03311033
931427161914.8333             0.18920846
931428139043.624              0.21840727
931429116172.4147             -0.22397713
931430093301.2053             0.056679655
931431070429.9961             0.017063979
931432047558.7867             0.0989977
931433024687.5775             -0.03573354
931434001816.3682             0.023988178
931434978945.1589             0.1339703
931435956073.9496             -0.06138439
931436933202.7404             -0.2001628
931437910331.531              -0.051348332
931438887460.3217             0.27478465
931439864589.1124             0.38132125
931440841717.9031             -0.024104897
931441818846.6938             0.23608379
931442795975.4845             0.11692241
931443773104.2753             0.10533806
931444750233.0659             0.1010287
931445727361.8566             0.09466377
931446704490.6473             -0.01083571
931447681619.438              0.20876993
931448658748.2288             -0.25474033
931449635877.0194             -0.16954836
931450613005.8102             0.053401798
931451590134.6008             0.11134237
931452567263.3916             -0.0053804507
931453544392.1823             0.10147599
931454521520.9729             0.0013374186
931455498649.7637             0.04696226
931456475778.5543             -0.19861133
931457452907.3451             0.013813746
931458430036.1357             0.21090367
931459407164.9265             0.4993306
931460384293.7172             0.19647384
931461361422.5078             -0.101179816
931462338551.2986             -0.19629899
931463315680.0892             -0.27702615
931464292808.88               -0.17759065
931465269937.6707             0.20135868
931466247066.4614             -0.048829015
931467224195.2521             0.16813584
931468201324.0428             -0.14990105
931469178452.8335             -0.24816996
931470155581.6241             0.08055501
931471132710.4149             -0.05827863
931472109839.2056             0.15482302
931473086967.9963             0.20400074
931474064096.787              0.0017941701
931475041225.5778             0.10783636
931476018354.3684             0.0007373403
931476995483.159              0.1678755
931477972611.9498             0.16728778
931478949740.7405             0.16001937
931479926869.5312             0.08550723
931480903998.3219             0.13991039
931481881127.1127             -0.13814491
931482858255.9033             -0.036880825
931483835384.694              0.022105237
931484812513.4847             -0.025525536
931485789642.2754             -0.10757391
931486766771.0662             -0.15055645
931487743899.8568             -0.07331933
931488721028.6476             0.16161442
931489698157.4382             0.032762308
931490675286.229              -0.021738736
931491652415.0197             0.14332114
931492629543.8103             -0.2516282
931493606672.6011             -0.100478075
931494583801.3917             -0.13731718
931495560930.1825             -0.2850069
931496538058.9731             -0.24020122
931497515187.7639             -0.21254198
931498492316.5546             -0.3182495
931499469445.3452             -0.056899827
931500446574.136              0.10627854
931501423702.9266             0.28937477
931502400831.7174             0.12264508
931503377960.508              -0.21727873
931504355089.2988             0.118848026
931505332218.0895             0.07477551
931506309346.8802             0.014041686
931507286475.6709             -0.04190661
931508263604.4615             0.08184896
931509240733.2523             -0.019930847
931510217862.043              -0.13817906
931511194990.8337             0.19046861
931512172119.6244             -0.11990663
931513149248.4152             0.097258605
931514126377.2058             0.26269606
931515103505.9965             0.22833036
931516080634.7872             0.13137767
931517057763.5779             0.040998023
931518034892.3687             0.051937796
931519012021.1593             -0.017094074
931519989149.9501             0.059328992
931520966278.7407             -0.0024576928
931521943407.5315             -0.09825226
931522920536.3221             0.13027081
931523897665.1128             0.046087135
931524874793.9036             -0.053342164
931525851922.6942             -0.05450559
931526829051.485              0.023528878
931527806180.2756             -0.09017945
931528783309.0664             -0.17365514
931529760437.857              -0.06534601
931530737566.6477             0.20541656
931531714695.4385             0.15940882
931532691824.2291             0.24990351
931533668953.0199             0.011864038
931534646081.8105             0.20268606
931535623210.6013             0.037656393
931536600339.392              -0.0036278854
931537577468.1826             0.0071869586
931538554596.9734             0.025077987
931539531725.764              0.297687
931540508854.5548             0.32766086
931541485983.3455             -0.2944823
931542463112.1362             -0.15597478
931543440240.9269             0.11569269
931544417369.7177             -0.016683534
931545394498.5083             0.012677821
931546371627.299              0.26968586
931547348756.0897             0.07198024
931548325884.8804             -0.27010798
931549303013.6711             -0.099594355
931550280142.4618             0.06182605
931551257271.2526             0.17647333
931552234400.0432             -0.07324754
931553211528.8339             -0.098884024
931554188657.6246             -0.10846173
931555165786.4153             0.09420049
931556142915.206              -0.093916
931557120043.9967             0.11089956
931558097172.7875             -0.049093544
931559074301.5781             0.2730503
931560051430.3689             0.09895712
931561028559.1595             -0.09668537
931562005687.9502             -0.34477854
931562982816.741              -0.16189253
931563959945.5316             -0.29058743
931564937074.3224             -0.5234079
931565914203.113              -0.039961096
931566891331.9038             0.0919764
931567868460.6945             0.27253312
931568845589.4851             0.18545382
931569822718.2759             0.007942654
931570799847.0665             -0.052070454
931571776975.8573             -0.23036523
931572754104.648              0.29586875
931573731233.4387             0.22432625
931574708362.2294             -0.0029616351
931575685491.0201             0.10270159
931576662619.8108             -0.07133747
931577639748.6014             0.28422618
931578616877.3922             0.16949047
931579594006.1829             0.035350423
931580571134.9736             -0.03007934
931581548263.7643             -0.0046577537
931582525392.555              0.28088227
931583502521.3457             -0.242686
931584479650.1364             -0.32161802
931585456778.9271             -0.22435656
931586433907.7178             -0.13885753
931587411036.5085             0.04803179
931588388165.2992             -0.08520736
931589365294.09               0.20938602
931590342422.8806             0.031159384
931591319551.6714             -0.180581
931592296680.462              -0.072534956
931593273809.2527             0.18602318
931594250938.0435             0.31194848
931595228066.8341             -0.19679056
931596205195.6249             -0.0004366369
931597182324.4155             0.08734993
931598159453.2063             0.064431004
931599136581.997              -0.051618442
931600113710.7876             -0.060468275
931601090839.5784             0.010600841
931602067968.369              0.2707455
931603045097.1598             0.13358085
931604022225.9504             0.110248715
931604999354.7412             0.023541272
931605976483.5319             -0.12820762
931606953612.3225             -0.051016603
931607930741.1133             0.0161302
931608907869.9039             0.020527896
931609884998.6947             -0.19840796
931610862127.4854             0.05697602
931611839256.2761             0.20341106
931612816385.0668             0.35982874
931613793513.8575             0.020319937
931614770642.6482             -0.026165606
931615747771.4388             -0.13991517
931616724900.2296             -0.25364926
931617702029.0203             -0.27892712
931618679157.811              -0.1119763
931619656286.6017             0.12869592
931620633415.3925             0.017524224
931621610544.1831             0.062812015
931622587672.9738             0.29240847
931623564801.7645             0.011345684
931624541930.5552             0.048628982
931625519059.346              0.08984985
931626496188.1366             0.026075644
931627473316.9274             -0.024331765
931628450445.718              -0.111002095
931629427574.5088             0.41028702
931630404703.2994             0.019529097
931631381832.0901             -0.07342466
931632358960.8809             -0.036930118
931633336089.6715             0.2858456
931634313218.4623             -0.06593202
931635290347.2529             -0.014920835
931636267476.0437             0.060516518
931637244604.8344             -0.17187014
931638221733.625              0.07637696
931639198862.4158             0.031243194
931640175991.2064             0.060732637
931641153119.9972             -0.31658998
931642130248.7878             -0.008649141
931643107377.5786             -0.15823916
931644084506.3693             -0.15036747
931645061635.16               0.046792872
931646038763.9507             0.01770566
931647015892.7413             0.0690457
931647993021.5321             -0.066048115
931648970150.3228             0.052022655
931649947279.1135             -0.02627883
931650924407.9042             -0.029080017
931651901536.695              0.11893064
931652878665.4856             0.20776038
931653855794.2762             0.15133114
931654832923.067              0.086006306
931655810051.8577             0.20546772
931656787180.6484             0.23862162
931657764309.4391             0.21878181
931658741438.2299             0.16036832
931659718567.0205             0.04199398
931660695695.8112             0.26691368
931661672824.6019             0.0033841114
931662649953.3926             -0.20396197
931663627082.1833             0.20681109
931664604210.974              -0.017394397
931665581339.7648             0.16618776
931666558468.5554             0.0779854
931667535597.3462             -0.017323975
931668512726.1368             -0.19785944
931669489854.9275             0.06711964
931670466983.7183             0.0016438188
931671444112.5089             0.027002238
931672421241.2997             -0.02279992
931673398370.0903             0.005847408
931674375498.8811             0.20133312
931675352627.6718             -0.08522375
931676329756.4624             -0.05324478
931677306885.2532             0.10641458
931678284014.0438             -0.1671558
931679261142.8346             -0.091052264
931680238271.6252             -0.0021093017
931681215400.416              0.17020674
931682192529.2067             -0.33487722
931683169657.9974             -0.38761768
931684146786.7881             -0.091885336
931685123915.5787             0.009725268
931686101044.3695             -0.108778186
931687078173.1602             -0.05248436
931688055301.9509             -0.05385557
931689032430.7416             -0.101426035
931690009559.5323             -0.09712012
931690986688.323              -0.022908755
931691963817.1136             0.026917798
931692940945.9044             0.0011600612
931693918074.6951             0.026368726
931694895203.4858             0.05263196
931695872332.2765             0.002956845
931696849461.0673             -0.017881976
931697826589.8579             -0.05239859
931698803718.6487             0.08694035
931699780847.4393             0.027494635
931700757976.23               -0.05396128
931701735105.0208             0.07477884
931702712233.8114             0.0108123785
931703689362.6022             -0.061481286
931704666491.3928             -0.18663715
931705643620.1836             -0.05244907
931706620748.9742             -0.1365413
931707597877.7649             -0.2689053
931708575006.5557             -0.013825275
931709552135.3463             0.028474547
931710529264.1371             -0.2310481
931711506392.9277             -0.14447314
931712483521.7185             -0.2755496
931713460650.5092             -0.14674048
931714437779.2999             -0.43029547
931715414908.0906             -0.30936798
931716392036.8812             0.11608731
931717369165.672              0.16990633
931718346294.4626             0.05401828
931719323423.2534             -0.040567204
931720300552.0441             -0.14491574
931721277680.8348             -0.04370366
931722254809.6255             -0.06979264
931723231938.4161             0.27507243
931724209067.2069             0.16975348
931725186195.9976             0.047629077
931726163324.7883             0.023789821
931727140453.579              0.096419156
931728117582.3698             -0.007542912
931729094711.1604             -0.45365328
931730071839.951              0.19403775
931731048968.7418             0.04762365
931732026097.5325             0.15584065
931733003226.3232             -0.06781234
931733980355.1139             -0.03355354
931734957483.9047             -0.11251856
931735934612.6953             -0.1094348
931736911741.4861             -0.031224895
931737888870.2767             -0.10928742
931738865999.0674             -0.05355379
931739843127.8582             -0.3383579
931740820256.6488             -0.14744936
931741797385.4396             0.11084637
931742774514.2302             0.019973105
931743751643.021              -0.096815236
931744728771.8116             -0.003023619
931745705900.6023             -0.12218657
931746683029.3931             0.013515318
931747660158.1837             -0.014884607
931748637286.9745             -0.19698411
931749614415.7651             -0.09453482
931750591544.5559             -0.21159475
931751568673.3466             -0.12035199
931752545802.1373             0.054622445
931753522930.928              -0.11097913
931754500059.7186             -0.0031727452
931755477188.5094             0.15217307
931756454317.3                -0.042948928
931757431446.0908             -0.032460794
931758408574.8815             0.15260854
931759385703.6722             0.008927229
931760362832.4629             0.027198458
931761339961.2535             0.16762275
931762317090.0443             0.2912056
931763294218.835              -0.036626942
931764271347.6257             -0.113799505
931765248476.4164             -0.047686696
931766225605.2072             -0.13915093
931767202733.9978             0.059698462
931768179862.7886             -0.09261141
931769156991.5792             -0.08538848
931770134120.3699             0.13316968
931771111249.1606             -0.0774033
931772088377.9513             -0.04741643
931773065506.7421             0.2167027
931774042635.5327             0.12423743
931775019764.3235             0.089789905
931775996893.1141             -0.008831045
931776974021.9048             -0.13648757
931777951150.6956             -0.2873493
931778928279.4862             -0.14683093
931779905408.277              -0.29457358
931780882537.0676             -0.15071107
931781859665.8584             0.0052534677
931782836794.649              0.06486279
931783813923.4397             -0.013700307
931784791052.2305             0.09313911
931785768181.0211             0.16398245
931786745309.8119             -0.12884203
931787722438.6025             -0.22566862
931788699567.3933             -0.10664829
931789676696.184              0.045815773
931790653824.9747             -0.0052393787
931791630953.7654             0.026677577
931792608082.556              -0.01922742
931793585211.3468             0.059293684
931794562340.1375             0.19575782
931795539468.9282             0.3228636
931796516597.7189             0.2845531
931797493726.5096             -0.28548408
931798470855.3003             0.13440162
931799447984.091              0.18319705
931800425112.8817             0.00979724
931801402241.6724             -0.15022363
931802379370.4631             0.0059553543
931803356499.2538             0.06842179
931804333628.0446             0.081977785
931805310756.8352             -0.029750148
931806287885.626              0.2357647
931807265014.4166             0.24930947
931808242143.2073             0.14470278
931809219271.998              -0.28226197
931810196400.7887             -0.030107092
931811173529.5795             0.09347357
931812150658.3701             -0.20665577
931813127787.1609             -0.09704884
931814104915.9515             -0.08429504
931815082044.7422             0.03944019
931816059173.533              0.13813333
931817036302.3236             -0.02453545
931818013431.1144             0.33340538
931818990559.905              -0.08530894
931819967688.6958             0.061767668
931820944817.4865             0.07317784
931821921946.2772             -0.11154864
931822899075.0679             0.08381216
931823876203.8585             -0.20778719
931824853332.6493             -0.15466452
931825830461.44               -0.15368485
931826807590.2307             -0.17005509
931827784719.0214             -0.11942179
931828761847.8121             0.06760947
931829738976.6028             0.039735757
931830716105.3934             -0.07388381
931831693234.1842             0.041448154
931832670362.9749             0.17740181
931833647491.7656             0.21090898
931834624620.5563             0.33018512
931835601749.347              0.2700397
931836578878.1377             -0.07577699
931837556006.9285             0.079659656
931838533135.7191             -0.18121107
931839510264.5098             -0.06669538
931840487393.3005             -0.14131111
931841464522.0912             -0.42108488
931842441650.882              -0.037551735
931843418779.6726             0.103106156
931844395908.4634             0.08054947
931845373037.254              -0.13425761
931846350166.0447             -0.07657988
931847327294.8354             0.1325583
931848304423.6261             0.019656956
931849281552.4169             0.068200536
931850258681.2075             0.0668038
931851235809.9983             -0.1605281
931852212938.789              0.09611933
931853190067.5796             0.14396347
931854167196.3704             -0.05987307
931855144325.161              -0.24106458
931856121453.9518             -0.0018351472
931857098582.7424             0.043037634
931858075711.5332             -0.010006276
931859052840.3239             -0.01727984
931860029969.1146             0.036099464
931861007097.9053             -0.10357342
931861984226.6959             0.028678497
931862961355.4867             -0.06392295
931863938484.2773             -0.15743291
931864915613.0681             -0.029534943
931865892741.8588             -0.19684397
931866869870.6495             -0.0072381627
931867846999.4402             0.07836444
931868824128.2308             -0.14059387
931869801257.0216             -0.15765265
931870778385.8123             0.14426354
931871755514.603              0.17526554
931872732643.3937             0.17642832
931873709772.1844             0.12047819
931874686900.9751             -0.14499846
931875664029.7659             -0.3133947
931876641158.5565             0.08345813
931877618287.3472             0.27484858
931878595416.138              0.13679409
931879572544.9286             -0.18017149
931880549673.7194             -0.0054144277
931881526802.51               -0.3901703
931882503931.3008             -0.18660854
931883481060.0914             -0.22586593
931884458188.8821             -0.122848816
931885435317.6729             0.029178852
931886412446.4635             0.057091374
931887389575.2543             0.23359093
931888366704.0449             0.120137386
931889343832.8357             0.24084546
931890320961.6263             0.16514522
931891298090.4171             0.11177488
931892275219.2078             0.08048937
931893252347.9984             -0.041452795
931894229476.7892             -0.2841042
931895206605.5798             -0.097430065
931896183734.3706             0.14600487
931897160863.1613             0.2064051
931898137991.952              0.22293869
931899115120.7427             0.1278759
931900092249.5333             0.23566425
931901069378.3241             0.016935866
931902046507.1147             -0.22044314
931903023635.9055             0.051030125
931904000764.6962             0.18019825
931904977893.4869             0.083382465
931905955022.2776             -0.37802184
931906932151.0682             0.10091375
931907909279.859              0.24561767
931908886408.6497             0.07334241
931909863537.4404             -0.18836907
931910840666.2311             0.070053846
931911817795.0219             0.16655983
931912794923.8125             -0.04632694
931913772052.6033             0.09934128
931914749181.3939             0.10807519
931915726310.1846             -0.00038623097
931916703438.9753             -0.036014993
931917680567.766              -0.054992717
931918657696.5568             0.063549876
931919634825.3474             0.012286635
931920611954.1382             0.06427612
931921589082.9288             0.08011723
931922566211.7195             0.4007901
931923543340.5103             0.035279434
931924520469.3009             -0.10323013
931925497598.0917             -0.046098165
931926474726.8823             0.034702223
931927451855.6731             0.05588085
931928428984.4637             0.18060806
931929406113.2545             0.20206693
931930383242.0452             0.2625859
931931360370.8358             -0.0279791
931932337499.6266             0.12662269
931933314628.4172             0.023219762
931934291757.208              0.03627559
931935268885.9987             -0.057285577
931936246014.7894             -0.37120402
931937223143.5801             -0.11550771
931938200272.3707             -0.031151569
931939177401.1615             -0.08264351
931940154529.9521             -0.16079096
931941131658.7429             -0.012811765
931942108787.5336             0.0005153585
931943085916.3243             0.12135208
931944063045.115              -0.00015408253
931945040173.9058             0.06274461
931946017302.6964             -0.12515332
931946994431.487              -0.3509733
931947971560.2778             -0.32700163
931948948689.0685             -0.2182413
931949925817.8593             0.0998514
931950902946.6499             0.01799765
931951880075.4407             0.054881644
931952857204.2313             -0.26585126
931953834333.022              -0.13912843
931954811461.8127             -0.014567836
931955788590.6034             0.14612594
931956765719.3942             0.06275336
931957742848.1848             0.104591474
931958719976.9756             0.015906889
931959697105.7662             -0.039202895
931960674234.557              0.033722278
931961651363.3477             0.02110888
931962628492.1383             0.089613475
931963605620.9291             0.29573718
931964582749.7197             0.05793802
931965559878.5105             0.054700356
931966537007.3011             0.036093425
931967514136.0919             -0.112568766
931968491264.8826             -0.0977369
931969468393.6732             -0.029776298
931970445522.464              -0.25458118
931971422651.2546             -0.17378365
931972399780.0454             0.033537734
931973376908.836              0.11440539
931974354037.6268             -0.10507557
931975331166.4175             0.053301446
931976308295.2081             -0.2512969
931977285423.9989             -0.44292164
931978262552.7896             -0.21583566
931979239681.5803             0.14984366
931980216810.371              0.06859581
931981193939.1617             -0.14687556
931982171067.9524             0.011190761
931983148196.7432             -0.15842243
931984125325.5338             -0.12194116
931985102454.3245             -0.0019423702
931986079583.1152             -0.19549476
931987056711.9059             0.1332018
931988033840.6967             0.15677087
931989010969.4873             0.23473197
931989988098.2781             -0.07273879
931990965227.0687             -0.17360562
931991942355.8594             -0.21336262
931992919484.6501             -0.32065508
931993896613.4408             -0.068494685
931994873742.2316             -0.22305365
931995850871.0222             -0.28078014
931996827999.813              -0.07838578
931997805128.6036             -0.04869468
931998782257.3944             0.0011230952
931999759386.185              0.05834015
932000736514.9757             -0.0155158285
932001713643.7665             -0.0061502256
932002690772.5571             -0.112097785
932003667901.3479             0.038269777
932004645030.1385             0.26574206
932005622158.9293             -0.034986462
932006599287.72               -0.16176748
932007576416.5106             -0.10593958
932008553545.3014             -0.043195914
932009530674.092              0.05741281
932010507802.8828             -0.25632122
932011484931.6735             -0.14340287
932012462060.4642             0.049841646
932013439189.2549             -0.16507927
932014416318.0457             -0.08625375
932015393446.8363             0.15690395
932016370575.627              0.16044101
932017347704.4177             0.018426029
932018324833.2084             0.025560498
932019301961.9991             0.23260973
932020279090.7898             0.21497871
932021256219.5806             -0.17518285
932022233348.3712             -0.15775977
932023210477.1619             -0.07771861
932024187605.9526             0.05965789
932025164734.7433             0.24180663
932026141863.534              0.09365057
932027118992.3247             0.07532856
932028096121.1155             0.07674331
932029073249.9061             0.1854968
932030050378.6968             0.13424073
932031027507.4875             -0.021619465
932032004636.2782             0.029212045
932032981765.069              -0.08780335
932033958893.8596             0.029737309
932034936022.6504             0.029702885
932035913151.441              -0.07602221
932036890280.2318             0.036574315
932037867409.0225             -0.19830923
932038844537.8131             0.10078411
932039821666.6039             -0.02612133
932040798795.3945             -0.14219935
932041775924.1853             -0.09206438
932042753052.976              -0.13818821
932043730181.7667             -0.14753348
932044707310.5574             -0.11355583
932045684439.348              0.14788659
932046661568.1388             -0.061570108
932047638696.9294             -0.080419675
932048615825.7202             -0.10701357
932049592954.5109             -0.23799965
932050570083.3016             -0.29073003
932051547212.0923             -0.04676244
932052524340.883              -0.056257267
932053501469.6737             -0.34985536
932054478598.4644             -0.17603487
932055455727.2551             -0.03830412
932056432856.0458             0.12740564
932057409984.8365             0.21793607
932058387113.6272             -0.042501852
932059364242.418              0.06732106
932060341371.2086             0.0036308174
932061318499.9993             -0.020910133
932062295628.79               -0.36209384
932063272757.5807             -0.4221644
932064249886.3715             0.026219225
932065227015.1621             0.23362422
932066204143.9529             -0.090115555
932067181272.7435             -0.054802693
932068158401.5343             -0.04557067
932069135530.325              0.08709395
932070112659.1156             -0.09306165
932071089787.9064             0.11130693
932072066916.697              0.17810744
932073044045.4878             0.19186287
932074021174.2784             -0.054709878
932074998303.0692             -0.43897322
932075975431.8599             -0.1859466
932076952560.6505             0.13715778
932077929689.4413             -0.23173878
932078906818.2319             -0.19985785
932079883947.0227             0.06238646
932080861075.8134             -0.038434792
932081838204.6041             0.017766906
932082815333.3948             0.1576718
932083792462.1855             -0.15329646
932084769590.9762             -0.02416637
932085746719.7668             0.18964769
932086723848.5576             -0.024071088
932087700977.3483             0.10319133
932088678106.139              -0.15465699
932089655234.9297             -0.13032724
932090632363.7205             -0.26166347
932091609492.5111             -0.06788882
932092586621.3018             0.38338313
932093563750.0925             -0.033451922
932094540878.8832             -0.019830495
932095518007.674              0.27417582
932096495136.4646             0.038260877
932097472265.2554             -0.02762327
932098449394.046              -0.1109778
932099426522.8367             0.0013389459
932100403651.6274             0.20625386
932101380780.4181             -0.0061803944
932102357909.2089             -0.4174761
932103335037.9995             -0.22629856
932104312166.7903             -0.16047369
932105289295.5809             0.22447687
932106266424.3717             0.14923328
932107243553.1624             -0.11892074
932108220681.953              -0.12886791
932109197810.7438             -0.03531776
932110174939.5344             -0.15427123
932111152068.3252             -0.2047528
932112129197.1158             -0.020552408
932113106325.9066             -0.04510125
932114083454.6973             -0.06398001
932115060583.4879             0.012000221
932116037712.2787             -0.06777228
932117014841.0693             0.033731546
932117991969.8601             0.00822257
932118969098.6508             0.46177924
932119946227.4415             0.28125486
932120923356.2322             0.043376952
932121900485.023              -0.28361633
932122877613.8136             -0.16113162
932123854742.6042             0.008902244
932124831871.395              0.10125729
932125809000.1857             0.18474482
932126786128.9764             0.176487
932127763257.7671             -0.25036082
932128740386.5579             -0.21152
932129717515.3485             -0.11240757
932130694644.1392             -0.19166023
932131671772.9299             -0.07852959
932132648901.7206             0.13049386
932133626030.5114             -0.13286582
932134603159.302              0.103391856
932135580288.0928             0.15976654
932136557416.8834             -0.002294786
932137534545.6742             -0.14029644
932138511674.4648             0.101587065
932139488803.2555             0.27120492
932140465932.0463             0.32055658
932141443060.8369             0.117106274
932142420189.6277             0.099231705
932143397318.4183             -0.23235117
932144374447.2091             -0.15301381
932145351575.9998             -0.36358953
932146328704.7904             -0.022045888
932147305833.5812             0.014186707
932148282962.3718             -0.124523565
932149260091.1626             0.011297813
932150237219.9532             0.100939445
932151214348.744              -0.047526635
932152191477.5347             -0.43305495
932153168606.3253             0.09843793
932154145735.1161             0.078352444
932155122863.9067             0.21411121
932156099992.6975             -0.0063121403
932157077121.4882             0.012010384
932158054250.2789             0.23433332
932159031379.0696             0.13289768
932160008507.8604             0.23306832
932160985636.651              0.42684484
932161962765.4417             0.28791976
932162939894.2324             0.10858404
932163917023.0231             0.096667975
932164894151.8138             -0.056575898
932165871280.6045             -0.31171352
932166848409.3953             -0.1977945
932167825538.1859             -0.15404092
932168802666.9766             0.063184544
932169779795.7673             -0.030081838
932170756924.558              -0.03224403
932171734053.3488             0.049921595
932172711182.1394             0.16898271
932173688310.9302             0.24313423
932174665439.7208             0.019966368
932175642568.5116             0.2696471
932176619697.3022             0.25702637
932177596826.0929             0.25340307
932178573954.8837             -0.07638124
932179551083.6743             -0.14134584
932180528212.4651             -0.26914614
932181505341.2557             0.11423077
932182482470.0465             0.038546544
932183459598.8372             -0.08691867
932184436727.6278             -0.14424066
932185413856.4186             -0.11564246
932186390985.2092             -0.31268176
932187368114.0                -0.22870569
932188345242.7906             0.029803474
932189322371.5814             0.1695508
932190299500.3721             0.059923537
932191276629.1628             0.22451924
932192253757.9535             -0.025137533
932193230886.7441             0.23767118
932194208015.5349             0.13984856
932195185144.3256             -0.027503612
932196162273.1163             -0.2949568
932197139401.907              -0.12268187
932198116530.6978             -0.0996399
932199093659.4884             0.08422573
932200070788.279              0.0037718436
932201047917.0698             0.018404463
932202025045.8605             0.11641221
932203002174.6512             0.14465024
932203979303.4419             0.41170293
932204956432.2327             0.32352558
932205933561.0233             0.016734775
932206910689.8141             -0.014135665
932207887818.6047             0.005779553
932208864947.3954             0.057251483
932209842076.1862             0.089250706
932210819204.9768             -0.13931428
932211796333.7676             -0.10774866
932212773462.5582             0.062489904
932213750591.349              0.100849524
932214727720.1396             -0.039963324
932215704848.9303             -0.19160108
932216681977.7211             -0.07217827
932217659106.5117             0.0023829066
932218636235.3025             0.09795018
932219613364.0931             0.1619585
932220590492.8839             0.13784102
932221567621.6746             -0.018483752
932222544750.4652             -0.116405375
932223521879.256              -0.07704393
932224499008.0466             0.0891422
932225476136.8374             -0.024585418
932226453265.628              -0.055713926
932227430394.4188             0.04404178
932228407523.2095             -0.06280239
932229384652.0002             -0.12368427
932230361780.7909             0.016771412
932231338909.5815             0.17374082
932232316038.3723             0.14288718
932233293167.163              -0.13310368
932234270295.9537             -0.18340212
932235247424.7444             -0.005147791
932236224553.5352             -0.037643537
932237201682.3258             -0.16397476
932238178811.1165             -0.078286655
932239155939.9072             -0.013147081
932240133068.6979             0.009587002
932241110197.4886             0.14687455
932242087326.2793             0.25732198
932243064455.0701             0.110180184
932244041583.8607             -0.009874297
932245018712.6515             0.037465673
932245995841.4421             0.29938126
932246972970.2328             -0.012877109
932247950099.0236             -0.33592588
932248927227.8142             0.064988196
932249904356.605              0.062083315
932250881485.3956             -0.07921952
932251858614.1864             -0.26802427
932252835742.977              -0.2696184
932253812871.7677             -0.18623115
932254790000.5585             0.17300224
932255767129.3491             0.03075949
932256744258.1399             0.13358715
932257721386.9305             0.11203625
932258698515.7213             0.0065623876
932259675644.512              -0.10028691
932260652773.3027             0.14256278
932261629902.0934             0.015607801
932262607030.884              -0.10547798
932263584159.6748             -0.06708855
932264561288.4655             -0.08393556
932265538417.2562             -0.42668527
932266515546.0469             -0.49671736
932267492674.8376             -0.08705807
932268469803.6283             -0.00810731
932269446932.419              -0.10823661
932270424061.2097             0.035541248
932271401190.0004             -0.06738857
932272378318.7911             0.10237796
932273355447.5818             0.25457755
932274332576.3726             0.39808524
932275309705.1632             0.254536
932276286833.9539             -0.11850321
932277263962.7446             -0.049378436
932278241091.5353             -0.45547104
932279218220.326              -0.17281625
932280195349.1167             -0.05820215
932281172477.9075             0.29177827
932282149606.6981             0.3880387
932283126735.4889             -0.13639206
932284103864.2795             -0.33785927
932285080993.0702             -0.17405112
932286058121.861              0.09080944
932287035250.6516             0.0019053916
932288012379.4424             0.03381284
932288989508.233              0.27355534
932289966637.0238             0.10433495
932290943765.8145             0.20338179
932291920894.6051             0.06357433
932292898023.3959             0.05155085
932293875152.1865             -0.0047823642
932294852280.9773             0.010535865
932295829409.768              -0.071150824
932296806538.5587             -0.14652754
932297783667.3494             -0.076939225
932298760796.1401             0.12850352
932299737924.9308             0.13501297
932300715053.7214             -0.14727816
932301692182.5122             0.015499743
932302669311.3029             0.15708034
932303646440.0936             -0.13878742
932304623568.8843             -0.088606164
932305600697.675              0.15833208
932306577826.4657             0.10217662
932307554955.2563             -0.12972006
932308532084.0471             -0.028749539
932309509212.8378             0.018663894
932310486341.6285             -0.25735772
932311463470.4192             -0.124647796
932312440599.21               0.023389691
932313417728.0006             0.051781345
932314394856.7914             -0.060405523
932315371985.582              -0.08646266
932316349114.3727             -0.25181514
932317326243.1635             -0.10277516
932318303371.9541             -0.02258473
932319280500.7449             -0.19991808
932320257629.5355             0.10157408
932321234758.3263             0.06343501
932322211887.117              0.37402478
932323189015.9076             0.027494228
932324166144.6984             -0.06817443
932325143273.489              -0.17009144
932326120402.2798             0.19312754
932327097531.0704             0.036099084
932328074659.8612             -0.20665592
932329051788.6519             -0.05997251
932330028917.4426             -0.11671293
932331006046.2333             0.21019845
932331983175.0239             0.087121084
932332960303.8147             0.18603507
932333937432.6053             0.3161454
932334914561.3961             0.34716076
932335891690.1868             0.038124625
932336868818.9775             0.04244667
932337845947.7682             0.2964995
932338823076.5588             0.0227426
932339800205.3496             0.035110798
932340777334.1403             0.13236856
932341754462.931              0.06907643
932342731591.7217             -0.0018398484
932343708720.5125             -0.0035044116
932344685849.3031             -0.11630385
932345662978.0938             -0.20268126
932346640106.8845             -0.10643657
932347617235.6752             -0.048056133
932348594364.466              -0.026865901
932349571493.2566             0.31245187
932350548622.0474             0.17737642
932351525750.838              -0.21788053
932352502879.6288             -0.15427986
932353480008.4194             -0.07835415
932354457137.2101             -0.10617276
932355434266.0009             -0.027868954
932356411394.7915             0.021031778
932357388523.5823             -0.21219131
932358365652.3729             -0.07682233
932359342781.1637             -0.03253609
932360319909.9543             0.041023556
932361297038.745              0.1096516
932362274167.5358             -0.02429547
932363251296.3264             0.01804337
932364228425.1172             -0.01159619
932365205553.9078             -0.0061836373
932366182682.6986             0.05640862
932367159811.4893             -0.24031745
932368136940.28               -0.059303265
932369114069.0707             -0.094510056
932370091197.8613             0.16138235
932371068326.6521             0.12361313
932372045455.4427             -0.21420543
932373022584.2335             -0.22176392
932373999713.0242             -0.136421
932374976841.815              0.10859333
932375953970.6056             -0.1508193
932376931099.3962             -0.20379917
932377908228.187              0.21859457
932378885356.9777             0.060252525
932379862485.7684             -0.26182714
932380839614.5591             -0.15671882
932381816743.3499             0.17492041
932382793872.1405             0.16292767
932383771000.9313             0.22768554
932384748129.7219             -0.208897
932385725258.5126             -0.10293596
932386702387.3033             0.24425247
932387679516.094              0.32314545
932388656644.8848             0.18464984
932389633773.6754             -0.015032939
932390610902.4662             -0.05115544
932391588031.2568             -0.08837655
932392565160.0475             -0.38377097
932393542288.8383             0.19749562
932394519417.6289             -0.08998531
932395496546.4197             -0.2532697
932396473675.2103             -0.16389216
932397450804.0011             0.049631286
932398427932.7917             -0.047385473
932399405061.5825             -0.10336544
932400382190.3732             0.039416093
932401359319.1638             0.39559758
932402336447.9546             0.19675246
932403313576.7452             -0.120608345
932404290705.536              0.097351894
932405267834.3267             0.13798031
932406244963.1174             -0.15790449
932407222091.9081             -0.01406969
932408199220.6987             0.1539998
932409176349.4895             -0.06368964
932410153478.2802             0.17240785
932411130607.0709             0.4006527
932412107735.8616             0.24197912
932413084864.6523             0.10867416
932414061993.443              -0.24366014
932415039122.2336             -0.12547868
932416016251.0244             -0.07078651
932416993379.8151             -0.23577382
932417970508.6058             -0.14485016
932418947637.3965             0.014948658
932419924766.1873             0.11143025
932420901894.9779             0.15688616
932421879023.7687             -0.004046604
932422856152.5593             -0.2686445
932423833281.35               -0.14988014
932424810410.1407             -0.13204147
932425787538.9314             -0.033357676
932426764667.7222             -0.06174788
932427741796.5128             -0.0741409
932428718925.3036             -0.14166622
932429696054.0942             0.06973359
932430673182.8849             0.02265711
932431650311.6757             -0.046814367
932432627440.4663             0.041192945
932433604569.2571             0.39728037
932434581698.0477             -0.009390619
932435558826.8385             -0.0981112
932436535955.6292             -0.1366253
932437513084.4199             0.034508128
932438490213.2106             0.25267515
932439467342.0012             0.13302948
932440444470.792              -0.018605318
932441421599.5826             0.21696475
932442398728.3734             0.033270303
932443375857.1641             0.12296057
932444352985.9548             0.15522067
932445330114.7455             -0.11620753
932446307243.5361             -0.008968868
932447284372.3269             -0.17717397
932448261501.1176             0.08003858
932449238629.9083             0.22662929
932450215758.699              0.05960538
932451192887.4897             -0.21428989
932452170016.2804             -0.15879719
932453147145.0712             -0.032365438
932454124273.8618             -0.05295281
932455101402.6525             -0.038512982
932456078531.4432             0.26392457
932457055660.2339             0.06791376
932458032789.0247             0.17781183
932459009917.8153             0.26760107
932459987046.6061             0.27718472
932460964175.3967             -0.048777428
932461941304.1874             -0.19701418
932462918432.9781             -0.0033550274
932463895561.7688             0.077981785
932464872690.5596             -0.0083289035
932465849819.3502             0.052256323
932466826948.141              -0.102390386
932467804076.9316             -0.14449821
932468781205.7223             -0.16390775
932469758334.5131             0.10782918
932470735463.3037             0.24597
932471712592.0945             -0.029532608
932472689720.8851             0.07408665
932473666849.6759             0.045592614
932474643978.4666             -0.31974417
932475621107.2573             0.03519489
932476598236.048              0.12395171
932477575364.8386             0.12548098
932478552493.6294             0.023907198
932479529622.42               0.17136878
932480506751.2108             0.20021625
932481483880.0015             -0.12405205
932482461008.7922             -0.15002967
932483438137.5829             0.16798882
932484415266.3735             0.027475223
932485392395.1643             -0.07864892
932486369523.955              -0.08982822
932487346652.7457             -0.24150558
932488323781.5364             -0.23261549
932489300910.3271             0.05336178
932490278039.1178             0.006005407
932491255167.9086             -0.062991925
932492232296.6992             -0.08013007
932493209425.4899             0.1725513
932494186554.2806             0.16085164
932495163683.0713             -0.22111145
932496140811.862              0.08448641
932497117940.6527             0.18942809
932498095069.4435             0.08023553
932499072198.2341             0.15355808
932500049327.0248             -0.19530633
932501026455.8156             0.11886844
932502003584.6062             0.33352008
932502980713.397              -0.1728159
932503957842.1876             0.022498012
932504934970.9784             0.106593676
932505912099.769              0.02443602
932506889228.5598             0.07997099
932507866357.3505             -0.15462579
932508843486.1411             0.00764313
932509820614.9319             0.22705759
932510797743.7225             -0.16453302
932511774872.5133             0.0061882036
932512752001.304              0.12703794
932513729130.0947             0.022269383
932514706258.8854             -0.08418211
932515683387.676              0.04159031
932516660516.4668             -0.03871481
932517637645.2574             -0.13372178
932518614774.0482             -0.18037526
932519591902.8389             0.012304076
932520569031.6296             -0.2866736
932521546160.4203             -0.20257209
932522523289.211              -0.037446473
932523500418.0017             -0.1150587
932524477546.7924             -0.2042875
932525454675.5831             -0.17822635
932526431804.3738             -0.30749667
932527408933.1646             0.012285783
932528386061.9552             -0.26431215
932529363190.746              0.09792715
932530340319.5366             0.12816897
932531317448.3273             0.02580355
932532294577.118              0.053747654
932533271705.9087             0.030107966
932534248834.6995             0.23663978
932535225963.4901             -0.0041487287
932536203092.2809             -0.10248959
932537180221.0715             -0.061322212
932538157349.8622             0.047671054
932539134478.653              0.24310051
932540111607.4436             0.068190575
932541088736.2344             0.14997354
932542065865.025              0.010605129
932543042993.8158             0.02386324
932544020122.6064             -0.105978966
932544997251.3972             0.018704724
932545974380.1879             0.16582231
932546951508.9785             -0.18710133
932547928637.7693             -0.048788887
932548905766.5599             0.07284883
932549882895.3507             -0.068108775
932550860024.1414             -0.2015043
932551837152.9321             0.070518315
932552814281.7228             0.3228206
932553791410.5134             -0.0026710578
932554768539.3042             0.059774097
932555745668.0948             -0.05640564
932556722796.8856             0.10556613
932557699925.6763             -0.04813833
932558677054.467              0.21225864
932559654183.2577             0.15772976
932560631312.0485             0.07883027
932561608440.8391             0.11792914
932562585569.6298             -0.088090375
932563562698.4205             -0.27879605
932564539827.2112             -0.17121609
932565516956.002              -0.17911786
932566494084.7926             -0.10220708
932567471213.5834             0.054695893
932568448342.374              0.12702842
932569425471.1647             -0.037900753
932570402599.9554             -0.24099608
932571379728.7461             0.16928943
932572356857.5369             -0.008541632
932573333986.3275             0.1636209
932574311115.1183             0.020693738
932575288243.9089             -0.017230144
932576265372.6997             0.0506171
932577242501.4904             -0.056480654
932578219630.281              -0.1685478
932579196759.0718             -0.07353922
932580173887.8624             -0.23510498
932581151016.6532             0.096802264
932582128145.4438             0.010980014
932583105274.2346             0.06360231
932584082403.0253             0.30592328
932585059531.8159             0.21371004
932586036660.6067             -0.0049246876
932587013789.3973             -0.1469223
932587990918.1881             -0.20464249
932588968046.9788             -0.17367518
932589945175.7695             0.01881068
932590922304.5602             -0.014633818
932591899433.3508             0.2062236
932592876562.1416             0.14729874
932593853690.9323             0.1250821
932594830819.723              -0.14233255
932595807948.5137             0.12448886
932596785077.3044             0.044696286
932597762206.0951             -0.16479084
932598739334.8859             -0.12708028
932599716463.6765             0.115770236
932600693592.4672             0.48350716
932601670721.2579             0.24135448
932602647850.0486             -0.07645969
932603624978.8394             -0.12220747
932604602107.63               -0.16897857
932605579236.4208             -0.23473153
932606556365.2114             0.08438647
932607533494.0021             0.15282133
932608510622.7928             0.08201093
932609487751.5835             0.11845286
932610464880.3743             0.10566173
932611442009.1649             -0.0738854
932612419137.9557             0.039442055
932613396266.7463             -0.026476923
932614373395.5371             -0.22148125
932615350524.3278             -0.2640482
932616327653.1184             -0.20192274
932617304781.9092             0.1853985
932618281910.6998             0.028934155
932619259039.4906             0.13718319
932620236168.2812             0.36086854
932621213297.072              -0.39178184
932622190425.8627             -0.026586853
932623167554.6533             -0.189179
932624144683.4441             -0.18897653
932625121812.2347             -0.12224601
932626098941.0255             0.08282635
932627076069.8162             -0.014173064
932628053198.6069             -0.011140425
932629030327.3976             -0.053987592
932630007456.1884             0.10894758
932630984584.979              -0.025803419
932631961713.7697             0.13070056
932632938842.5604             -0.17897479
932633915971.3511             0.091674514
932634893100.1418             0.090041414
932635870228.9325             -0.13657065
932636847357.7233             -0.29295853
932637824486.5139             -0.31383336
932638801615.3046             -0.17736362
932639778744.0953             0.14283188
932640755872.886              0.036690965
932641733001.6768             0.18212186
932642710130.4674             0.21393918
932643687259.2582             -0.058597963
932644664388.0488             0.09848501
932645641516.8396             0.054098584
932646618645.6302             -0.08837483
932647595774.4209             0.104665615
932648572903.2117             0.26267314
932649550032.0023             0.079914056
932650527160.7931             -0.108209655
932651504289.5837             0.058065563
932652481418.3745             -0.1181009
932653458547.1652             -0.12983485
932654435675.9558             0.06581559
932655412804.7466             -0.24763927
932656389933.5372             -0.29531586
932657367062.328              -0.07637563
932658344191.1187             0.08083829
932659321319.9094             0.059279345
932660298448.7001             0.25690788
932661275577.4907             0.18863697
932662252706.2815             0.28494924
932663229835.0721             0.04795035
932664206963.8629             0.01521565
932665184092.6536             0.16441943
932666161221.4443             0.033175416
932667138350.235              0.097822845
932668115479.0258             0.00925886
932669092607.8164             -0.23172115
932670069736.607              -0.4789727
932671046865.3978             -0.4707764
932672023994.1885             -0.0009245656
932673001122.9792             0.26152134
932673978251.7699             0.1584019
932674955380.5607             -0.2918343
932675932509.3513             -0.009653755
932676909638.142              0.27573556
932677886766.9327             0.16623451
932678863895.7234             -0.10778886
932679841024.5142             -0.18245335
932680818153.3048             0.1628741
932681795282.0956             -0.13919315
932682772410.8862             -0.08735188
932683749539.677              0.04117642
932684726668.4677             0.09657566
932685703797.2583             0.13331854
932686680926.0491             0.07083867
932687658054.8397             0.2944669
932688635183.6305             0.11846924
932689612312.4211             -0.041266147
932690589441.2119             -0.011981321
932691566570.0026             -0.18488996
932692543698.7932             -0.28822887
932693520827.584              0.23610102
932694497956.3746             0.035162866
932695475085.1654             -0.03701137
932696452213.956              -0.07355064
932697429342.7468             -0.09419986
932698406471.5375             -0.067011684
932699383600.3282             -0.07922025
932700360729.1189             -0.31974426
932701337857.9095             -0.27320126
932702314986.7003             0.015422381
932703292115.491              0.040925674
932704269244.2817             0.08875072
932705246373.0724             -0.0037247136
932706223501.8632             0.17297126
932707200630.6538             0.44794846
932708177759.4445             0.40750426
932709154888.2352             -0.09668746
932710132017.0259             -0.062017046
932711109145.8167             0.07038213
932712086274.6073             -0.048275772
932713063403.3981             0.040995933
932714040532.1887             0.17824522
932715017660.9794             0.14795896
932715994789.7701             0.05432921
932716971918.5608             0.10456064
932717949047.3516             -0.06647141
932718926176.1422             0.117075145
932719903304.933              0.18261433
932720880433.7236             0.03860855
932721857562.5144             -0.10750722
932722834691.305              -0.008468795
932723811820.0957             0.06423619
932724788948.8865             0.2896011
932725766077.6771             0.16891888
932726743206.4679             0.15873301
932727720335.2585             0.1398166
932728697464.0493             -0.16837685
932729674592.84               0.11227802
932730651721.6306             0.15727375
932731628850.4214             0.17526576
932732605979.212              -0.015859688
932733583108.0028             0.15298788
932734560236.7935             0.23680371
932735537365.5842             0.08607374
932736514494.3749             -0.17489073
932737491623.1656             -0.09586194
932738468751.9563             -0.13324879
932739445880.747              0.13905454
932740423009.5377             -0.22809288
932741400138.3284             -0.016356481
932742377267.1191             0.054182228
932743354395.9098             0.18818213
932744331524.7006             -0.12060552
932745308653.4912             -0.24495849
932746285782.2819             0.110105075
932747262911.0726             -0.088417925
932748240039.8633             -0.08957859
932749217168.654              -0.16845885
932750194297.4447             0.094734624
932751171426.2355             0.13410307
932752148555.0261             -0.0863866
932753125683.8169             0.12844986
932754102812.6075             -0.050914817
932755079941.3982             -0.0028793677
932756057070.189              0.29697338
932757034198.9796             -0.018722538
932758011327.7704             0.013731672
932758988456.561              -0.22434227
932759965585.3518             0.07289202
932760942714.1425             0.30466977
932761919842.9331             0.31304666
932762896971.7239             -0.071274735
932763874100.5145             -0.13403566
932764851229.3053             -0.062358547
932765828358.096              0.04587861
932766805486.8867             -0.012239657
932767782615.6774             0.1466597
932768759744.4681             -0.052292958
932769736873.2588             0.008277227
932770714002.0494             0.16577302
932771691130.8402             0.064291455
932772668259.6309             0.115091525
932773645388.4216             -0.021849183
932774622517.2123             0.13663346
932775599646.003              0.013746311
932776576774.7937             0.065922976
932777553903.5844             0.1979665
932778531032.3751             -0.1285369
932779508161.1658             0.0052220803
932780485289.9565             -0.118473485
932781462418.7472             0.041221745
932782439547.538              -0.16719492
932783416676.3286             -0.09260494
932784393805.1193             0.12608759
932785370933.91               -0.052383814
932786348062.7007             -0.0799082
932787325191.4915             0.1324884
932788302320.2821             0.27924228
932789279449.0729             0.25111902
932790256577.8635             0.013668227
932791233706.6543             -0.09287651
932792210835.445              -0.056885656
932793187964.2356             0.0013998678
932794165093.0264             0.23069732
932795142221.817              -0.21455242
932796119350.6078             -0.07510562
932797096479.3984             0.175637
932798073608.1892             0.08758424
932799050736.9799             -0.10339025
932800027865.7705             -0.25285867
932801004994.5613             -0.17041156
932801982123.3519             -0.10129089
932802959252.1427             0.003507804
932803936380.9333             0.0992887
932804913509.7241             0.41091168
932805890638.5148             0.08878721
932806867767.3055             -0.29387292
932807844896.0962             -0.28717145
932808822024.8868             -0.01704891
932809799153.6776             0.0879287
932810776282.4683             -0.091499284
932811753411.259              0.027145391
932812730540.0497             0.084960595
932813707668.8405             0.07470151
932814684797.6311             0.24695864
932815661926.4218             0.09785377
932816639055.2125             0.25459948
932817616184.0032             -0.12317706
932818593312.794              -0.06658975
932819570441.5846             0.123539425
932820547570.3754             0.0075743133
932821524699.166              -0.031197654
932822501827.9568             0.17841892
932823478956.7474             -0.045419727
932824456085.5381             0.15044326
932825433214.3289             0.26890633
932826410343.1195             0.25314942
932827387471.9103             -0.11844762
932828364600.7009             0.024074387
932829341729.4917             0.0019303595
932830318858.2823             -0.037934776
932831295987.073              -0.10859105
932832273115.8638             0.29902998
932833250244.6544             -0.13573363
932834227373.4452             -0.18452944
932835204502.2358             -0.33369264
932836181631.0266             -0.37356383
932837158759.8173             0.20889777
932838135888.6079             -0.03453362
932839113017.3987             -0.3753057
932840090146.1893             -0.1057897
932841067274.9801             -0.031282827
932842044403.7708             0.13837117
932843021532.5615             -0.07315453
932843998661.3522             -0.13488273
932844975790.143              -0.16194093
932845952918.9336             -0.13865171
932846930047.7242             -0.14716499
932847907176.515              -0.08872548
932848884305.3057             0.050118797
932849861434.0964             -0.025283676
932850838562.8871             -0.20753387
932851815691.6779             -0.08780886
932852792820.4685             -0.05152635
932853769949.2592             -0.041283727
932854747078.0499             0.04072604
932855724206.8406             0.27058858
932856701335.6313             0.04812159
932857678464.422              -0.15218543
932858655593.2128             -0.032597777
932859632722.0034             -0.054583978
932860609850.7942             0.008892895
932861586979.5848             0.4000105
932862564108.3755             0.2853092
932863541237.1663             0.13722228
932864518365.9569             0.07498015
932865495494.7477             0.008614311
932866472623.5383             0.011265792
932867449752.3291             -0.077229775
932868426881.1198             -0.041176144
932869404009.9104             0.004860789
932870381138.7012             0.15959121
932871358267.4918             -0.02140866
932872335396.2826             0.2534359
932873312525.0732             0.25847661
932874289653.864              0.12667532
932875266782.6547             -0.047616366
932876243911.4454             0.16537315
932877221040.2361             0.3648083
932878198169.0267             -0.12705874
932879175297.8175             -0.26774636
932880152426.6082             -0.034931503
932881129555.3989             -0.078922346
932882106684.1896             0.088604964
932883083812.9803             0.28020394
932884060941.771              0.17626384
932885038070.5616             -0.21645263
932886015199.3524             -0.2312715
932886992328.1431             -0.2858262
932887969456.9338             0.006621231
932888946585.7245             0.054267704
932889923714.5153             -0.030874928
932890900843.3059             -0.053761024
932891877972.0967             0.263377
932892855100.8873             0.282992
932893832229.678              0.27359128
932894809358.4688             0.28595972
932895786487.2594             0.314322
932896763616.0502             -0.04870526
932897740744.8408             -0.053398404
932898717873.6316             -0.09328502
932899695002.4222             -0.24079111
932900672131.2129             -0.08789384
932901649260.0037             -0.042487692
932902626388.7943             -0.1639715
932903603517.5851             -0.23380412
932904580646.3757             -0.013015486
932905557775.1665             -0.24156752
932906534903.9572             -0.18099146
932907512032.7478             -0.03593651
932908489161.5386             0.06860449
932909466290.3292             0.1084567
932910443419.12               -0.048713747
932911420547.9106             -0.11253878
932912397676.7014             -0.10452945
932913374805.4921             -0.028586924
932914351934.2828             -0.065778494
932915329063.0735             0.13053672
932916306191.8641             0.21310154
932917283320.6549             -0.13519606
932918260449.4456             -0.1732333
932919237578.2363             -0.038280673
932920214707.027              0.015399184
932921191835.8177             0.04233364
932922168964.6084             0.06694072
932923146093.399              -0.3262524
932924123222.1898             -0.09480094
932925100350.9805             -0.27373034
932926077479.7712             -0.11148279
932927054608.5619             0.30824274
932928031737.3527             0.124444306
932929008866.1433             0.020486213
932929985994.9341             0.24951833
932930963123.7247             -0.25326127
932931940252.5154             -0.03889751
932932917381.3062             0.012664434
932933894510.0968             0.3125313
932934871638.8876             0.068224974
932935848767.6782             -0.08252076
932936825896.469              -0.019991687
932937803025.2596             -0.14571247
932938780154.0503             -0.06700441
932939757282.8411             -0.1075338
932940734411.6317             -0.070950955
932941711540.4225             -0.27460837
932942688669.2131             0.16640343
932943665798.0039             0.14471371
932944642926.7946             -0.15270996
932945620055.5853             -0.24144723
932946597184.376              0.06616408
932947574313.1666             0.19436447
932948551441.9574             0.059104543
932949528570.748              -0.2876099
932950505699.5388             -0.07982171
932951482828.3295             -0.25019386
932952459957.1202             -0.23669302
932953437085.9109             0.07966114
932954414214.7015             0.105369374
932955391343.4923             0.2449104
932956368472.283              -0.19390598
932957345601.0737             0.055163886
932958322729.8644             0.048643727
932959299858.6552             0.06393581
932960276987.4458             0.2569138
932961254116.2365             -0.053778894
932962231245.0272             -0.18814059
932963208373.8179             -0.28432727
932964185502.6086             -0.1606932
932965162631.3993             -0.16022818
932966139760.1901             -0.38061965
932967116888.9807             -0.33530805
932968094017.7715             -0.18959914
932969071146.5621             -0.12322486
932970048275.3528             0.20346464
932971025404.1436             0.070913285
932972002532.9342             -0.07886915
932972979661.725              0.070148595
932973956790.5156             -0.21469963
932974933919.3064             -0.15392545
932975911048.097              -0.06689216
932976888176.8877             -0.002823231
932977865305.6785             0.35498416
932978842434.4691             0.30113247
932979819563.2599             0.13302596
932980796692.0505             -0.10814815
932981773820.8413             0.24448298
932982750949.632              0.057791978
932983728078.4227             0.13837439
932984705207.2134             0.10623258
932985682336.004              0.24563421
932986659464.7948             -0.32210302
932987636593.5854             -0.16346401
932988613722.3762             0.10087165
932989590851.1669             0.39561954
932990567979.9576             0.35411116
932991545108.7483             0.16114679
932992522237.539              -0.10809787
932993499366.3297             -0.23642288
932994476495.1204             -0.2097503
932995453623.9111             -0.31049642
932996430752.7018             -0.27914658
932997407881.4926             -0.17748912
932998385010.2832             -0.029908454
932999362139.074              -0.060504097
933000339267.8646             -0.08061505
933001316396.6553             -0.120480634
933002293525.446              0.3200163
933003270654.2367             0.5484215
933004247783.0275             0.43020478
933005224911.8181             0.31161264
933006202040.6089             0.25340465
933007179169.3995             -0.03301128
933008156298.1902             -0.17939551
933009133426.981              -0.08604586
933010110555.7716             -0.14121293
933011087684.5624             0.22290294
933012064813.353              0.32021052
933013041942.1438             0.28499618
933014019070.9344             0.29308048
933014996199.7252             0.09988807
933015973328.5159             -0.021289049
933016950457.3065             0.09002019
933017927586.0973             0.05124134
933018904714.888              -0.058338918
933019881843.6787             0.02606945
933020858972.4694             -0.011081237
933021836101.2601             0.12397831
933022813230.0508             0.08701411
933023790358.8414             0.06419079
933024767487.6322             -0.36856607
933025744616.4229             -0.11095226
933026721745.2136             0.1647177
933027698874.0043             0.11085367
933028676002.795              0.2304064
933029653131.5857             0.02098271
933030630260.3763             -0.2711957
933031607389.1671             0.04425809
933032584517.9578             0.0020701545
933033561646.7485             0.13716006
933034538775.5392             -0.090007044
933035515904.33               0.245336
933036493033.1206             0.26970866
933037470161.9114             0.027303958
933038447290.702              0.11889293
933039424419.4927             0.17615625
933040401548.2834             0.094960615
933041378677.0741             -0.41072455
933042355805.8649             -0.21076852
933043332934.6555             0.0010137192
933044310063.4463             0.043144505
933045287192.2369             -0.06407575
933046264321.0276             -0.27600327
933047241449.8184             0.30299532
933048218578.609              0.3122953
933049195707.3998             -0.058908343
933050172836.1904             -0.1853896
933051149964.9812             0.12629557
933052127093.7719             0.35151294
933053104222.5626             0.47124293
933054081351.3533             0.4045224
933055058480.1439             0.12004771
933056035608.9347             0.04642832
933057012737.7253             -0.27328426
933057989866.5161             -0.3714622
933058966995.3068             -0.07907176
933059944124.0975             -0.0493852
933060921252.8882             0.32029358
933061898381.6788             0.47083536
933062875510.4696             0.1639482
933063852639.2603             0.16536845
933064829768.051              0.06278772
933065806896.8417             0.3974232
933066784025.6324             0.0013440722
933067761154.4231             0.15386029
933068738283.2139             0.067074254
933069715412.0045             0.004599856
933070692540.7952             0.122299366
933071669669.5859             0.03528667
933072646798.3766             -0.18428536
933073623927.1674             -0.0720486
933074601055.958              -0.17527649
933075578184.7488             -0.15518527
933076555313.5394             -0.12463532
933077532442.3301             0.41500518
933078509571.1208             0.088000394
933079486699.9115             -0.16768576
933080463828.7023             0.32225803
933081440957.4929             0.5336755
933082418086.2837             0.32421097
933083395215.0743             0.3436378
933084372343.865              0.31861183
933085349472.6558             0.45699033
933086326601.4464             0.31544822
933087303730.2372             0.06937404
933088280859.0278             0.07054763
933089257987.8186             0.088795625
933090235116.6093             0.35779324
933091212245.4                0.3836487
933092189374.1907             0.020304754
933093166502.9813             -0.286777
933094143631.7721             -0.3091137
933095120760.5627             0.27871487
933096097889.3535             0.5602501
933097075018.1442             0.054722555
933098052146.9349             -0.21319178
933099029275.7256             0.20443422
933100006404.5162             0.80068046
933100983533.307              0.215871
933101960662.0977             -0.18710065
933102937790.8884             -0.7221165
933103914919.6791             -0.38557196
933104892048.4698             -0.18283474
933105869177.2605             0.01959049
933106846306.0513             0.33218604
933107823434.8419             -0.30507502
933108800563.6326             -1.1192352
933109777692.4233             0.1464511
933110754821.214              0.35270223
933111731950.0048             0.17766719
933112709078.7954             0.4748457
933113686207.5862             -0.26057673
933114663336.3768             0.45615447
933115640465.1675             -0.28145516
933116617593.9583             0.35582224
933117594722.7489             -0.51081353
933118571851.5397             0.25650972
933119548980.3303             -0.16978413
933120526109.1211             0.010107053
933121503237.9117             0.25935432
933122480366.7025             0.29353246
933123457495.4932             0.71708214
933124434624.2838             0.21100275
933125411753.0746             -0.77388954
933126388881.8652             0.081520565
933127366010.656              0.79861
933128343139.4467             0.75137895
933129320268.2374             0.53364044
933130297397.0281             -0.17178616
933131274525.8187             -0.47313228
933132251654.6095             -0.5256968
933133228783.4001             0.098333016
933134205912.1909             0.14557959
933135183040.9816             -0.1814563
933136160169.7723             0.5240442
933137137298.563              -0.06844505
933138114427.3538             0.08860597
933139091556.1444             -0.14647424
933140068684.935              0.2874765
933141045813.7258             0.2558312
933142022942.5165             0.73456955
933143000071.3073             0.8227662
933143977200.0979             0.18496174
933144954328.8887             -0.3780907
933145931457.6793             -0.3740166
