691638096349.4                -0.023997055
691639073553.4786             0.0037269513
691640050757.5573             0.09751923
691641027961.6359             0.030457618
691642005165.7145             0.02930902
691642982369.7931             -0.06658768
691643959573.8717             -0.0057308497
691644936777.9503             0.04052491
691645913982.0289             -0.05274184
691646891186.1075             -0.06993861
691647868390.1862             0.062454432
691648845594.2648             -0.008804561
691649822798.3434             0.0006170399
691650800002.422              0.021510838
691651777206.5006             0.013810729
691652754410.5792             -0.049255576
691653731614.6578             -0.034469087
691654708818.7365             0.0075058136
691655686022.8151             0.0502703
691656663226.8936             0.008028821
691657640430.9722             -0.01941725
691658617635.0508             -0.0161068
691659594839.1294             0.06489487
691660572043.208              0.09321561
691661549247.2866             0.049974326
691662526451.3652             0.01130476
691663503655.4438             0.017452598
691664480859.5225             -0.027846972
691665458063.6011             -0.07610708
691666435267.6797             -0.009103178
691667412471.7583             0.019313715
691668389675.8369             0.047146715
691669366879.9155             0.03258543
691670344083.9941             -0.043520555
691671321288.0728             -0.068143986
691672298492.1514             0.038594566
691673275696.23               -0.0034870438
691674252900.3086             -0.057099555
691675230104.3872             -0.06510067
691676207308.4658             0.017672302
691677184512.5444             0.05574987
691678161716.623              0.028736975
691679138920.7017             0.019528875
691680116124.7803             0.0064523146
691681093328.8589             0.00752729
691682070532.9375             0.025127767
691683047737.0161             0.007190381
691684024941.0947             -0.03616619
691685002145.1733             0.023670703
691685979349.252              0.056342404
691686956553.3306             0.087724574
691687933757.4092             0.022446407
691688910961.4878             -0.011766184
691689888165.5664             -0.0005070579
691690865369.645              -0.061785568
691691842573.7236             -0.10380797
691692819777.8022             -0.020461671
691693796981.8807             0.065722115
691694774185.9594             -0.030020902
691695751390.038              0.077292785
691696728594.1166             0.0058056214
691697705798.1952             -0.029823316
691698683002.2738             0.018349756
691699660206.3524             0.08257863
691700637410.431              0.01646841
691701614614.5096             -0.023305181
691702591818.5883             -0.022569444
691703569022.6669             -0.05926503
691704546226.7455             0.0012487147
691705523430.8241             0.03118676
691706500634.9027             -0.043115918
691707477838.9813             -0.020768303
691708455043.0599             0.04706486
691709432247.1385             0.03690526
691710409451.2172             -0.0240983
691711386655.2958             -0.024577767
691712363859.3744             -0.0149624795
691713341063.453              0.041246384
691714318267.5316             0.019553363
691715295471.6102             0.035719153
691716272675.6888             0.076419614
691717249879.7675             0.03817393
691718227083.8461             -0.022213912
691719204287.9247             -0.057368074
691720181492.0033             -0.0556609
691721158696.0819             -0.10656457
691722135900.1605             -0.023268607
691723113104.2391             -0.0030833504
691724090308.3177             -0.12304367
691725067512.3964             -0.039395675
691726044716.475              -0.012730877
691727021920.5536             0.0040034577
691727999124.6322             -0.05203119
691728976328.7108             -0.04966894
691729953532.7894             0.004235809
691730930736.8679             0.041944254
691731907940.9465             0.022972476
691732885145.0251             -0.028551148
691733862349.1038             -0.01221098
691734839553.1824             0.02620175
691735816757.261              -0.02636339
691736793961.3396             0.005683232
691737771165.4182             -0.04298285
691738748369.4968             -0.0387504
691739725573.5754             -0.021080501
691740702777.654              0.016400978
691741679981.7327             0.0013605894
691742657185.8113             0.02542319
691743634389.8899             0.015570149
691744611593.9685             5.4511685e-05
691745588798.0471             -0.07659187
691746566002.1257             -0.059814025
691747543206.2043             -0.048017055
691748520410.283              -0.007583203
691749497614.3616             -0.014951858
691750474818.4402             0.007911043
691751452022.5188             -0.037184156
691752429226.5974             0.02549112
691753406430.676              0.00030035106
691754383634.7546             -0.037807196
691755360838.8333             -0.050687026
691756338042.9119             -0.02411711
691757315246.9905             0.064320676
691758292451.0691             0.018744217
691759269655.1477             0.08921647
691760246859.2263             0.032060955
691761224063.3049             0.045951787
691762201267.3835             0.06465262
691763178471.4622             0.07818019
691764155675.5408             0.0554433
691765132879.6194             0.06771828
691766110083.698              0.052402724
691767087287.7766             -0.03170634
691768064491.8551             -0.06764939
691769041695.9337             0.033584993
691770018900.0123             0.028755076
691770996104.091              0.067586
691771973308.1696             0.0858791
691772950512.2482             0.012480282
691773927716.3268             0.033468
691774904920.4054             0.013720738
691775882124.484              0.07365437
691776859328.5626             -0.03668118
691777836532.6412             0.032577746
691778813736.7198             0.079044975
691779790940.7985             0.018399645
691780768144.8771             -0.034535587
691781745348.9557             0.017368576
691782722553.0343             0.028624639
691783699757.1129             -0.00022613288
691784676961.1915             -0.028672524
691785654165.2701             0.021912096
691786631369.3488             -0.033376366
691787608573.4274             0.00017458202
691788585777.506              0.058250006
691789562981.5846             0.030983075
691790540185.6632             0.064921975
691791517389.7418             0.128286
691792494593.8204             0.03370642
691793471797.899              -0.045267016
691794449001.9777             -0.0072663072
691795426206.0563             -0.026031608
691796403410.1349             0.071473084
691797380614.2135             0.04915437
691798357818.2921             0.06395171
691799335022.3707             -0.010415665
691800312226.4493             -0.030076664
691801289430.528              0.007105627
691802266634.6066             -0.029884867
691803243838.6852             -0.012785059
691804221042.7638             0.075249225
691805198246.8423             0.01797766
691806175450.9209             0.008172361
691807152654.9995             0.05933319
691808129859.0781             0.008310108
691809107063.1567             -0.022897707
691810084267.2354             -0.0655507
691811061471.314              -0.022102097
691812038675.3926             0.0021302747
691813015879.4712             0.04250154
691813993083.5498             0.083922155
691814970287.6284             0.05308546
691815947491.707              -0.03058046
691816924695.7856             0.036651295
691817901899.8643             0.032999624
691818879103.9429             0.010634438
691819856308.0215             -0.029139357
691820833512.1001             -0.037554007
691821810716.1787             -0.078089446
691822787920.2573             -0.02146379
691823765124.3359             -0.08369872
691824742328.4146             -0.035429686
691825719532.4932             0.03563426
691826696736.5718             -0.010498551
691827673940.6504             -0.025141852
691828651144.729              2.7192846e-05
691829628348.8076             -0.06430646
691830605552.8862             -0.042318046
691831582756.9648             -0.015712934
691832559961.0435             0.023711396
691833537165.1221             0.033182304
691834514369.2007             0.022371236
691835491573.2793             -0.046237826
691836468777.3579             0.000933199
691837445981.4365             0.024393108
691838423185.5151             -0.008331371
691839400389.5938             -0.025857285
691840377593.6724             -0.032775834
691841354797.751              -0.004766955
691842332001.8295             0.032321636
691843309205.9081             0.008628646
691844286409.9867             -0.034371965
691845263614.0653             -0.046236306
691846240818.1439             0.06863041
691847218022.2225             0.05115084
691848195226.3011             0.044543695
691849172430.3798             -0.008522896
691850149634.4584             -0.033328887
691851126838.537              -0.08507645
691852104042.6156             -0.044379078
691853081246.6942             -0.02402552
691854058450.7728             -0.058037292
691855035654.8514             0.013238417
691856012858.93               0.038967956
691856990063.0087             0.010375309
691857967267.0873             0.028505571
691858944471.1659             0.025657197
691859921675.2445             0.03135602
691860898879.3231             0.032782897
691861876083.4017             -0.012795146
691862853287.4803             -0.03210193
691863830491.559              -0.06071135
691864807695.6376             -0.008328875
691865784899.7162             0.023269042
691866762103.7948             0.031707153
691867739307.8734             -0.015447564
691868716511.952              0.01659209
691869693716.0306             -0.011796738
691870670920.1093             -0.0071088495
691871648124.1879             0.033843484
691872625328.2665             -0.02869274
691873602532.3451             0.0041893804
691874579736.4237             0.031180164
691875556940.5023             -0.023351451
691876534144.5809             -0.029008757
691877511348.6595             0.033159293
691878488552.7382             -0.005560871
691879465756.8167             -0.005778326
691880442960.8953             -0.008062788
691881420164.9739             0.060798477
691882397369.0525             0.005081051
691883374573.1311             -0.0048532737
691884351777.2097             0.016349101
691885328981.2883             0.0070715435
691886306185.367              0.024471749
691887283389.4456             0.028382994
691888260593.5242             0.026452271
691889237797.6028             0.05072786
691890215001.6814             0.069045745
691891192205.76               0.00626978
691892169409.8386             -0.013436931
691893146613.9172             0.0092006605
691894123817.9958             -0.071221024
691895101022.0745             0.00069555745
691896078226.1531             -0.010747591
691897055430.2317             0.009284961
691898032634.3103             -0.07783117
691899009838.3889             -0.041917786
691899987042.4675             -0.033874985
691900964246.5461             -0.0018277098
691901941450.6248             0.027108576
691902918654.7034             0.01613897
691903895858.782              -0.009296603
691904873062.8606             0.082714
691905850266.9392             0.049148366
691906827471.0178             0.0219675
691907804675.0964             0.02382824
691908781879.175              0.0049423566
691909759083.2537             0.02213702
691910736287.3323             0.025673741
691911713491.4109             0.029165125
691912690695.4895             0.03914632
691913667899.5681             0.020009002
691914645103.6467             -0.0154445795
691915622307.7253             -0.024954962
691916599511.8038             -0.037155163
691917576715.8824             0.001857003
691918553919.961              -0.092004694
691919531124.0397             -0.003245498
691920508328.1183             -0.009585428
691921485532.1969             -0.057576146
691922462736.2755             0.043696214
691923439940.3541             0.028310629
691924417144.4327             0.0014243511
691925394348.5114             0.05055274
691926371552.59               0.05307206
691927348756.6686             -0.0022977418
691928325960.7472             -0.020475483
691929303164.8258             0.03136405
691930280368.9044             0.023159126
691931257572.983              -0.031328514
691932234777.0616             -0.06494396
691933211981.1403             -0.08668549
691934189185.2189             0.0072631855
691935166389.2975             -0.009835008
691936143593.3761             0.009668471
691937120797.4547             -0.03092815
691938098001.5333             -0.07587389
691939075205.6119             -0.07232103
691940052409.6906             -0.08629128
691941029613.7692             -0.026636297
691942006817.8478             0.012759344
691942984021.9264             0.051829495
691943961226.005              0.012550127
691944938430.0836             -0.015300822
691945915634.1622             0.025878591
691946892838.2408             0.04802002
691947870042.3195             0.07244443
691948847246.3981             0.015439059
691949824450.4767             -0.03459693
691950801654.5553             -0.028671129
691951778858.6339             0.0301081
691952756062.7125             -0.02134622
691953733266.791              -0.083951086
691954710470.8696             -0.028488439
691955687674.9482             0.015997678
691956664879.0269             0.051951654
691957642083.1055             0.01157647
691958619287.1841             -0.04146087
691959596491.2627             -0.025275536
691960573695.3413             0.003631367
691961550899.4199             -0.014935555
691962528103.4985             -0.022496853
691963505307.5771             -0.021978393
691964482511.6558             -0.06488079
691965459715.7344             0.08549758
691966436919.813              0.012439108
691967414123.8916             -0.10217951
691968391327.9702             -0.003344822
691969368532.0488             0.0103172455
691970345736.1274             -0.08643133
691971322940.206              -0.013615543
691972300144.2847             -0.0012095524
691973277348.3633             0.019286633
691974254552.4419             0.039025784
691975231756.5205             0.003624054
691976208960.5991             -0.046743445
691977186164.6777             -0.006329616
691978163368.7563             0.003218356
691979140572.835              0.056482773
691980117776.9136             0.07550223
691981094980.9922             -0.027920712
691982072185.0708             -0.03205551
691983049389.1494             -0.0047665597
691984026593.228              -0.042784255
691985003797.3066             -0.03434371
691985981001.3853             0.05149356
691986958205.4639             0.02511028
691987935409.5425             -0.00065729767
691988912613.6211             -0.028219946
691989889817.6997             0.038000315
691990867021.7782             0.038526878
691991844225.8568             -0.03423279
691992821429.9354             -0.046993073
691993798634.014              -0.03625938
691994775838.0927             -0.0127688
691995753042.1713             0.0262006
691996730246.2499             0.06623045
691997707450.3285             0.030759893
691998684654.4071             0.037446994
691999661858.4857             0.03435302
692000639062.5643             0.018511068
692001616266.643              0.004633905
692002593470.7216             0.0047958028
692003570674.8002             0.017482072
692004547878.8788             0.0025020286
692005525082.9574             -0.0424007
692006502287.036              -0.01940105
692007479491.1146             -0.014796662
692008456695.1932             0.064922124
692009433899.2719             0.015076366
692010411103.3505             0.030162679
692011388307.4291             0.014241564
692012365511.5077             0.03707258
692013342715.5863             0.05518856
692014319919.6649             0.020432457
692015297123.7435             0.0134718595
692016274327.8221             0.015435667
692017251531.9008             -0.031138033
692018228735.9794             -0.0480444
692019205940.058              -0.0101350285
692020183144.1366             0.004383646
692021160348.2152             0.035252433
692022137552.2938             -0.07485949
692023114756.3724             -0.012754679
692024091960.451              0.03414542
692025069164.5297             0.02423541
692026046368.6083             0.032921437
692027023572.6869             -0.05626425
692028000776.7654             0.0019380084
692028977980.844              0.025478441
692029955184.9226             -0.054276567
692030932389.0012             -0.03910854
692031909593.0798             0.052319065
692032886797.1584             0.0038954874
692033864001.237              0.008636888
692034841205.3157             0.04409606
692035818409.3943             -0.00888436
692036795613.4729             -0.06070814
692037772817.5515             -0.07316401
692038750021.6301             -0.06483483
692039727225.7087             -0.057559796
692040704429.7874             -0.0073567275
692041681633.866              0.034043543
692042658837.9446             0.062289644
692043636042.0232             0.014583921
692044613246.1018             0.04284922
692045590450.1804             -0.0039107976
692046567654.259              -0.03137337
692047544858.3376             0.015860662
692048522062.4163             -0.0076698377
692049499266.4949             -0.035838332
692050476470.5735             0.009567351
692051453674.6521             -0.060388137
692052430878.7307             -0.013060511
692053408082.8093             -0.06344359
692054385286.888              -0.023900582
692055362490.9666             0.033649318
692056339695.0452             -0.0043264297
692057316899.1238             0.029952269
692058294103.2024             -0.0094993375
692059271307.281              -0.009105761
692060248511.3596             -0.0060695168
692061225715.4382             -0.058417954
692062202919.5168             -0.0072426302
692063180123.5955             0.008969493
692064157327.6741             -0.0016965768
692065134531.7526             -0.01689257
692066111735.8312             0.007585922
692067088939.9098             0.10661265
692068066143.9884             0.039440997
692069043348.067              0.014131381
692070020552.1456             0.03990079
692070997756.2242             0.057596616
692071974960.3029             0.051788263
692072952164.3815             0.046081282
692073929368.4601             0.038873553
692074906572.5387             -0.010996811
692075883776.6173             0.035490435
692076860980.6959             0.05017609
692077838184.7745             0.11154314
692078815388.8531             -0.036378834
692079792592.9318             -0.0021471104
692080769797.0104             -0.014366192
692081747001.089              -0.04276831
692082724205.1676             -0.09303747
692083701409.2462             -0.10714566
692084678613.3248             -0.08620332
692085655817.4034             0.01548164
692086633021.482              0.066451296
692087610225.5607             -0.025327321
692088587429.6393             -0.008625468
692089564633.7179             0.013387602
692090541837.7965             0.007277494
692091519041.8751             0.07194234
692092496245.9537             0.037644017
692093473450.0323             0.008108263
692094450654.111              0.027737258
692095427858.1896             -0.071559355
692096405062.2682             -0.06314881
692097382266.3468             0.0323081
692098359470.4254             0.026380263
692099336674.504              0.04300863
692100313878.5826             0.043018706
692101291082.6613             0.028262047
692102268286.7397             0.05468657
692103245490.8184             -0.014645151
692104222694.897              -0.0668167
692105199898.9756             -0.06445969
692106177103.0542             -0.06417447
692107154307.1328             -0.011731401
692108131511.2114             0.037135724
692109108715.29               0.04250669
692110085919.3687             0.009685095
692111063123.4473             -0.01099637
692112040327.5259             -0.044416968
692113017531.6045             -0.06964051
692113994735.6831             -0.06635792
692114971939.7617             -0.019690482
692115949143.8403             0.03866903
692116926347.919              0.102099456
692117903551.9976             -0.043554135
692118880756.0762             -0.031931438
692119857960.1548             -0.04815867
692120835164.2334             -0.034717627
692121812368.312              -0.0005861018
692122789572.3906             0.12738343
692123766776.4692             0.099519424
692124743980.5479             0.0053320075
692125721184.6265             -0.052490063
692126698388.7051             -0.07313212
692127675592.7837             -0.032243215
692128652796.8623             -0.080280006
692129630000.9409             -0.05014356
692130607205.0195             -0.034835402
692131584409.0981             -0.058860406
692132561613.1768             -0.06405719
692133538817.2554             -0.011148931
692134516021.334              0.01833439
692135493225.4126             -0.034406953
692136470429.4912             -0.0049269684
692137447633.5698             0.047744986
692138424837.6484             -0.018240731
692139402041.7269             -0.08602016
692140379245.8055             -0.06645055
692141356449.8842             0.028382432
692142333653.9628             0.017424654
692143310858.0414             -0.01078542
692144288062.12               -0.026122654
692145265266.1986             -0.053921495
692146242470.2772             -0.06742315
692147219674.3558             0.013582539
692148196878.4344             0.060059935
692149174082.5131             0.02438034
692150151286.5917             -0.031357072
692151128490.6703             0.0050110016
692152105694.7489             0.026220236
692153082898.8275             0.036990695
692154060102.9061             -0.070390046
692155037306.9847             -0.09471748
692156014511.0634             -0.001692492
692156991715.142              -0.11050087
692157968919.2206             -0.104023
692158946123.2992             -0.00030691782
692159923327.3778             -0.0069627264
692160900531.4564             0.011353368
692161877735.535              0.0464047
692162854939.6136             0.042359494
692163832143.6923             0.012114644
692164809347.7709             -0.02714209
692165786551.8495             -0.039972607
692166763755.9281             -0.06625856
692167740960.0067             -0.038162738
692168718164.0853             0.07031137
692169695368.164              0.016754325
692170672572.2426             -0.017366085
692171649776.3212             0.009010078
692172626980.3998             -0.03770687
692173604184.4784             -0.005729901
692174581388.557              -0.044785842
692175558592.6356             -0.0041942014
692176535796.7141             0.054961383
692177513000.7927             0.012343746
692178490204.8713             -0.008495077
692179467408.95               0.024130316
692180444613.0286             0.0061880522
692181421817.1072             0.007832112
692182399021.1858             0.0048033623
692183376225.2644             0.018196974
692184353429.343              0.04577776
692185330633.4216             0.06938917
692186307837.5002             0.0500105
692187285041.5789             -0.014628687
692188262245.6575             0.0020685687
692189239449.7361             -0.012800867
692190216653.8147             -0.05809049
692191193857.8933             -0.06857091
692192171061.9719             0.03428545
692193148266.0505             0.030202799
692194125470.1292             0.0073417355
692195102674.2078             -0.0066584563
692196079878.2864             -0.02039262
692197057082.365              0.014897547
692198034286.4436             0.0073924577
692199011490.5222             -0.0025038482
692199988694.6008             -0.067664504
692200965898.6794             0.0028378065
692201943102.758              -0.026042948
692202920306.8367             -0.061400928
692203897510.9153             0.0064013056
692204874714.9939             -0.011708399
692205851919.0725             -0.030699272
692206829123.1511             0.018177148
692207806327.2297             0.065967746
692208783531.3083             0.018365243
692209760735.387              -0.012657433
692210737939.4656             0.040698625
692211715143.5442             -0.014942831
692212692347.6228             -0.054660253
692213669551.7013             -0.032943264
692214646755.7799             -0.09072094
692215623959.8585             -0.07003065
692216601163.9371             -0.032228306
692217578368.0157             0.005578194
692218555572.0944             -0.0653709
692219532776.173              -0.03612496
692220509980.2516             0.022890914
692221487184.3302             0.008531315
692222464388.4088             -0.015955599
692223441592.4874             0.061749108
692224418796.566              0.019550439
692225396000.6447             -0.05845992
692226373204.7233             -0.07804121
692227350408.8019             -0.02981017
692228327612.8805             -0.012216228
692229304816.9591             0.018559912
692230282021.0377             0.042240188
692231259225.1163             0.045191173
692232236429.195              0.017477412
692233213633.2736             -0.07759636
692234190837.3522             -0.14859895
692235168041.4308             0.01521049
692236145245.5094             0.043630537
692237122449.588              -0.06656314
692238099653.6666             -0.035906162
692239076857.7452             -0.0146293845
692240054061.8239             0.00013699636
692241031265.9025             0.05044092
692242008469.9811             0.01931127
692242985674.0597             -0.0046284483
692243962878.1383             -0.026392285
692244940082.2169             -0.043590132
692245917286.2955             -0.0086426735
692246894490.3741             0.057080094
692247871694.4528             0.053718653
692248848898.5314             0.014175142
692249826102.6099             -0.025430575
692250803306.6885             -0.023913091
692251780510.7671             0.025919471
692252757714.8457             -0.004013052
692253734918.9243             0.008522172
692254712123.0029             0.04515078
692255689327.0815             0.0034512903
692256666531.1602             0.010989302
692257643735.2388             0.07609251
692258620939.3174             0.006698231
692259598143.396              -0.063690014
692260575347.4746             -0.063035674
692261552551.5532             -0.001256818
692262529755.6318             -0.027761962
692263506959.7104             0.015351852
692264484163.7891             0.0064204126
692265461367.8677             -0.02518328
692266438571.9463             -0.029536787
692267415776.0249             0.04189964
692268392980.1035             0.029467523
692269370184.1821             -0.030210758
692270347388.2607             0.02299238
692271324592.3394             0.0120146535
692272301796.418              -0.0052571786
692273279000.4966             0.08130645
692274256204.5752             0.010267963
692275233408.6538             -0.050038688
692276210612.7324             -0.05984263
692277187816.811              -0.003811291
692278165020.8896             0.055030238
692279142224.9683             -0.014847466
692280119429.0469             0.012937495
692281096633.1255             0.00824823
692282073837.2041             -0.013557426
692283051041.2827             0.035571046
692284028245.3613             -0.0533407
692285005449.44               -0.0011509027
692285982653.5186             0.08872163
692286959857.597              0.02555922
692287937061.6757             0.04081966
692288914265.7543             0.09160386
692289891469.8329             0.032734495
692290868673.9115             0.024987815
692291845877.9901             -0.021952704
692292823082.0687             -0.027495923
692293800286.1473             0.009990167
692294777490.226              0.04692415
692295754694.3046             0.020762792
692296731898.3832             -0.0296903
692297709102.4618             0.088807486
692298686306.5404             0.057960607
692299663510.619              0.08297205
692300640714.6976             0.012708164
692301617918.7762             0.005125832
692302595122.8549             0.006745561
692303572326.9335             -0.04866077
692304549531.0121             -0.020457905
692305526735.0907             -0.005379199
692306503939.1693             0.0397536
692307481143.2479             0.06970626
692308458347.3265             -0.025446529
692309435551.4052             0.023439556
692310412755.4838             0.008027508
692311389959.5624             -0.030718418
692312367163.641              0.037805084
692313344367.7196             -0.05156531
692314321571.7982             -0.0724972
692315298775.8768             0.00795949
692316275979.9554             0.012051807
692317253184.034              -0.017857298
692318230388.1127             0.004921643
692319207592.1913             -0.01897545
692320184796.2699             -0.06982718
692321162000.3485             0.057001572
692322139204.4271             0.12805335
692323116408.5057             0.076689005
692324093612.5842             0.049405985
692325070816.6628             0.041032363
692326048020.7415             0.023323363
692327025224.8201             -0.020870375
692328002428.8987             -0.024199406
692328979632.9773             -0.043352548
692329956837.0559             -0.0008262554
692330934041.1345             -0.046397682
692331911245.2131             -0.011302077
692332888449.2917             -0.00018361348
692333865653.3704             0.026560185
692334842857.449              -0.031670045
692335820061.5276             -0.05255671
692336797265.6062             0.017900962
692337774469.6848             0.0033155202
692338751673.7634             -0.022286972
692339728877.842              -0.016288705
692340706081.9207             0.12611607
692341683285.9993             0.1086821
692342660490.0779             0.01689792
692343637694.1565             0.021291524
692344614898.2351             0.053602375
692345592102.3137             0.01717663
692346569306.3923             -0.065496475
692347546510.471              -0.02122955
692348523714.5496             0.032018
692349500918.6282             -0.0136591485
692350478122.7068             0.068032816
692351455326.7854             0.10175964
692352432530.864              -0.030300535
692353409734.9426             0.012874364
692354386939.0212             0.058683734
692355364143.0999             0.010529078
692356341347.1785             -0.020310864
692357318551.2571             0.0012969197
692358295755.3357             0.07351381
692359272959.4143             0.050260264
692360250163.4929             0.13106723
692361227367.5714             0.083524846
692362204571.65               0.015687168
692363181775.7286             0.05329187
692364158979.8073             0.04802014
692365136183.8859             -0.058554005
692366113387.9645             -0.026908092
692367090592.0431             -0.016924433
692368067796.1217             -0.09458221
692369045000.2003             -0.039743997
692370022204.2789             0.051757347
692370999408.3575             0.06260918
692371976612.4362             0.039442588
692372953816.5148             -0.06925462
692373931020.5934             -0.15066615
692374908224.672              -0.03996739
692375885428.7506             -0.0017653925
692376862632.8292             -0.008877248
692377839836.9078             -0.039523315
692378817040.9865             -0.06528069
692379794245.0651             0.093659066
692380771449.1437             0.1095859
692381748653.2223             0.10069829
692382725857.3009             -0.02339223
692383703061.3795             -0.04784501
692384680265.4581             0.043836918
692385657469.5367             0.06852471
692386634673.6154             0.030762821
692387611877.694              0.03425369
692388589081.7726             -0.09014343
692389566285.8512             -0.030971281
692390543489.9298             0.098410994
692391520694.0084             0.025304042
692392497898.087              -0.044174682
692393475102.1656             0.050419204
692394452306.2443             -0.045914844
692395429510.3229             0.0039978176
692396406714.4015             -0.09556523
692397383918.4801             -0.047622785
692398361122.5586             -0.0009070592
692399338326.6372             0.07126854
692400315530.7158             -0.013430908
692401292734.7944             0.017498687
692402269938.873              0.05995859
692403247142.9517             0.021194957
692404224347.0303             -0.065665826
692405201551.1089             -0.008916099
692406178755.1875             0.04207642
692407155959.2661             -0.04123326
692408133163.3447             0.00857873
692409110367.4233             -0.01610016
692410087571.502              0.02325616
692411064775.5806             0.06468793
692412041979.6592             -0.1395429
692413019183.7378             -0.09993483
692413996387.8164             -0.10614399
692414973591.895              -0.04094582
692415950795.9736             -0.040633194
692416928000.0522             0.022117404
692417905204.1309             -0.09997408
692418882408.2095             0.06980602
692419859612.2881             -0.012104927
692420836816.3667             -0.099718496
692421814020.4453             -0.09985693
692422791224.5239             -0.1540274
692423768428.6025             -0.002756335
692424745632.6812             -0.1257388
692425722836.7598             -0.088326804
692426700040.8384             -0.06491854
692427677244.917              -0.029981196
692428654448.9956             0.011270129
692429631653.0742             -0.06686517
692430608857.1528             -0.10599614
692431586061.2314             -0.031527188
692432563265.31               0.007997604
692433540469.3887             -0.095135234
692434517673.4673             -0.00018504726
692435494877.5458             0.06072378
692436472081.6244             -0.06874548
692437449285.703              -0.04205198
692438426489.7816             -0.007919101
692439403693.8602             0.09834865
692440380897.9388             -0.09387417
692441358102.0175             -0.1488035
692442335306.0961             -0.10311712
692443312510.1747             -0.052601922
692444289714.2533             -0.035996187
692445266918.3319             -0.058041222
692446244122.4105             0.021954931
692447221326.4891             0.017099103
692448198530.5677             0.045412254
692449175734.6464             0.12603407
692450152938.725              0.07320483
692451130142.8036             -0.014604537
692452107346.8822             0.058330998
692453084550.9608             0.01174503
692454061755.0394             0.035838854
692455038959.118              0.016046138
692456016163.1967             0.005714417
692456993367.2753             0.08406525
692457970571.3539             0.036285166
692458947775.4325             0.0140389195
692459924979.5111             0.036089484
692460902183.5897             0.048781734
692461879387.6683             0.07458911
692462856591.747              0.07174815
692463833795.8256             0.032731973
692464810999.9042             -0.009308972
692465788203.9828             -0.028447349
692466765408.0614             -0.0026112678
692467742612.14               -0.012865933
692468719816.2186             0.0017567197
692469697020.2972             -0.068829894
692470674224.3759             -0.042462826
692471651428.4545             -0.0012224667
692472628632.533              0.034528006
692473605836.6116             0.008780197
692474583040.6902             -0.0042048697
692475560244.7688             -0.014566619
692476537448.8474             -0.00026651425
692477514652.926              0.009504135
692478491857.0046             0.001933677
692479469061.0833             0.016771639
692480446265.1619             0.004703214
692481423469.2405             0.049042128
692482400673.3191             0.035987906
692483377877.3977             0.030194685
692484355081.4763             0.044526093
692485332285.5549             0.038519554
692486309489.6335             0.0029120303
692487286693.7122             -0.054262623
692488263897.7908             -0.07040879
692489241101.8694             0.016419958
692490218305.948              0.032149646
692491195510.0266             0.03521555
692492172714.1052             0.041779563
692493149918.1838             0.09333116
692494127122.2625             0.025825467
692495104326.3411             -0.01284583
692496081530.4197             0.04713042
692497058734.4983             0.018587554
692498035938.5769             -0.004188281
692499013142.6555             0.0060687885
692499990346.7341             -0.001639493
692500967550.8127             -0.00870998
692501944754.8914             -0.06395927
692502921958.97               -0.0465992
692503899163.0486             0.07974775
692504876367.1272             0.031620637
692505853571.2058             0.017818308
692506830775.2844             0.072110295
692507807979.363              0.07256152
692508785183.4417             0.029811403
692509762387.5201             -0.06275632
692510739591.5988             -0.036247723
692511716795.6774             -0.05876904
692512693999.756              -0.00840649
692513671203.8346             -0.012931541
692514648407.9132             0.01825603
692515625611.9918             0.012333467
692516602816.0704             0.03734801
692517580020.149              0.028237415
692518557224.2277             -0.034480717
692519534428.3063             -0.05534566
692520511632.3849             0.014236907
692521488836.4635             0.015398288
692522466040.5421             -0.02946806
692523443244.6207             -0.042272955
692524420448.6993             0.03460317
692525397652.778              0.039247412
692526374856.8566             0.0004401219
692527352060.9352             -0.06433616
692528329265.0138             0.07309181
692529306469.0924             0.11307427
692530283673.171              0.08621857
692531260877.2496             0.060171
692532238081.3282             0.016075764
692533215285.4069             -0.029482624
692534192489.4855             -0.029575594
692535169693.5641             0.0037424443
692536146897.6427             0.012491494
692537124101.7213             0.062361803
692538101305.7999             0.05192581
692539078509.8785             0.028499812
692540055713.9572             0.02504573
692541032918.0358             0.04740685
692542010122.1144             0.017998718
692542987326.193              -0.07267095
692543964530.2716             -0.024201257
692544941734.3502             -0.037997454
692545918938.4288             0.016469838
692546896142.5073             -0.020890882
692547873346.5859             0.016258936
692548850550.6646             0.047726676
692549827754.7432             0.015253824
692550804958.8218             -0.048291385
692551782162.9004             -0.03822506
692552759366.979              -0.036032327
692553736571.0576             0.06587284
692554713775.1362             0.035998434
692555690979.2148             -0.008398248
692556668183.2935             0.002703409
692557645387.3721             -0.03602429
692558622591.4507             -0.020494053
692559599795.5293             -0.033592287
692560576999.6079             -0.023117177
692561554203.6865             -0.006875472
692562531407.7651             -0.06553181
692563508611.8438             -0.012101119
692564485815.9224             -0.024505313
692565463020.001              -0.025714407
692566440224.0796             -0.036734536
692567417428.1582             -0.066276334
692568394632.2368             -0.07166359
692569371836.3154             -0.09962299
692570349040.394              -0.05055498
692571326244.4727             -0.103877425
692572303448.5513             -0.027765334
692573280652.6299             0.060292624
692574257856.7085             0.021985678
692575235060.7871             0.0017561015
692576212264.8657             0.009558513
692577189468.9443             0.01970321
692578166673.023              0.05736805
692579143877.1016             0.021382423
692580121081.1802             0.016607104
692581098285.2588             -0.0018809929
692582075489.3374             0.036820117
692583052693.416              0.024659002
692584029897.4945             -0.0040343516
692585007101.5731             0.050251216
692585984305.6517             -0.046645235
692586961509.7303             -0.0590684
692587938713.809              -0.024313377
692588915917.8876             -0.04615171
692589893121.9662             -0.08966688
692590870326.0448             -0.03019314
692591847530.1234             0.04327616
692592824734.202              0.016263828
692593801938.2806             -0.027013808
692594779142.3593             -0.06594192
692595756346.4379             -0.014602916
692596733550.5165             0.023408126
692597710754.5951             0.06027753
692598687958.6737             0.0056169666
692599665162.7523             0.013507474
692600642366.8309             0.04359979
692601619570.9095             0.015640847
692602596774.9882             0.024952829
692603573979.0668             -0.029794164
692604551183.1454             -0.05757076
692605528387.224              -0.024752121
692606505591.3026             -0.021389835
692607482795.3812             -0.0353771
692608459999.4598             -0.051438976
692609437203.5385             -0.02016292
692610414407.6171             -0.026904896
692611391611.6957             0.02053292
692612368815.7743             -0.003299179
692613346019.8529             -0.026278002
692614323223.9315             0.011178697
692615300428.0101             -0.002769768
692616277632.0887             0.008060187
692617254836.1674             -0.041495245
692618232040.246              0.019439664
692619209244.3246             0.009441156
692620186448.4032             -0.014827662
692621163652.4817             0.012014594
692622140856.5603             -0.021351283
692623118060.6389             0.009927966
692624095264.7175             0.04552802
692625072468.7961             0.07279839
692626049672.8748             0.024017753
692627026876.9534             -0.060089454
692628004081.032              -0.03298938
692628981285.1106             0.013741167
692629958489.1892             -0.0026817613
692630935693.2678             -0.011359798
692631912897.3464             0.044383347
692632890101.425              0.04321662
692633867305.5037             0.03531268
692634844509.5823             -0.058591753
692635821713.6609             -0.028688293
692636798917.7395             -0.04600529
692637776121.8181             0.0015157339
692638753325.8967             -0.038101252
692639730529.9753             -0.07876575
692640707734.054              -0.05869592
692641684938.1326             -0.00547858
692642662142.2112             -0.023916777
692643639346.2898             -0.038975555
692644616550.3684             -0.046776906
692645593754.447              -0.030851567
692646570958.5256             -0.018721487
692647548162.6042             -0.03412732
692648525366.6829             -0.048618212
692649502570.7615             -0.020715343
692650479774.8401             0.0126165515
692651456978.9187             -0.01296729
692652434182.9973             0.03968508
692653411387.0759             0.0050046537
692654388591.1545             -0.10172251
692655365795.2332             0.009107333
692656342999.3118             -0.008628609
692657320203.3904             -0.022114616
692658297407.4689             0.006573326
692659274611.5475             -0.0736677
692660251815.6261             -0.051634952
692661229019.7047             -0.020361215
692662206223.7833             0.014409242
692663183427.8619             0.10065403
692664160631.9406             0.025287626
692665137836.0192             -0.041568477
692666115040.0978             0.0032587405
692667092244.1764             0.031218026
692668069448.255              -0.01874839
692669046652.3336             0.031347584
692670023856.4122             0.024898645
692671001060.4908             0.015985731
692671978264.5695             -0.0029709816
692672955468.6481             -0.03411085
692673932672.7267             -0.02368613
692674909876.8053             -0.00473343
692675887080.8839             -0.009299722
692676864284.9625             0.015918901
692677841489.0411             -0.0063942866
692678818693.1198             0.012519343
692679795897.1984             0.015867261
692680773101.277              0.006494966
692681750305.3556             -0.033280957
692682727509.4342             0.006222877
692683704713.5128             -0.06291883
692684681917.5914             0.0034560487
692685659121.67               0.0038702278
692686636325.7487             0.015291756
692687613529.8273             0.005255021
692688590733.9059             0.025992645
692689567937.9845             0.005844957
692690545142.0631             -0.046418983
692691522346.1417             0.024200907
692692499550.2203             -0.035674132
692693476754.299              -0.09446622
692694453958.3776             -0.012594737
692695431162.456              0.017017042
692696408366.5347             0.03297765
692697385570.6133             0.022693634
692698362774.6919             -0.03536263
692699339978.7705             -0.018151468
692700317182.8491             -0.07922117
692701294386.9277             -0.025189616
692702271591.0063             0.03732458
692703248795.085              0.040159192
692704225999.1636             0.04120365
692705203203.2422             0.037803784
692706180407.3208             -0.01580898
692707157611.3994             -0.07199699
692708134815.478              -0.062121842
692709112019.5566             -0.056424446
692710089223.6353             -0.06889472
692711066427.7139             -0.040101938
692712043631.7925             0.030987991
692713020835.8711             0.02086624
692713998039.9497             0.02507867
692714975244.0283             0.02707495
692715952448.1069             -0.004173026
692716929652.1855             -0.029458515
692717906856.2642             -0.0248444
692718884060.3428             -0.03243941
692719861264.4214             -0.033122905
692720838468.5                -0.021509552
692721815672.5786             0.0501695
692722792876.6572             0.042024855
692723770080.7358             -0.02216933
692724747284.8145             0.049745068
692725724488.8931             0.073303424
692726701692.9717             0.025046222
692727678897.0503             0.033125326
692728656101.1289             0.040830273
692729633305.2075             -0.016184252
692730610509.2861             -0.031806346
692731587713.3647             0.005265967
692732564917.4432             0.005221593
692733542121.5219             -0.06971409
692734519325.6005             0.009321352
692735496529.6791             0.037351623
692736473733.7577             -0.008855652
692737450937.8363             0.0512863
692738428141.9149             0.039993394
692739405345.9935             0.021214409
692740382550.0721             0.06841586
692741359754.1508             0.01398174
692742336958.2294             -0.027426146
692743314162.308              0.057514463
692744291366.3866             0.019067338
692745268570.4652             0.01941926
692746245774.5438             0.0063626743
692747222978.6224             0.034884047
692748200182.701              0.0004110139
692749177386.7797             0.017677402
692750154590.8583             0.04884213
692751131794.9369             0.05193004
692752108999.0155             -0.007539143
692753086203.0941             -0.024101643
692754063407.1727             -0.027212022
692755040611.2513             -0.030260557
692756017815.33               0.0481082
692756995019.4086             0.05694438
692757972223.4872             0.013328503
692758949427.5658             -0.044578616
692759926631.6444             -0.04301193
692760903835.723              -0.030482857
692761881039.8016             0.009896908
692762858243.8802             -0.020320728
692763835447.9589             0.027744805
692764812652.0375             0.0019852894
692765789856.1161             0.0038161653
692766767060.1947             0.057663776
692767744264.2733             0.07802716
692768721468.3519             0.04055687
692769698672.4304             0.007890173
692770675876.509              0.0077332137
692771653080.5876             -0.0009809815
692772630284.6663             0.0063987505
692773607488.7449             -0.02051392
692774584692.8235             0.03593171
692775561896.9021             0.004774807
692776539100.9807             0.015359638
692777516305.0593             -0.06587758
692778493509.138              -0.088183776
692779470713.2166             -0.08014797
692780447917.2952             -0.03131283
692781425121.3738             -0.05563609
692782402325.4524             -0.07149455
692783379529.531              -0.029763335
692784356733.6096             -0.025286648
692785333937.6882             -0.056578122
692786311141.7668             -0.015674533
692787288345.8455             -0.01233721
692788265549.9241             -0.010214508
692789242754.0027             -0.0009818145
692790219958.0813             -0.031260956
692791197162.1599             -0.016110925
692792174366.2385             -0.014016896
692793151570.3171             0.028408658
692794128774.3958             0.026493588
692795105978.4744             -0.014251375
692796083182.553              0.0039749234
692797060386.6316             0.00839241
692798037590.7102             0.08517365
692799014794.7888             0.08433582
692799991998.8674             0.012680497
692800969202.946              -0.0053311824
692801946407.0247             0.00788956
692802923611.1033             0.008574838
692803900815.1819             0.040917575
692804878019.2605             0.0220503
692805855223.3391             0.014526563
692806832427.4176             0.03321139
692807809631.4962             -0.013690147
692808786835.5748             0.018012593
692809764039.6534             -0.008216664
692810741243.732              0.03960934
692811718447.8107             -0.015271455
692812695651.8893             0.0023893856
692813672855.9679             0.018659003
692814650060.0465             0.006647549
692815627264.1251             0.012700326
692816604468.2037             0.009637385
692817581672.2823             0.024820315
692818558876.361              0.026400022
692819536080.4396             -0.03708897
692820513284.5182             0.008587238
692821490488.5968             0.0037187792
692822467692.6754             0.005566699
692823444896.754              -0.056437533
692824422100.8326             -0.0703341
692825399304.9113             0.0044394755
692826376508.9899             -0.011702136
692827353713.0685             -0.09154772
692828330917.1471             -0.04288683
692829308121.2257             -0.08906814
692830285325.3043             -0.043961454
692831262529.3829             -0.013340154
692832239733.4615             0.01289794
692833216937.5402             0.00700878
692834194141.6188             0.005000841
692835171345.6974             -0.02993096
692836148549.776              -0.04473987
692837125753.8546             -0.041332
692838102957.9332             0.038570073
692839080162.0118             0.028112158
692840057366.0905             -0.016853044
692841034570.1691             -0.065622576
692842011774.2477             -0.056283858
692842988978.3262             -0.010020988
692843966182.4048             -0.035577863
692844943386.4834             -0.021657053
692845920590.562              -0.038490485
692846897794.6406             0.0021274036
692847874998.7192             -0.025333684
692848852202.7979             -0.04467921
692849829406.8765             0.051470593
692850806610.9551             0.014571776
692851783815.0337             0.030430771
692852761019.1123             0.04935052
692853738223.1909             0.011594384
692854715427.2695             0.03647092
692855692631.3481             0.06490987
692856669835.4268             0.02438868
692857647039.5054             -0.0007560426
692858624243.584              -0.037456095
692859601447.6626             -0.01064638
692860578651.7412             0.03214061
692861555855.8198             0.0717054
692862533059.8984             0.038246993
692863510263.977              0.021741293
692864487468.0557             0.026190085
692865464672.1343             -0.017580748
692866441876.2129             -0.004404672
692867419080.2915             -0.047347784
692868396284.3701             0.00057315454
692869373488.4487             -0.003610729
692870350692.5273             -0.03598176
692871327896.606              -0.064232245
692872305100.6846             -0.010148107
692873282304.7632             0.03107194
692874259508.8418             0.081913486
692875236712.9204             0.062929995
692876213916.999              0.03076236
692877191121.0776             -0.063426524
692878168325.1562             -0.039450493
692879145529.2349             0.012591429
692880122733.3134             -0.045698825
692881099937.392              -0.044993848
692882077141.4706             -0.0135545675
692883054345.5492             -0.022567961
692884031549.6278             -0.029126992
692885008753.7064             -0.041906588
692885985957.785              -0.021256935
692886963161.8636             -0.11007564
692887940365.9423             -0.0665282
692888917570.0209             -0.013677517
692889894774.0995             0.018163228
692890871978.1781             0.016595215
692891849182.2567             -0.028022392
692892826386.3353             0.0036928332
692893803590.414              -0.030476222
692894780794.4926             -0.025779463
692895757998.5712             0.08422258
692896735202.6498             -0.0038892308
692897712406.7284             0.05666498
692898689610.807              0.02929517
692899666814.8856             0.011850539
692900644018.9642             -0.005515386
692901621223.0428             0.01730885
692902598427.1215             0.014658433
692903575631.2001             -0.045434836
692904552835.2787             -0.0688868
692905530039.3573             -0.04160738
692906507243.4359             -0.040966637
692907484447.5145             -0.0101712495
692908461651.5931             0.020216085
692909438855.6718             -0.009549238
692910416059.7504             -0.03674856
692911393263.829              0.05658177
692912370467.9076             0.05975899
692913347671.9862             -0.023111627
692914324876.0648             0.016624216
692915302080.1434             -0.009904638
692916279284.222              0.05021041
692917256488.3005             0.04493204
692918233692.3792             -0.04467513
692919210896.4578             -0.06301426
692920188100.5364             0.0028059229
692921165304.615              0.033933107
692922142508.6936             0.021689452
692923119712.7722             0.0026247362
692924096916.8508             -0.0066882907
692925074120.9294             0.025667427
692926051325.008              -0.059496045
692927028529.0867             -0.004363224
692928005733.1653             0.0069176946
692928982937.2439             -0.016613225
692929960141.3225             0.0021817768
692930937345.4011             0.050481636
692931914549.4797             0.04819496
692932891753.5583             0.021937134
692933868957.637              -0.01029728
692934846161.7156             -0.03309111
692935823365.7942             0.008569217
692936800569.8728             -0.03705022
692937777773.9514             -0.023703758
692938754978.03               0.0059101735
692939732182.1086             -0.0010602982
692940709386.1873             0.07248338
692941686590.2659             0.07512892
692942663794.3445             -0.0050652525
692943640998.4231             0.024730612
692944618202.5017             0.10406045
692945595406.5803             0.06368104
692946572610.6589             -0.026927993
692947549814.7375             -0.06866625
692948527018.8162             -0.08727048
692949504222.8948             -0.03857325
692950481426.9734             0.031515565
692951458631.052              0.0058661867
692952435835.1306             0.01087941
692953413039.2092             -0.022346286
692954390243.2877             -0.037846733
692955367447.3663             -0.044325516
692956344651.445              -0.025807695
692957321855.5236             -0.054003127
692958299059.6022             -0.027497236
692959276263.6808             -0.027137196
692960253467.7594             -0.039092615
692961230671.838              -0.06497433
692962207875.9166             -0.0057260785
692963185079.9952             -0.03545649
692964162284.0739             -0.0018865102
692965139488.1525             -0.01693434
692966116692.2311             -0.039931823
692967093896.3097             -0.046287175
692968071100.3883             -0.04344682
692969048304.4669             -0.011049989
692970025508.5455             0.036764365
692971002712.6241             -0.008653953
692971979916.7028             0.017845813
692972957120.7814             0.03610125
692973934324.86               0.012349591
692974911528.9386             -0.02865031
692975888733.0172             -0.012094674
692976865937.0958             -0.039527636
692977843141.1744             -0.07968482
692978820345.253              -0.038113136
692979797549.3317             -0.008178008
692980774753.4103             -0.026865937
692981751957.4889             -0.06278543
692982729161.5675             -0.04150214
692983706365.6461             -0.0981681
692984683569.7247             -0.02748469
692985660773.8033             -0.0013834708
692986637977.882              0.036111984
692987615181.9606             0.0025013105
692988592386.0392             -0.023755372
692989569590.1178             -0.054253165
692990546794.1964             -0.04847813
692991523998.2749             -0.016184324
692992501202.3535             -0.059304275
692993478406.4321             -0.0017481812
692994455610.5107             -0.030905908
692995432814.5894             -0.05700093
692996410018.668              0.02091526
692997387222.7466             0.03943292
692998364426.8252             0.050409686
692999341630.9038             0.045396306
693000318834.9824             0.027730906
693001296039.061              0.008468291
693002273243.1396             0.026311968
693003250447.2183             0.016525352
693004227651.2969             -0.043519784
693005204855.3755             -0.040617213
693006182059.4541             -0.015774554
693007159263.5327             -0.006876686
693008136467.6113             -0.057793137
693009113671.69               -0.085326046
693010090875.7686             -0.03186782
693011068079.8472             -0.0005560444
693012045283.9258             -0.029541248
693013022488.0044             -0.059514355
693013999692.083              0.029615449
693014976896.1616             0.023521231
693015954100.2402             0.04038543
693016931304.3188             0.00093715306
693017908508.3975             -0.008670365
693018885712.4761             0.031493377
693019862916.5547             0.033095557
693020840120.6333             0.031553525
693021817324.7119             -0.010769679
693022794528.7905             -0.038476747
693023771732.8691             -0.032581396
693024748936.9478             0.013122145
693025726141.0264             0.026910085
693026703345.105              -0.030154578
693027680549.1836             -0.053848032
693028657753.2621             0.016737811
693029634957.3407             -0.04407296
693030612161.4193             -0.022262871
693031589365.4979             0.065049775
693032566569.5765             0.021185879
693033543773.6552             -0.019819053
693034520977.7338             0.008548552
693035498181.8124             0.024630561
693036475385.891              0.043718964
693037452589.9696             -0.007577326
693038429794.0482             -0.045552615
693039406998.1268             -0.0043736743
693040384202.2054             0.03184473
693041361406.284              0.05269324
693042338610.3627             0.030171165
693043315814.4413             -0.01901094
693044293018.5199             -0.051116597
693045270222.5985             -0.046911675
693046247426.6771             0.0047188005
693047224630.7557             0.016749283
693048201834.8344             -0.004937679
693049179038.913              -0.017262055
693050156242.9916             -0.029901106
693051133447.0702             0.041095484
693052110651.1488             0.060741004
693053087855.2274             -0.041267008
693054065059.306              -0.07397423
693055042263.3846             -0.042072438
693056019467.4633             -0.019081617
693056996671.5419             -0.043573488
693057973875.6205             -0.05341145
693058951079.6991             0.011118359
693059928283.7777             -0.022926686
693060905487.8563             -0.014700512
693061882691.9349             -0.052354913
693062859896.0135             -0.06703081
693063837100.0922             -0.0023994201
693064814304.1708             -0.0082672965
693065791508.2493             -0.032874163
693066768712.3279             -0.03552471
693067745916.4065             -0.03711493
693068723120.4851             -0.012761826
693069700324.5637             0.00978713
693070677528.6423             0.007949673
693071654732.721              -0.006103943
693072631936.7996             0.0018967785
693073609140.8782             0.0112848
693074586344.9568             -0.0031676905
693075563549.0354             -0.010252807
693076540753.114              0.0132689215
693077517957.1926             -0.017476112
693078495161.2712             0.05539463
693079472365.3499             0.052810177
693080449569.4285             0.01013791
693081426773.5071             0.016951941
693082403977.5857             0.06334722
693083381181.6643             0.06830188
693084358385.7429             0.024789313
693085335589.8215             0.0047920323
693086312793.9001             0.040697206
693087289997.9788             0.0293812
693088267202.0574             -0.026848538
693089244406.136              -0.008730579
693090221610.2146             0.066292174
693091198814.2932             0.042450614
693092176018.3718             0.019876685
693093153222.4504             -0.027752195
693094130426.529              -0.017566355
693095107630.6077             0.018214563
693096084834.6863             0.025004707
693097062038.7649             -0.013714478
693098039242.8435             -0.0110495305
693099016446.9221             -0.0063032587
693099993651.0007             -0.007678896
693100970855.0793             0.031553064
693101948059.158              0.041359957
693102925263.2365             0.0009064
693103902467.3151             -0.039247263
693104879671.3937             -0.032394107
693105856875.4723             -0.011037611
693106834079.5509             0.032213673
693107811283.6295             0.04042942
693108788487.7081             0.035726305
693109765691.7867             0.023870314
693110742895.8654             -0.048286743
693111720099.944              -0.015374183
693112697304.0226             0.020651903
693113674508.1012             -0.0049390243
693114651712.1798             -0.013542451
693115628916.2584             -0.00620374
693116606120.337              0.0062844492
693117583324.4156             -0.02390533
693118560528.4943             0.0057116873
693119537732.5729             -0.0960314
693120514936.6515             -0.009267873
693121492140.7301             0.022580491
693122469344.8087             -0.030277127
693123446548.8873             -0.049974754
693124423752.966              -0.07944676
693125400957.0446             -0.06888961
693126378161.1232             -0.09298214
693127355365.2018             -0.06436363
693128332569.2804             0.01576786
693129309773.359              0.063774824
693130286977.4376             0.044543877
693131264181.5162             0.049135204
693132241385.5948             0.030031225
693133218589.6735             0.0030022592
693134195793.7521             -0.0035974842
693135172997.8307             0.0053092176
693136150201.9093             0.048142854
693137127405.9879             0.05825081
693138104610.0665             0.030055773
693139081814.1451             -0.016178515
693140059018.2236             -0.009669745
693141036222.3022             -0.03244145
693142013426.3809             -0.05713549
693142990630.4595             -0.03858805
693143967834.5381             -0.0329593
693144945038.6167             -0.010450605
693145922242.6953             0.039018705
693146899446.7739             0.037958145
693147876650.8525             -0.014489159
693148853854.9312             -0.022537312
693149831059.0098             -0.06898025
693150808263.0884             -0.05297161
693151785467.167              0.055783536
693152762671.2456             0.0057718414
693153739875.3242             -0.0064965035
693154717079.4028             -0.021502737
693155694283.4814             -0.04777513
693156671487.56               -0.010720847
693157648691.6387             0.0009722715
693158625895.7173             0.020593373
693159603099.7959             0.040982697
693160580303.8745             0.048467755
693161557507.9531             -0.05289604
693162534712.0317             0.010887392
693163511916.1104             0.035660107
693164489120.189              0.026153667
693165466324.2676             -0.030820701
693166443528.3462             -0.07590022
693167420732.4248             -0.07832655
693168397936.5034             -0.033222415
693169375140.582              0.016164426
693170352344.6606             0.06879129
693171329548.7393             -0.0010831452
693172306752.8179             -0.005513578
693173283956.8965             0.0010257142
693174261160.9751             -0.0041296068
693175238365.0537             -0.012463853
693176215569.1323             -0.06824904
693177192773.2108             -0.06660013
693178169977.2894             0.014975445
693179147181.368              -0.004178337
693180124385.4467             -0.012342768
693181101589.5253             -0.03711297
693182078793.6039             0.016532097
693183055997.6825             -0.01429835
693184033201.7611             0.0043689176
693185010405.8397             -0.0069346917
693185987609.9183             0.021044865
693186964813.997              0.02669079
693187942018.0756             0.014009148
693188919222.1542             0.061692107
693189896426.2328             -0.03219772
693190873630.3114             -0.015830798
693191850834.39               0.044805977
693192828038.4686             0.0686877
693193805242.5472             0.043026082
693194782446.6259             -0.038775455
693195759650.7045             -0.00020547288
693196736854.7831             -0.03854246
693197714058.8617             -0.053265646
693198691262.9403             -0.0006810945
693199668467.0189             0.038194362
693200645671.0975             0.03511881
693201622875.1761             0.052724797
693202600079.2548             0.034859937
693203577283.3334             0.040184524
693204554487.412              0.013607261
693205531691.4906             -0.0049708458
693206508895.5692             0.0021380142
693207486099.6478             0.025949106
693208463303.7264             -0.0037617504
693209440507.805              -0.061803326
693210417711.8837             -0.00066816126
693211394915.9623             -0.047750473
693212372120.0409             -0.017361047
693213349324.1195             -0.015095315
693214326528.198              3.078921e-05
693215303732.2766             0.0099932365
693216280936.3552             -0.027947575
693217258140.4338             0.029630167
693218235344.5125             0.030807843
693219212548.5911             0.029714104
693220189752.6697             -0.042643417
693221166956.7483             -0.01869337
693222144160.8269             -0.0015599995
693223121364.9055             0.0017889475
693224098568.9841             0.029863583
693225075773.0627             0.011110973
693226052977.1414             -0.045800593
693227030181.22               -0.0092782695
693228007385.2986             0.077565946
693228984589.3772             0.07474654
693229961793.4558             0.025094325
693230938997.5344             0.05475818
693231916201.613              0.024316609
693232893405.6917             0.002070818
693233870609.7703             -0.010637594
693234847813.8489             0.0066083297
693235825017.9275             0.0008508962
693236802222.0061             -0.026915574
693237779426.0847             0.03241858
693238756630.1633             0.065358184
693239733834.242              0.035843313
693240711038.3206             0.0010515342
693241688242.3992             0.03930256
693242665446.4778             -0.0005559001
693243642650.5564             -0.025284396
693244619854.635              0.009761817
693245597058.7136             -0.0032253107
693246574262.7922             0.05422162
693247551466.8708             0.07725276
693248528670.9495             0.06762644
693249505875.0281             0.02698913
693250483079.1067             -0.0012337855
693251460283.1852             -0.016798671
693252437487.2638             -0.03714491
693253414691.3424             -0.07530732
693254391895.421              -0.05612956
693255369099.4996             -0.008911672
693256346303.5782             0.0072013987
693257323507.6569             0.0061086398
693258300711.7355             0.00558491
693259277915.8141             0.072423
693260255119.8927             0.0406863
693261232323.9713             5.179422e-05
693262209528.0499             0.02358865
693263186732.1285             0.055899527
693264163936.2072             0.038348153
693265141140.2858             -0.05399609
693266118344.3644             -0.046052035
693267095548.443              0.0019172578
693268072752.5216             -0.018454505
693269049956.6002             -0.0029676186
693270027160.6788             -0.018778171
693271004364.7574             -0.05246683
693271981568.836              0.015039173
693272958772.9147             0.025459409
693273935976.9933             0.039733693
693274913181.0719             -0.03400133
693275890385.1505             0.057376802
693276867589.2291             0.019552447
693277844793.3077             0.049086355
693278821997.3864             0.07082744
693279799201.465              0.039147336
693280776405.5436             0.058707196
693281753609.6222             0.07720643
693282730813.7008             0.049958862
693283708017.7794             0.011666232
693284685221.858              -0.02811354
693285662425.9366             -0.050964534
693286639630.0153             -0.0017995144
693287616834.0939             -0.007183058
693288594038.1724             -0.025308404
693289571242.251              0.05510042
693290548446.3296             0.042068996
693291525650.4082             0.016659865
693292502854.4868             -0.0042547784
693293480058.5654             -0.011431198
693294457262.644              0.01245742
693295434466.7227             -0.026661223
693296411670.8013             -0.041173484
693297388874.8799             -0.010091605
693298366078.9585             -0.013622128
693299343283.0371             0.019701926
693300320487.1157             0.041637924
693301297691.1943             0.049052462
693302274895.273              0.08560697
693303252099.3516             0.01927356
693304229303.4302             -0.030664843
693305206507.5088             -0.030302336
693306183711.5874             -0.008784317
693307160915.666              0.0091251265
693308138119.7446             0.01865264
693309115323.8232             0.049846668
693310092527.9019             -0.0033837834
693311069731.9805             -0.05198962
693312046936.0591             0.020205209
693313024140.1377             0.013137674
693314001344.2163             -0.0034327612
693314978548.2949             0.013936775
693315955752.3735             -0.030592468
693316932956.4521             -0.00970353
693317910160.5308             -0.05778252
693318887364.6094             -0.03933627
693319864568.688              0.018765679
693320841772.7666             -0.0135379685
693321818976.8452             -0.045427922
693322796180.9238             -0.047142915
693323773385.0024             0.014834884
693324750589.081              0.008810843
693325727793.1595             0.011742686
693326704997.2382             0.012317679
693327682201.3168             -0.0033327541
693328659405.3954             0.00095848093
693329636609.474              -0.041640684
693330613813.5526             -0.0174729
693331591017.6312             -0.017992886
693332568221.7098             -0.031111509
693333545425.7885             -0.03449742
693334522629.8671             -0.008225924
693335499833.9457             -0.019856447
693336477038.0243             -0.03761712
693337454242.1029             -0.031320613
693338431446.1815             0.024729881
693339408650.2601             -0.0041564936
693340385854.3387             0.03702549
693341363058.4174             0.045169942
693342340262.496              -0.0128236
693343317466.5746             -0.038457815
693344294670.6532             -0.050240207
693345271874.7318             -0.017876612
693346249078.8104             -0.0044520274
693347226282.889              0.0043979078
693348203486.9677             0.039083634
693349180691.0463             0.03038893
693350157895.1249             0.024057627
693351135099.2035             -0.036648728
693352112303.2821             0.024924463
693353089507.3607             0.014176399
693354066711.4393             -0.03056638
693355043915.518              -0.01739965
693356021119.5966             0.015708117
693356998323.6752             -0.06596054
693357975527.7538             -0.030118747
693358952731.8324             -0.007957194
693359929935.911              0.057081573
693360907139.9896             0.094591826
693361884344.0682             0.03327778
693362861548.1467             -0.038838886
693363838752.2253             -0.04227335
693364815956.304              -0.0018324485
693365793160.3826             0.04168908
693366770364.4612             0.056182414
693367747568.5398             0.064482614
693368724772.6184             0.05842923
693369701976.697              0.0019357937
693370679180.7756             0.048024658
693371656384.8542             -0.0006232839
693372633588.9329             -0.0063947774
693373610793.0115             0.008589468
693374587997.0901             -0.05098363
693375565201.1687             -0.036419354
693376542405.2473             -0.052900545
693377519609.3259             -0.007950363
693378496813.4045             0.022999698
693379474017.4832             0.02877656
693380451221.5618             0.007694008
693381428425.6404             0.04085279
693382405629.719              0.064539626
693383382833.7976             0.04169671
693384360037.8762             0.034783605
693385337241.9548             0.012646891
693386314446.0334             -0.042836193
693387291650.112              -0.02208266
693388089929.9                -0.03245824
693388268854.1907             -0.005197055
693389067134.0785             0.08758672
693389246058.2693             0.01700002
693390044338.2571             0.012160395
693390223262.3479             0.03252048
693391021542.4355             0.019156605
693391200466.4265             -0.037070498
693391998746.6141             0.082295105
693392177670.5051             -0.0357028
693392975950.7926             0.18146007
693393154874.5837             -0.017333953
693393953154.9711             0.044618793
693394132078.6624             0.013440841
693394930359.1497             0.0067108534
693395109282.741              -0.004472475
693395907563.3281             -0.06245792
693396086486.8196             0.031015988
693396884767.5067             -0.011357239
693397063690.8982             -0.010143357
693397861971.6852             0.08087756
693398040894.9768             -0.047945652
693398839175.8638             0.05038519
693399018099.0554             0.033484273
693399816380.0422             0.07081517
693399995303.1339             -0.0007254663
693400793584.2207             0.08292553
693400972507.2125             0.070625305
693401770788.3993             -0.024731094
693401949711.2911             0.045371752
693402747992.5778             -0.012434744
693402926915.3698             -0.024340166
693403725196.7563             0.010088285
693403904119.4484             0.0067002494
693404702400.9348             0.032425378
693404881323.527              -0.03651161
693405679605.1133             0.06921696
693405858527.6056             0.016054386
693406656809.2919             0.020406598
693406835731.6842             -0.0040376578
693407634013.4703             -0.08388257
693407812935.7628             -0.008147523
693408611217.6489             -0.12528224
693408790139.8414             -0.027634397
693409588421.8274             -0.07612857
693409767343.92               -0.027617736
693410565626.006              -0.030545916
693410744547.9987             -0.0003800273
693411542830.1844             -0.029264646
693411721752.0773             -0.0036744575
693412520034.3629             -0.011528299
693412698956.1559             -0.04987357
693413497238.5415             0.0026696303
693413676160.2345             -0.027922498
693414474442.72               0.04062706
693414653364.3131             -0.009915018
693415451646.8986             -0.042599563
693415630568.3917             -0.02199398
693416428851.077              -0.04627467
693416607772.4703             -0.010475139
693417406055.2555             -0.008471924
693417584976.549              -0.017676942
693418383259.4341             -0.059876572
693418562180.6276             0.0041880463
693419360463.6125             -0.02343544
693419539384.7062             -0.04267165
693420337667.7911             0.018337335
693420516588.7848             -0.017080816
693421314871.9696             0.016988281
693421493792.8634             -0.03629238
693422292076.1482             0.021582337
693422470996.942              -0.02153299
693423269280.3267             0.07918107
693423448201.0206             0.047671463
693424246484.5051             0.027259504
693424425405.0992             0.060551476
693425223688.6837             -0.015603746
693425402609.1779             0.04531661
693426200892.8622             -0.033923227
693426379813.2565             0.01614657
693427178097.0408             0.0027773366
693427357017.3351             0.0033979856
693428155301.2192             -0.02049608
693428334221.4137             -0.04576942
693429132505.3977             -0.042388324
693429311425.4923             -0.069144405
693430109709.5763             0.034501944
693430288629.5709             -0.0058676735
693431086913.7548             -0.01414249
693431265833.6495             0.023311684
693432064117.9333             -0.0079514375
693432243037.7281             0.04258951
693433041322.1118             -0.03409972
693433220241.8068             0.04287296
693434018526.2903             0.027102396
693434197445.8854             0.0453044
693434995730.4689             0.0007856785
693435174649.964              0.016967978
693435972934.6473             0.07040677
693436151854.0425             -0.009236086
693436950138.8259             0.07908868
693437129058.1211             0.056008104
693437927343.0044             0.048681058
693438106262.1997             0.02450599
693438904547.183              0.056241836
693439083466.2783             0.025230315
693439881751.3615             0.04642226
693440060670.3569             0.03304718
693440858955.5399             0.021325558
693441037874.4355             0.022002919
693441836159.7185             0.015824445
693442015078.5142             0.074783325
693442813363.897              -0.0069999946
693442992282.5928             0.08779801
693443790568.0756             0.07236528
693443969486.6714             -0.0077952137
693444767772.254              0.115359545
693444946690.75               0.03286549
693445744976.4325             0.10526999
693445923894.8286             0.067411676
693446722180.6111             0.048353504
693446901098.9072             0.0055454224
693447699384.7896             0.09900099
693447878302.9858             -0.014439032
693448676588.9681             -0.04037023
693448855507.0645             0.048852712
693449653793.1466             -0.07546668
693449832711.1431             -0.009731316
693450630997.3252             -0.03205032
693450809915.2217             -0.056516796
693451608201.5037             -0.0020637321
693451787119.3003             0.026339173
693452585405.6821             0.112813495
693452764323.3789             0.024111459
693453562609.8607             -0.018835409
693453741527.4575             0.04674333
693454539814.0392             -0.0018004677
693454718731.5361             0.028493445
693455517018.2178             0.04947165
693456494222.3962             0.10738636
693457471426.5747             0.030671198
693458448630.7533             0.05781178
693459425834.9318             0.037828367
693460403039.1104             -0.03141943
693461380243.2888             0.04795087
693462357447.4674             0.021962494
693463334651.6459             -0.065782
693464311855.8243             0.03336272
693465289060.0029             -0.08649918
693466266264.1814             0.07057658
693467243468.36               0.08913432
693468220672.5385             0.13312818
693469197876.7169             0.15847276
693470175080.8955             -0.117788896
693471152285.074              -0.0131210005
693472129489.2526             0.053141993
693473106693.431              0.09569126
693474083897.6095             0.08653617
693475061101.7881             -0.00023030228
693476038305.9666             0.043878615
693477015510.1451             -0.041130517
693477992714.3236             0.043607306
693478969918.5022             0.08741967
693479947122.6807             -0.022548003
693480924326.8591             -0.1251377
693481901531.0377             -0.08028642
693482878735.2162             -0.074173674
693483855939.3948             -0.059977572
693484833143.5732             -0.16857548
693485810347.7517             -0.065383404
693486787551.9303             0.050095674
693487764756.1088             -0.08052277
693488741960.2874             0.06040449
693489719164.4658             -0.01897163
693490696368.6444             0.09021666
693491673572.8229             0.052987393
693492650777.0013             0.012028686
693493627981.1799             -0.005031543
693494605185.3584             0.022111543
693495582389.537              0.009738285
693496559593.7155             0.004285946
693497536797.8939             0.01942517
693498514002.0725             -0.008276525
693499491206.251              0.027019234
693500468410.4296             0.071506105
693501445614.608              0.035191026
693502422818.7866             0.17291228
693503400022.9651             0.061345
693504377227.1436             0.020372165
693505354431.3221             0.08328211
693506331635.5006             0.031825114
693507308839.6792             0.007903386
693508286043.8577             0.15010066
693509263248.0361             -0.017410615
693510240452.2147             0.026396964
693511217656.3932             0.041714754
693512194860.5718             -0.028707676
693513172064.7502             0.025446933
693514149268.9288             -0.049956564
693515126473.1073             -0.030772671
693516103677.2858             0.014105846
693517080881.4644             0.0006883998
693518058085.6428             0.024942484
693519035289.8214             0.008601211
693520012493.9999             0.03874519
693520989698.1783             -0.04824671
693521966902.3569             -0.015843252
693522944106.5354             -0.0857494
693523921310.714              0.0008958458
693524898514.8925             0.03050572
693525875719.0709             0.08661641
693526852923.2495             -0.085880496
693527830127.428              0.00827348
693528807331.6066             -0.036128864
693529784535.785              0.111863256
693530761739.9636             0.085290074
693531738944.1421             0.15941462
693532716148.3206             0.22260131
693533693352.4991             -0.033200275
693534670556.6776             0.0046707015
693535647760.8562             0.035363834
693536624965.0347             -0.036157094
693537602169.2131             0.08646723
693538579373.3917             0.018301152
693539556577.5702             -0.040463515
693540533781.7488             0.09021692
693541510985.9272             0.1601193
693542488190.1058             0.07043556
693543465394.2843             -0.058350608
693544442598.4628             -0.0019274338
693545419802.6414             0.006827242
693546397006.8198             -0.11379646
693547374210.9984             0.013290793
693548351415.1769             0.05463617
693549328619.3553             0.0895979
693550305823.5339             -0.013019421
693551283027.7124             0.117091924
693552260231.891              -0.050389454
693553237436.0695             -0.05296389
693554214640.248              -0.06665713
693555191844.4265             -0.062240556
693556169048.605              -0.04189178
693557146252.7836             -0.06631987
693558123456.962              0.06409721
693559100661.1406             0.0800855
693560077865.3191             -0.0205204
693561055069.4976             0.015717229
693562032273.6761             -0.019851316
693563009477.8546             0.027823292
693563986682.0332             0.008532787
693564963886.2117             -0.04389635
693565941090.3901             -0.08286875
693566918294.5687             -0.081292845
693567895498.7472             0.017221218
693568872702.9258             0.007766982
693569849907.1042             0.022344755
693570827111.2828             0.017123789
693571804315.4613             0.017978149
693572781519.6398             0.029510738
693573758723.8184             -0.060466412
693574735927.9968             0.006908874
693575713132.1754             -0.06375794
693576690336.3539             0.06267717
693577667540.5323             0.08695587
693578644744.7109             0.05145887
693579621948.8894             0.0586156
693580599153.068              0.042258266
693581576357.2465             -0.055891067
693582553561.425              -0.042584352
693583530765.6035             0.033414178
693584507969.782              0.016052933
693585485173.9606             -0.01627563
693586462378.139              -0.045707233
693587439582.3176             -0.00706022
693588416786.4961             -0.055114444
693589393990.6746             0.028996632
693590371194.8531             -0.028903931
693591348399.0316             -0.017240956
693592325603.2102             0.01128067
693593302807.3887             0.020895546
693594280011.5673             0.035934534
693595257215.7457             0.026127694
693596234419.9242             -0.023086635
693597211624.1028             0.01154358
693598188828.2812             0.054525312
693599166032.4598             0.06549358
693600143236.6383             0.048061773
693601120440.8168             0.009249557
693602097644.9954             0.051967926
693603074849.1738             0.08563336
693604052053.3524             0.117121115
693605029257.5309             0.08407539
693606006461.7094             -0.0069363853
693606983665.888              0.04632866
693607960870.0664             -0.011182134
693608938074.245              0.01847715
693609915278.4235             0.037920825
693610892482.602              0.05055677
693611869686.7805             0.058893476
693612846890.959              -0.022449987
693613824095.1376             -0.06711248
693614801299.316              0.011423624
693615778503.4946             0.07222397
693616755707.6731             0.02763169
693617732911.8516             0.06906922
693618710116.0302             0.041970517
693619687320.2086             0.03411829
693620664524.3872             0.036471155
693621641728.5657             0.066477515
693622618932.7443             0.035321612
693623596136.9227             -0.013729713
693624573341.1012             -0.014377097
693625550545.2798             -0.054747537
693626527749.4583             0.017806325
693627504953.6368             -0.012448342
693628482157.8153             0.051675357
693629459361.9938             0.08136101
693630436566.1724             0.008140836
693631413770.3508             -0.016123837
693632390974.5294             -0.03132441
693633368178.7079             -0.028036637
693634345382.8865             0.045400307
693635322587.065              0.047329135
693636299791.2434             -0.027078776
693637276995.422              0.028862122
693638254199.6005             0.030528402
693639231403.779              0.011038181
693640208607.9575             0.037608657
693641185812.136              0.07215413
693642163016.3146             -0.004598166
693643140220.493              -0.015942192
693644117424.6716             0.0030438618
693645094628.8501             -0.004426152
693646071833.0286             0.037413098
693647049037.2072             0.027161282
693648026241.3856             0.025709236
693649003445.5642             -0.053908702
693649980649.7427             -0.015745351
693650957853.9213             0.018843494
693651935058.0997             -0.06016022
693652912262.2782             -0.08483354
693653889466.4568             -0.0065457546
693654866670.6353             0.06977033
693655843874.8138             -0.0021204094
693656821078.9923             0.03716306
693657798283.1708             0.04035973
693658775487.3494             0.11673655
693659752691.5278             -0.0038754283
693660729895.7064             0.02935398
693661707099.8849             0.01569798
693662684304.0635             -0.10492484
693663661508.242              -0.04346879
693664638712.4204             -0.034261417
693665615916.599              -0.0017788601
693666593120.7775             0.025586898
693667570324.956              0.014378384
693668547529.1345             0.016824171
693669524733.313              0.03476922
693670501937.4916             0.03446683
693671479141.67               -0.03050625
693672456345.8486             -0.048764054
693673433550.0271             -0.07599852
693674410754.2057             -0.009189617
693675387958.3842             0.011856993
693676365162.5626             0.023322957
693677342366.7412             0.034312177
693678319570.9197             0.04756059
693679296775.0983             0.025450617
693680273979.2767             -0.0020626877
693681251183.4552             -0.05260547
693682228387.6338             -0.029241316
693683205591.8123             -0.02336737
693684182795.9908             0.029423326
693685160000.1693             -0.057352956
693686137204.3478             -0.012016845
693687114408.5264             0.044838775
693688091612.7048             0.032790653
693689068816.8834             0.04699184
693690046021.0619             0.07852457
693691023225.2405             -0.0038979643
693692000429.419              -0.05441049
693692977633.5974             0.038091056
693693954837.776              0.08729727
693694932041.9545             0.029508717
693695909246.133              0.083243586
693696886450.3115             0.091695875
693697863654.49               0.066464774
693698840858.6686             0.0446335
693699818062.847              0.044916607
693700795267.0256             0.02561005
693701772471.2041             0.027946208
693702749675.3827             0.02422631
693703726879.5612             -0.04705
693704704083.7396             0.0058471793
693705681287.9182             -0.05858216
693706658492.0967             0.08836451
693707635696.2753             0.016945027
693708612900.4537             -0.0038438982
693709590104.6322             0.011666746
693710567308.8108             0.030022793
693711544512.9893             -0.050842065
693712521717.1678             -0.03656905
693713498921.3463             -0.007132984
693714476125.5249             -0.030221673
693715453329.7034             -0.06714079
693716430533.8818             -0.040606044
693717407738.0604             -0.022766909
693718384942.2389             -0.03012493
693719362146.4175             -0.01619023
693720339350.596              0.057906553
693721316554.7744             0.016569428
693722293758.953              -0.03650849
693723270963.1315             -0.015643325
693724248167.31               0.04035498
693725225371.4885             -0.0144735975
693726202575.667              -0.034235083
693727179779.8456             -0.033897072
693728156984.024              0.039899208
693729134188.2026             0.0598516
693730111392.3811             -0.0073050302
693731088596.5597             -0.03548834
693732065800.7382             -0.005854083
693733043004.9166             0.109221905
693734020209.0952             0.027990067
693734997413.2737             -0.051084347
693735974617.4523             -0.106415674
693736951821.6307             -0.053662222
693737929025.8092             -0.0073288465
693738906229.9878             0.05297376
693739883434.1663             0.043556843
693740860638.3448             0.02757575
693741837842.5233             -0.04214247
693742815046.7019             0.031909138
693743792250.8804             -0.050234795
693744769455.0588             -0.020872906
693745746659.2374             -0.013674083
693746723863.4159             -0.0029996168
693747701067.5945             -0.0034392092
693748678271.773              -0.05901492
693749655475.9514             -0.08659581
693750632680.13               -0.026276816
693751609884.3085             0.03895931
693752587088.487              7.130097e-06
693753564292.6655             -0.062918186
693754541496.8441             -0.000174479
693755518701.0226             0.050389845
693756495905.201              -0.013048886
693757473109.3796             -0.049580377
693758450313.5581             -0.058722984
693759427517.7367             0.00016241525
693760404721.9152             -0.025398087
693761381926.0936             -0.0063676173
693762359130.2722             0.087787874
693763336334.4507             0.06798795
693764313538.6293             -0.022775438
693765290742.8077             0.013523727
693766267946.9863             -0.018115595
693767245151.1648             0.00995135
693768222355.3433             -0.06217969
693769199559.5219             -0.008997122
693770176763.7003             0.008972686
693771153967.8789             -0.0056949635
693772131172.0574             -0.07676706
693773108376.2358             0.008389982
693774085580.4144             0.07353949
693775062784.5929             0.009466498
693776039988.7715             0.080362014
693777017192.95               0.024121419
693777994397.1284             0.019482147
693778971601.307              -0.08129477
693779948805.4855             -0.05591733
693780926009.6641             0.009900563
693781903213.8425             -0.04704474
693782880418.0211             -0.052501075
693783857622.1996             0.031483993
693784834826.378              0.0063939868
693785812030.5566             0.011485233
693786789234.7351             0.010626915
693787766438.9137             0.005874073
693788743643.0922             -0.0031817658
693789720847.2706             -0.034689307
693790698051.4492             0.021732459
693791675255.6277             0.0050822026
693792652459.8063             0.05104768
693793629663.9847             0.053120457
693794606868.1633             0.09545638
693795584072.3418             -0.0037996927
693796561276.5203             -0.007880129
693797538480.6989             0.019315824
693798515684.8773             -0.06400524
693799492889.0559             -0.060847353
693800470093.2344             -0.034103412
693801447297.4128             -0.028302658
693802424501.5914             -0.07580876
693803401705.7699             -0.022060605
693804378909.9485             0.036224764
693805356114.127              0.025091916
693806333318.3055             0.061824556
693807310522.484              0.042132594
693808287726.6625             0.09283658
693809264930.8411             0.027443044
693810242135.0195             -0.01773813
693811219339.1981             -0.0012051282
693812196543.3766             -0.025248418
693813173747.555              0.029559283
693814150951.7336             0.06424985
693815128155.9121             0.0066833217
693816105360.0907             -0.0035901747
693817082564.2692             -0.08318803
693818059768.4476             -0.061534654
693819036972.6262             -0.0052602342
693820014176.8047             -0.0007760848
693820991380.9833             -0.003918796
693821968585.1617             -0.04554512
693822945789.3403             -0.015598564
693823922993.5188             -0.006665802
693824900197.6973             0.012745886
693825877401.8759             0.023295814
693826854606.0543             -0.0038941356
693827831810.2329             -0.043362964
693828809014.4114             -0.060590714
693829786218.5898             -0.06777402
693830763422.7684             0.0055836644
693831740626.9469             -0.0027034862
693832717831.1255             -0.07946712
693833695035.304              -0.07426513
693834672239.4825             -0.014235797
693835649443.661              0.046191163
693836626647.8395             -0.0027260508
693837603852.0181             -0.07614201
693838581056.1965             -0.01495484
693839558260.3751             0.04741835
693840535464.5536             0.055225246
693841512668.732              0.011541513
693842489872.9106             0.007911692
693843467077.0891             -0.020826543
693844444281.2677             0.10317183
693845421485.4462             -0.015395916
693846398689.6248             -0.010254474
693847375893.8032             0.02575055
693848353097.9817             -0.024830606
693849330302.1603             -0.07307349
693850307506.3387             -0.036452036
693851284710.5173             -0.020670634
693852261914.6958             0.016427623
693853239118.8743             0.007713068
693854216323.0529             -0.022366779
693855193527.2313             -0.013496012
693856170731.4099             0.015633354
693857147935.5884             -0.042346977
693858125139.7668             -0.033405963
693859102343.9454             -0.024291791
693860079548.1239             -0.017398931
693861056752.3025             -0.0049162987
693862033956.481              -0.06563702
693863011160.6595             -0.025656294
693863988364.838              0.06603665
693864965569.0165             0.11070212
693865942773.1951             0.06175552
693866919977.3735             -0.00066331425
693867897181.5521             0.024572644
693868874385.7306             0.0045934725
693869851589.909              0.037856814
693870828794.0876             -0.014834753
693871805998.2661             -0.021072786
693872783202.4447             -0.051959164
693873760406.6232             0.014940535
693874737610.8018             0.028337276
693875714814.9802             -0.032832947
693876692019.1587             -0.06764575
693877669223.3373             -0.081254706
693878646427.5157             0.00054021744
693879623631.6943             0.013691209
693880600835.8728             0.01790876
693881578040.0513             -0.006412027
693882555244.2299             0.040154725
693883532448.4083             0.0025810143
693884509652.5869             0.016147174
693885486856.7654             0.04075348
693886464060.944              -0.008051113
693887441265.1224             0.046466194
693888418469.3009             -0.040218268
693889395673.4795             -0.06566815
693890372877.658              -0.0095954565
693891350081.8365             0.008405297
693892327286.015              0.00091285707
693893304490.1935             0.04457928
693894281694.3721             0.012445649
693895258898.5505             0.020975051
693896236102.7291             -0.068509676
693897213306.9076             -0.02529411
693898190511.086              -0.06269141
693899167715.2646             -0.023883428
693900144919.4431             0.030525127
693901122123.6217             0.01925799
693902099327.8002             0.035173506
693903076531.9788             -0.011662188
693904053736.1572             -0.058582313
693905030940.3357             0.03352495
693906008144.5143             0.013299195
693906985348.6927             0.003844634
693907962552.8713             0.036495246
693908939757.0498             -0.006174265
693909916961.2283             0.002902787
693910894165.4069             0.040609002
693911871369.5853             0.03498049
693912848573.7639             0.0423592
693913825777.9424             -0.019505732
693914802982.121              0.021817325
693915780186.2994             0.048454486
693916757390.4779             0.04684377
693917734594.6565             0.06870793
693918711798.835              0.02056897
693919689003.0135             -0.034064494
693920666207.192              -0.02411731
693921643411.3705             0.0048812646
693922620615.5491             0.023805255
693923597819.7275             0.048189543
693924575023.9061             0.0072013666
693925552228.0846             0.017984586
693926529432.2632             0.07714866
693927506636.4417             -0.0342313
693928483840.6201             0.01667674
693929461044.7987             -0.03370348
693930438248.9772             -0.0378917
693931415453.1558             -0.024079043
693932392657.3342             0.018693145
693933369861.5127             -0.015828662
693934347065.6913             -0.05693557
693935324269.8698             -0.022765439
693936301474.0483             0.061782833
693937278678.2268             0.02217677
693938255882.4053             -0.027968405
693939233086.5839             -0.017876869
693940210290.7623             -0.0008865602
693941187494.9409             0.04230714
693942164699.1194             0.026915926
693943141903.298              -0.01631257
693944119107.4764             0.005156318
693945096311.6549             0.057120267
693946073515.8335             -0.004335613
693947050720.012              0.014936988
693948027924.1906             -0.018799577
693949005128.369              -0.0287544
693949982332.5475             0.03605147
693950959536.7261             0.092445746
693951936740.9045             -0.025793236
693952913945.0831             0.04182551
693953891149.2616             0.08773721
693954868353.4402             0.0384909
693955845557.6187             -0.03138683
693956822761.7971             -0.03206173
693957799965.9757             -0.015620666
693958777170.1542             -0.01773962
693959754374.3328             -0.030906564
693960731578.5112             -0.14184317
693961708782.6897             -0.13873617
693962685986.8683             -0.04960943
693963663191.0468             -0.045706693
693964640395.2253             -0.0072011077
693965617599.4038             -0.023837479
693966594803.5824             0.07682712
693967572007.7609             0.13752475
693968549211.9393             -0.0022911392
693969526416.1179             -0.01569712
693970503620.2964             -0.03263819
693971480824.475              -0.081986874
693972458028.6534             -0.04416122
693973435232.8319             0.020072935
693974412437.0105             0.007911613
693975389641.189              0.011618789
693976366845.3676             -0.039013572
693977344049.546              -0.06837952
693978321253.7246             -0.07615753
693979298457.9031             -0.02580054
693980275662.0815             0.043142654
693981252866.2601             0.019919828
693982230070.4386             0.024579238
693983207274.6172             0.027828572
693984184478.7957             0.08091016
693985161682.9741             0.06397073
693986138887.1527             0.034006007
693987116091.3312             0.056808364
693988093295.5098             -0.009857587
693989070499.6882             -0.0008223669
693990047703.8667             0.014353249
693991024908.0453             0.009217405
693992002112.2238             0.11392974
693992979316.4023             0.0037549594
693993956520.5808             -0.04974641
693994933724.7594             0.02552273
693995910928.9379             0.07182887
693996888133.1163             0.012396907
693997865337.2949             -0.036811005
693998842541.4734             -0.029091608
693999819745.652              -0.050637215
694000796949.8304             -0.0046234005
694001774154.0089             0.045089446
694002751358.1875             0.04966098
694003728562.366              -0.021057682
694004705766.5446             -0.05570896
694005682970.723              -0.029701477
694006660174.9016             0.046754308
694007637379.0801             -0.040531132
694008614583.2585             0.030427638
694009591787.4371             -0.051331878
694010568991.6156             -0.034432255
694011546195.7942             0.013824893
694012523399.9727             0.002866974
694013500604.1511             0.016523788
694014477808.3297             -0.011609656
694015455012.5082             -0.065733835
694016432216.6868             -0.06976568
694017409420.8652             0.012150623
694018386625.0438             -0.06419512
694019363829.2223             0.0070842546
694020341033.4008             -0.0066160085
694021318237.5793             0.0097719105
694022295441.7578             0.03187044
694023272645.9364             0.07355998
694024249850.1149             0.03541711
694025227054.2933             -0.04134561
694026204258.4719             -0.046199504
694027181462.6504             -0.036401775
694028158666.829              -0.020484496
694029135871.0074             0.03760192
694030113075.1859             0.031365354
694031090279.3645             0.094145365
694032067483.543              -0.037681337
694033044687.7216             0.037328675
694034021891.9                0.07405009
694034999096.0786             -0.06292431
694035976300.2571             -0.016368324
694036953504.4355             -0.012381996
694037930708.6141             -0.002992831
694038907912.7926             0.031502493
694039885116.9712             -0.057980254
694040862321.1497             -0.013391355
694041839525.3281             -0.046568293
694042816729.5067             -0.033873957
694043793933.6852             0.08546738
694044771137.8638             0.109869376
694045748342.0422             0.021460392
694046725546.2208             0.043489754
694047702750.3993             0.015403167
694048679954.5778             0.023614721
694049657158.7563             -0.056278154
694050634362.9348             0.0047251605
694051611567.1134             0.026489848
694052588771.2919             0.07218984
694053565975.4703             -0.016271934
694054543179.6489             0.0024174992
694055520383.8274             -0.019204943
694056497588.006              0.036946233
694057474792.1844             0.020592151
694058451996.363              -0.073682964
694059429200.5415             -0.053173825
694060406404.72               -0.058564156
694061383608.8986             -0.030603683
694062360813.077              0.02327487
694063338017.2556             -0.039518513
694064315221.4341             0.023424244
694065292425.6125             0.04977267
694066269629.7911             0.023166504
694067246833.9696             0.0022926829
694068224038.1482             -0.10446254
694069201242.3267             -0.07514348
694070178446.5051             -0.0045915903
694071155650.6837             0.043174732
694072132854.8622             0.019329984
694073110059.0408             0.009634803
694074087263.2192             0.011550317
694075064467.3978             0.060122125
694076041671.5763             -0.042240392
694077018875.7548             -0.048219714
694077996079.9333             -0.025606867
694078973284.1118             0.055288445
694079950488.2904             0.0046175416
694080927692.4689             0.0041224677
694081904896.6473             0.027464284
694082882100.8259             -0.020071052
694083859305.0044             -0.013623622
694084836509.183              -0.04212011
694085813713.3615             -0.0063371714
694086790917.54               0.07323608
694087768121.7185             -0.020785319
694088745325.897              -0.035737935
694089722530.0756             0.026277382
694090699734.254              -0.0036706899
694091676938.4326             -0.023461448
694092654142.6111             -0.01782289
694093631346.7896             0.039082162
694094608550.9681             -0.0014471405
694095585755.1466             -0.0119108725
694096562959.3252             0.04066703
694097540163.5037             -0.0050135804
694098517367.6823             -0.02223944
694099494571.8607             -0.0040686643
694100471776.0392             0.009695402
694101448980.2178             0.04500485
694102426184.3962             -0.002997247
694103403388.5748             0.0076492107
694104380592.7533             -0.01896936
694105357796.9318             0.022895088
694106335001.1104             0.020597463
694107312205.2888             0.03139566
694108289409.4674             0.0049078586
694109266613.6459             -0.01704611
694110243817.8243             0.009863742
694111221022.0029             -0.06787013
694112198226.1814             -0.025660183
694113175430.36               0.058319263
694114152634.5385             0.0059196465
694115129838.717              -0.00702012
694116107042.8955             -0.06240415
694117084247.074              -0.013635445
694118061451.2526             0.07084674
694119038655.431              0.013067779
694120015859.6096             0.017106663
694120993063.7881             0.067208394
694121970267.9666             0.08541806
694122947472.1451             0.008711282
694123924676.3236             0.03653818
694124901880.5022             0.064022355
694125879084.6807             0.06776626
694126856288.8593             -0.013069433
694127833493.0377             -0.005790933
694128810697.2162             0.007327498
694129787901.3948             -0.05555006
694130765105.5732             -0.04633361
694131742309.7518             -0.04905992
694132719513.9303             0.01189356
694133696718.1088             -0.009339847
694134673922.2874             0.018094592
694135651126.4658             -0.040823642
694136628330.6444             -0.15023082
694137605534.8229             -0.004152722
694138582739.0015             0.0714073
694139559943.1799             -0.05148856
694140537147.3584             0.011288946
694141514351.537              0.01140846
694142491555.7155             -0.01243627
694143468759.894              -0.018746268
694144445964.0725             0.04124444
694145423168.251              0.03820747
694146400372.4296             -0.004450909
694147377576.608              -0.0026796618
694148354780.7866             -0.029490529
694149331984.9651             -0.004981497
694150309189.1436             -0.031719487
694151286393.3221             -0.05298022
694152263597.5006             -0.0884181
694153240801.6792             -0.011236925
694154218005.8577             0.089112945
694155195210.0363             0.08876834
694156172414.2147             0.038551796
694157149618.3932             0.03268427
694158126822.5718             -0.017872078
694159104026.7502             0.041025627
694160081230.9288             -0.03368982
694161058435.1073             -0.013481987
694162035639.2858             0.012739642
694163012843.4644             0.009528157
694163990047.6428             -0.009522993
694164967251.8214             0.02913582
694165944455.9999             -0.020413877
694166921660.1785             0.068725824
694167898864.3569             0.09223834
694168876068.5354             -0.0036606041
694169853272.714              -0.0047396016
694170830476.8925             -0.027136888
694171807681.071              0.012301563
694172784885.2495             -0.0696201
694173762089.428              -0.097855255
694174739293.6066             0.011565466
694175716497.785              0.016727777
694176693701.9636             -0.039974652
694177670906.1421             -0.039490614
694178648110.3207             -0.023582209
694179625314.4991             0.03905119
694180602518.6776             0.040248923
694181579722.8562             0.0044634133
694182556927.0347             -0.03294364
694183534131.2133             -0.008119425
694184511335.3917             -0.011015337
694185488539.5702             -0.045915253
694186465743.7488             -0.045229364
694187442947.9272             -0.025412751
694188420152.1058             0.026168829
694189397356.2843             0.10762615
694190374560.4629             0.010119639
694191351764.6414             0.034412205
694192328968.8198             0.066230066
694193306172.9984             -0.018486438
694194283377.1769             0.00313583
694195260581.3555             0.035460703
694196237785.5339             0.040715847
694197214989.7124             -0.031557586
694198192193.891              -0.0009784205
694199169398.0695             -0.033523645
694200146602.248              -0.032924365
694201123806.4265             -0.04596772
694202101010.605              -0.040260784
694203078214.7836             0.018316915
694204055418.962              -0.02619844
694205032623.1406             -0.009280662
694206009827.3191             -0.06270122
694206987031.4977             -0.04072372
694207964235.6761             -0.039814074
694208941439.8546             -0.06203386
694209918644.0332             -0.027090423
694210895848.2117             -0.081177935
694211873052.3903             -0.047237035
694212850256.5687             -0.018071646
694213827460.7472             0.032399274
694214804664.9258             0.048455194
694215781869.1042             0.008135724
694216759073.2828             0.08035268
694217736277.4613             0.10505621
694218713481.6399             0.003394389
694219690685.8184             0.0029514816
694220667889.9968             0.040046565
694221645094.1754             0.083419554
694222622298.3539             -0.016955538
694223599502.5325             -0.036805514
694224576706.7109             -0.033315886
694225553910.8894             0.06606596
694226531115.068              0.08466557
694227508319.2465             0.0035538487
694228485523.425              0.08081435
694229462727.6035             0.005701513
694230439931.7821             0.043361627
694231417135.9606             -0.009952085
694232394340.139              -0.038886413
694233371544.3176             0.07349555
694234348748.4961             -0.039562583
694235325952.6747             -0.0028949406
694236303156.8531             -0.01742674
694237280361.0316             0.016755378
694238257565.2102             0.015510552
694239234769.3887             0.026107784
694240211973.5673             0.085193574
694241189177.7457             -0.025499597
694242166381.9242             -0.036597524
694243143586.1028             -0.003069992
694244120790.2812             0.024946244
694245097994.4598             0.04697727
694246075198.6383             0.014112566
694247052402.8169             -0.05948641
694248029606.9954             -0.029546443
694249006811.1738             0.066449806
694249984015.3524             -0.0014417563
694250961219.5309             0.02052355
694251938423.7095             -0.0003024132
694252915627.888              -0.07650064
694253892832.0664             -0.065046914
694254870036.245              -0.009392207
694255847240.4235             0.059820708
694256824444.602              -0.014665668
694257801648.7805             -0.041255224
694258778852.9591             0.016261436
694259756057.1376             -0.05096273
694260733261.316              -0.0035030497
694261710465.4946             0.054994047
694262687669.6731             0.059484314
694263664873.8517             0.08379249
694264642078.0302             0.035677295
694265619282.2086             -0.020659141
694266596486.3872             0.048820782
694267573690.5657             -0.02475183
694268550894.7443             0.046384875
694269528098.9227             -0.06619463
694270505303.1013             -0.056299314
694271482507.2798             -0.044611387
694272459711.4583             0.044694398
694273436915.6368             0.045145642
694274414119.8153             0.031071894
694275391323.9939             0.029230576
694276368528.1724             0.016193442
694277345732.3508             0.029766604
694278322936.5294             -0.004279323
694279300140.7079             -0.05375302
694280277344.8865             0.01499558
694281254549.065              -0.008216208
694282231753.2434             -0.056053728
694283208957.422              0.033346485
694284186161.6005             0.046925653
694285163365.779              0.01982584
694286140569.9575             -0.009651428
694287117774.1361             -0.006810178
694288094978.3146             0.03257779
694289072182.493              0.048882272
694290049386.6716             0.010119951
694291026590.8501             -0.007868037
694292003795.0287             -0.008755197
694292980999.2072             -0.04671343
694293958203.3856             0.00912976
694294935407.5642             0.031402122
694295912611.7427             -0.062368385
694296889815.9213             0.013394598
694297867020.0997             0.012107368
694298844224.2783             0.05337141
694299821428.4568             0.0033091898
694300798632.6353             0.016173491
694301775836.8138             -0.004242408
694302753040.9923             -0.04884563
694303730245.1709             0.0045957686
694304707449.3494             0.056973647
694305684653.5278             0.039253976
694306661857.7064             -0.010960974
694307639061.8849             -0.042393617
694308616266.0635             -0.039372638
694309593470.242              -0.051385425
694310570674.4205             0.021274583
694311547878.599              0.06516717
694312525082.7775             0.09118427
694313502286.956              0.0033055427
694314479491.1345             0.07510403
694315456695.3131             -0.0049861507
694316433899.4916             -0.03520866
694317411103.67               0.0048275976
694318388307.8486             0.05130545
694319365512.0271             0.040089794
694320342716.2057             0.031103069
694321319920.3842             -0.03124081
694322297124.5626             0.017825967
694323274328.7412             -0.071131945
694324251532.9197             -0.078786455
694325228737.0983             -0.04474921
694326205941.2767             -0.014679719
694327183145.4553             -0.022672491
694328160349.6338             0.024291694
694329137553.8123             -0.0025489253
694330114757.9908             0.084615536
694331091962.1693             0.056171462
694332069166.3479             0.009760632
694333046370.5264             -0.00938407
694334023574.7048             -0.020710025
694335000778.8834             0.008537608
694335977983.0619             -0.0021380433
694336955187.2405             0.017256357
694337932391.419              -0.046243526
694338909595.5975             -0.006799063
694339886799.776              0.020512115
694340864003.9545             0.005459093
694341841208.133              -0.03194928
694342818412.3115             -0.022762677
694343795616.4901             0.0020560496
694344772820.6686             0.016768709
694345750024.847              0.042537615
694346727229.0256             -0.030025084
694347704433.2041             -0.024112409
694348681637.3827             0.04172203
694349658841.5612             0.017202321
694350636045.7397             -0.0043644286
694351613249.9182             -0.06477411
694352590454.0967             -0.048946116
694353567658.2753             -0.020584537
694354544862.4537             -0.067866065
694355522066.6323             0.017462859
694356499270.8108             -0.025070926
694357476474.9893             -0.071491435
694358453679.1678             -0.06834892
694359430883.3463             0.010337027
694360408087.5249             0.029053498
694361385291.7034             0.014250205
694362362495.8818             -0.03629536
694363339700.0604             0.015928851
694364316904.2389             0.0032977047
694365294108.4175             -0.07090241
694366271312.596              -0.02432752
694367248516.7745             -0.051579803
694368225720.953              -0.07014674
694369202925.1315             -0.049240958
694370180129.31               -0.021664215
694371157333.4885             -0.027925452
694372134537.6671             -0.04334732
694373111741.8456             -0.016715627
694374088946.024              0.011547999
694375066150.2026             0.0053370087
694376043354.3811             0.007848152
694377020558.5597             -0.016175544
694377997762.7382             0.065618314
694378974966.9167             0.06422537
694379952171.0952             -0.0042220782
694380929375.2737             0.0049042883
694381906579.4523             0.018099546
694382883783.6307             -0.002835789
694383860987.8093             -0.069516994
694384838191.9878             -0.021480495
694385815396.1663             -0.0017686144
694386792600.3448             -0.07876643
694387769804.5233             0.018552331
694388747008.7019             0.011031316
694389724212.8804             0.021604499
694390701417.059              0.014782926
694391678621.2374             -0.038616575
694392655825.4159             0.0035812175
694393633029.5945             0.03312043
694394610233.773              -0.073987395
694395587437.9515             -0.06736187
694396564642.13               -0.06352974
694397541846.3085             -0.073200196
694398519050.487              0.0011975156
694399496254.6655             0.02779219
694400473458.8441             0.07481685
694401450663.0226             0.06473241
694402427867.201              -0.038012568
694403405071.3796             -0.06516162
694404382275.5581             -0.021366393
694405359479.7367             -0.01575467
694406336683.9152             -0.017911611
694407313888.0938             -0.019279689
694408291092.2722             -0.059481006
694409268296.4507             -0.068151765
694410245500.6293             -0.01208238
694411222704.8077             0.014268109
694412199908.9863             -0.043364458
694413177113.1648             -0.025842804
694414154317.3433             0.03547141
694415131521.5219             0.025002714
694416108725.7003             0.0050704037
694417085929.8789             0.069867946
694418063134.0574             -0.035542976
694419040338.236              0.010569086
694420017542.4144             -0.042033542
694420994746.5929             -0.018073168
694421971950.7715             -0.0041131964
694422949154.95               -0.044041295
694423926359.1285             0.033804264
694424903563.307              0.010217843
694425880767.4855             0.010744487
694426857971.6641             0.008220425
694427835175.8425             -0.0039629615
694428812380.0211             0.0094474675
694429789584.1996             -0.024094915
694430766788.3782             -0.039529543
694431743992.5566             -0.014018388
694432721196.7351             -0.011083364
694433698400.9137             -0.020548692
694434675605.0922             0.03028163
694435652809.2708             0.0105751
694436630013.4492             0.032787405
694437607217.6277             0.006106561
694438584421.8063             -0.062650904
694439561625.9847             -0.03214421
694440538830.1633             -0.0035269547
694441516034.3418             -0.025214799
694442493238.5204             -0.014440638
694443470442.6989             0.0019605418
694444447646.8773             0.002341395
694445424851.0559             -0.027990723
694446402055.2344             -0.022306053
694447379259.413              0.003374229
694448356463.5914             0.11019573
694449333667.7699             0.002801906
694450310871.9485             -0.10586086
694451288076.127              -0.083380386
694452265280.3055             0.024945216
694453242484.484              0.022196688
694454219688.6625             0.013285751
694455196892.8411             -0.010072003
694456174097.0195             0.016864717
694457151301.1981             -0.0054211034
694458128505.3766             0.007336825
694459105709.5552             -0.03889744
694460082913.7336             0.017683968
694461060117.9121             -0.012261909
694462037322.0907             -0.023945544
694463014526.2692             -0.0462714
694463991730.4478             0.02485267
694464968934.6262             -0.00014750997
694465946138.8047             -0.056664262
694466923342.9833             -0.00013093882
694467900547.1617             -0.052622993
694468877751.3403             -0.098826975
694469854955.5188             -0.018808488
694470832159.6974             -0.041237738
694471809363.8759             -0.09160725
694472786568.0543             -0.0062903427
694473763772.2329             0.040634733
694474740976.4114             -0.025112627
694475718180.59               -0.052771762
694476695384.7684             0.020517668
694477672588.9469             0.0012268374
694478649793.1255             -0.020525914
694479626997.304              0.059797805
694480604201.4825             0.048831638
694481581405.661              0.004532323
694482558609.8396             -0.025419636
694483535814.0181             -0.014085846
694484513018.1965             -0.010779095
694485490222.3751             -0.042899862
694486467426.5536             -0.002423886
694487444630.7322             0.03678986
694488421834.9106             0.045161925
694489399039.0891             -0.014958965
694490376243.2677             0.050079927
694491353447.4462             0.039418127
694492330651.6248             -0.0040422454
694493307855.8032             -0.032355182
694494285059.9817             0.013105978
694495262264.1603             -0.034737173
694496239468.3387             0.023985881
694497216672.5173             0.067262605
694498193876.6958             0.011693195
694499171080.8744             0.068198904
694500148285.0529             -0.014496273
694501125489.2313             -0.008405883
694502102693.4099             -0.019692974
694503079897.5884             0.04818162
694504057101.767              -0.09948146
694505034305.9454             -0.012411005
694506011510.1239             -0.0073097567
694506988714.3025             -0.055245634
694507965918.481              -0.020761468
694508943122.6595             -0.058748093
694509920326.838              -0.07392559
694510897531.0166             0.027381213
694511874735.1951             0.037005298
694512851939.3735             0.019606095
694513829143.5521             -0.06673329
694514806347.7306             -0.078203596
694515783551.9092             -0.0544758
694516760756.0876             0.041105494
694517737960.2661             0.08919023
694518715164.4447             -0.02807139
694519692368.6232             -0.04617572
694520669572.8018             -0.043322034
694521646776.9802             -0.025788978
694522623981.1588             -0.048498005
694523601185.3373             0.029139217
694524578389.5157             0.109785184
694525555593.6943             0.038019292
694526532797.8728             -0.013851167
694527510002.0514             0.028216826
694528487206.2299             0.02116658
694529464410.4083             0.06644834
694530441614.5869             0.0740688
694531418818.7654             0.047712494
694532396022.944              -0.027506627
694533373227.1224             -0.06658001
694534350431.3009             -0.027379937
694535327635.4795             -0.003377782
694536304839.658              0.03801302
694537282043.8365             0.018922001
694538259248.015              -0.022736024
694539236452.1936             -0.024300192
694540213656.3721             0.048658643
694541190860.5505             0.022885483
694542168064.7291             0.02006069
694543145268.9076             -0.021388145
694544122473.0862             -0.050333776
694545099677.2646             0.0048458297
694546076881.4431             0.004466272
694547054085.6217             -0.003410413
694548031289.8002             0.050798427
694549008493.9788             0.035814736
694549985698.1572             -0.047463078
694550962902.3358             -0.04753806
694551940106.5143             -0.055422243
694552917310.6927             -0.02360527
694553894514.8713             0.06197785
694554871719.0498             -0.057072487
694555848923.2284             -0.07108282
694556826127.4069             -0.005874933
694557803331.5853             0.09583871
694558780535.7639             0.0046295235
694559757739.9424             -0.06085071
694560734944.121              -0.019988861
694561712148.2994             0.055240445
694562689352.478              0.02103831
694563666556.6565             0.015499963
694564643760.835              0.0037833254
694565620965.0135             0.014659823
694566598169.192              -0.020549791
694567575373.3706             -0.014596193
694568552577.5491             -0.030113902
694569529781.7275             -0.037438624
694570506985.9061             -0.072947845
694571484190.0846             0.066465735
694572461394.2632             0.06264686
694573438598.4417             -0.0103202965
694574415802.6201             -0.048158064
694575393006.7987             -0.0054321443
694576370210.9772             -0.043785743
694577347415.1558             0.0033110427
694578324619.3342             0.005644805
694579301823.5128             0.013879695
694580279027.6913             0.016396964
694581256231.8698             -0.02841594
694582233436.0483             0.056220002
694583210640.2268             -0.020619735
694584187844.4054             0.02523316
694585165048.5839             0.047590405
694586142252.7623             0.06322366
694587119456.9409             -0.057113472
694588096661.1194             -0.056029845
694589073865.298              0.032312524
694590051069.4764             0.027180633
694591028273.655              0.00159328
694592005477.8335             0.0083730295
694592982682.012              -0.0066877874
694593959886.1906             0.009387626
694594937090.369              0.016667966
694595914294.5476             -0.0074727014
694596891498.7261             -0.03486346
694597868702.9045             0.0024905207
694598845907.0831             0.04579996
694599823111.2616             0.05441029
694600800315.4402             0.04532563
694601777519.6187             -0.028086629
694602754723.7972             -0.036244035
694603731927.9757             -0.01781946
694604709132.1542             0.034237236
694605686336.3328             -0.0037089926
694606663540.5112             -0.01838163
694607640744.6898             -0.07310204
694608617948.8683             -0.038510203
694609595153.0468             0.0033492872
694610572357.2253             -0.052496664
694611549561.4038             0.034014978
694612526765.5824             0.011425294
694613503969.7609             0.04292449
694614481173.9393             0.01468683
694615458378.1179             0.05601786
694616435582.2964             0.048024774
694617412786.475              0.055140216
694618389990.6534             0.030040734
694619367194.832              0.014761715
694620344399.0105             0.00051395356
694621321603.189              0.06311667
694622298807.3676             0.029084723
694623276011.546              -0.04192202
694624253215.7246             -0.007092988
694625230419.9031             -0.019611761
694626207624.0815             -0.036413122
694627184828.2601             0.042850602
694628162032.4386             0.055028014
694629139236.6172             0.031031666
694630116440.7957             0.104283564
694631093644.9742             0.0016484872
694632070849.1527             -0.0148335025
694633048053.3312             -0.000736766
694634025257.5098             -0.02302178
694635002461.6882             -0.07381769
694635979665.8668             -0.02164178
694636956870.0453             0.048913155
694637934074.2238             0.04250091
694638911278.4023             0.06493948
694639888482.5808             0.080289714
694640865686.7594             -0.023852807
694641842890.9379             -0.041306946
694642820095.1165             -0.065907165
694643797299.2949             0.014837509
694644774503.4734             -0.025731796
694645751707.652              -0.05123888
694646728911.8304             -0.007650207
694647706116.009              0.011347468
694648683320.1875             -0.013445728
694649660524.366              0.040189788
694650637728.5446             -0.025543282
694651614932.723              -0.024209805
694652592136.9016             -0.021783248
694653569341.0801             -0.02979172
694654546545.2587             0.03797437
694655523749.4371             0.0061301463
694656500953.6156             0.0060287425
694657478157.7942             0.032772757
694658455361.9727             -0.0074847112
694659432566.1512             -0.0050728447
694660409770.3297             0.043475594
694661386974.5082             -0.024998313
694662364178.6868             0.00441734
694663341382.8652             0.077414125
694664318587.0438             0.0061342823
694665295791.2223             -0.049794212
694666272995.4008             0.0014546883
694667250199.5793             0.0023330303
694668227403.7578             0.012264786
694669204607.9364             -0.0037654203
694670181812.1149             -0.052997433
694671159016.2935             0.016249966
694672136220.4719             0.0412487
694673113424.6504             0.015230724
694674090628.829              0.034195058
694675067833.0074             0.014176375
694676045037.186              0.026331527
694677022241.3645             0.011706572
694677999445.543              -0.0094399275
694678976649.7216             -0.017673658
694679953853.9                -0.06252033
694680931058.0786             0.00933572
694681908262.2571             -0.017499294
694682885466.4357             -0.04362182
694683862670.6141             -0.045469385
694684839874.7926             0.08024361
694685817078.9712             0.032324284
694686794283.1497             -0.015975464
694687771487.3282             0.015472863
694688748691.5067             0.045343675
694689725895.6852             -0.017834736
694690703099.8638             -0.02199016
694691680304.0422             0.005475091
694692657508.2208             -0.01797237
694693634712.3993             -0.019772412
694694611916.5779             0.012403979
694695589120.7563             0.0390756
694696566324.9348             -0.022334725
694697543529.1134             0.0076019466
694698520733.2919             0.015335538
694699497937.4705             -0.016440246
694700475141.6489             -0.051757447
694701452345.8274             0.018155789
694702429550.006              -0.0044059767
694703406754.1844             -0.015484362
694704383958.363              -0.060177844
694705361162.5415             -0.07012354
694706338366.72               0.05721148
694707315570.8986             -0.05474338
694708292775.077              -0.015086598
694709269979.2556             0.0327341
694710247183.4341             0.02314168
694711224387.6127             -0.015165047
694712201591.7911             -0.007277096
694713178795.9696             0.04619153
694714156000.1482             0.041482296
694715133204.3267             0.031557906
694716110408.5052             -0.051178202
694717087612.6837             0.0597489
694718064816.8622             0.107817866
694719042021.0408             0.027873749
694720019225.2192             -0.004438864
694720996429.3978             0.012460288
694721973633.5763             -0.018382404
694722950837.7549             0.03363334
694723928041.9333             0.039424937
694724905246.1118             0.040647022
694725882450.2904             0.030918712
694726859654.4689             0.09685278
694727836858.6475             0.04335157
694728814062.8259             0.050834656
694729791267.0044             0.031244775
694730768471.183              0.06488365
694731745675.3615             0.0065431762
694732722879.54               0.059183206
694733700083.7185             0.08243418
694734677287.8971             0.0017856278
694735654492.0756             -0.009951776
694736631696.254              -0.031846136
694737608900.4326             0.024326902
694738586104.6111             -0.017535096
694739563308.7897             -0.024943436
694740540512.9681             0.022426307
694741517717.1466             -0.029134776
694742494921.3252             -0.08256963
694743472125.5037             -0.022921626
694744449329.6823             0.0135315135
694745426533.8607             -0.016996432
694746403738.0392             -0.020068226
694747380942.2178             0.056984793
694748358146.3962             0.04528417
694749335350.5748             0.031502716
694750312554.7533             -0.010748023
694751289758.9319             -0.0044846334
694752266963.1104             -0.017176855
694753244167.2888             -0.009216958
694754221371.4674             -0.04155908
694755198575.6459             0.03370196
694756175779.8245             0.05982722
694757152984.0029             0.005607862
694758130188.1814             0.01704568
694759107392.36               -0.024621028
694760084596.5385             -0.023167236
694761061800.717              0.057615798
694762039004.8955             0.024560483
694763016209.0741             -0.081377186
694763993413.2526             -0.017979411
694764970617.431              0.049751595
694765947821.6096             0.08343511
694766925025.7881             0.10631279
694767902229.9667             0.05685351
694768879434.1451             -0.0015670742
694769856638.3236             0.034887012
694770833842.5022             0.026018253
694771811046.6807             0.031711232
694772788250.8593             0.057616163
694773765455.0377             0.07944331
694774742659.2163             0.049707994
694775719863.3948             0.042831082
694776697067.5732             0.036006123
694777674271.7518             0.03144199
694778651475.9303             0.052468628
694779628680.1089             -0.0034026345
694780605884.2874             0.028128812
694781583088.4658             0.01767069
694782560292.6444             -0.0033782609
694783537496.8229             -0.03667118
694784514701.0015             -0.06940702
694785491905.1799             -0.025148693
694786469109.3584             -0.024119053
694787446313.537              0.06167703
694788423517.7155             0.065471664
694789400721.894              0.068754025
694790377926.0725             0.0038691778
694791355130.2511             -0.046900615
694792332334.4296             -0.11847925
694793309538.608              -0.15963304
694794286742.7866             -0.0072274413
694795263946.9651             0.0033184616
694796241151.1437             -0.019506741
694797218355.3221             0.06994727
694798195559.5006             0.0071952483
694799172763.6792             0.015450479
694800149967.8577             0.026243113
694801127172.0363             -0.037549324
694802104376.2147             0.01480391
694803081580.3933             0.10722445
694804058784.5718             -0.03414067
694805035988.7502             0.022543592
694806013192.9288             0.03437978
694806990397.1073             -0.14209844
694807967601.2859             0.021974554
694808944805.4644             0.015316958
694809922009.6428             -0.018426305
694810899213.8214             0.004271951
694811876417.9999             0.032160524
694812853622.1785             0.08314084
694813830826.3569             -0.030006493
694814808030.5355             0.09459587
694815785234.714              0.11518986
694816762438.8925             0.03141765
694817739643.071              0.06756666
694818716847.2495             0.10635206
694819694051.4281             0.08181694
694820671255.6066             -0.0282809
694821648459.785              0.01891704
694822625663.9636             0.01009844
694823602868.1421             0.0041701263
694824580072.3207             -0.017007684
694825557276.4991             -0.01176804
694826534480.6776             0.030677129
694827511684.8562             -0.06476206
694828488889.0347             -0.08975688
694829466093.2133             -0.058135204
694830443297.3917             -0.06989195
694831420501.5703             -0.12532945
694832397705.7488             0.14237905
694833374909.9272             0.0051183607
694834352114.1058             -0.025342774
694835329318.2843             -0.033316493
694836306522.4629             -0.06581812
694837283726.6414             -0.03437465
694838260930.8198             -0.04915617
694839238134.9984             -0.03429353
694840215339.1769             -0.06723371
694841192543.3555             -0.003909304
694842169747.5339             0.07425169
694843146951.7125             -0.029146124
694844124155.891              -0.08643185
694845101360.0695             -0.041402597
694846078564.248              -0.03559824
694847055768.4265             0.078671575
694848032972.6051             0.08247857
694849010176.7836             0.070279434
694849987380.962              0.06306392
694850964585.1406             0.042371128
694851941789.3191             -0.06319531
694852918993.4977             -0.027476195
694853896197.6761             -0.08495292
694854873401.8547             -0.022461243
694855850606.0332             -0.0117683215
694856827810.2117             0.018120728
694857805014.3903             0.009917123
694858782218.5687             -0.0017618663
694859759422.7473             0.0655198
694860736626.9258             -0.0032456133
694861713831.1042             0.014960635
694862691035.2828             0.027400654
694863668239.4613             0.040892024
694864645443.6399             0.021603456
694865622647.8184             0.03144311
694866599851.9968             -0.0080867475
694867577056.1754             -0.032329317
694868554260.3539             0.05963931
694869531464.5325             -0.02462159
694870508668.7109             0.036615927
694871485872.8895             -0.065441065
694872463077.068              -0.064977534
694873440281.2465             -0.036477443
694874417485.425              -0.038107883
694875394689.6035             -0.06095255
694876371893.7821             0.013497061
694877349097.9606             -0.029335376
694878326302.139              0.000615029
694879303506.3176             -0.008593706
694880280710.4961             0.01296178
694881257914.6747             0.027178176
694882235118.8531             0.039784323
694883212323.0317             0.007157402
694884189527.2102             0.006729624
694885166731.3887             0.020944593
694886143935.5673             0.0036796685
694887121139.7457             0.032597743
694888098343.9243             0.0196185
694889075548.1028             0.0026656415
694890052752.2812             0.05218269
694891029956.4598             0.064392306
694892007160.6383             0.022913149
694892984364.8169             -0.033717174
694893961568.9954             -0.014491855
694894938773.174              0.04716977
694895915977.3524             0.052376844
694896893181.5309             -0.011286047
694897870385.7095             0.021424066
694898847589.888              0.051891632
694899824794.0665             -0.035379667
694900801998.245              0.028613225
694901779202.4235             0.057347678
694902756406.602              -0.054519787
694903733610.7805             0.008981555
694904710814.9591             0.06129193
694905688019.1376             -0.050074987
694906665223.3162             -0.08542149
694907642427.4946             -0.058393188
694908619631.6731             -0.09455525
694909596835.8517             -0.04366517
694910574040.0302             0.026633479
694911551244.2087             0.027163891
694912528448.3872             -0.048177063
694913505652.5657             -0.020696403
694914482856.7443             0.021839254
694915460060.9227             -0.057013042
694916437265.1013             -0.07919134
694917414469.2798             -0.04783883
694918391673.4583             -0.018308824
694919368877.6368             0.011730215
694920346081.8153             0.007503639
694921323285.9939             0.015754564
694922300490.1724             0.050558597
694923277694.351              0.005434937
694924254898.5294             -0.050530754
694925232102.7079             -0.05010968
694926209306.8865             0.0030276466
694927186511.065              0.08273043
694928163715.2435             0.02215357
694929140919.422              0.02149858
694930118123.6005             -0.016911471
694931095327.779              0.022412926
694932072531.9575             0.08623435
694933049736.1361             0.0471669
694934026940.3146             -0.011915361
694935004144.4932             -0.0032138564
694935981348.6716             0.0061289887
694936958552.8501             0.058347594
694937935757.0287             0.012410999
694938912961.2072             0.003358627
694939890165.3857             -0.0021399793
694940867369.5642             -0.07594975
694941844573.7427             -0.07469691
694942821777.9213             0.001943803
694943798982.0997             -0.008335966
694944776186.2783             0.009364342
694945753390.4568             -0.06921856
694946730594.6354             -0.0072855675
694947707798.8138             -0.055448525
694948685002.9923             0.0049857167
694949662207.1709             0.04544631
694950639411.3494             0.039159138
694951616615.528              -0.03525236
694952593819.7064             -0.030766912
694953571023.8849             -0.029877836
694954548228.0635             -0.0092762625
694955525432.242              0.010077411
694956502636.4205             -0.02365456
694957479840.599              -0.02845341
694958457044.7775             -0.022613136
694959434248.956              0.06461844
694960411453.1345             0.022400208
694961388657.3131             -0.01671754
694962365861.4916             -0.0027058627
694963343065.6702             -0.033557422
694964320269.8486             0.041351963
694965297474.0271             0.041399974
694966274678.2057             -0.011916408
694967251882.3842             -0.04348333
694968229086.5627             0.021155708
694969206290.7412             0.010284883
694970183494.9197             -0.028650448
694971160699.0983             0.03860713
694972137903.2767             0.06564541
694973115107.4553             0.0070549445
694974092311.6338             -0.07236585
694975069515.8124             -0.051583786
694976046719.9908             0.024015687
694977023924.1693             0.05593271
694978001128.3479             0.00016221366
694978978332.5264             0.03279239
694979955536.705              0.032720454
694980932740.8834             0.013254448
694981909945.0619             0.0132120205
694982887149.2405             -0.019544687
694983864353.419              -0.032479383
694984841557.5975             -0.034926552
694985818761.776              -0.039311823
694986795965.9546             -0.118301004
694987773170.133              -0.096654266
694988750374.3115             -0.051141072
694989727578.4901             -0.03649144
694990704782.6686             0.03046089
694991681986.8472             0.06867763
694992659191.0256             0.06030874
694993636395.2041             0.027837431
694994613599.3827             -0.033832382
694995590803.5612             0.03131363
694996568007.7397             0.05130399
694997545211.9182             0.018195514
694998522416.0967             0.02095027
694999499620.2753             -0.04368098
695000476824.4537             -0.0883976
695001454028.6323             -0.006363341
695002431232.8108             -0.037922673
695003408436.9894             0.022413298
695004385641.1678             0.070434555
695005362845.3463             -0.008221365
695006340049.5249             0.04735886
695007317253.7034             -0.005284462
695008294457.882              -0.054978535
695009271662.0604             -0.05295257
695010248866.2389             -0.014344053
695011226070.4175             0.035930697
695012203274.596              -0.020440988
695013180478.7745             -0.046201568
695014157682.953              -0.00064374396
695015134887.1316             -0.015824202
695016112091.31               0.02625133
695017089295.4885             0.019082772
695018066499.6671             -0.038310543
695019043703.8456             0.055346593
695020020908.0242             0.010971258
695020998112.2026             0.08131224
695021975316.3811             0.07297095
695022952520.5597             -0.01848309
695023929724.7382             -0.012883705
695024906928.9167             -0.022397457
695025884133.0952             -0.042378362
695026861337.2738             0.032630723
695027838541.4523             0.01613212
695028815745.6307             -0.055760633
695029792949.8093             -0.035088073
695030770153.9878             0.015039201
695031747358.1664             0.010623429
695032724562.3448             0.04977823
695033701766.5233             0.06660338
695034678970.7019             0.034019202
695035656174.8804             0.03434771
695036633379.059              0.043563537
695037610583.2374             0.06645812
695038587787.4159             0.06393315
695039564991.5945             -0.020484826
695040542195.773              -0.08196894
695041519399.9515             -0.004771891
695042496604.13               0.0006766845
695043473808.3086             0.010743927
695044451012.487              -0.014596106
695045428216.6655             0.010145632
695046405420.8441             0.012406018
695047382625.0226             -0.057651915
695048359829.2012             -0.027972804
695049337033.3796             0.082629524
695050314237.5581             0.04923735
695051291441.7367             0.060320023
695052268645.9152             0.026743466
695053245850.0938             -0.025985993
695054223054.2722             -0.03285286
695055200258.4508             0.012453464
695056177462.6293             0.03850111
695057154666.8077             0.053422976
695058131870.9863             -0.029539282
695059109075.1648             -0.0025770678
695060086279.3434             0.008371502
695061063483.5219             -0.041445434
695062040687.7003             0.055171203
695063017891.8789             0.061930444
695063995096.0574             0.06719104
695064972300.236              0.015962591
695065949504.4144             -0.010648309
695066926708.593              0.019050831
695067903912.7715             0.06777287
695068881116.95               0.067398265
695069858321.1285             0.021337902
695070835525.307              0.037542768
695071812729.4856             -0.033267196
695072789933.6641             -0.02501087
695073767137.8425             -0.014749048
695074744342.0211             0.013054171
695075721546.1996             0.026346639
695076698750.3782             -0.02963482
695077675954.5566             -0.052977268
695078653158.7351             -0.036370542
695079630362.9137             0.010790339
695080607567.0922             0.0070048883
695081584771.2708             0.018217618
695082561975.4492             0.0017713854
695083539179.6278             -0.02013078
695084516383.8063             -0.011288511
695085493587.9847             0.03947693
695086470792.1633             -0.030691879
695087447996.3418             -0.02143634
695088425200.5204             -0.031158658
695089402404.6989             -0.06718882
695090379608.8773             -0.010420085
695091356813.0559             -0.0101665305
695092334017.2344             -0.054279543
695093311221.413              0.013779008
695094288425.5914             -0.0062433435
695095265629.77               0.01449821
695096242833.9485             0.033865906
695097060343.3                0.09406355
695097220038.127              0.05936081
695098037547.8613             0.038220342
695098197242.3055             0.0797017
695099014752.4227             0.0314859
695099174446.484              0.0002875693
695099991956.984              0.04925532
695100151650.6626             -0.026330356
695100969161.5453             0.043905005
695101128854.8411             0.008794022
695101946366.1066             0.0054163067
695102106059.0195             0.046172976
695102923570.668              -0.011122781
695103083263.1981             -0.022502875
695103900775.2292             -0.09133155
695104060467.3766             0.00022045818
695104877979.7905             -0.08373904
695105037671.5552             -0.0806179
695105855184.3518             -0.05967346
695106014875.7336             -0.05274294
695106832388.9132             -0.07433962
695106992079.9122             0.03204331
695107809593.4745             -0.017893359
695107969284.0907             -0.007915975
695108786798.0358             0.052664027
695108946488.2692             -0.02909703
695109764002.5972             0.073323235
695109923692.4478             -0.0109334355
695110741207.1584             0.057707094
695110900896.6262             0.036372684
695111718411.7197             -0.004953587
695111878100.8048             0.06648546
695112695616.281              0.0287432
695112855304.9833             0.090385534
695113672820.8424             0.08600028
695113832509.1617             0.025388358
695114650025.4037             0.10312503
695114809713.3403             0.028674323
695115627229.965              0.02042861
695115786917.5188             -0.024711166
695116604434.5262             -0.049472183
695116764121.6974             -0.04303384
695117581639.0876             0.014063935
695117741325.8759             0.053895853
695118558843.6489             0.05109736
695118718530.0544             0.1161829
695119536048.2102             -0.0082173655
695119695734.2329             -0.010108882
695120513252.7715             0.039478328
695120672938.4114             -0.07040267
695121490457.3329             0.04457184
695121650142.59               -0.020407088
695122467661.8942             0.029442945
695122627346.7684             -0.01166387
695123444866.4554             -0.016907237
695123604550.947              0.05226979
695124422071.0168             0.026699677
695124581755.1255             0.028529009
695125399275.5781             0.028496472
695125558959.304              0.05531144
695126376480.1394             -0.020378884
695126536163.4825             0.031334557
695127353684.7007             2.572138e-05
695127513367.661              -0.00728972
695128330889.2621             -0.016603371
695128490571.8396             0.00547632
695129308093.8234             0.02131866
695129467776.0181             -0.04914603
695130285298.3846             0.05365858
695130444980.1965             -0.024045754
695131262502.9459             0.062317543
695131422184.3751             0.014129638
695132239707.5073             -0.023153488
695132399388.5536             0.043549508
695133216912.0686             -0.06711196
695133376592.7322             0.012286414
695134194116.6299             -0.004731779
695134353796.9106             0.0068871626
695135171321.1913             -0.03869475
695135331001.0892             0.009517767
695136148525.7526             -0.03272331
695136308205.2677             -0.029443298
695137125730.3138             -0.011928119
695137285409.4462             -0.05916216
695138102934.8751             -0.06842429
695138262613.6248             -0.025212036
695139080139.4365             -0.06826205
695139239817.8032             -0.09048305
695140057343.9978             -0.028566904
695140217021.9818             -0.02776744
695141034548.5591             -0.07642715
695141194226.1603             0.08506386
695142011753.1204             -0.01472918
695142171430.3387             -0.016337855
695142988957.6818             0.0027375496
695143148634.5173             -0.029308109
695143966162.243              0.031676546
695144125838.6958             -0.057368636
695144943366.8043             0.028830962
695145103042.8744             -0.06296867
695145920571.3657             -0.036792547
695146080247.0529             -0.024762062
695146897775.927              0.020826174
695147057451.2314             -0.026952777
695147874980.4883             0.010537152
695148034655.4099             -0.06547965
695148852185.0496             0.013931733
695149011859.5884             -0.029035103
695149829389.611              -0.0377341
695149989063.767              -0.056920905
695150806594.1722             -0.070244335
695150966267.9454             -0.06493852
695151783798.7335             -0.054246943
695151943472.124              -0.02138918
695152761003.2948             0.0070641157
695152920676.3025             -0.0123685505
695153738207.8562             -0.005872129
695153897880.481              0.026669972
695154715412.4175             0.04064236
695154875084.6595             0.029616674
695155692616.9788             0.08477965
695155852288.838              0.0238436
695156669821.5402             -0.04357735
695156829493.0166             0.012744981
695157647026.1014             -0.057711627
695157806697.1951             -0.02360317
695158624230.6627             -0.022346988
695158783901.3737             -0.003944288
695159601435.224              -0.08089369
695159761105.5521             0.013970003
695160578639.7854             -0.04036046
695160738309.7306             -0.05765992
695161555844.3467             0.027652914
695161715513.9092             -0.039481822
695162533048.908              0.07032202
695162692718.0876             0.031986225
695163510253.4692             0.04736259
695163669922.2662             0.051012006
695164487458.0306             0.038821056
695164647126.4447             0.05713373
695165464662.5919             -0.013556285
695165624330.6232             0.040875427
695166441867.1532             -0.005453196
695166601534.8018             -0.022740152
695167419071.7145             -0.012992092
695167578738.9802             0.022035489
695168396276.2759             0.021439932
695168555943.1588             -0.0013449457
695169373480.8372             0.07154542
695169533147.3373             -0.06722828
695170350685.3984             -0.011576573
695170510351.5157             -0.028974291
695171327889.9598             0.046830155
695171487555.6943             -0.03239171
695172305094.5211             0.09524072
695172464759.8728             -0.009363482
695173282299.0824             0.08914627
695173441964.0514             0.03873357
695174259503.6437             0.028807178
695174419168.2299             0.06307042
695175236708.2051             -0.052765075
695175396372.4084             0.009708232
695176213912.7664             0.021897113
695176373576.5869             -0.038497556
695177191117.3276             0.044125162
695177350780.7654             -0.032359216
695178168321.8889             -0.009449626
695178327984.944              0.03441779
695179145526.4503             -0.025425648
695179305189.1224             0.02273011
695180122731.0116             0.027014656
695180282393.301              -0.022668833
695181099935.5729             -0.055982433
695181259597.4795             -0.017332438
695182077140.1343             -0.023419399
695182236801.658              -0.05495033
695183054344.6956             -0.039701954
695183214005.8365             -0.053393994
695184031549.2568             -0.01587519
695184191210.015              -0.052321605
695185008753.8181             0.02856296
695185168414.1936             0.008854777
695185985958.3795             0.0001394454
695186145618.3721             0.035047248
695186963162.9408             -0.0014330469
695187122822.5507             0.035475824
695187940367.5021             0.009952654
695188100026.7291             -0.050299924
695188917572.0634             -0.0054879705
695189077230.9076             0.049525376
695189894776.6248             -0.052485056
695190054435.0862             -0.013447958
695190871981.186              0.0011577021
695191031639.2646             -0.021886678
695191849185.7473             0.04571518
695192008843.4432             -0.0014743737
695192826390.3087             0.012255698
695192986047.6217             0.012614797
695193803594.87               -0.09492689
695193963251.8002             -0.018633882
695194780799.4313             -0.03319125
695194940455.9788             -0.12946105
695195758003.9926             0.0055203247
695195917660.1572             -0.11998459
695196735208.554              -0.028843772
695196894864.3358             -0.0068370886
695197712413.1152             0.0038400611
695197872068.5143             -0.022055812
695198689617.6765             -0.020555751
695198849272.6929             0.01097179
695199666822.2378             -0.028083762
695199826476.8713             -0.032902896
695200644026.7992             -0.027966358
695200803681.0498             -0.073776044
695201621231.3605             -0.04808943
695201780885.2284             -0.051717594
695202598435.9218             -0.10596413
695202758089.4069             -0.043026067
695203575640.4832             -0.025473457
695203735293.5854             -0.053202625
695204552845.0444             0.07460358
695204712497.7639             0.015053097
695205530049.6057             0.044364575
695206507254.167              0.0480274
695207484458.7284             0.026306842
695208461663.2897             -0.018404288
695209438867.851              -0.06234431
695210416072.4122             -0.088007376
695211393276.9736             -0.10434677
695212370481.5349             -0.02615712
695213347686.0962             -0.019259483
695214324890.6575             -0.0917532
695215302095.2189             -0.042225026
695216279299.7802             0.0609266
695217256504.3414             0.090966575
695218233708.9028             0.007816526
695219210913.4641             -0.018732747
695220188118.0254             -0.02424479
695221165322.5867             -0.012981552
695222142527.1481             -0.008902816
695223119731.7094             0.0017387395
695224096936.2706             -0.025101716
695225074140.8319             -0.0029910055
695226051345.3933             0.03044787
695227028549.9546             -0.03738813
695228005754.5159             0.04004995
695228982959.0773             0.05757383
695229960163.6385             0.04076251
695230937368.1998             0.040571626
695231914572.7611             -0.018013388
695232891777.3225             -0.03373701
695233868981.8838             -0.012766924
695234846186.4451             0.014445218
695235823391.0063             0.03530159
695236800595.5677             -0.024012959
695237777800.129              -0.06423791
695238755004.6903             -0.048400387
695239732209.2517             -0.03217681
695240709413.813              -0.05163419
695241686618.3743             0.02314953
695242663822.9355             0.045419104
695243641027.497              -0.013066447
695244618232.0582             -0.008631645
695245595436.6195             0.042409495
695246572641.1808             -0.065789
695247549845.7422             -0.071338825
695248527050.3035             -0.025710495
695249504254.8647             -0.008553103
695250481459.4261             -0.040566616
695251458663.9874             0.045400765
695252435868.5487             0.008074699
695253413073.11               -0.024442762
695254390277.6714             -0.008647364
695255367482.2327             -0.017035468
695256344686.794              0.011755287
695257321891.3552             0.058443423
695258299095.9166             0.0984252
695259276300.4779             0.09882383
695260253505.0392             -0.0053426395
695261230709.6005             0.003926424
695262207914.1619             0.056575693
695263185118.7231             0.06200576
695264162323.2844             0.0711836
695265139527.8458             0.016987968
695266116732.4071             -0.0038782896
695267093936.9684             -0.06754521
695268071141.5297             -0.04340072
695269048346.0911             -0.0007977864
695270025550.6523             -0.015148056
695271002755.2136             -0.035082463
695271979959.7749             -0.005139522
695272957164.3363             0.020006068
695273934368.8976             -0.006128292
695274911573.4589             0.019585367
695275888778.0203             -0.0066350396
695276865982.5815             -0.11014443
695277843187.1428             -0.05731023
695278820391.7041             -0.021627864
695279797596.2655             0.005995873
695280774800.8268             0.023954622
695281752005.3881             0.12022836
695282729209.9493             0.056796364
695283706414.5107             0.0120571805
695284683619.072              -0.0021606975
695285660823.6333             -0.026856706
695286638028.1947             0.0285159
695287615232.756              0.035261717
695288592437.3173             -0.032852538
695289569641.8785             -0.00022029874
695290546846.44               0.055425853
695291524051.0012             -0.052234013
695292501255.5625             -0.01894089
695293478460.1238             -0.009529274
695294455664.6852             0.04538081
695295432869.2465             0.005954873
695296410073.8077             0.021843052
695297387278.369              0.009398537
695298364482.9304             -0.024765255
695299341687.4917             -0.04493898
695300318892.053              -0.01684832
695301296096.6144             0.0106927175
695302273301.1757             0.05729369
695303250505.7369             -0.01271278
695304227710.2982             0.041608207
695305204914.8596             -0.013218743
695306182119.4209             -0.030440982
695307159323.9822             -0.032897644
695308136528.5435             0.00034429596
695309113733.1049             0.06316858
695310090937.6661             -0.06041671
695311068142.2274             -0.060546592
695312045346.7888             -0.020915227
695313022551.3501             0.0080781365
695313999755.9114             -0.022577474
695314976960.4727             -0.02177365
695315954165.034              -0.005180011
695316931369.5953             -0.0453145
695317908574.1566             -0.038448747
695318885778.7179             -0.057646953
695319862983.2793             -0.0120066395
695320840187.8406             0.040217236
695321817392.4019             0.059373286
695322794596.9633             0.054678712
695323771801.5245             -0.08160202
695324749006.0858             -0.07375475
695325726210.6471             0.0146951685
695326703415.2085             0.03244899
695327680619.7698             0.006423453
695328657824.331              -0.010194162
695329635028.8923             0.039820172
695330612233.4537             0.05150888
695331589438.015              -0.027608775
695332566642.5763             -0.10289706
695333543847.1377             -0.04291623
695334521051.699              -0.019685341
695335498256.2603             0.031878833
695336475460.8215             0.052591324
695337452665.3829             0.004695112
695338429869.9442             -0.049547434
695339407074.5055             -0.03257638
695340384279.0668             0.012334778
695341361483.6282             -0.03936635
695342338688.1895             -0.028006047
695343315892.7507             0.03535996
695344293097.312              0.038586266
695345270301.8734             -0.081595786
695346247506.4347             -0.08831721
695347224710.996              0.021514505
695348201915.5574             0.031154351
695349179120.1187             0.04730163
695350156324.6799             0.10362802
695351133529.2412             0.062003855
695352110733.8026             0.054651566
695353087938.3639             0.026269188
695354065142.9252             -0.032465953
695355042347.4865             -0.0011676276
695356019552.0479             -0.06893329
695356996756.6091             -0.022271145
695357973961.1704             -0.028750237
695358951165.7318             0.045367416
695359928370.2931             0.0069393557
695360905574.8544             0.023883477
695361882779.4156             0.03519931
695362859983.977              -0.020733595
695363837188.5383             0.012877122
695364814393.0996             -0.01992257
695365791597.6609             0.0063529564
695366768802.2223             -0.018448375
695367746006.7836             0.008257196
695368723211.3448             0.037239917
695369700415.9062             0.0038339351
695370677620.4675             -0.09259045
695371654825.0288             -0.054562297
695372632029.5901             -0.011508438
695373609234.1515             0.009798437
695374586438.7128             -0.04220779
695375563643.274              -0.032421064
695376540847.8353             -0.015463412
695377518052.3967             0.07164097
695378495256.958              0.027484886
695379472461.5193             0.0017603744
695380449666.0807             -0.047678754
695381426870.642              -0.07182275
695382404075.2032             -0.03773527
695383381279.7645             -0.007043659
695384358484.3259             -0.030868253
695385335688.8872             -0.023877673
695386312893.4485             -0.06525395
695387290098.0098             -0.036910817
695388267302.5712             -0.00403367
695389244507.1324             0.029620256
695390221711.6937             0.051267482
695391198916.255              0.039522912
695392176120.8164             0.0007247244
695393153325.3777             0.024875635
695394130529.939              -0.0042349817
695395107734.5004             -0.006527356
695396084939.0616             0.030075261
695397062143.6229             0.025672462
695398039348.1842             0.0005658791
695399016552.7456             -0.07972094
695399993757.3069             0.018044546
695400970961.8682             -0.029803881
695401948166.4294             0.035705734
695402925370.9908             0.011154981
695403902575.5521             -0.012279805
695404879780.1134             -0.04662491
695405856984.6748             -0.052849047
695406834189.2361             -0.02352145
695407811393.7974             -0.023277739
695408788598.3586             0.03456257
695409765802.92               -0.011064342
695410743007.4813             0.041156203
695411720212.0426             -0.009376138
695412697416.6039             0.014772308
695413674621.1653             -0.021904167
695414651825.7266             -0.032965954
695415629030.2878             0.021758355
695416606234.8492             -0.016141249
695417583439.4105             -0.008490436
695418560643.9718             -0.024401123
695419537848.5331             0.0032130405
695420515053.0945             0.008740582
695421492257.6558             0.13293162
695422469462.217              0.026561532
695423446666.7783             -0.053068615
695424423871.3397             -0.032347582
695425401075.901              0.020906247
695426378280.4623             -0.0045063747
695427355485.0237             -0.034354314
695428332689.585              0.01176906
695429309894.1462             0.0124592995
695430287098.7075             -0.027870955
695431264303.2689             -0.0084192315
695432241507.8302             -0.0010216963
695433218712.3915             -0.02004469
695434195916.9528             -0.0042317905
695435173121.5142             -0.0039244406
695436150326.0754             -0.025194725
695437127530.6367             -0.05016096
695438104735.198              0.015053159
695439081939.7594             -0.0044975
695440059144.3207             0.04773493
695441036348.882              -0.01843461
695442013553.4434             -0.03484019
695442990758.0046             -0.024384182
695443967962.5659             -0.043383967
695444945167.1272             0.021003187
695445922371.6886             0.0004174501
695446899576.2499             0.07611503
695447876780.8112             -0.021059897
695448853985.3724             -0.10857841
695449831189.9338             -0.08790152
695450808394.4951             -0.08256333
695451785599.0564             -0.0020253814
695452762803.6178             0.010451754
695453740008.1791             -0.070875034
695454717212.7404             -0.044573117
695455694417.3016             -0.028221654
695456671621.863              0.026933491
695457648826.4243             -0.0047534453
695458626030.9856             -0.022925891
695459603235.5469             0.014784532
695460580440.1083             -0.021298911
695461557644.6696             -0.0070123915
695462534849.2308             0.03728437
695463512053.7922             0.0021566153
695464489258.3535             0.06412968
695465466462.9148             0.011225788
695466443667.4761             -0.0028755344
695467420872.0375             0.01122405
695468398076.5988             -0.0060844584
695469375281.16               0.042073764
695470352485.7213             0.027836159
695471329690.2827             -0.03332606
695472306894.844              -0.016575636
695473284099.4053             0.022761699
695474261303.9666             -0.002982731
695475238508.528              -0.0076296334
695476215713.0892             -0.0035825085
695477192917.6505             -0.0062576937
695478170122.2119             -0.07427459
695479147326.7732             -0.038033284
695480124531.3345             -0.002413733
695481101735.8958             -0.015319682
695482078940.4572             -0.017791647
695483056145.0184             -0.042012382
695484033349.5797             -0.028519288
695485010554.141              0.01697005
695485987758.7024             0.0138600655
695486964963.2637             0.036318704
695487942167.825              -0.004423097
695488919372.3864             -0.007876208
695489896576.9476             0.040998477
695490873781.5089             0.031721286
695491850986.0702             0.0029089055
695492828190.6316             -0.025079357
695493805395.1929             0.00780309
695494782599.7542             0.033510048
695495759804.3154             0.032146618
695496737008.8768             -0.0056943186
695497714213.4381             0.0498792
695498691417.9994             0.07865434
695499668622.5608             0.024192397
695500645827.1221             -0.028552907
695501623031.6833             0.041365337
695502600236.2446             0.016669221
695503577440.806              -0.025805242
695504554645.3673             -0.07070017
695505531849.9286             -0.025653448
695506509054.4899             -0.021808902
695507486259.0513             0.04445662
695508463463.6125             0.052773852
695509440668.1738             0.0026763575
695510417872.7352             -0.045107722
695511395077.2965             0.017445736
695512372281.8578             -0.0059341933
695513349486.4191             -0.041259103
695514326690.9805             -0.034402408
695515303895.5417             -0.016941413
695516281100.103              -0.005903377
695517258304.6643             0.0169112
695518235509.2257             -0.05095618
695519212713.787              -0.07255535
695520189918.3483             -0.057775773
695521167122.9095             -0.025881294
695522144327.471              -0.013807454
695523121532.0322             -0.017192999
695524098736.5935             -0.07807585
695525075941.1549             -0.06493919
695526053145.7162             -0.00032371646
695527030350.2775             -0.05554378
695528007554.8387             -0.06699717
695528984759.4001             -0.055918947
695529961963.9614             0.01831828
695530939168.5227             0.037311066
695531916373.084              0.016716871
695532893577.6454             0.015364771
695533870782.2067             0.02330672
695534847986.768              0.012172025
695535825191.3293             0.059253536
695536802395.8906             0.037440997
695537779600.4519             0.0003152581
695538756805.0132             0.019681918
695539734009.5746             -0.06180226
695540711214.1359             -0.030671688
695541688418.6971             -0.04313348
695542665623.2584             0.012799084
695543642827.8198             0.009411736
695544620032.3811             -0.00210415
695545597236.9424             0.05008874
695546574441.5038             0.0292745
695547551646.0651             -0.026745701
695548528850.6263             -0.046404865
695549506055.1876             -0.04373933
695550483259.749              -0.010473498
695551460464.3103             0.061609667
695552437668.8716             0.06744434
695553414873.4329             -0.0027767632
695554392077.9943             -0.041651577
695555369282.5555             0.05479722
695556346487.1168             0.030239271
695557323691.6782             0.0016208702
695558300896.2395             -0.030401008
695559278100.8008             -0.04491797
695560255305.362              0.006575791
695561232509.9235             0.04477729
695562209714.4847             -0.03406261
695563186919.046              -0.010100831
695564164123.6073             0.00851919
695565141328.1687             -0.04487326
695566118532.73               0.00671819
695567095737.2913             0.034311995
695568072941.8525             -0.060735613
695569050146.414              -0.0299903
695570027350.9752             0.021838209
695571004555.5365             0.045206934
695571981760.0979             0.08552005
695572958964.6592             0.0075012585
695573936169.2205             0.007798457
695574913373.7817             -0.0018554357
695575890578.3431             -0.026417833
695576867782.9044             -0.052518528
695577844987.4657             0.050261587
695578822192.027              0.04682803
695579799396.5884             0.06583793
695580776601.1497             0.119983
695581753805.7109             0.013733952
695582731010.2723             -0.01946022
695583708214.8336             0.03373955
695584685419.3949             0.08339346
695585662623.9562             0.06164676
695586639828.5176             -0.052456103
695587617033.0789             -0.07268428
695588594237.6401             -0.019258186
695589571442.2014             -0.0037026464
695590548646.7628             0.000408983
695591525851.3241             0.017687071
695592503055.8854             0.01368068
695593480260.4468             -0.00916153
695594457465.008              -0.00021809699
695595434669.5693             0.030278368
695596411874.1306             -0.059352204
695597389078.692              0.028136391
695598366283.2533             0.072756745
695599343487.8146             0.061247233
695600320692.3759             0.020421242
695601297896.9373             0.02973976
695602275101.4985             -0.041134056
695603252306.0598             -0.0010691324
695604229510.6212             -0.03620066
695605206715.1825             -0.045533855
695606183919.7438             -0.0047589666
695607161124.305              0.017735569
695608138328.8665             -0.023585824
695609115533.4277             -0.059038613
695610092737.989              -0.006531576
695611069942.5503             0.03226102
695612047147.1117             0.04146207
695613024351.673              0.02359554
695614001556.2343             0.021110682
695614978760.7955             0.061113264
695615955965.3569             -0.005531957
695616933169.9182             0.007733826
695617910374.4795             0.06453918
695618887579.0409             0.039265137
695619864783.6022             -0.008976424
695620841988.1635             -0.02250237
695621819192.7247             -0.007813792
695622796397.2861             -0.07686409
695623773601.8474             0.028450765
695624750806.4087             0.009291015
695625728010.97               -0.009641489
695626705215.5314             0.014139429
695627682420.0927             0.0024944271
695628659624.6539             -0.0024551852
695629636829.2153             -0.01474931
695630614033.7766             -0.018191615
695631591238.3379             0.004328547
695632568442.8992             -0.03800782
695633545647.4606             -0.026722278
695634522852.0219             0.019714229
695635500056.5831             -0.02303344
695636477261.1444             -0.07575507
695637454465.7058             -0.08497112
695638431670.2671             0.009969584
695639408874.8284             0.013728253
695640386079.3898             0.020115511
695641363283.951              0.0054569393
695642340488.5123             -0.035549957
695643317693.0736             0.009608089
695644294897.635              0.03349743
695645272102.1963             -0.035526615
695646249306.7576             -0.035022497
695647226511.3188             0.050281636
695648203715.8802             -0.024134273
695649180920.4415             0.04206656
695650158125.0028             -0.042220116
695651135329.5641             -0.023153355
695652112534.1255             0.017827094
695653089738.6868             0.04828272
695654066943.248              0.0011169912
695655044147.8094             0.0066056075
695656021352.3707             0.05697715
695656998556.932              -0.030761449
695657975761.4933             -0.0138826575
695658952966.0547             -0.01945708
695659930170.616              -0.048063554
695660907375.1772             -0.08530797
695661884579.7385             -0.03706271
695662861784.2999             -0.017066479
695663838988.8612             -0.0021562702
695664816193.4225             -0.020944925
695665793397.9839             0.0004761512
695666770602.5452             0.005341877
695667747807.1064             0.02671295
695668725011.6677             0.050642405
695669702216.2291             0.029277563
695670679420.7904             0.0022226132
695671656625.3517             -0.006592429
695672633829.913              -0.01552963
695673611034.4744             0.02705085
695674588239.0356             -0.020905415
695675565443.5969             -0.026729856
695676542648.1583             -0.0029634172
695677519852.7196             0.018205876
695678497057.2809             0.011984173
695679474261.8422             0.041325837
695680451466.4036             0.0051160627
695681428670.9648             -0.0039084405
695682405875.5261             -0.017625293
695683383080.0874             -0.00034743678
695684360284.6488             0.05262699
695685337489.2101             0.017544923
695686314693.7714             -0.010528081
695687291898.3328             -0.02530251
695688269102.894              0.031142196
695689246307.4553             -0.026269648
695690223512.0166             -0.021680169
695691200716.578              -0.045637097
695692177921.1393             -0.04159923
695693155125.7006             -0.05258778
695694132330.2618             -0.025823535
695695109534.8232             -0.02369987
695696086739.3845             0.033165183
695697063943.9458             0.0511973
695698041148.5071             -0.009823095
695699018353.0685             0.0045984876
695699995557.6298             0.013298289
695700972762.191              0.004313358
695701949966.7524             -0.025075078
695702927171.3137             0.009631917
695703904375.875              -0.005736606
695704881580.4363             -0.06528415
695705858784.9977             -0.015157338
695706835989.559              0.01774261
695707813194.1202             0.01854059
695708790398.6815             0.029372135
695709767603.2429             -0.017610094
695710744807.8042             -0.048373383
695711722012.3655             0.013193634
695712699216.9269             0.09934799
695713676421.4882             0.041499767
695714653626.0494             0.07675924
695715630830.6107             0.041965533
695716608035.1721             -0.052533824
695717585239.7334             -0.06327284
695718562444.2947             -0.07693521
695719539648.856              -0.06174377
695720516853.4174             0.016602982
695721494057.9786             0.018315863
695722471262.5399             0.028827807
695723448467.1013             0.02909147
695724425671.6626             -0.065146714
695725402876.2239             -0.06887663
695726380080.7852             -0.00038226836
695727357285.3466             -0.01462707
695728334489.9078             0.02864837
695729311694.4691             -0.0002321362
695730288899.0304             0.010604079
695731266103.5918             0.022959098
695732243308.1531             0.021634797
695733220512.7144             -0.019536538
695734197717.2758             0.03542856
695735174921.837              0.0020745397
695736152126.3983             0.025144845
695737129330.9596             -0.009834155
695738106535.521              0.083949886
695739083740.0823             0.029858278
695740060944.6436             0.07816508
695741038149.2048             0.034631148
695742015353.7662             -0.00027842185
695742992558.3275             -0.09745175
695743969762.8888             -0.06466155
695744946967.4501             -0.04969457
695745924172.0115             -0.026098536
695746901376.5728             0.06398554
695747878581.134              0.049506325
695748855785.6954             -0.013847831
695749832990.2567             -0.05778919
695750810194.818              0.019734187
695751787399.3793             -0.0072322176
695752764603.9407             0.01932283
695753741808.502              0.0074591665
695754719013.0632             -0.04375387
695755696217.6245             0.0001747765
695756673422.1859             0.0011857719
695757650626.7472             0.04927383
695758627831.3085             -0.034443308
695759605035.8699             -0.034684326
695760582240.4312             0.00063182425
695761559444.9924             -0.045448743
695762536649.5537             -0.04642569
695763513854.1151             -0.0140996175
695764491058.6764             0.0038297472
695765468263.2377             -0.0331396
695766445467.799              -0.045749564
695767422672.3604             0.009983996
695768399876.9216             -0.000475365
695769377081.4829             -0.032205377
695770354286.0443             0.014901624
695771331490.6056             0.00096500653
695772308695.1669             0.043508146
695773285899.7281             0.07628422
695774263104.2896             0.053656813
695775240308.8508             0.04755921
695776217513.4121             0.04202882
695777194717.9734             0.07750862
695778171922.5348             0.022390444
695779149127.0961             0.027216772
695780126331.6573             0.010708415
695781103536.2188             0.017389333
695782080740.78               0.066101745
695783057945.3413             0.04760743
695784035149.9026             -0.03196777
695785012354.464              -0.059716
695785989559.0253             -0.030867785
695786966763.5865             0.028664486
695787943968.1478             0.038512245
695788921172.7092             0.02877977
695789898377.2705             -0.0038075724
695790875581.8318             0.024025695
695791852786.3931             0.0057304925
695792829990.9545             -0.02678112
695793807195.5157             4.095273e-05
695794784400.077              -0.023198245
695795761604.6384             0.019296974
695796738809.1997             0.005773422
695797716013.761              -0.026466673
695798693218.3223             -0.02664537
695799670422.8837             -0.026861342
695800647627.445              -0.0030014056
695801624832.0062             0.017513705
695802602036.5675             0.042488076
695803579241.1289             0.14608228
695804556445.6902             0.053247374
695805533650.2515             -0.0019729096
695806510854.8129             -0.020936325
695807488059.3741             0.0077378973
695808465263.9354             -0.03623707
695809442468.4967             -0.023186708
695810419673.0581             -0.012644362
695811396877.6194             0.05032075
695812374082.1807             0.03051185
695813351286.742              0.012246892
695814328491.3033             -0.05038289
695815305695.8646             -0.04521843
695816282900.4259             -0.05851529
695817260104.9873             -0.017803673
695818237309.5486             -0.020103212
695819214514.1099             -0.066931866
695820191718.6711             -0.025263064
695821168923.2325             0.009643538
695822146127.7938             0.010054252
695823123332.3551             0.04099654
695824100536.9164             0.021848254
695825077741.4778             -0.0035834988
695826054946.0391             0.01747848
695827032150.6003             0.011079808
695828009355.1616             -0.02313355
695828986559.723              0.05062519
695829963764.2843             -0.052994717
695830940968.8456             0.015303452
695831918173.407              0.032913234
695832895377.9683             -0.006620294
695833872582.5295             -0.015593356
695834849787.0908             0.07277049
695835826991.6522             0.057241373
695836804196.2135             -0.064230025
695837781400.7748             0.00078432757
695838758605.336              0.0585096
695839735809.8975             -0.045600954
695840713014.4587             0.019136129
695841690219.02               0.0059726965
695842667423.5814             -0.0152458325
695843644628.1427             0.0020312879
695844621832.704              0.08364163
695845599037.2653             -0.006467421
695846576241.8267             -0.05027133
695847553446.388              -0.0476784
695848530650.9492             -0.048483014
695849507855.5105             -0.037386313
695850485060.0719             0.058016133
695851462264.6332             0.005125264
695852439469.1945             -0.0027318194
695853416673.7559             -0.004190494
695854393878.3171             -0.053144988
695855371082.8784             0.026552338
695856348287.4397             0.060282033
695857325492.0011             0.007890725
695858302696.5624             0.0134384865
695859279901.1237             0.03167387
695860257105.6849             -0.00845526
695861234310.2463             -0.03549189
695862211514.8076             -0.04014185
695863188719.3689             0.0198325
695864165923.9303             0.067482315
695865143128.4916             0.011416661
695866120333.0529             0.021994196
695867097537.6141             0.08480519
695868074742.1755             0.060675062
695869051946.7368             0.05731644
695870029151.2981             0.029423214
695871006355.8594             -0.020037472
695871983560.4208             0.014958439
695872960764.982              0.0009736249
695873937969.5433             -0.01530147
695874915174.1046             0.022322645
695875892378.666              0.018223876
695876869583.2273             -0.010856706
695877846787.7886             0.030304745
695878823992.35               0.027851164
695879801196.9113             -0.022938319
695880778401.4725             0.020230478
695881755606.0338             -0.029828934
695882732810.5952             -0.051422946
695883710015.1565             -0.052400865
695884687219.7178             0.019179884
695885664424.279              0.038107116
695886641628.8405             -0.033829313
695887618833.4017             -0.03553737
695888596037.963              -0.034384675
695889573242.5244             -0.028982362
695890550447.0857             0.042483576
695891527651.647              -0.016372329
695892504856.2083             0.015310776
695893482060.7697             0.0039446135
695894459265.3309             -0.038449634
695895436469.8922             -0.02649199
695896413674.4535             -0.073231876
695897390879.0149             0.056520622
695898368083.5762             0.030378593
695899345288.1375             -0.053924777
695900322492.6989             -0.02655959
695901299697.2601             0.09379601
695902276901.8214             -0.017086089
695903254106.3827             -0.0629245
695904231310.9441             -0.01680462
695905208515.5054             0.014643049
695906185720.0667             0.057038
695907162924.6279             0.07530599
695908140129.1893             0.09696148
695909117333.7506             0.009834739
695910094538.3119             -0.09278384
695911071742.8733             -0.06044417
695912048947.4346             -0.04269844
695913026151.9958             -0.010621614
695914003356.5571             -0.01632945
695914980561.1185             -0.0065728817
695915957765.6798             0.076326184
695916934970.2411             0.0384013
695917912174.8024             0.0134219695
695918889379.3638             0.055331226
695919866583.925              0.058082882
695920843788.4863             -0.039681673
695921820993.0476             0.037864316
695922798197.609              0.038289983
695923775402.1703             0.01888605
695924752606.7316             -0.018967925
695925729811.293              0.022099422
695926707015.8542             0.046190124
695927684220.4155             0.0050847726
695928661424.9768             -0.030089501
695929638629.5382             0.011098217
695930615834.0995             0.048559584
695931593038.6608             0.023302346
695932570243.222              -0.0062723006
695933547447.7834             0.0019234834
695934524652.3447             -0.023023324
695935501856.906              0.017031673
695936479061.4674             0.04021551
695937456266.0287             0.028269857
695938433470.59               0.017893264
695939410675.1512             0.001903913
695940387879.7126             0.025451535
695941365084.2739             -0.010367337
695942342288.8352             0.012358924
695943319493.3965             0.022723094
695944296697.9579             -0.023113055
695945273902.5192             0.018858017
695946251107.0804             0.027686527
695947228311.6418             0.074913725
695948205516.2031             0.02949473
695949182720.7644             0.0021042924
695950159925.3257             -0.038510107
695951137129.8871             -0.028316189
695952114334.4484             0.05649369
695953091539.0096             0.015211028
695954068743.5709             -0.024236804
695955045948.1323             0.017302541
695956023152.6936             -0.056189843
695957000357.2549             -0.0143864155
695957977561.8163             0.038582545
695958954766.3776             0.038945157
695959931970.9388             0.0053069307
695960909175.5001             -0.033568703
695961886380.0615             -0.040118117
695962863584.6228             -0.0052042454
695963840789.1841             -0.030218871
695964817993.7454             -0.077622786
695965795198.3068             -0.0136062885
695966772402.868              0.052533753
695967749607.4293             0.037381615
695968726811.9906             -0.020055087
695969704016.552              -0.02798886
695970681221.1133             0.058315482
695971658425.6746             0.035840638
695972635630.236              0.07619117
695973612834.7972             0.05470723
695974590039.3585             -3.1577823e-05
695975567243.9198             -0.060981873
695976544448.4812             -0.0104458295
695977521653.0425             0.069912605
695978498857.6038             -0.02514136
695979476062.165              -0.05916121
695980453266.7264             -0.03615075
695981430471.2877             0.033283558
695982407675.849              0.036168013
695983384880.4104             0.04099747
695984362084.9717             0.010763249
695985339289.533              0.040695384
695986316494.0942             -0.06478518
695987293698.6556             -0.009774444
695988270903.2169             -0.018052844
695989248107.7782             0.03601168
695990225312.3395             0.08156938
695991202516.9009             -0.014550693
695992179721.4622             0.033247005
695993156926.0234             0.022425434
695994134130.5848             0.05801763
695995111335.1461             0.039740738
695996088539.7074             0.015443231
695997065744.2687             -0.009099553
695998042948.8301             0.061535414
695999020153.3914             0.0629181
695999997357.9526             0.03639555
696000974562.5139             0.0343743
696001951767.0753             0.05406413
696002928971.6366             0.01960761
696003906176.1979             0.036288332
696004883380.7593             0.024272967
696005860585.3206             -0.0346023
696006837789.8818             -0.033190656
696007814994.4431             -0.016096855
696008792199.0045             -0.022858385
696009769403.5658             -0.021513836
696010746608.1271             -0.042914473
696011723812.6884             -0.05386286
696012701017.2498             -0.027927753
696013678221.811              0.04126792
696014655426.3723             0.0747348
696015632630.9336             0.00043978394
696016609835.495              -0.051569674
696017587040.0563             0.002922298
696018564244.6176             0.0050209938
696019541449.179              0.03684071
696020518653.7402             0.012752692
696021495858.3015             0.053804874
696022473062.8628             0.028867561
696023450267.4242             0.05845244
696024427471.9855             -0.005494532
696025404676.5468             0.03272732
696026381881.108              -0.028686816
696027359085.6694             -0.09035089
696028336290.2307             -0.053912994
696029313494.792              -0.011799601
696030290699.3534             -0.0030223832
696031267903.9147             -0.048424587
696032245108.476              -0.04152095
696033222313.0372             -0.025182012
696034199517.5986             0.02110952
696035176722.1599             0.021033129
696036153926.7212             -0.0038649219
696037131131.2825             -0.012384877
696038108335.8439             0.04548901
696039085540.4052             0.011361294
696040062744.9664             0.036244065
696041039949.5278             0.017675588
696042017154.0891             0.032948207
696042994358.6504             -0.052340038
696043971563.2117             0.0015181098
696044948767.7731             -0.022808164
696045925972.3344             -0.0027613963
696046903176.8956             0.075838335
696047880381.4569             0.051850382
696048857586.0183             0.013621584
696049834790.5796             -0.024669504
696050811995.1409             0.0148423
696051789199.7021             0.050671153
696052766404.2635             0.010459878
696053743608.8248             -0.053511824
696054720813.3861             -0.040362682
696055698017.9475             -0.01017191
696056675222.5088             0.02699448
696057652427.0701             -0.060978927
696058629631.6313             -0.01990584
696059606836.1927             0.08288137
696060584040.754              0.059177976
696061561245.3153             -0.02600707
696062538449.8766             0.03109446
696063515654.438              -0.028653897
696064492858.9993             -0.0018400021
696065470063.5605             0.032598715
696066447268.122              0.05536189
696067424472.6832             0.028858243
696068401677.2445             0.039136857
696069378881.8058             0.0025420988
696070356086.3672             -0.0007516277
696071333290.9285             0.028110335
696072310495.4897             -0.0033552435
696073287700.051              -0.038490135
696074264904.6124             -0.0011977116
696075242109.1737             -0.012095076
696076219313.735              -0.01033995
696077196518.2964             -0.03331943
696078173722.8577             -0.02385933
696079150927.419              0.0076947394
696080128131.9802             -0.014007375
696081105336.5416             -0.014832869
696082082541.1029             -0.04280904
696083059745.6642             -0.020013323
696084036950.2255             -0.010182343
696085014154.7869             -0.0485999
696085991359.3481             0.011480113
696086968563.9094             0.0019083106
696087945768.4708             -0.037160587
696088922973.0321             0.0026948682
696089900177.5934             0.042656016
696090877382.1547             0.031247018
696091854586.7161             -0.018673023
696092831791.2773             -0.030026883
696093808995.8386             -0.003942977
696094786200.3999             -0.046857793
696095763404.9613             -0.018340712
696096740609.5226             -0.029160945
696097717814.0839             0.00021643552
696098695018.6451             0.020715244
696099672223.2065             -0.0093127135
696100649427.7678             -0.0001247809
696101626632.3291             0.024299191
696102603836.8905             -0.02240312
696103581041.4518             -0.016259579
696104558246.0131             -0.048660405
696105535450.5743             -0.023407824
696106512655.1357             0.0055538756
696107489859.697              0.030921143
696108467064.2583             -0.019876568
696109444268.8196             -0.03287564
696110421473.381              0.014107645
696111398677.9423             0.05230578
696112375882.5035             -0.037879124
696113353087.065              -0.020665951
696114330291.6262             -0.0046020625
696115307496.1875             0.0012193263
696116284700.7488             0.088492244
696117261905.3102             0.10925881
696118239109.8715             0.055732537
696119216314.4327             -0.025995346
696120193518.994              0.0046670004
696121170723.5554             0.02641967
696122147928.1167             0.051982805
696123125132.678              -0.008442415
696124102337.2394             -0.09314699
696125079541.8007             -0.05668607
696126056746.3619             -0.03879078
696127033950.9232             0.0019040885
696128011155.4846             0.031480536
696128988360.0459             -0.0052149356
696129965564.6072             -0.059491564
696130942769.1685             -0.036112737
696131919973.7299             0.0304062
696132897178.2911             0.04485906
696133874382.8524             0.027552258
696134851587.4138             0.06416972
696135828791.9751             0.05496696
696136805996.5364             -0.008592823
696137783201.0977             0.015767397
696138760405.659              0.059032455
696139737610.2203             -0.04693692
696140714814.7816             0.014943105
696141692019.3429             0.087758504
696142669223.9043             0.02372281
696143646428.4656             0.053359814
696144623633.0269             0.06924373
696145600837.5881             0.048791043
696146578042.1495             0.012391282
696147555246.7108             0.04271188
696148532451.2721             0.013981167
696149509655.8335             -0.0030062138
696150486860.3948             -0.020063348
696151464064.956              -0.041718632
696152441269.5173             -0.025159148
696153418474.0787             -0.065282285
696154395678.64               0.0009224773
696155372883.2013             -0.008910683
696156350087.7626             0.038340073
696157327292.324              0.060306408
696158304496.8853             -0.015119129
696159281701.4465             -0.034503404
696160258906.0079             -0.012365854
696161236110.5692             -0.023893986
696162213315.1305             -0.018333165
696163190519.6918             -0.044567004
696164167724.2532             -0.059180167
696165144928.8145             0.028807767
696166122133.3757             0.062276028
696167099337.937              0.008364871
696168076542.4984             -0.025588484
696169053747.0597             -0.006187297
696170030951.621              -0.031249896
696171008156.1824             -0.0066208835
696171985360.7437             0.025216648
696172962565.3049             0.040251113
696173939769.8662             0.024028154
696174916974.4276             -0.035429534
696175894178.9889             0.03101202
696176871383.5502             0.04686225
696177848588.1115             0.025704218
696178825792.6729             0.06427898
696179802997.2341             0.021787774
696180780201.7954             -0.0085783545
696181757406.3567             -0.055702772
696182734610.9181             -0.022183944
696183711815.4794             -0.025540378
696184689020.0406             -0.035746843
696185666224.602              0.010866884
696186643429.1633             -0.0061111436
696187620633.7246             0.02243085
696188597838.2859             -8.996488e-05
696189575042.8473             -0.0068683545
696190552247.4086             0.012234567
696191529451.9698             0.019170627
696192506656.5311             -0.030290183
696193483861.0925             -0.07272377
696194461065.6538             -0.009517259
696195438270.2151             0.008224171
696196415474.7765             0.0049749147
696197392679.3378             0.11180195
696198369883.899              0.09814353
696199347088.4603             -0.021619286
696200324293.0217             0.04784629
696201301497.583              0.011730632
696202278702.1443             -0.011326178
696203255906.7056             -0.033380624
696204233111.267              -0.0440337
696205210315.8282             -0.021785943
696206187520.3895             -0.026843982
696207164724.9509             -0.080483876
696208141929.5122             -0.0084951855
696209119134.0735             -0.06736527
696210096338.6348             -0.10912377
696211073543.1962             -0.105901636
696212050747.7574             -0.05307805
696213027952.3187             0.00967432
696214005156.88               0.029957063
696214982361.4414             0.047339227
696215959566.0027             0.05527033
696216936770.564              -0.03353278
696217913975.1254             -0.05922214
696218891179.6866             0.011870422
696219868384.2479             -0.017796412
696220845588.8092             -0.022209192
696221822793.3706             0.003992075
696222799997.9319             0.0007515489
696223777202.4932             0.013125628
696224754407.0544             -0.0031229747
696225731611.6158             -0.001146412
696226708816.1771             -0.0049821152
696227686020.7384             -0.008550124
696228663225.2997             0.008363867
696229640429.8611             -0.05269654
696230617634.4224             -0.06758389
696231594838.9836             -0.036380656
696232572043.545              0.04432238
696233549248.1063             -0.015225511
696234526452.6676             -0.035592757
696235503657.2289             0.0034558785
696236480861.7903             0.033080127
696237458066.3516             -0.026967853
696238435270.9128             0.05849058
696239412475.4741             0.05257883
696240389680.0355             0.033533115
696241366884.5968             -0.04212969
696242344089.1581             -0.07839494
696243321293.7195             -0.022590162
696244298498.2808             -0.019619813
696245275702.842              -0.034877475
696246252907.4033             0.04977439
696247230111.9647             -0.016741898
696248207316.526              -0.023134783
696249184521.0873             0.002542001
696250161725.6486             -0.028699895
696251138930.21               -0.017460065
696252116134.7712             0.0086709345
696253093339.3325             0.011271374
696254070543.8939             0.00565485
696255047748.4552             -0.01636859
696256024953.0165             -0.0188954
696257002157.5778             -0.021398107
696257979362.1392             0.026127622
696258956566.7004             0.07567687
696259933771.2617             0.0336449
696260910975.823              0.014098989
696261888180.3844             -0.0135137895
696262865384.9457             0.090690225
696263842589.507              -0.0014954562
696264819794.0684             -0.0012989161
696265796998.6296             -0.07294498
696266774203.1909             -0.020470327
696267751407.7522             0.015543054
696268728612.3136             -0.009704407
696269705816.8749             -0.040913124
696270683021.4362             0.0048469687
696271660225.9974             -0.03580439
696272637430.5588             -0.10365854
696273614635.1201             -0.021222875
696274591839.6814             -0.0062761856
696275569044.2427             -0.004804955
696276546248.8041             -0.030455332
696277523453.3654             0.0043005333
696278500657.9266             -0.027419027
696279477862.488              -0.06046291
696280455067.0493             0.002226528
696281432271.6106             -0.010748195
696282409476.1719             0.016856475
696283386680.7333             0.007453086
696284363885.2946             0.03347844
696285341089.8558             -0.035489075
696286318294.4171             -0.051110685
696287295498.9785             0.015349503
696288272703.5398             0.086620644
696289249908.1011             0.06850288
696290227112.6625             0.020422257
696291204317.2238             -0.022196425
696292181521.785              -0.038759936
696293158726.3463             -0.045193367
696294135930.9077             0.002582548
696295113135.469              0.030186918
696296090340.0303             0.03191008
696297067544.5916             -0.01204078
696298044749.153              -0.063877925
696299021953.7142             0.05568396
696299999158.2755             0.053343795
696300976362.8369             0.011629249
696301953567.3982             0.0036319909
696302930771.9595             0.009022204
696303907976.5208             -0.0072714016
696304885181.0822             0.01840767
696305862385.6434             -0.0065660113
696306839590.2047             -0.0664013
696307816794.766              -0.061184023
696308793999.3274             -0.0030263003
696309771203.8887             0.091370545
696310748408.45               0.049339686
696311725613.0114             0.0057357275
696312702817.5726             0.044271395
696313680022.1339             0.047455918
696314657226.6952             0.025996879
696315634431.2566             -0.032727018
696316611635.8179             -0.030671412
696317588840.3792             0.030935155
696318566044.9404             0.07079826
696319543249.5018             -0.0040682913
696320520454.0631             -0.05831779
696321497658.6244             -0.05972465
696322474863.1857             -0.08556985
696323452067.7471             -0.041295424
696324429272.3083             0.009463751
696325406476.8696             0.055585112
696326383681.431              0.057833087
696327360885.9923             0.012077285
696328338090.5536             0.019120436
696329315295.1149             0.017706282
696330292499.6763             0.0013735119
696331269704.2375             0.0383036
696332246908.7988             0.046780415
696333224113.3601             -0.025385102
696334201317.9215             -0.06396986
696335178522.4828             -0.0145831695
696336155727.0441             0.013672381
696337132931.6055             0.033988573
696338110136.1667             -0.0111306915
696339087340.728              -0.018339422
696340064545.2893             0.017333902
696341041749.8507             0.04526053
696342018954.412              0.0120767085
696342996158.9733             -0.04413383
696343973363.5345             0.034515943
696344950568.096              -0.03937005
696345927772.6572             -0.003697173
696346904977.2185             0.040028505
696347882181.7799             0.06801172
696348859386.3412             0.05051368
696349836590.9025             0.0048010885
696350813795.4637             -0.026827933
696351791000.0251             -0.02012701
696352768204.5864             -0.011531781
696353745409.1477             0.025228526
696354722613.709              0.04658118
696355699818.2704             -0.09278383
696356677022.8317             -0.036455248
696357654227.393              -0.05572849
696358631431.9543             -0.076227725
696359608636.5156             0.024947282
696360585841.0769             0.017996214
696361563045.6382             0.03504904
696362540250.1996             0.020240024
696363517454.7609             -0.037174113
696364494659.3221             0.01656239
696365471863.8834             0.033477556
696366449068.4448             -0.0014026724
696367426273.0061             -0.03810703
696368403477.5674             -0.07759648
696369380682.1287             -0.02029782
696370357886.6901             0.008536695
696371335091.2513             0.019181479
696372312295.8126             0.011347052
696373289500.374              0.018519662
696374266704.9353             0.013768288
696375243909.4966             -0.03627991
696376221114.0579             -0.043426964
696377198318.6193             0.0069389716
696378175523.1805             0.044655714
696379152727.7418             0.1047952
696380129932.3031             0.0714555
696381107136.8645             -0.008136169
696382084341.4258             0.015541457
696383061545.987              -0.0180103
696384038750.5485             0.015579867
696385015955.1097             0.027199857
696385993159.671              0.02231576
696386970364.2323             -0.014906942
696387947568.7937             0.03671617
696388924773.355              0.0005997927
696389901977.9163             0.025285523
696390879182.4775             0.019460507
696391856387.039              -0.04267744
696392833591.6002             0.013719348
696393810796.1615             0.0796814
696394788000.7229             0.042368755
696395765205.2842             0.00028238687
696396742409.8455             0.037243884
696397719614.4067             -0.013797048
696398696818.9681             -0.065538615
696399674023.5294             -0.036178485
696400651228.0907             -0.036520835
696401628432.652              0.047107793
696402605637.2134             0.06364654
696403582841.7747             0.08732162
696404560046.3359             0.023586724
696405537250.8972             0.06523374
696406514455.4586             0.08018526
696407491660.0199             0.053137083
696408468864.5812             0.018253595
696409446069.1426             -0.050562806
696410423273.7039             -0.04060242
696411400478.2651             -0.013413106
696412377682.8264             -0.022981144
696413354887.3878             -0.03496896
696414332091.9491             -0.033024184
696415309296.5104             0.028959198
696416286501.0717             0.009146129
696417263705.633              0.019122053
696418240910.1943             0.00500652
696419218114.7556             -0.000216723
696420195319.317              0.06252423
696421172523.8783             -0.021251218
696422149728.4396             0.011212744
696423126933.0009             -0.027175173
696424104137.5623             0.020243233
696425081342.1235             0.027458046
696426058546.6848             -0.0032569203
696427035751.2461             0.002653373
696428012955.8075             0.0016387212
696428990160.3688             0.015063516
696429967364.93               -0.045977753
696430944569.4915             0.045407478
696431921774.0527             0.025401462
696432898978.614              0.0059303367
696433876183.1753             0.012381547
696434853387.7367             0.016061759
696435830592.298              0.022812083
696436807796.8593             0.06391646
696437785001.4205             0.08971991
696438762205.9819             0.009195569
696439739410.5432             -0.01617793
696440716615.1045             -0.024103938
696441693819.6659             -0.017031217
696442671024.2272             0.0079491325
696443648228.7885             0.012888724
696444625433.3497             -0.0066197803
696445602637.9111             -0.018768506
696446579842.4724             -0.076807834
696447557047.0337             -0.02016832
696448534251.595              -0.034063086
696449511456.1564             -0.017831475
696450488660.7177             -0.04391459
696451465865.2789             0.043057214
696452443069.8402             -0.0071076304
696453420274.4016             -0.034584913
696454397478.9629             -0.028673712
696455374683.5242             -0.054102015
696456351888.0856             0.030798217
696457329092.6469             -0.005550964
696458306297.2081             -0.0063447068
696459283501.7694             -0.005716359
696460260706.3308             -0.069240905
696461237910.8921             -0.038139675
696462215115.4534             0.027498325
696463192320.0146             0.052470565
696464169524.576              0.01659325
696465146729.1373             -0.0077794753
696466123933.6986             0.016197028
696467101138.26               0.05981098
696468078342.8213             0.038236964
696469055547.3826             0.081150435
696470032751.9438             0.04099
696471009956.5052             0.040610522
696471987161.0665             -0.012391267
696472964365.6278             -0.026458481
696473941570.1891             0.008728943
696474918774.7505             -0.05172801
696475895979.3118             0.01812412
696476873183.873              -0.0047454387
696477850388.4344             0.040846657
696478827592.9957             0.029120844
696479804797.557              0.006795935
696480782002.1183             -0.061271176
696481759206.6797             -0.0068314136
696482736411.241              -0.013375027
696483713615.8022             -0.036228925
696484690820.3635             0.011827509
696485668024.9249             0.015586202
696486645229.4862             0.008531774
696487622434.0475             0.0030467398
696488599638.6089             -0.008245778
696489576843.1702             0.04916569
696490554047.7314             0.087077655
696491531252.2927             0.0064919638
696492508456.8541             -0.049537156
696493485661.4154             -0.055928253
696494462865.9767             -0.05030532
696495440070.538              -0.03942171
696496417275.0994             0.01520125
696497394479.6606             -0.038858704
696498371684.2219             -0.0399213
696499348888.7832             -0.032921065
696500326093.3446             -0.030555043
696501303297.9059             -0.023683662
696502280502.4672             -0.014911203
696503257707.0286             -0.052364167
696504234911.5898             0.0064123934
696505212116.1511             0.053024042
696506189320.7124             0.014733747
696507166525.2738             0.017124457
696508143729.8351             0.020044714
696509120934.3964             -0.033281043
696510098138.9576             -0.0093554305
696511075343.519              -0.019667177
696512052548.0803             0.00072482246
696513029752.6416             -0.018893804
696514006957.203              -0.054280113
696514984161.7643             -0.013817856
696515961366.3256             0.009234682
696516938570.8868             0.020102507
696517915775.4482             -0.0016395794
696518892980.0095             -0.02666665
696519870184.5708             -0.0038906843
696520847389.1321             0.021185862
696521824593.6935             0.022465594
696522801798.2548             0.016384047
696523779002.816              0.0057595796
696524756207.3774             0.053695932
696525733411.9387             -0.044169605
696526710616.5                0.010525985
696527687821.0613             0.019819913
696528665025.6227             0.007909619
696529642230.184              0.007731022
696530619434.7452             -0.053696413
696531596639.3065             -0.0022284067
696532573843.8679             0.040307123
696533551048.4292             -0.014243812
696534528252.9905             -0.066676416
696535505457.5519             0.035269633
696536482662.1132             0.025773508
696537459866.6744             -0.0067882375
696538437071.2357             0.06444845
696539414275.7971             0.054542262
696540391480.3584             0.06264443
696541368684.9197             -0.005171061
696542345889.481              0.034730937
696543323094.0424             0.02313614
696544300298.6036             0.057861593
696545277503.1649             -0.003365435
696546254707.7262             -0.025173603
696547231912.2876             -0.009290858
696548209116.8489             -0.018606601
696549186321.4102             -0.045266926
696550163525.9716             -0.048393056
696551140730.5328             -0.03435805
696552117935.0941             0.036705848
696553095139.6554             0.071347475
696554072344.2168             -0.024074368
696555049548.7781             -0.061894894
696556026753.3394             -0.007996676
696557003957.9006             0.063779645
696557981162.462              0.047857158
696558958367.0233             -0.0036384428
696559935571.5846             0.029343981
696560912776.146              -0.01978151
696561889980.7073             -0.03558532
696562867185.2686             -0.011125145
696563844389.8298             -0.07487316
696564821594.3912             -0.09962177
696565798798.9525             0.0026221569
696566776003.5138             -0.011200676
696567753208.0751             -0.039937638
696568730412.6365             -0.007065797
696569707617.1978             0.027716715
696570684821.759              0.07455857
696571662026.3204             0.04328579
696572639230.8817             -0.016502863
696573616435.443              -0.039484452
696574593640.0043             -0.03350979
696575570844.5657             0.026054552
696576548049.127              0.04162206
696577525253.6882             0.078208275
696578502458.2495             0.030755436
696579479662.8109             0.06505183
696580456867.3722             0.050087538
696581434071.9335             -0.028439127
696582411276.4948             -0.028126638
696583388481.0562             -0.011982298
696584365685.6174             -0.026616154
696585342890.1787             0.020838292
696586320094.7401             -0.057069402
696587297299.3014             0.01793514
696588274503.8627             0.017814534
696589251708.424              -0.0074846228
696590228912.9854             -0.01628954
696591206117.5466             0.0037192397
696592183322.1079             0.058313504
696593160526.6692             0.035161458
696594137731.2306             -0.025305314
696595114935.7919             0.012728329
696596092140.3531             -0.014410385
696597069344.9146             -0.0012112459
696598046549.4758             0.004032656
696599023754.0371             0.015089355
696600000958.5984             0.003090786
696600978163.1598             -0.050279416
696601955367.7211             -0.050397247
696602932572.2823             -0.043633413
696603909776.8436             0.03331506
696604886981.405              0.07266782
696605864185.9663             0.023081148
696606841390.5276             -0.056372754
696607818595.089              -0.03270671
696608795799.6503             -0.057542555
696609773004.2115             -0.08527174
696610750208.7728             -0.057093203
696611727413.3342             0.037412673
696612704617.8955             0.07411436
696613681822.4568             0.04859624
696614659027.0181             -0.033679523
696615636231.5795             -0.050763566
696616613436.1407             0.03493354
696617590640.702              0.05523774
696618567845.2634             0.028710147
696619545049.8247             -0.06502663
696620522254.386              -0.026578328
696621499458.9473             0.014198448
696622476663.5087             -0.044790406
696623453868.07               -0.020403104
696624431072.6312             0.06418135
696625408277.1925             0.07738116
696626385481.7539             0.011337665
696627362686.3152             0.01025848
696628339890.8765             0.039321557
696629317095.4377             -0.029816678
696630294299.9991             -0.040001214
696631271504.5604             -0.038031876
696632248709.1217             0.086138666
696633225913.6831             -0.010249707
696634203118.2444             -0.06312508
696635180322.8057             0.030730043
696636157527.367              -0.007575762
696637134731.9283             -0.0801707
696638111936.4896             -0.019955672
696639089141.0509             0.007325172
696640066345.6122             0.038896903
696641043550.1736             0.049572047
696642020754.7349             -0.0066447733
696642997959.2961             -0.00789754
696643975163.8575             -0.07146844
696644952368.4188             -0.013968428
696645929572.9801             0.032606672
696646906777.5414             0.05232868
696647883982.1028             0.02439513
696648861186.6641             -0.052569326
696649838391.2253             -0.031032702
696650815595.7866             0.042424977
696651792800.348              -0.02069759
696652770004.9093             -0.013162816
696653747209.4706             -0.047639884
696654724414.032              0.006908532
696655701618.5933             0.026887203
696656678823.1545             -0.021651683
696657656027.7158             -0.014874719
696658633232.2772             0.047602266
696659610436.8385             0.028974341
696660587641.3998             0.030652337
696661564845.961              0.014507391
696662542050.5225             0.04043007
696663519255.0837             -0.058197003
696664496459.645              -0.04860186
696665473664.2064             -0.040087026
696666450868.7677             -0.03800559
696667428073.329              0.035205815
696668405277.8903             0.11854236
696669382482.4517             0.09728594
696670359687.013              0.02235656
696671336891.5742             -0.027205337
696672314096.1355             -0.006770186
696673291300.6969             -0.04858606
696674268505.2582             0.020245645
696675245709.8195             0.010891455
696676222914.3807             -0.039586272
696677200118.9421             -0.05634184
696678177323.5034             -0.046132
696679154528.0647             0.036388464
696680131732.6261             0.10049788
696681108937.1874             0.027086347
696682086141.7487             -0.021363283
696683063346.3099             0.018594038
696684040550.8713             0.04327807
696685017755.4326             0.06776272
696685994959.9939             0.007871994
696686972164.5552             -0.049969893
696687949369.1166             -0.030030308
696688926573.6779             -0.042255044
696689903778.2391             0.07521356
696690880982.8005             0.045341056
696691858187.3618             0.04252484
696692835391.9231             0.03711527
696693812596.4844             0.073285244
696694789801.0458             0.05168742
696695767005.607              0.0063757417
696696744210.1683             -0.02566645
696697721414.7296             -0.0871975
696698698619.291              -0.095993795
696699675823.8523             0.017071465
696700653028.4136             -0.0072821663
696701630232.975              -0.056133416
696702607437.5363             -0.0129058845
696703584642.0975             0.024771597
696704561846.6588             -0.003996755
696705539051.2202             0.03252256
696706516255.7815             0.053345818
696707493460.3428             -0.018663842
696708470664.904              -0.031125495
696709447869.4655             -0.00949081
696710425074.0267             -0.1086853
696711402278.588              -0.041234054
696712379483.1494             -0.014522564
696713356687.7107             -0.05348295
696714333892.272              -0.012587826
696715311096.8333             -0.014867791
696716288301.3947             -0.059756808
696717265505.9559             0.006120403
696718242710.5172             0.014357177
696719219915.0785             -0.056571964
696720197119.6399             -0.023656221
696721174324.2012             -0.0065858713
696722151528.7625             0.0040591764
696723128733.3237             0.079401955
696724105937.8851             0.003124998
696725083142.4464             -0.07871141
696726060347.0077             -0.014329132
696727037551.5691             -0.043043435
696728014756.1304             -0.0704889
696728991960.6917             -0.13196246
696729969165.2529             -0.124166034
696730946369.8143             -0.027300574
696731923574.3756             0.0016853327
696732900778.9369             -0.0050099464
696733877983.4982             -0.12478152
696734855188.0596             -0.08335715
696735832392.6208             -0.03479413
696736809597.1821             0.021205122
696737786801.7435             0.010961727
696738764006.3048             -0.028544897
696739741210.8661             -0.022966359
696740718415.4274             -0.038168743
696741695619.9888             0.02359831
696742672824.55               0.04287103
696743650029.1113             -0.012679793
696744627233.6726             -0.014681482
696745604438.234              -0.0011181061
696746581642.7953             -0.013818074
696747558847.3566             -0.07143321
696748536051.918              0.048136476
696749513256.4792             0.09219071
696750490461.0405             0.04859752
696751467665.6018             0.0042428393
696752444870.1632             0.008067346
696753422074.7245             0.013130195
696754399279.2858             -0.062436722
696755376483.847              -0.063590825
696756353688.4084             0.016600676
696757330892.9697             0.040868793
696758308097.531              -0.0011303246
696759285302.0923             -0.048448622
696760262506.6537             0.046294045
696761239711.215              0.037854094
696762216915.7762             0.03240475
696763194120.3376             -0.05111121
696764171324.8989             0.015290108
696765148529.4602             0.016663006
696766125734.0215             -0.017391348
696767102938.5829             0.0076412014
696768080143.1442             0.016376657
696769057347.7054             0.03193032
696770034552.2667             0.033996813
696771011756.8281             -0.031073889
696771988961.3894             -0.020585475
696772966165.9507             -0.030724492
696773943370.5121             -0.095818184
696774920575.0734             -0.057552584
696775897779.6346             -0.0076931883
696776874984.1959             -0.041026887
696777852188.7573             -0.036314845
696778829393.3186             -0.0034074083
696779806597.8799             0.011357904
696780783802.4412             0.03139752
696781761007.0026             0.04876843
696782738211.5638             0.027318439
696783715416.1251             0.06423788
696784692620.6865             0.03998632
696785669825.2478             -0.012270205
696786647029.8091             0.016425839
696787624234.3704             -0.0069303596
696788601438.9318             0.038403742
696789578643.493              0.056897197
696790555848.0543             0.023138864
696791533052.6156             -0.022372581
696792510257.177              -0.039482124
696793487461.7383             -0.06918698
696794464666.2996             0.0075473245
696795441870.861              0.070577644
696796419075.4222             0.008533505
696797396279.9835             -0.02681229
696798373484.5448             -0.025212944
696799350689.1062             -0.016943047
696800327893.6675             -0.00077234214
696801305098.2288             -0.01105666
696802282302.79               -0.059430744
696803259507.3514             0.015491511
696804236711.9127             0.038799286
696805213916.474              0.014608341
696806191121.0353             0.025054356
696807168325.5967             0.013513087
696808145530.158              0.039369997
696809122734.7192             0.10185038
696810099939.2806             0.09077649
696811077143.8419             0.043672577
696812054348.4032             0.022622436
696813031552.9645             0.018177927
696814008757.5259             0.04368867
696814985962.0872             0.011215501
696815963166.6484             -0.01575876
696816940371.2097             0.028117193
696817917575.7711             0.046418257
696818894780.3324             0.017649826
696819871984.8937             -0.06354115
696820849189.4551             -0.022925243
696821826394.0164             0.009939152
696822803598.5776             0.024563307
696823780803.1389             0.010396857
696824758007.7003             0.06434169
696825735212.2616             0.011024716
696826712416.8229             0.014510347
696827689621.3842             -0.0053679766
696828666825.9456             0.00928106
696829644030.5068             -0.044175137
696830621235.0681             0.0036930712
696831598439.6295             -0.046015475
696832575644.1908             -0.02103418
696833552848.7521             -0.03595213
696834530053.3134             -0.050797433
696835507257.8748             -0.011150505
696836484462.436              -0.012968427
696837461666.9973             0.010202775
696838438871.5586             -0.07967846
696839416076.12               0.0014185506
696840393280.6813             -0.0056337854
696841370485.2426             0.034407996
696842347689.804              0.07741019
696843324894.3652             -0.08777408
696844302098.9265             -0.011051932
696845279303.4878             -0.018344482
696846256508.0492             -0.07431173
696847053923.9                -0.015269945
696847233712.6105             -0.0002025398
696848031128.5615             0.0061669834
696848210917.1718             -0.052659955
696849008333.2229             0.0439031
696849188121.733              -0.001227604
696849985537.8844             -0.030550763
696850165326.2944             0.046101686
696850962742.5459             -0.052827872
696851142530.8557             0.0059202863
696851939947.2074             -0.029631766
696852119735.417              -0.021639744
696852917151.8688             -0.083759405
696853096939.9783             -0.014793903
696853894356.5303             -0.041553333
696854074144.5397             -0.035257116
696854871561.1918             -0.022239584
696855051349.101              -0.0070219412
696855848765.8531             -0.028897228
696856028553.6622             -0.00013574802
696856825970.5146             -0.06801774
696857005758.2236             -0.01169725
696857803175.1761             -0.016313627
696857982962.7849             -0.004961218
696858780379.8376             -0.01923165
696858960167.3462             0.00433681
696859757584.499              -0.020405514
696859937371.9075             -0.026458452
696860734789.1605             -0.015644573
696860914576.4689             0.05725805
696861711993.822              -0.01795382
696861891781.0302             0.06546189
696862689198.4834             -0.018852131
696862868985.5914             0.04356226
696863666403.1449             0.018956486
696863846190.1527             -0.02570433
696864643607.8064             0.019450085
696864823394.7141             -0.021368684
696865620812.4679             -0.037651595
696865800599.2754             -0.018453311
696866598017.1293             -0.04160231
696866777803.8367             -0.02919597
696867575221.7908             -0.045751553
696867755008.3981             -0.091287315
696868552426.4523             -0.040663835
696868732212.9594             -0.07723426
696869529631.1136             0.011530038
696869709417.5206             -0.025703486
696870506835.7751             0.009414474
696870686622.0819             -0.033311248
696871484040.4366             -0.00599399
696871663826.6433             -0.007007876
696872461245.0981             -0.01852529
696872641031.2046             -0.019423418
696873438449.7595             -0.070214175
696873618235.7659             -0.031566214
696874415654.421              -0.0680879
696874595440.3271             -0.007981956
696875392859.0825             -0.029668482
696875572644.8885             -0.06543985
696876370063.7439             -0.013510987
696876549849.4498             0.0018239839
696877347268.4054             -0.033123918
696877527054.0111             -0.022207769
696878324473.0669             -0.00986866
696878504258.5725             -0.071801834
696879301677.7284             0.00034389706
696879481463.1338             -0.038030997
696880278882.3898             8.895834e-05
696880458667.6951             -0.026486773
696881256087.0513             0.021933233
696881435872.2563             0.022941267
696882233291.7128             0.041475188
696882413076.8177             0.059096374
696883210496.3741             0.0013939984
696883390281.379              -0.030785093
696884187701.0356             0.017189205
696884367485.9403             0.009628704
696885164905.6971             -0.035729982
696885344690.5016             0.10771384
696886142110.3586             0.0012509694
696886321895.063              -0.039192244
696887119315.02               0.035760317
696887299099.6243             0.010056629
696888096519.6815             0.0056752814
696888276304.1855             0.03135562
696889073724.343              -0.028474364
696889253508.747              0.014232884
696890050929.0044             -0.04453723
696890230713.3082             -0.08595097
696891028133.6659             -0.012907363
696891207917.8695             -0.07719238
696892005338.3274             -0.009676402
696892185122.4308             0.015628334
696892982542.9888             0.030906253
696893162326.9922             0.032689996
696893959747.6503             0.061239928
696894139531.5535             -0.005432463
696894936952.3118             -0.007217748
696895116736.1147             0.05069307
696895914156.9733             -0.022629842
696896093940.676              0.030638369
696896891361.6346             0.03449828
696897071145.2374             0.011068261
696897868566.2961             0.03128087
696898048349.7987             0.03824153
696898845770.9576             -0.036422897
696899025554.36               0.04081185
696899822975.619              -0.0071377438
696900002758.9213             -0.0072584194
696900800180.2805             -0.015304974
696900979963.4827             0.012273487
696901777384.942              -0.031351913
696901957168.044              -0.017471984
696902754589.6035             0.0008275026
696902934372.6052             -0.047354054
696903731794.2649             -0.0016010314
696903911577.1666             0.028373541
696904708998.9264             -0.034794435
696904888781.7279             0.009785892
696905686203.5879             0.021456163
696905865986.2892             0.0072645526
696906663408.2493             -0.0028945548
696906843190.8505             0.029949244
696907640612.9108             -0.0026942997
696907820395.4119             -0.045572743
696908617817.5723             0.0040508593
696908797599.9731             -0.047368575
696909595022.2338             -0.027657183
696909774804.5344             0.004230083
696910572226.8951             -0.040513825
696910752009.0957             -0.063502066
696911549431.5566             -0.0377437
696911729213.6571             -0.0285514
696912526636.2181             -0.018388547
696912706418.2184             -0.030292256
696913503840.8795             -0.0021728447
696914481045.541              -0.002582088
696915458250.2025             0.012002848
696916435454.864              -0.015900072
696917412659.5254             0.021154063
696918389864.1869             0.0033466937
696919367068.8484             -0.034191877
696920344273.5098             0.021570003
696921321478.1713             -0.0035017298
696922298682.8328             -0.035736397
696923275887.4943             0.004756946
696924253092.1556             -0.045030743
696925230296.8171             -0.06651089
696926207501.4786             -0.037495956
696927184706.14               -0.003775787
696928161910.8015             0.016285444
696929139115.463              0.04447462
696930116320.1245             0.023482066
696931093524.7859             0.023234924
696932070729.4474             0.009446665
696933047934.1089             -0.037432775
696934025138.7703             -0.0024525658
696935002343.4318             -0.008479211
696935979548.0933             0.0017737157
696936956752.7548             0.02459849
696937933957.4161             -0.059043188
696938911162.0776             -0.055212148
696939888366.7391             -0.034311593
696940865571.4005             -0.034605704
696941842776.062              -0.0139536755
696942819980.7235             -0.040690847
696943797185.385              -0.050764997
696944774390.0464             -0.048745636
696945751594.7079             -0.09530572
696946728799.3694             -0.06559862
696947706004.0308             0.026837457
696948683208.6923             0.0015552212
696949660413.3538             0.010372907
696950637618.0153             0.01429625
696951614822.6766             -0.010768591
696952592027.3381             -0.04122645
696953569231.9996             -0.0029440823
696954546436.661              -0.02922072
696955523641.3225             0.016931267
696956500845.984              0.0072687604
696957478050.6455             0.017408403
696958455255.3069             0.06612973
696959432459.9684             -0.006581804
696960409664.6299             0.0033671958
696961386869.2913             -0.00065055955
696962364073.9528             -0.0050342046
696963341278.6143             0.012575964
696964318483.2758             0.012366038
696965295687.9371             0.021242024
696966272892.5986             0.035710793
696967250097.2601             -0.03282953
696968227301.9215             -0.014997916
696969204506.583              0.0040411777
696970181711.2445             0.04558941
696971158915.9059             0.07371626
696972136120.5674             0.015177227
696973113325.2289             -0.0058676726
696974090529.8904             0.007877741
696975067734.5518             0.009577062
696976044939.2133             0.03404441
696977022143.8748             -0.013333914
696977999348.5361             -0.05987911
696978976553.1976             0.004229657
696979953757.8591             0.08265745
696980930962.5206             0.0258539
696981908167.182              -0.010189255
696982885371.8435             -0.03250019
696983862576.505              -0.03755015
696984839781.1664             -0.041003127
696985816985.8279             -0.0039246688
696986794190.4894             0.035387307
696987771395.1509             0.007002086
696988748599.8123             -0.040224396
696989725804.4738             -0.04279508
696990703009.1353             -0.049614545
696991680213.7966             -0.040619265
696992657418.4581             -0.009880476
696993634623.1196             0.039107285
696994611827.7811             0.015872743
696995589032.4425             0.015004263
696996566237.104              0.044944353
696997543441.7655             0.038888607
696998520646.4269             -0.03414181
696999497851.0884             -0.08475701
697000475055.7499             0.008755554
697001452260.4114             0.0326644
697002429465.0728             -0.019529052
697003406669.7343             -0.030976174
697004383874.3958             0.016362928
697005361079.0571             0.03464046
697006338283.7186             0.04529283
697007315488.3801             0.044120587
697008292693.0416             -0.008577798
697009269897.703              0.032304745
697010247102.3645             0.0963119
697011224307.026              0.02117122
697012201511.6874             -0.012087127
697013178716.3489             0.013715935
697014155921.0104             0.010316272
697015133125.6719             0.0052115056
697016110330.3333             0.02237005
697017087534.9948             -0.033799093
697018064739.6562             -0.058363914
697019041944.3176             -0.03361066
697020019148.9791             -0.019901913
697020996353.6406             0.0011852734
697021973558.3021             0.010606832
697022950762.9635             -0.0036076661
697023927967.625              0.06664988
697024905172.2865             0.032844514
697025882376.9479             -0.018111195
697026859581.6094             0.052232467
697027836786.2709             0.01766266
697028813990.9324             -0.009710069
697029791195.5938             -0.0020239493
697030768400.2552             0.0058455938
697031745604.9167             -0.023851974
697032722809.5781             -0.0053900206
697033700014.2396             -0.024849668
697034677218.9011             0.0050272527
697035654423.5626             0.038160592
697036631628.224              0.045005288
697037608832.8855             -0.03985511
697038586037.547              0.019710453
697039563242.2084             0.039343122
697040540446.8699             0.011243712
697041517651.5314             0.009961916
697042494856.1929             0.059624188
697043472060.8542             0.08055617
697044449265.5157             -0.00085076614
697045426470.1772             -0.035960864
697046403674.8386             -0.04319885
697047380879.5001             -0.00913395
697048358084.1616             0.051198494
697049335288.8231             0.014136138
697050312493.4845             -0.0015793022
697051289698.146              0.017931312
697052266902.8075             0.056634195
697053244107.4689             0.04252339
697054221312.1304             0.07169557
697055198516.7919             0.02013636
697056175721.4532             -0.010632637
697057152926.1147             -0.002133027
697058130130.7762             0.052378103
697059107335.4377             0.019562125
697060084540.0991             0.010294671
697061061744.7606             0.0008156653
697062038949.4221             -0.0012724734
697063016154.0835             -0.021007737
697063993358.745              -0.010273693
697064970563.4065             -0.0275434
697065947768.068              0.011808966
697066924972.7294             0.020277152
697067902177.3909             -0.027400397
697068879382.0524             -0.0072754608
697069856586.7137             0.001912674
697070833791.3752             0.028333524
697071810996.0367             0.023705944
697072788200.6982             0.037822463
697073765405.3596             0.038119078
697074742610.0211             -0.018635243
697075719814.6826             0.0019200747
697076697019.344              0.01656916
697077674224.0055             0.042341854
697078651428.667              0.002268066
697079628633.3285             -0.023226578
697080605837.9899             -0.00143981
697081583042.6514             0.024199702
697082560247.3129             0.00670716
697083537451.9742             0.013561029
697084514656.6357             0.02965215
697085491861.2972             0.08602263
697086469065.9587             0.05210311
697087446270.6201             -0.013154767
697088423475.2816             0.07552491
697089400679.9431             0.03220402
697090377884.6045             0.051834207
697091355089.266              -0.029320199
697092332293.9275             -0.048730735
697093309498.589              -0.033332247
697094286703.2504             -0.025689254
697095263907.9119             -0.018113647
697096241112.5734             0.04266898
697097218317.2347             0.013249251
697098195521.8962             -0.00608546
697099172726.5577             0.073972724
697100149931.2192             0.006559753
697101127135.8806             -0.10212688
697102104340.5421             -0.053149834
697103081545.2036             0.010914555
697104058749.865              -0.014460913
697105035954.5265             0.0032631506
697106013159.188              0.0723532
697106990363.8495             0.035011634
697107967568.5109             0.013271381
697108944773.1724             0.019259652
697109921977.8339             0.038469587
697110899182.4952             0.07195191
697111876387.1567             -0.02726253
697112853591.8182             0.01560181
697113830796.4797             -0.010960303
697114808001.1411             -0.02898692
697115785205.8026             0.04928466
697116762410.4641             0.06437124
697117739615.1255             0.06462811
697118716819.787              0.0053647845
697119694024.4485             -0.0022239103
697120671229.11               -0.028485935
697121648433.7714             -0.052503426
697122625638.4329             -0.0029225138
697123602843.0944             0.059279777
697124580047.7557             -0.044757307
697125557252.4172             -0.051810473
697126534457.0787             0.025778992
697127511661.7402             0.054425914
697128488866.4016             0.030104201
697129466071.0631             0.054015104
697130443275.7246             0.006532039
697131420480.386              -0.028749915
697132397685.0475             -0.0066687544
697133374889.709              0.0352489
697134352094.3705             0.01781752
697135329299.0319             -0.009831375
697136306503.6934             -0.0021029399
697137283708.3549             0.013838675
697138260913.0162             0.009452473
697139238117.6777             0.042202465
697140215322.3392             0.020988416
697141192527.0006             0.006069756
697142169731.6621             0.053590044
697143146936.3236             0.033826414
697144124140.9851             0.00015690125
697145101345.6465             0.04436125
697146078550.308              0.049868725
697147055754.9695             0.014117052
697148032959.6309             -0.03926887
697149010164.2924             -0.05231422
697149987368.9539             -0.013977021
697150964573.6154             0.01415937
697151941778.2767             -0.010067271
697152918982.9382             -0.043067627
697153896187.5997             -0.058879193
697154873392.2611             -0.024805445
697155850596.9226             -0.039231207
697156827801.5841             -0.032409165
697157805006.2456             0.02136409
697158782210.907              0.017676974
697159759415.5685             -0.035209827
697160736620.23               -0.020365067
697161713824.8914             0.014556177
697162691029.5529             0.0289519
697163668234.2144             -0.01312041
697164645438.8759             -0.038753483
697165622643.5372             -0.025852166
697166599848.1987             -0.0064846976
697167577052.8602             -0.02209447
697168554257.5216             0.02823751
697169531462.1831             -0.046258286
697170508666.8446             -0.06927194
697171485871.5061             0.010241042
697172463076.1675             0.040846176
697173440280.829              0.019600669
697174417485.4905             0.011207042
697175394690.1519             -0.016119793
697176371894.8134             -0.015887778
697177349099.4749             -0.03957046
697178326304.1364             0.006404988
697179303508.7977             0.019311516
697180280713.4592             0.0390717
697181257918.1207             0.012290198
697182235122.7821             0.05760486
697183212327.4436             0.018123247
697184189532.1051             -0.014698777
697185166736.7666             0.04261355
697186143941.428              0.030558342
697187121146.0895             0.0011614747
697188098350.751              -0.019296238
697189075555.4124             -0.04626438
697190052760.0739             -0.032633733
697191029964.7354             0.04216632
697192007169.3969             0.025576033
697192984374.0582             -0.052624024
697193961578.7197             -0.060655657
697194938783.3812             -0.050606288
697195915988.0426             0.015534131
697196893192.7041             -0.016946482
697197870397.3656             -0.0061414833
697198847602.0271             -0.0031698607
697199824806.6885             -0.029058265
697200802011.35               0.0031354874
697201779216.0115             0.035916563
697202756420.6729             0.00495232
697203733625.3344             -0.04627731
697204710829.9958             0.019193055
697205688034.6573             0.006175813
697206665239.3187             0.011605039
697207642443.9802             0.031098079
697208619648.6417             0.0403865
697209596853.3031             -0.042129524
697210574057.9646             -0.023302803
697211551262.6261             0.0014114496
697212528467.2876             0.0055337013
697213505671.949              0.0037961362
697214482876.6105             0.037707314
697215460081.272              -0.03551703
697216437285.9333             -0.018833045
697217414490.5948             -0.053291414
697218391695.2563             -0.03885223
697219368899.9177             0.0041602785
697220346104.5792             0.007689107
697221323309.2407             0.015247506
697222300513.9022             0.0048527424
697223277718.5636             0.014269236
697224254923.2251             0.005575142
697225232127.8866             -0.01657428
697226209332.548              0.023594437
697227186537.2095             0.005718571
697228163741.871              -8.3103296e-05
697229140946.5325             -0.009225774
697230118151.1938             0.015364109
697231095355.8553             0.022389738
697232072560.5168             0.031722624
697233049765.1782             0.038602334
697234026969.8397             0.0077739586
697235004174.5012             -0.10238394
697235981379.1627             -0.0944815
697236958583.8241             -0.036280923
697237935788.4856             -0.03470836
697238912993.1471             -0.020414878
697239890197.8085             -0.018503059
697240867402.47               0.045005422
697241844607.1315             0.0377782
697242821811.793              0.035509877
697243799016.4543             0.038761657
697244776221.1158             0.020210493
697245753425.7773             0.045209914
697246730630.4387             0.0016640538
697247707835.1002             -0.0069518993
697248685039.7617             0.0028716577
697249662244.4232             0.01777915
697250639449.0846             0.055730388
697251616653.7461             0.03235848
697252593858.4076             -0.009671684
697253571063.069              0.027464077
697254548267.7305             0.06828434
697255525472.392              0.02897267
697256502677.0535             -0.0353234
697257479881.7148             -0.009460679
697258457086.3763             0.021159708
697259434291.0378             -0.00528654
697260411495.6992             0.014951416
697261388700.3607             0.014964929
697262365905.0222             -0.0014078276
697263343109.6837             0.032184634
697264320314.3451             0.0047281333
697265297519.0066             -0.027677855
697266274723.6681             -0.030010851
697267251928.3295             -0.013297501
697268229132.991              0.018634787
697269206337.6525             -0.034986876
697270183542.314              0.023213647
697271160746.9753             0.02883581
697272137951.6368             -0.0375262
697273115156.2983             -0.029605685
697274092360.9597             -0.00059617707
697275069565.6212             0.019912522
697276046770.2827             -0.015748039
697277023974.9442             -0.056224663
697278001179.6056             -0.0076323217
697278978384.2671             0.013825317
697279955588.9286             -0.026493728
697280932793.59               0.01840726
697281909998.2515             -0.032886047
697282887202.913              -0.051824767
697283864407.5745             -0.056200877
697284841612.2358             0.035703313
697285818816.8973             0.041244835
697286796021.5588             -0.004930683
697287773226.2202             -0.0008912649
697288750430.8817             0.024968194
697289727635.5432             -0.010041101
697290704840.2047             -0.002084917
697291682044.8661             0.02937134
697292659249.5276             0.06876368
697293636454.1891             0.051864613
697294613658.8505             0.032607745
697295590863.512              0.015412627
697296568068.1735             0.016588466
697297545272.835              -0.029556135
697298522477.4963             -0.011701249
697299499682.1578             -0.019526763
697300476886.8193             0.018895859
697301454091.4807             -0.024522725
697302431296.1422             -0.04801287
697303408500.8037             -0.012302843
697304385705.4651             0.0057718433
697305362910.1266             0.0038229572
697306340114.7881             0.048991337
697307317319.4496             0.07626322
697308294524.111              0.030620841
697309271728.7725             0.022804057
697310248933.434              -0.011388126
697311226138.0953             0.04442268
697312203342.7568             -0.0266607
697313180547.4183             -0.077901684
697314157752.0798             -0.027770368
697315134956.7412             -0.0147399055
697316112161.4027             0.044059657
697317089366.0642             0.048695307
697318066570.7256             0.0011205697
697319043775.3871             0.06553936
697320020980.0486             0.08446132
697320998184.7101             -0.030743834
697321975389.3715             0.0052432083
697322952594.033              -0.001425349
697323929798.6945             -0.022330176
697324907003.3558             0.032532126
697325884208.0173             -0.04537883
697326861412.6788             -0.09140834
697327838617.3403             -0.013634829
697328815822.0017             0.023939004
697329793026.6632             0.074967645
697330770231.3247             0.0051395544
697331747435.9861             -0.042461727
697332724640.6476             -0.0039009561
697333701845.3091             0.015085602
697334679049.9706             0.07384267
697335656254.632              -0.004763199
697336633459.2935             -0.081310004
697337610663.955              -0.055837274
697338587868.6163             -0.027648108
697339565073.2778             -0.009150615
697340542277.9393             0.021955037
697341519482.6008             0.003934848
697342496687.2622             -0.050621327
697343473891.9237             -0.06374058
697344451096.5852             -0.045867387
697345428301.2466             -0.0017465876
697346405505.9081             0.0057509434
697347382710.5696             0.025494086
697348359915.2311             0.03598294
697349337119.8925             0.06324345
697350314324.554              0.03678575
697351291529.2155             -0.06982184
697352268733.8768             -0.06074479
697353245938.5383             -0.03935585
697354223143.1998             -0.029024089
697355200347.8613             -0.06897865
697356177552.5227             -0.047033384
697357154757.1842             -0.004047287
697358131961.8457             0.004116057
697359109166.5071             -0.008385827
697360086371.1686             -0.002156173
697361063575.8301             0.023016028
697362040780.4916             -0.03569088
697363017985.153              0.005241977
697363995189.8145             -0.023082664
697364972394.476              -0.023406895
697365949599.1373             0.006712231
697366926803.7988             0.040146902
697367904008.4603             0.03374991
697368881213.1218             0.0022325532
697369858417.7832             0.01736509
697370835622.4447             -0.01746297
697371812827.1062             -0.011460508
697372790031.7676             -0.025113631
697373767236.4291             -0.009457108
697374744441.0906             -0.025132846
697375721645.7521             0.0010028738
697376698850.4135             0.057281345
697377676055.075              0.051885176
697378653259.7365             0.036873747
697379630464.3978             0.0060952962
697380607669.0593             0.03328722
697381584873.7208             0.022765294
697382562078.3823             -0.00019409781
697383539283.0437             0.009661548
697384516487.7052             0.010484474
697385493692.3667             -0.0062140124
697386470897.0281             -0.014754403
697387448101.6896             0.0081801815
697388425306.3511             -0.055402033
697389402511.0125             -0.06990251
697390379715.674              0.041670334
697391356920.3354             0.016985977
697392334124.997              -0.01244695
697393311329.6583             -0.00892097
697394288534.3198             -0.093319826
697395265738.9813             -0.09049619
697396242943.6427             -0.03494796
697397220148.3042             -0.002680199
697398197352.9657             0.08492911
697399174557.6272             0.07339978
697400151762.2886             -0.0027772875
697401128966.9501             0.020848457
697402106171.6116             -0.036205944
697403083376.273              -0.0059789857
697404060580.9344             -0.043696236
697405037785.596              -0.039296795
697406014990.2574             -0.034437887
697406992194.9188             -0.05274383
697407969399.5803             0.010918208
697408946604.2418             0.06429951
697409923808.9032             -0.010476092
697410901013.5647             0.004815643
697411878218.2262             0.014791609
697412855422.8877             -0.028937737
697413832627.5491             -0.010223982
697414809832.2106             -0.031231852
697415787036.8721             -0.02715823
697416764241.5334             -0.051893126
697417741446.195              -0.017643658
697418718650.8564             0.011210433
697419695855.518              0.025417063
697420673060.1793             0.022589713
697421650264.8408             0.04774856
697422627469.5023             0.028006475
697423604674.1637             0.0013743734
697424581878.8252             -0.028147373
697425559083.4867             -0.08474496
697426536288.1482             -0.025390113
697427513492.8096             -0.074015655
697428490697.4711             0.025073955
697429467902.1326             0.02216012
697430445106.794              -0.035373963
697431422311.4554             -0.015591997
697432399516.117              0.026140707
697433376720.7784             -0.010208219
697434353925.4398             -0.049666982
697435331130.1013             -0.04794691
697436308334.7628             -0.037023045
697437285539.4242             -0.0132449865
697438262744.0857             0.039434087
697439239948.7472             0.019154878
697440217153.4087             -0.03260315
697441194358.0701             -0.041784164
697442171562.7316             -0.051618177
697443148767.3931             -0.053776592
697444125972.0544             0.034910068
697445103176.716              0.027741617
697446080381.3774             -0.041207
697447057586.039              -0.0015453757
697448034790.7003             0.048251517
697449011995.3618             0.10244679
697449989200.0233             -0.008796056
697450966404.6847             -0.0060431194
697451943609.3462             -0.017761901
697452920814.0077             -0.008968762
697453898018.6692             0.0072304783
697454875223.3306             -0.003129002
697455852427.9921             0.0032521484
697456829632.6536             0.046074495
697457806837.315              0.043525785
697458784041.9764             0.06661289
697459761246.638              0.03903959
697460738451.2994             0.018691191
697461715655.9608             0.010656249
697462692860.6223             0.039996352
697463670065.2838             -0.0228072
697464647269.9452             -0.021436749
697465624474.6067             -0.052485064
697466601679.2682             0.0042474205
697467578883.9296             0.04437463
697468556088.5911             0.022146815
697469533293.2526             0.0037594528
697470510497.9141             -0.02682282
697471487702.5754             -0.030515917
697472464907.2369             0.014887971
697473442111.8984             0.04102955
697474419316.5598             0.012070797
697475396521.2213             0.010987596
697476373725.8828             0.0029601096
697477350930.5443             -0.027672173
697478328135.2057             -0.044479594
697479305339.8672             -0.035412785
697480282544.5287             -0.06177878
697481259749.1901             -0.0056047323
697482236953.8516             -0.016527409
697483214158.5131             -0.05890338
697484191363.1746             -0.052075405
697485168567.8359             -0.016546508
697486145772.4974             0.0023727524
697487122977.1589             -0.01733347
697488100181.8203             -0.006453177
697489077386.4818             0.02125088
697490054591.1433             0.025954401
697491031795.8048             0.0058436394
697492009000.4662             -0.0022836283
697492986205.1277             0.009735468
697493963409.7892             0.037446365
697494940614.4506             0.015157876
697495917819.112              -0.0029495212
697496895023.7736             0.004577427
697497872228.435              -0.006471696
697498849433.0964             -0.012243225
697499826637.7579             0.02728403
697500803842.4194             0.028787212
697501781047.0808             -0.008559752
697502758251.7423             0.03364773
697503735456.4038             0.0034928692
697504712661.0653             0.028092604
697505689865.7267             0.026673337
697506667070.3882             -0.005619179
697507644275.0497             -0.05561048
697508621479.711              -0.013393539
697509598684.3726             -0.004668747
697510575889.034              -0.008220041
697511553093.6956             0.0008829661
697512530298.3569             -0.041397184
697513507503.0184             -0.03899732
697514484707.6799             0.0043146214
697515461912.3413             0.028018342
697516439117.0028             0.011180219
697517416321.6643             0.006316901
697518393526.3258             -0.037016857
697519370730.9872             0.042266663
697520347935.6487             0.06230167
697521325140.3102             0.06528369
697522302344.9716             0.05622269
697523279549.633              -0.030150425
697524256754.2946             -0.06893995
697525233958.956              0.013763917
697526211163.6174             0.03297104
697527188368.2789             -0.01035322
697528165572.9404             -0.040084675
697529142777.6018             -0.0035342402
697530119982.2633             -0.0050593135
697531097186.9248             0.013322528
697532074391.5863             -0.02075846
697533051596.2477             -0.038879145
697534028800.9092             -0.017655745
697535006005.5707             -0.042933803
697535983210.232              0.003081318
697536960414.8936             0.018774848
697537937619.555              0.011040404
697538914824.2166             0.044053305
697539892028.8779             0.056316298
697540869233.5394             0.030819764
697541846438.2009             -0.016651602
697542823642.8623             -0.013460402
697543800847.5238             -0.013026115
697544778052.1853             -0.025840577
697545755256.8468             0.027671307
697546732461.5082             0.04282019
697547709666.1697             0.039256785
697548686870.8312             -0.013166434
697549664075.4926             -0.019589191
697550641280.154              -0.009287991
697551618484.8156             0.05417482
697552595689.4769             0.00048635894
697553572894.1384             0.02877473
697554550098.7999             0.04158715
697555527303.4614             -0.014199573
697556504508.1228             -0.04965714
697557481712.7843             0.041995797
697558458917.4458             0.07644663
697559436122.1072             0.04932308
697560413326.7687             0.015218609
697561390531.4302             -0.0026321756
697562367736.0917             -0.00882615
697563344940.753              0.016206319
697564322145.4146             0.021220636
697565299350.076              0.029937688
697566276554.7374             0.022612132
697567253759.3989             -0.00085207395
697568230964.0604             0.004637305
697569208168.7219             0.0032671064
697570185373.3833             0.008863934
697571162578.0448             0.008177659
697572139782.7063             0.031264108
697573116987.3677             0.009711855
697574094192.0292             0.022349909
697575071396.6907             0.02506599
697576048601.3522             0.011133548
697577025806.0135             -0.049450945
697578003010.675              -0.060858745
697578980215.3365             -0.0073243426
697579957419.9979             0.05176147
697580934624.6594             -0.011523956
697581911829.3209             -0.002764952
697582889033.9824             -0.0067407214
697583866238.6438             -0.030933734
697584843443.3053             0.037557762
697585820647.9668             0.071136735
697586797852.6282             0.05026942
697587775057.2897             0.06794045
697588752261.9512             0.028830742
697589729466.6127             0.01547569
697590706671.274              0.042202834
697591683875.9355             0.028588181
697592661080.597              -0.020647148
697593638285.2584             -0.011029585
697594615489.9199             0.0014718864
697595592694.5814             -0.01775478
697596569899.2429             0.03625449
697597547103.9043             -0.015199338
697598524308.5658             0.0006471655
697599501513.2273             0.037661377
697600478717.8887             0.023799565
697601455922.5502             0.030549949
697602433127.2117             0.050633427
697603410331.8732             0.05024839
697604387536.5345             0.035018176
697605364741.196              0.032758966
697606341945.8575             -0.016578285
697607319150.5189             -0.026212623
697608296355.1804             -0.04163404
697609273559.8419             -0.06263924
697610250764.5034             -0.028834237
697611227969.1648             0.018428432
697612205173.8263             0.033484165
697613182378.4878             0.017227035
697614159583.1492             -0.061039682
697615136787.8107             -0.03308079
697616113992.4722             0.015243462
697617091197.1337             0.016791617
697618068401.795              0.0017815919
697619045606.4565             -0.0070590586
697620022811.118              -0.034443583
697621000015.7794             0.03403433
697621977220.4409             0.06727653
697622954425.1024             0.029247334
697623931629.7639             0.0126120895
697624908834.4253             -0.015365435
697625886039.0868             -0.031043826
697626863243.7483             -0.0033894537
697627840448.4097             -0.035015844
697628817653.0712             -0.038953755
697629794857.7327             -0.027717564
697630772062.394              -0.015973296
697631749267.0555             -0.0392658
697632726471.717              -0.034109797
697633703676.3785             -0.027831111
697634680881.0399             -0.018354066
697635658085.7014             -0.0063653104
697636635290.3629             -0.019616952
697637612495.0243             -0.069140516
697638589699.6858             0.013558869
697639566904.3473             0.022002075
697640544109.0088             0.023487508
697641521313.6702             -0.017303891
697642498518.3317             -0.0022890419
697643475722.9932             -0.02530186
697644452927.6545             -0.017424807
697645430132.316              -0.03129978
697646407336.9775             -0.01341804
697647384541.639              0.011347308
697648361746.3004             0.030395756
697649338950.9619             -0.0026738753
697650316155.6234             -0.005364381
697651293360.2848             0.019672731
697652270564.9463             -0.014719334
697653247769.6078             0.01278868
697654224974.2693             0.0011910548
697655202178.9307             -0.025178332
697656179383.5922             -0.055234786
697657156588.2537             -0.05828937
697658133792.915              0.016766995
697659110997.5765             0.074636586
697660088202.238              0.10788882
697661065406.8995             0.026283994
697662042611.5609             0.017810408
697663019816.2224             0.015495471
697663997020.8839             0.05398555
697664974225.5453             0.021226868
697665951430.2068             -0.012800847
697666928634.8683             -0.029600486
697667905839.5298             0.008826744
697668883044.1912             0.055565614
697669860248.8527             0.0066226725
697670837453.5142             0.04742189
697671814658.1755             0.05883452
697672791862.837              0.054368183
697673769067.4985             -0.034560036
697674746272.16               0.01933032
697675723476.8214             0.085418336
697676700681.4829             0.038408577
697677677886.1444             -0.007937851
697678655090.8058             -0.0070411856
697679632295.4673             0.0007422577
697680609500.1288             -0.011932748
697681586704.7903             0.02244635
697682563909.4517             0.04637674
697683541114.1132             0.026136294
697684518318.7747             0.0066302735
697685495523.436              -0.0075326185
697686472728.0975             -0.014923299
697687449932.759              0.021130174
697688427137.4205             -0.015865453
697689404342.0819             -0.018776463
697690381546.7434             0.009566359
697691358751.4049             0.032780677
697692335956.0663             -0.015399189
697693313160.7278             -0.0148374615
697694290365.3893             -0.029757358
697695267570.0508             -0.00736351
697696244774.7122             0.014696532
697697221979.3737             -0.048330862
697698199184.0352             0.011551108
697699176388.6965             -0.0069545605
697700153593.358              -0.044100154
697701130798.0195             -0.040929046
697702108002.681              -0.037531216
697703085207.3424             -0.0022850789
697704062412.0039             0.008620584
697705039616.6654             -0.0045178174
697706016821.3268             0.020549515
697706994025.9883             0.05706605
697707971230.6498             0.008359134
697708948435.3113             -0.047368906
697709925639.9727             -0.02423936
697710902844.6342             0.018576741
697711880049.2957             0.014097952
697712857253.957              -0.029511986
697713834458.6185             -0.050690666
697714811663.28               -0.012394214
697715788867.9414             -0.0309695
697716766072.6029             -0.01772718
697717743277.2644             0.006789154
697718720481.9259             0.010815338
697719697686.5873             -0.009625548
697720674891.2488             -0.041886497
697721652095.9103             -0.01028123
697722629300.5717             -0.0055358633
697723606505.2332             0.019381812
697724583709.8947             0.044998
697725560914.5562             0.06679494
697726538119.2175             -0.0006700659
697727515323.879              -0.042866465
697728492528.5405             -0.059006516
697729469733.2019             0.026368814
697730446937.8634             0.0710874
697731424142.5249             0.03013912
697732401347.1864             -0.013778164
697733378551.8478             0.010006539
697734355756.5093             -0.041653495
697735332961.1708             -0.028260041
697736310165.8322             -0.062184542
697737287370.4937             0.007828571
697738264575.1552             -0.007857214
697739241779.8167             0.02482334
697740218984.478              0.08574327
697741196189.1395             0.039960757
697742173393.801              0.031736095
697743150598.4624             -0.0020845977
697744127803.1239             -0.0047156084
697745105007.7854             0.0115931025
697746082212.4469             0.032831687
697747059417.1083             0.011463581
697748036621.7698             0.0029084054
697749013826.4313             -0.022974987
697749991031.0927             -0.038724
697750968235.7542             -0.031178005
697751945440.4156             0.007203331
697752922645.0771             -0.0036244357
697753899849.7385             0.0031618162
697754877054.4                -0.017019968
697755854259.0615             -0.011159854
697756831463.7229             -0.014149724
697757808668.3844             -0.07755696
697758785873.0459             -0.11984119
697759763077.7074             -0.027611373
697760740282.3688             -0.058133077
697761717487.0303             -0.024344694
697762694691.6918             -0.019640138
697763671896.3531             -0.071116105
697764649101.0146             -0.059579764
697765626305.6761             -0.008780504
697766603510.3376             -0.003969028
697767580714.999              -0.006982553
697768557919.6605             -0.020589696
697769535124.322              0.027422318
697770512328.9834             0.026222492
697771489533.6449             -0.0072333245
697772466738.3064             -0.07721629
697773443942.9679             -0.047569063
697774421147.6293             -0.015422078
697775398352.2908             -0.027232807
697776375556.9523             -0.040587753
697777352761.6136             -0.041060347
697778329966.2751             0.008405101
697779307170.9366             0.04611139
697780284375.5981             0.04967651
697781261580.2595             0.018943388
697782238784.921              0.009743848
697783215989.5825             0.040135466
697784193194.2439             -0.04074865
697785170398.9054             -0.019186929
697786147603.5669             -0.0061995117
697787124808.2284             0.019460052
697788102012.8898             -0.015329539
697789079217.5513             -0.014288545
697790056422.2128             -0.0015384902
697791033626.8741             0.007991773
697792010831.5356             0.009483721
697792988036.1971             -0.040045828
697793965240.8586             -0.04876193
697794942445.52               0.0074094
697795919650.1815             0.0029915543
697796896854.843              -0.015106978
697797874059.5044             -0.032161187
697798851264.1659             -0.04624811
697799828468.8274             -0.041053303
697800805673.4888             -0.009244227
697801782878.1503             -0.02405848
697802760082.8118             -0.016086547
697803737287.4733             -0.03992233
697804714492.1346             -0.037955135
697805691696.7961             -0.023672834
697806668901.4576             0.0023212128
697807646106.119              0.00090833096
697808623310.7805             -0.034557045
697809600515.442              -0.018161189
697810577720.1035             -0.010910389
697811554924.7649             0.04268555
697812532129.4264             0.027936218
697813509334.0879             -0.063571684
697814486538.7493             -0.071512006
697815463743.4108             -0.023425823
697816440948.0723             0.018135378
697817418152.7338             0.057286024
697818395357.3951             0.06090099
697819372562.0566             -0.006391598
697820349766.7181             -0.0015285008
697821326971.3795             -0.0007033364
697822304176.041              0.0108483555
697823281380.7025             -0.019348446
697824258585.364              -0.013195461
697825235790.0254             0.043409314
697826212994.6869             0.004463179
697827190199.3484             -0.025503263
697828167404.0098             -0.021580694
697829144608.6713             -0.034159616
697830121813.3328             -0.047349293
697831099017.9943             -0.028044239
697832076222.6556             -0.047450274
697833053427.3171             -0.027351955
697834030631.9786             -0.011796751
697835007836.64               -0.00569923
697835985041.3015             0.0053307125
697836962245.963              -0.050422702
697837939450.6245             -7.662243e-06
697838916655.2859             -0.015354553
697839893859.9474             -0.023629963
697840871064.6089             0.03384306
697841848269.2703             0.022457132
697842825473.9318             -0.0026939828
697843802678.5933             0.012039071
697844779883.2548             -0.039054256
697845757087.9161             -0.03821855
697846734292.5776             -0.041632343
697847711497.2391             0.01148092
697848688701.9005             -0.035543617
697849665906.562              -0.0061407792
697850643111.2235             -0.0060409233
697851620315.885              0.019985342
697852597520.5464             0.011531841
697853574725.2079             0.0032266094
697854551929.8694             -0.02245823
697855529134.5308             -0.03219955
697856506339.1923             -0.015758503
697857483543.8538             0.018959936
697858460748.5153             0.05256395
697859437953.1766             0.024359547
697860415157.8381             0.04896328
697861392362.4996             0.086595856
697862369567.161              0.057621807
697863346771.8225             0.0663446
697864323976.484              0.042395934
697865301181.1455             -0.019771252
697866278385.8069             0.0098633915
697867255590.4684             0.024328789
697868232795.1299             0.052960802
697869209999.7913             0.008379565
697870187204.4528             -0.079473026
697871164409.1143             -0.026869742
697872141613.7758             0.026439069
697873118818.4371             0.030315023
697874096023.0986             0.0482741
697875073227.7601             0.029053971
697876050432.4215             0.0010956392
697877027637.083              -0.056432933
697878004841.7445             -0.06848885
697878982046.4059             -0.026147705
697879959251.0674             -0.018647024
697880936455.7289             -0.006476594
697881913660.3904             0.03315344
697882890865.0518             0.010435773
697883868069.7133             0.024663059
697884845274.3748             0.032068018
697885822479.0361             -0.028050218
697886799683.6976             -0.019065624
697887776888.3591             -0.035261653
697888754093.0206             -0.0442595
697889731297.682              -0.034621302
697890708502.3435             0.010447197
697891685707.005              0.043798923
697892662911.6664             0.04094022
697893640116.3279             -0.01427379
697894617320.9894             -0.013197195
697895594525.6509             0.0021312719
697896571730.3123             0.013320253
697897548934.9738             0.038673136
697898526139.6353             0.016357958
697899503344.2966             0.015411143
697900480548.9581             0.05561728
697901457753.6196             0.012533974
697902434958.2811             -0.026868712
697903412162.9425             0.013292453
697904389367.604              -0.0012675221
697905366572.2655             -0.02581339
697906343776.9269             -0.0029812704
697907320981.5884             0.006825206
697908298186.2499             -0.05251785
697909275390.9114             -0.08346921
697910252595.5728             -0.05572346
697911229800.2343             -0.030649366
697912207004.8958             0.038623042
697913184209.5571             0.05186881
697914161414.2186             0.019544411
697915138618.8801             0.0035600672
697916115823.5416             0.0016567414
697917093028.203              -0.046050154
697918070232.8645             0.017357247
697919047437.526              0.022875417
697920024642.1874             -0.01730281
697921001846.8489             -0.019292131
697921979051.5104             -0.004665742
697922956256.1719             0.05268742
697923933460.8333             0.034102723
697924910665.4948             0.024586894
697925887870.1562             0.033632766
697926865074.8176             0.030674342
697927842279.4791             0.060899835
697928819484.1406             0.05844528
697929796688.8021             -0.015954098
697930773893.4635             -0.05008265
697931751098.125              -0.018634034
697932728302.7865             0.013683623
697933705507.4479             0.00956636
697934682712.1094             0.039164606
697935659916.7709             -0.0025976833
697936637121.4324             -0.028031796
697937614326.0938             -0.025026677
697938591530.7552             0.017893977
697939568735.4167             0.032680616
697940545940.0781             -0.00024692225
697941523144.7396             -0.043459672
697942500349.4011             0.015338946
697943477554.0626             0.009796072
697944454758.724              -0.005308219
697945431963.3855             -0.029415352
697946409168.047              0.021848176
697947386372.7084             0.037787225
697948363577.3699             0.0020116358
697949340782.0314             0.014005912
697950317986.6929             -0.002268384
697951295191.3542             -0.047655966
697952272396.0157             -0.011602864
697953249600.6772             0.00340075
697954226805.3386             -0.00089569105
697955204010.0001             0.0021363588
697956181214.6616             -0.009352222
697957158419.3231             0.0064035705
697958135623.9845             -0.025230495
697959112828.646              -0.037149556
697960090033.3075             0.028647108
697961067237.9689             0.032369547
697962044442.6304             0.0027544773
697963021647.2919             -0.0078138
697963998851.9532             0.038762562
697964976056.6147             0.012825181
697965953261.2762             -0.042518664
697966930465.9377             -0.051788647
697967907670.5991             -0.046181746
697968884875.2606             -0.014469642
697969862079.9221             -0.08323978
697970839284.5835             -0.05198249
697971816489.245              -0.031742413
697972793693.9065             -0.009312578
697973770898.568              -0.047827072
697974748103.2294             -0.015388835
697975725307.8909             0.023085458
697976702512.5524             0.08012871
697977679717.2137             0.012231526
697978656921.8752             0.022155924
697979634126.5367             0.008969643
697980611331.1982             0.042703923
697981588535.8596             0.08644979
697982565740.5211             0.027142737
697983542945.1826             -0.012689795
697984520149.844              0.031129472
697985497354.5055             0.0066528656
697986474559.167              0.014511773
697987451763.8285             0.06951457
697988428968.4899             -0.0021377665
697989406173.1514             -0.0109839775
697990383377.8129             0.019893987
697991360582.4742             0.08604741
697992337787.1357             0.0682137
697993314991.7972             0.029122692
697994292196.4587             0.033712678
697995269401.1201             0.044650104
697996246605.7816             0.0046673515
697997223810.4431             -0.0068039848
697998201015.1045             0.049485642
697999178219.766              0.04952807
698000155424.4275             0.051809337
698001132629.089              0.097159036
698002109833.7504             0.027986776
698003087038.4119             -0.009956215
698004064243.0734             -0.025128456
698005041447.7347             0.009439103
698006018652.3962             -0.04194092
698006995857.0577             0.017327568
698007973061.7192             0.017012464
698008950266.3806             -0.05438016
698009927471.0421             -0.067561254
698010904675.7036             -0.067655675
698011881880.365              0.019123077
698012859085.0265             0.027957546
698013836289.688              -0.012745073
698014813494.3495             -0.013620725
698015790699.0109             -0.0017388897
698016767903.6724             -0.022954732
698017745108.3339             -0.024059493
698018722312.9952             -0.042574313
698019699517.6567             -0.034178372
698020676722.3182             0.033918403
698021653926.9797             -0.015722167
698022631131.6411             -0.088539205
698023608336.3026             -0.047547493
698024585540.9641             -0.061950177
698025562745.6255             -0.061119188
698026539950.287              -0.006603682
698027517154.9485             -0.006799034
698028494359.61               0.01115526
698029471564.2714             -0.0032686696
698030448768.9329             -0.035366505
698031425973.5944             -0.008116729
698032403178.2557             -0.040301263
698033380382.9172             0.026828092
698034357587.5787             -0.0012831975
698035334792.2402             -0.025488464
698036311996.9016             -0.0832884
698037289201.5631             -0.025059141
698038266406.2246             -0.0002774171
698039243610.886              0.00494534
698040220815.5475             0.03323295
698041198020.209              0.03101563
698042175224.8705             -0.05923843
698043152429.5319             -0.04350729
698044129634.1934             -0.030193862
698045106838.8549             -0.032545872
698046084043.5162             0.011749667
698047061248.1777             0.0058665383
698048038452.8392             -0.04852842
698049015657.5006             -0.027504832
698049992862.1621             -0.005876011
698050970066.8236             0.03526494
698051947271.4851             0.056883864
698052924476.1465             -0.014682404
698053901680.808              -0.009655004
698054878885.4695             0.011399596
698055856090.1309             0.10022574
698056833294.7924             0.081568144
698057810499.4539             0.024102502
698058787704.1154             0.0066725337
698059764908.7767             0.04529799
698060742113.4382             0.082265206
698061719318.0997             0.061381366
698062696522.7611             -0.0029367781
698063673727.4226             0.005852627
698064650932.0841             0.049867842
698065628136.7456             0.010962827
698066605341.407              0.00223627
698067582546.0685             -0.010456104
698068559750.73               -0.027248012
698069536955.3914             -0.00033892528
698070514160.0529             0.025138866
698071491364.7144             0.018762926
698072468569.3759             0.0057716193
698073445774.0372             -0.019447282
698074422978.6987             -0.026327578
698075400183.3602             0.028362364
698076377388.0216             0.023840567
698077354592.6831             0.023382878
698078331797.3446             0.02429306
698079309002.0061             0.013131958
698080286206.6675             0.0027924408
698081263411.329              -0.018801969
698082240615.9905             -0.004907216
698083217820.6519             0.005790665
698084195025.3134             0.019938005
698085172229.9749             0.011709901
698086149434.6364             0.026230896
698087126639.2977             0.024059126
698088103843.9592             -0.007706008
698089081048.6207             -0.00697428
698090058253.2821             0.020673573
698091035457.9436             -0.047539294
698092012662.6051             0.0059821503
698092989867.2666             0.02488875
698093967071.928              -0.010315243
698094944276.5895             0.018321468
698095921481.251              0.026941769
698096898685.9124             0.036500297
698097875890.5739             -0.006605154
698098853095.2354             0.03778032
698099830299.8969             -0.003906545
698100807504.5582             0.06302502
698101784709.2197             0.013714644
698102761913.8812             -0.03114404
698103739118.5426             -0.07034678
698104716323.2041             -0.05162338
698105693527.8656             -0.030471241
698106670732.5271             -0.0136877
698107647937.1885             0.0018148008
698108625141.85               0.008901858
698109602346.5115             -0.028525002
698110579551.1729             -0.023493363
698111556755.8344             -0.012182106
698112533960.4958             -0.03115081
698113511165.1573             0.014585451
698114488369.8187             0.054344054
698115465574.4802             0.065289006
698116442779.1417             0.0014606667
698117419983.8031             0.00674294
698118397188.4646             -0.010831647
698119374393.1261             0.0038683692
698120351597.7876             -0.013141109
698121328802.449              -0.048926752
698122306007.1105             -0.064963095
698123283211.772              -0.066371046
698124260416.4333             -0.03643892
698125237621.0948             0.04191806
698126214825.7563             0.085251875
698127192030.4177             0.04881346
698128169235.0792             0.007207966
698129146439.7407             0.008337997
698130123644.4022             0.010101736
698131100849.0636             0.03178498
698132078053.7251             0.018667806
698133055258.3866             0.028364621
698134032463.048              0.031151567
698135009667.7095             0.049199633
698135986872.371              -0.022259183
698136964077.0325             0.0007705469
698137941281.6938             -0.038896203
698138918486.3553             -0.043761473
698139895691.0168             0.006859427
698140872895.6782             -0.024078727
698141850100.3397             -0.006962707
698142827305.0012             0.010847611
698143804509.6627             -0.014381046
698144781714.3241             -0.0030545807
698145758918.9856             0.03003455
698146736123.6471             0.014801928
698147713328.3085             -0.0213692
698148690532.97               0.022087868
698149667737.6315             0.031213338
698150644942.293              0.015571272
698151622146.9543             -0.028270597
698152599351.6158             -0.010102795
698153576556.2773             -0.068372525
698154553760.9387             -0.0016161706
698155530965.6002             0.050240174
698156508170.2617             -0.0023466563
698157485374.9232             -0.047249213
698158462579.5846             -0.045947816
698159439784.2461             -0.021155424
698160416988.9076             -0.03347922
698161394193.569              -0.053785693
698162371398.2305             -0.024390342
698163348602.892              0.01086408
698164325807.5535             0.007879779
698165303012.2148             -0.0014788299
698166280216.8763             -0.036712635
698167257421.5378             -0.021979297
698168234626.1992             0.018306142
698169211830.8607             -0.008321845
698170189035.5222             0.0023582776
698171166240.1837             0.012187587
698172143444.8451             0.026473477
698173120649.5066             0.08377174
698174097854.1681             0.06400929
698175075058.8295             -0.027665833
698176052263.491              0.0040215
698177029468.1525             0.05059686
698178006672.814              0.07087962
698178983877.4753             0.0331384
698179961082.1368             -0.026438976
698180938286.7983             -0.048341718
698181915491.4597             -0.03962062
698182892696.1212             0.035248816
698183869900.7827             -0.012772154
698184847105.4442             0.0088227615
698185824310.1056             0.054481998
698186801514.7671             -0.00022387276
698187778719.4286             -0.021585967
698188755924.09               -0.027383212
698189733128.7515             -0.04748461
698190710333.413              0.020765463
698191687538.0745             0.042322777
698192664742.7358             0.033446644
698193641947.3973             -0.015478133
698194619152.0588             -0.016699668
698195596356.7202             0.0021918751
698196573561.3817             0.020123187
698197550766.0432             0.059206862
698198527970.7047             0.03646163
698199505175.3661             0.008630493
698200482380.0276             0.048956256
698201459584.6891             -0.017200029
698202436789.3505             0.011611582
698203413994.012              -0.0036074682
698204391198.6735             -0.053109862
698205368403.335              -0.034684252
698206345607.9963             -0.008126689
698207322812.6578             -0.006206672
698208300017.3193             0.0037660336
698209277221.9807             0.04665922
698210254426.6422             -0.0030213278
698211231631.3037             -0.008645657
698212208835.9651             0.020744642
698213186040.6266             -0.013836201
698214163245.2881             0.009067803
698215140449.9496             0.023525506
698216117654.611              -0.009458991
698217094859.2725             -0.008613416
698218072063.934              -0.005827888
698219049268.5953             -0.112134136
698220026473.2568             -0.09360732
698221003677.9183             0.008549535
698221980882.5798             0.020320902
698222958087.2412             -0.038713973
698223935291.9027             -0.015900474
698224912496.5642             -0.013441094
698225889701.2256             0.0057332106
698226866905.8871             0.061729867
698227844110.5486             0.05727948
698228821315.2101             0.052555267
698229798519.8715             0.04714165
698230775724.533              0.01725815
698231752929.1945             -0.014366162
698232730133.8558             -0.009538472
698233707338.5173             0.0056472775
698234684543.1788             0.041416857
698235661747.8403             0.05192675
698236638952.5017             0.0059170634
698237616157.1632             -0.027137
698238593361.8247             -0.0064306753
698239570566.4861             -0.014589016
698240547771.1476             0.01367296
698241524975.8091             0.0052106264
698242502180.4706             0.018051935
698243479385.132              0.03552197
698244456589.7935             0.07696843
698245433794.455              -0.021778742
698246410999.1163             -0.059527736
698247388203.7778             -0.076132804
698248365408.4393             -0.0063748755
698249342613.1008             0.007545938
698250319817.7622             0.047858056
698251297022.4237             0.03679246
698252274227.0852             -0.0019388577
698253251431.7466             -0.00921066
698254228636.4081             0.043695487
698255205841.0696             0.033338755
698256183045.7311             0.03277725
698257160250.3925             0.008094033
698258137455.054              0.034668673
698259114659.7155             0.02308568
698260091864.3768             -0.050703336
698261069069.0383             0.02159748
698262046273.6998             -0.011357749
698263023478.3613             -0.07091874
698264000683.0227             -0.0649835
698264977887.6842             -0.019231085
698265955092.3457             -0.031805955
698266932297.0071             -0.0018718997
698267909501.6686             0.01510799
698268886706.3301             0.030160826
698269863910.9916             0.0003039247
698270841115.653              -0.017495247
698271818320.3145             0.0011743874
698272795524.976              0.046211068
698273772729.6373             -0.013834879
698274749934.2988             -0.025239155
698275727138.9603             0.035820432
698276704343.6218             0.015689796
698277681548.2832             -0.062694564
698278658752.9447             -0.03054602
698279635957.6062             -0.015128876
698280613162.2676             -0.040030062
698281590366.9291             0.016788704
698282567571.5906             0.040621556
698283544776.2521             0.0900278
698284521980.9135             0.09019316
698285499185.575              0.085820325
698286476390.2365             -0.020293444
698287453594.8978             -0.06858365
698288430799.5593             0.018966893
698289408004.2208             -0.048691653
698290385208.8823             -0.0777133
698291362413.5437             -0.08313696
698292339618.2052             -0.033559415
698293316822.8667             -0.055321496
698294294027.5281             0.008385114
698295271232.1896             0.01611049
698296248436.8511             -0.025669817
698297225641.5125             0.032531783
698298202846.174              0.06025676
698299180050.8354             0.01270472
698300157255.497              0.059886903
698301134460.1583             0.06659746
698302111664.8198             0.021200424
698303088869.4813             -0.021906706
698304066074.1427             0.016184583
698305043278.8042             -0.008608698
698306020483.4657             0.042414505
698306997688.1272             0.03626744
698307974892.7886             0.0336405
698308952097.4501             0.014397156
698309929302.1116             -0.00031887207
698310906506.773              -0.01623683
698311883711.4344             -0.0123804305
698312860916.096              0.009368548
698313838120.7574             0.007715102
698314815325.4188             -0.009026159
698315792530.0803             0.03234035
698316769734.7418             0.061285187
698317746939.4032             0.009142726
698318724144.0647             -0.009825183
698319701348.7262             -0.045833513
698320678553.3877             -0.0052410285
698321655758.0491             -0.021163499
698322632962.7106             0.010504522
698323610167.3721             0.038496602
698324587372.0334             0.040858295
698325564576.695              -0.004342636
698326541781.3564             -0.017641583
698327518986.018              -0.014623349
698328496190.6793             -0.013783845
698329473395.3408             -0.016429704
698330450600.0023             -0.017851556
698331427804.6637             0.006680553
698332405009.3252             -0.003302574
698333382213.9867             -0.010180334
698334359418.6482             -0.004270748
698335336623.3096             -0.047590043
698336313827.9711             -0.07048524
698337291032.6326             -0.054763492
698338268237.294              -0.069362625
698339245441.9554             -0.04206234
698340222646.617              -0.06350819
698341199851.2784             -0.050126303
698342177055.9398             -0.0054381527
698343154260.6013             -0.013068312
698344131465.2628             -0.045692686
698345108669.9242             -0.035562374
698346085874.5857             0.076904364
698347063079.2472             0.033237636
698348040283.9087             0.0015297157
698349017488.5701             0.006009326
698349994693.2316             -0.021348542
698350971897.8931             0.028112017
698351949102.5544             -0.01548022
698352926307.216              -0.0054205786
698353903511.8774             0.013568914
698354880716.539              0.0057081487
698355857921.2003             -0.0030595618
698356835125.8618             0.009648601
698357812330.5233             0.011912635
698358789535.1847             -0.027967019
698359766739.8462             -0.0436685
698360743944.5077             -0.030600324
698361721149.1692             0.022343358
698362698353.8306             0.07330958
698363675558.4921             0.04027609
698364652763.1536             0.029222967
698365629967.815              -0.016443584
698366607172.4764             -0.018105026
698367584377.138              -0.022581663
698368561581.7994             -0.046427872
698369538786.4608             0.016466424
698370515991.1223             -0.014292759
698371493195.7838             -0.05529183
698372470400.4452             -0.02664413
698373447605.1067             -0.020359576
698374424809.7682             0.0078122527
698375402014.4296             -0.045192428
698376379219.0911             -0.014754939
698377356423.7526             0.05581127
698378333628.4141             0.0396354
698379310833.0754             -0.0128982235
698380288037.7369             -0.06570728
698381265242.3984             -0.038980808
698382242447.0598             0.069988765
698383219651.7213             0.053111676
698384196856.3828             0.025527043
698385174061.0443             0.101383895
698386151265.7057             0.0120649105
698387128470.3672             -0.012190116
698388105675.0287             0.0020686944
698389082879.6901             -0.038951136
698390060084.3516             -0.013360233
698391037289.0131             -0.029201126
698392014493.6746             -0.020026967
698392991698.3359             0.008904235
698393968902.9974             0.0058418903
698394946107.6589             -0.046377435
698395923312.3203             -0.033613525
698396900516.9818             0.025609564
698397877721.6433             0.053664222
698398854926.3048             0.014521611
698399832130.9662             0.03244755
698400809335.6277             -0.0054748966
698401786540.2892             -0.029329363
698402763744.9506             -0.052734163
698403740949.612              -0.06978366
698404718154.2736             -0.038380124
698405695358.935              -0.046346363
698406672563.5964             0.01694363
698407649768.2579             0.064792424
698408626972.9194             0.06392845
698409604177.5808             0.026344987
698410581382.2423             -0.009199996
698411558586.9038             -0.008736929
698412535791.5653             -0.018318824
698413512996.2267             -0.021498438
698414490200.8882             0.013541619
698415467405.5497             -0.015519114
698416444610.211              -0.059442125
698417421814.8726             -0.085567966
698418399019.534              -0.09527473
698419376224.1956             -0.025215136
698420353428.8569             0.021525882
698421330633.5184             -0.03433921
698422307838.1799             -0.058510944
698423285042.8413             0.012527865
698424262247.5028             0.058996417
698425239452.1643             0.055637624
698426216656.8258             0.008639806
698427193861.4872             -0.021440754
698428171066.1487             0.031635616
698429148270.8102             0.036849514
698430125475.4716             0.03185446
698431102680.133              -0.001812786
698432079884.7946             -0.018306447
698433057089.456              -0.04356344
698434034294.1174             -0.032677747
698435011498.7789             0.02702487
698435988703.4404             -0.00401466
698436965908.1018             -0.023629408
698437943112.7633             -0.035842933
698438920317.4248             -0.018727602
698439897522.0863             -0.03385408
698440874726.7477             0.024424523
698441851931.4092             -0.014009671
698442829136.0707             -0.007769528
698443806340.732              -0.030536406
698444783545.3936             0.0013139469
698445760750.055              0.051654667
698446737954.7166             -0.018120289
698447715159.3779             -0.027280157
698448692364.0394             -0.011540805
698449669568.7009             -0.05970602
698450646773.3623             -0.08608549
698451623978.0238             -0.067047134
698452601182.6853             0.0037053267
698453578387.3468             -0.03547995
698454555592.0082             -0.07087975
698455532796.6697             -0.051347237
698456510001.3312             -0.048153855
698457487205.9926             -0.05524749
698458464410.654              -0.024209898
698459441615.3156             -0.04316384
698460418819.9769             -0.0017155815
698461396024.6384             0.015320331
698462373229.2999             -0.030091237
698463350433.9614             -0.011106184
698464327638.6228             -0.019075166
698465304843.2843             0.029946886
698466282047.9458             0.045724258
698467259252.6072             0.040744282
698468236457.2687             0.079304755
698469213661.9302             0.061633293
698470190866.5917             -0.0027734824
698471168071.253              -0.0031801043
698472145275.9146             -0.04256
698473122480.576              -0.03235539
698474099685.2374             0.0026237979
698475076889.8989             0.03251707
698476054094.5604             0.082556956
698477031299.2219             0.031250693
698478008503.8833             0.017960628
698478985708.5448             -0.03756794
698479962913.2063             -0.055048294
698480940117.8677             -0.01909185
698481917322.5292             0.017738286
698482894527.1907             0.0016792342
698483871731.8522             0.02672423
698484848936.5135             0.037410192
698485826141.175              -0.02985363
698486803345.8365             -0.011769176
698487780550.4979             0.032586683
698488757755.1594             0.0042435
698489734959.8209             0.026398653
698490712164.4824             -0.0039876266
698491689369.1438             -0.019402968
698492666573.8053             -0.023306895
698493643778.4668             0.053557485
698494620983.1282             0.04056313
698495598187.7897             -0.010187044
698496575392.4512             0.0052690795
698497552597.1127             -0.048640504
698498529801.774              0.029120507
698499507006.4355             0.024895925
698500484211.097              -0.044204164
698501461415.7584             -0.02543139
698502438620.4199             0.0021112124
698503415825.0814             -0.078364834
698504393029.7429             -0.04948973
698505370234.4043             0.022144284
698506347439.0658             -0.008308062
698507324643.7273             -0.010745018
698508301848.3887             0.062043283
698509279053.0502             0.04495789
698510256257.7117             0.07172503
698511233462.3732             0.05793995
698512210667.0345             -0.029661855
698513187871.696              -0.06483643
698514165076.3575             0.018908434
698515142281.0189             0.041241392
698516119485.6804             0.10408317
698517096690.3419             0.08032827
698518073895.0034             -0.0151159605
698519051099.6648             -0.02415427
698520028304.3263             0.008425059
698521005508.9878             0.02083245
698521982713.6492             0.050498914
698522959918.3107             0.029972073
698523937122.9722             -0.037218504
698524914327.6337             -0.04319825
698525891532.295              0.050474815
698526868736.9565             0.008659053
698527845941.618              -0.031948693
698528823146.2794             -0.011194806
698529800350.9409             -0.020851882
698530777555.6024             -0.044325445
698531754760.2639             -0.03278198
698532731964.9253             0.018291645
698533709169.5868             0.0043139514
698534686374.2483             0.006591874
698535663578.9097             -0.008956628
698536640783.5712             -0.018360073
698537617988.2327             0.015147046
698538595192.894              0.02950348
698539572397.5555             0.028383087
698540549602.217              0.010609441
698541526806.8785             -0.014903659
698542504011.5399             -0.0034070774
698543481216.2014             0.002960127
698544458420.8629             0.04041986
698545435625.5243             0.047982592
698546412830.1858             0.008733933
698547390034.8473             -0.057691798
698548367239.5088             -0.0782637
698549344444.1702             -0.027100625
698550321648.8317             -0.018087102
698551298853.4932             0.015380099
698552276058.1545             -0.0055764355
698553253262.816              0.0488918
698554230467.4775             0.0355779
698555207672.139              -0.02319536
698556184876.8004             -0.017800633
698557162081.4619             0.018343056
698558139286.1234             0.02509614
698559116490.7848             -0.008599598
698560093695.4463             -0.00046886422
698561070900.1078             0.022121342
698562048104.7693             0.040958483
698563025309.4307             0.018262139
698564002514.0922             0.018750416
698564979718.7537             -0.015759645
698565956923.415              0.02115318
698566934128.0765             0.06531045
698567911332.738              0.015356375
698568888537.3995             -0.030054817
698569865742.0609             -0.029687654
698570842946.7224             0.0052143154
698571820151.3839             0.06282985
698572797356.0453             0.02053391
698573774560.7068             -0.02627384
698574751765.3683             0.024878632
698575728970.0298             -0.0005131955
698576706174.6912             -0.0075481962
698577683379.3527             -0.005050378
698578660584.0142             0.011544365
698579637788.6755             0.031669922
698580614993.337              0.0103829205
698581592197.9985             0.00042857023
698582569402.66               0.011384224
698583546607.3214             0.033528864
698584523811.9829             8.8722365e-05
698585501016.6444             -0.00067226513
698586478221.3058             -0.036618292
698587455425.9673             -0.010697581
698588432630.6288             0.03295836
698589409835.2903             0.027762081
698590387039.9517             0.02860872
698591364244.6132             0.001827482
698592341449.2747             0.0034424835
698593318653.936              -0.013517749
698594295858.5975             -0.01500526
698595273063.259              0.04371139
698596250267.9205             -0.013034677
698597227472.5819             -0.056439705
698598204677.2434             0.024192952
698599181881.9049             0.038247213
698600159086.5663             0.023810452
698601136291.2278             0.01724532
698602113495.8893             0.03742817
698603090700.5508             0.047166064
698604067905.2122             0.014419585
698605045109.8737             -0.018671915
698606022314.5352             0.013797217
698606999519.1965             0.037019715
698607976723.858              0.014890345
698608953928.5195             -0.053285524
698609931133.181              -0.01380177
698610908337.8424             0.036073145
698611885542.5039             0.004943902
698612862747.1654             -0.027418738
698613839951.8268             -0.018603278
698614817156.4883             -0.031097054
698615794361.1498             -0.01559567
698616771565.8113             0.0333528
698617748770.4727             -0.0073120645
698618725975.1342             0.0029744045
698619703179.7957             -0.012147552
698620680384.457              0.009910584
698621657589.1185             0.011855718
698622634793.78               0.0025851442
698623611998.4414             -0.033937823
698624589203.1029             -0.016936615
698625566407.7644             -0.03965854
698626543612.4259             -0.031439494
698627520817.0873             -0.038724173
698628498021.7488             -0.015989428
698629475226.4103             -0.019726578
698630452431.0717             0.00037295793
698631429635.7332             -0.020247284
698632406840.3947             -0.08377352
698633384045.0562             -0.007028424
698634361249.7175             -0.06920333
698635338454.379              -0.025582425
698636315659.0405             0.06288688
698637292863.7019             0.095370874
698638270068.3634             -0.0040760213
698639247273.0249             -0.04173322
698640224477.6864             -0.03348372
698641201682.3478             0.029050129
698642178887.0093             0.07376726
698643156091.6708             0.06425418
698644133296.3322             0.007188334
698645110500.9937             0.005313595
698646087705.6552             0.019106489
698647064910.3167             0.012807745
698648042114.978              0.010782729
698649019319.6395             0.009277843
698649996524.301              -0.035008665
698650973728.9624             -0.06908087
698651950933.6239             -0.056008644
698652928138.2854             0.0059031975
698653905342.9469             0.03650312
698654882547.6083             -0.011378151
698655859752.2698             -0.009723971
698656836956.9313             0.011137202
698657814161.5927             0.021072775
698658791366.2542             0.05439936
698659768570.9156             0.0029744352
698660745775.5771             0.001995017
698661722980.2385             -0.027616473
698662700184.9                -0.02145581
708389988264.7                -0.042467695
708390965470.3448             0.06982436
708391942675.9896             0.1446172
708392919881.6345             0.012853781
708393897087.2794             3.9514918e-05
708394874292.9243             -0.028701058
708395851498.5691             0.035239868
708396828704.214              0.00852611
708397805909.8589             0.013128423
708398783115.5037             -0.066490434
708399760321.1486             0.023829093
708400737526.7935             -0.022821115
708401714732.4384             -0.0041517178
708402691938.0831             -0.032013573
708403669143.728              -0.012394656
708404646349.3729             0.008073623
708405623555.0177             -0.02014005
708406600760.6626             -0.02005098
708407577966.3075             -0.012578883
708408555171.9524             0.037087053
708409532377.5972             0.032018654
708410509583.2421             -0.027688062
708411486788.887              -0.031131411
708412463994.5317             0.024185432
708413441200.1766             0.09125227
708414418405.8215             0.029675653
708415395611.4664             -0.047410645
708416372817.1112             -0.020081718
708417350022.7561             0.013501681
708418327228.401              0.040599287
708419304434.0458             0.08693404
708420281639.6907             0.10085949
708421258845.3356             0.059831545
708422236050.9803             -0.02621632
708423213256.6252             -0.04262185
708424190462.2701             -0.010849488
708425167667.915              0.02934254
708426144873.5598             0.056320235
708427122079.2047             0.061963532
708428099284.8496             0.05663504
708429076490.4944             -0.05655188
708430053696.1393             -0.008892134
708431030901.7842             0.007319234
708432008107.4291             -0.025372706
708432985313.0739             -0.055284422
708433962518.7188             -0.11156585
708434939724.3636             -0.019650731
708435916930.0084             -0.041252308
708436894135.6533             0.036227204
708437871341.2982             0.023294555
708438848546.9431             -0.003742722
708439825752.5879             0.054597873
708440802958.2328             0.023519475
708441780163.8777             0.07612768
708442757369.5225             -0.014451396
708443734575.1674             -0.0645918
708444711780.8123             0.034310494
708445688986.4572             -0.012121702
708446666192.1019             -0.0321732
708447643397.7468             0.02224036
708448620603.3917             -0.031373214
708449597809.0365             -0.02295905
708450575014.6814             -0.003441894
708451552220.3263             -0.050872043
708452529425.9712             -0.022070736
708453506631.616              -0.0019758528
708454483837.2609             0.0053083934
708455461042.9058             -0.017808806
708456438248.5505             -0.09460888
708457415454.1954             -0.054658763
708458392659.8403             0.05044386
708459369865.4852             0.066836625
708460347071.13               0.04121424
708461324276.7749             -0.025550554
708462301482.4198             -0.014907332
708463278688.0646             -0.06031022
708464255893.7095             -0.0105858315
708465233099.3544             -0.051075157
708466210304.9993             -0.03324974
708467187510.644              0.0015514552
708468164716.289              -0.0020651496
708469141921.9338             -0.06469223
708470119127.5786             0.10040772
708471096333.2235             0.11985996
708472073538.8684             -0.020922057
708473050744.5133             -0.011661616
708474027950.1581             -0.038428333
708475005155.803              -0.055469215
708475982361.4479             0.028874932
708476959567.0927             0.0779852
708477936772.7375             0.06546316
708478913978.3824             0.00885357
708479891184.0272             0.029336937
708480868389.6721             0.058225375
708481845595.317              -0.037576158
708482822800.9619             -0.018064883
708483800006.6067             0.03734431
708484777212.2516             0.028271118
708485754417.8965             0.031098297
708486731623.5413             0.055546116
708487708829.1862             -0.041545253
708488686034.831              0.013688
708489663240.476              0.062663645
708490640446.1207             0.033598293
708491617651.7656             -0.15053101
708492594857.4105             -0.07598915
708493572063.0553             0.010283713
708494549268.7002             0.04981782
708495526474.3451             -0.0662324
708496503679.99               -0.018716484
708497480885.6348             -0.020431714
708498458091.2797             -0.03415904
708499435296.9246             0.0723634
708500412502.5693             0.059402555
708501389708.2142             -0.021725966
708502366913.8591             -0.069423586
708503344119.504              -0.018503342
708504321325.1488             -0.06919558
708505298530.7937             -0.11492238
708506275736.4386             0.011778794
708507252942.0834             -0.06907977
708508230147.7283             -0.08950563
708509207353.3732             -0.106794015
708510184559.0181             -0.12632377
708511161764.6628             -0.11486014
708512138970.3077             -0.040888548
708513116175.9526             -0.025816238
708514093381.5974             -0.06401315
708515070587.2423             -0.06345128
708516047792.8872             0.0015873272
708517024998.5321             0.02306528
708518002204.1769             0.08033
708518979409.8218             0.059130646
708519956615.4667             -0.03724504
708520933821.1115             -0.01294636
708521911026.7563             0.006965906
708522888232.4012             0.031482898
708523865438.0461             0.058155604
708524842643.6909             0.085792266
708525819849.3358             0.03694973
708526797054.9807             0.014300678
708527774260.6255             -0.081918776
708528751466.2704             -0.09597598
708529728671.9153             -0.03793694
708530705877.5602             -0.026698112
708531683083.205              0.013301991
708532660288.8499             0.10976316
708533637494.4948             0.0359913
708534614700.1395             0.005908356
708535591905.7844             -0.09034884
708536569111.4293             -0.07465033
708537546317.0741             -0.07466332
708538523522.719              -0.04514704
708539500728.3639             -0.05015259
708540477934.0088             -0.059443988
708541455139.6536             0.0050866185
708542432345.2985             0.03988076
708543409550.9434             -0.005890413
708544386756.5881             0.041895866
708545363962.233              0.049290232
708546341167.8779             0.027480386
708547318373.5228             -0.0062702657
708548295579.1676             0.04169367
708549272784.8125             -0.009656674
708550249990.4574             -0.040433343
708551227196.1022             -0.011547569
708552204401.7471             -0.04594837
708553181607.392              0.0041522495
708554158813.0369             0.020651279
708555136018.6816             0.08664552
708556113224.3265             0.007860725
708557090429.9714             -0.026788533
708558067635.6162             -0.0355239
708559044841.2611             0.023366304
708560022046.906              0.0017050186
708560999252.5509             -0.03365979
708561976458.1957             0.03603501
708562953663.8406             0.020177413
708563930869.4855             0.056494854
708564908075.1302             0.056127153
708565885280.7751             0.011837298
708566862486.42               -0.09661676
708567839692.065              0.016827706
708568816897.7097             0.106777765
708569794103.3546             0.056535795
708570771308.9995             0.06872128
708571748514.6443             0.048306763
708572725720.2892             0.04587619
708573702925.9341             0.032306626
708574680131.579              0.028570823
708575657337.2238             -0.043478988
708576634542.8687             -0.002433489
708577611748.5135             -0.027982486
708578588954.1583             0.00032204966
708579566159.8032             -0.04862066
708580543365.4481             -0.04155918
708581520571.093              -0.009417188
708582497776.7378             -0.0246361
708583474982.3827             -0.039941177
708584452188.0276             0.0073715635
708585429393.6724             -0.061437313
708586406599.3173             -0.002291805
708587383804.9622             0.060237285
708588361010.607              0.09205415
708589338216.2518             0.022843357
708590315421.8967             -0.04351386
708591292627.5416             -0.017770924
708592269833.1864             -0.006338311
708593247038.8313             0.0043446682
708594224244.4762             -0.021954179
708595201450.121              -0.004658546
708596178655.7659             0.036078393
708597155861.4108             0.09244128
708598133067.0557             0.033259656
708599110272.7004             -0.011376627
708600087478.3453             -0.01736029
708601064683.9902             -0.037488528
708602041889.635              0.0116769
708603019095.2799             -0.013991361
708603996300.9248             -0.021516599
708604973506.5697             0.001470403
708605950712.2145             -0.018799452
708606927917.8594             -0.05721902
708607905123.5043             0.01880321
708608882329.149              -0.034303933
708609859534.794              0.008034989
708610836740.4388             0.0081191445
708611813946.0837             -0.014249239
708612791151.7285             -0.056325782
708613768357.3734             0.028789716
708614745563.0183             -0.020419024
708615722768.6631             -0.07557433
708616699974.308              0.029571738
708617677179.9529             -0.018339872
708618654385.5978             -0.04240155
708619631591.2426             0.06357632
708620608796.8875             -0.00078689057
708621586002.5323             -0.0061976514
708622563208.1771             -0.007110323
708623540413.822              0.0111980755
708624517619.4669             0.006844046
708625494825.1118             0.0049693156
708626472030.7566             0.010863664
708627449236.4015             0.108874425
708628426442.0464             0.09340941
708629403647.6912             0.103386424
708630380853.336              -0.08713386
708631358058.981              -0.051375065
708632335264.6259             0.0041381028
708633312470.2706             0.07236984
708634289675.9155             0.07400057
708635266881.5604             -0.03564729
708636244087.2052             -0.04180964
708637221292.8501             -0.06405368
708638198498.495              0.024276443
708639175704.1399             0.03987833
708640152909.7847             0.060614582
708641130115.4296             0.020677574
708642107321.0745             -0.015918229
708643084526.7192             0.03171863
708644061732.3641             0.013072697
708645038938.009              0.019483242
708646016143.6539             0.046733133
708646993349.2987             0.061204925
708647970554.9436             0.06933358
708648947760.5885             -0.0032198152
708649924966.2333             0.059450164
708650902171.8782             0.025950056
708651879377.5231             -0.07825016
708652856583.168              -0.09245962
708653833788.8127             0.031278424
708654810994.4576             0.037552394
708655788200.1025             -0.041959513
708656765405.7473             -0.074439906
708657742611.3922             -0.018331056
708658719817.0371             0.11552493
708659697022.6819             0.07664943
708660674228.3268             -0.015822696
708661651433.9717             0.011544579
708662628639.6166             0.05505675
708663605845.2614             0.016313354
708664583050.9062             0.014256469
708665560256.5511             -0.0072072255
708666537462.1959             0.0199393
708667514667.8408             -0.081096314
708668491873.4857             -0.10146978
708669469079.1306             0.04075253
708670446284.7754             -0.0033905176
708671423490.4203             -0.0027971999
708672400696.0652             0.0032567424
708673377901.71               0.0021004635
708674355107.3549             0.056332037
708675332312.9998             0.06892693
708676309518.6447             0.024768196
708677286724.2894             -0.005831073
708678263929.9343             0.07043004
708679241135.5792             0.0019823276
708680218341.224              -0.07112013
708681195546.8689             0.004193622
708682172752.5138             0.011576918
708683149958.1587             0.00799128
708684127163.8035             0.009990645
708685104369.4484             0.04526547
708686081575.0933             0.080308035
708687058780.738              0.062012885
708688035986.3829             -0.054672774
708689013192.0278             -0.06573056
708689990397.6727             -0.014560749
708690967603.3175             0.056106422
708691944808.9624             -0.013424366
708692922014.6073             0.029969146
708693899220.2521             -0.015787125
708694876425.897              -0.010751172
708695853631.5419             0.009264778
708696830837.1868             0.054959167
708697808042.8315             0.014183726
708698785248.4764             0.008618159
708699762454.1213             0.024015808
708700739659.7661             0.0012289764
708701716865.411              -0.03406884
708702694071.0559             -0.014267095
708703671276.7008             0.030087883
708704648482.3456             -0.027147863
708705625687.9905             -0.05365256
708706602893.6354             -0.10299388
708707580099.2802             0.0024238194
708708557304.925              -0.0004800369
708709534510.57               0.031755775
708710511716.2148             0.003623231
708711488921.8596             0.020880878
708712466127.5045             -0.013012178
708713443333.1494             -0.023039782
708714420538.7942             -0.060317006
708715397744.4391             -0.049682256
708716374950.084              0.039227314
708717352155.7288             0.01633316
708718329361.3737             -0.015732888
708719306567.0186             0.020698456
708720283772.6635             0.008274593
708721260978.3082             0.0095279245
708722238183.9531             0.045404393
708723215389.598              0.07280139
708724192595.2428             -0.020022148
708725169800.8877             -0.034614556
708726147006.5326             -0.05352559
708727124212.1775             0.018214146
708728101417.8223             -0.03489156
708729078623.4672             0.001936405
708730055829.112              0.029524576
708731033034.7568             0.015511928
708732010240.4017             0.05199302
708732987446.0466             -0.013691044
708733964651.6915             -0.05301433
708734941857.3363             -0.0073564667
708735919062.9812             0.050415028
708736896268.6261             0.037518933
708737873474.2709             0.05056776
708738850679.9158             -0.0032463986
708739827885.5607             -0.10653719
708740805091.2056             -0.07938871
708741782296.8503             0.016102904
708742759502.4952             0.034877162
708743736708.1401             -0.09196384
708744713913.7849             -0.040503215
708745691119.4298             -0.047439925
708746668325.0747             -0.05501327
708747645530.7196             -0.0127251865
708748622736.3644             -0.020552745
708749599942.0093             0.052282188
708750577147.6542             -0.011839376
708751554353.299              0.066979505
708752531558.9438             0.10425322
708753508764.5887             -0.027130198
708754485970.2336             -0.05944239
708755463175.8784             -0.039366838
708756440381.5233             -0.020791836
708757417587.1682             -0.007515081
708758394792.813              -0.0023724753
708759371998.4579             -0.020408558
708760349204.1028             -0.006715923
708761326409.7477             0.04620433
708762303615.3925             0.16353342
708763280821.0374             0.049898215
708764258026.6823             0.01993969
708765235232.327              -0.031561513
708766212437.9719             -0.04822
708767189643.6168             -0.07052118
708768166849.2617             -0.07006346
708769144054.9065             -0.056798283
708770121260.5514             -0.08546105
708771098466.1963             0.008459176
708772075671.8411             0.010029293
708773052877.486              -0.01649864
708774030083.1309             -0.014447571
708775007288.7756             -0.06292787
708775984494.4205             0.055822074
708776961700.0654             0.079957694
708777938905.7103             0.07116912
708778916111.3551             0.056745287
708779893317.0                0.030941838
708780870522.6449             0.061370634
708781847728.2897             0.0897058
708782824933.9346             -0.0016464264
708783802139.5795             -0.028798569
708784779345.2244             -0.05116673
708785756550.8691             -0.04620845
708786733756.514              -0.06855995
708787710962.1589             -0.020095833
708788688167.8037             -0.035518758
708789665373.4486             0.01431866
708790642579.0935             0.029061513
708791619784.7384             -0.035503037
708792596990.3832             0.013398046
708793574196.0281             -0.023582544
708794551401.673              0.011513376
708795528607.3177             -0.09138185
708796505812.9626             -0.053709168
708797483018.6075             -0.016114531
708798460224.2524             0.043548
708799437429.8972             -0.00859794
708800414635.5421             -0.039707717
708801391841.187              -0.00037800916
708802369046.8318             0.05145403
708803346252.4767             0.045596268
708804323458.1216             -0.057015195
708805300663.7665             -0.08618714
708806277869.4113             -0.013518298
708807255075.0562             -0.009760468
708808232280.701              0.040503345
708809209486.3458             0.0454505
708810186691.9907             0.007524161
708811163897.6356             0.007803116
708812141103.2805             0.051280756
708813118308.9253             0.058682997
708814095514.5702             0.038932685
708815072720.2151             0.040669154
708816049925.8599             0.0493343
708817027131.5048             0.00543125
708818004337.1497             -0.020411622
708818981542.7946             0.010544665
708819958748.4393             0.07827037
708820935954.0842             -0.018834053
708821913159.7291             -0.056380916
708822890365.3739             -0.05661522
708823867571.0188             0.08400938
708824844776.6637             0.0137340585
708825821982.3086             -0.012474348
708826799187.9534             -0.036265273
708827776393.5983             -3.4047494e-05
708828753599.2432             0.023920875
708829730804.888              -0.025380276
708830708010.5328             -0.041861113
708831685216.1777             -0.05190511
708832662421.8225             -0.11336559
708833639627.4674             -0.05073967
708834616833.1123             -0.027872147
708835594038.7572             -0.036890242
708836571244.402              0.028676549
708837548450.0469             0.020174617
708838525655.6918             -0.035076275
708839502861.3365             0.019891592
708840480066.9814             -0.0748321
708841457272.6263             -0.09474863
708842434478.2712             0.05025724
708843411683.916              0.05378289
708844388889.5609             0.0029306172
708845366095.2058             -0.0108404
708846343300.8506             0.07064903
708847320506.4955             0.10000788
708848297712.1404             0.003578796
708849274917.7853             0.0044750604
708850252123.43               0.08432719
708851229329.075              0.08530325
708852206534.7198             0.025038617
708853183740.3646             -0.010344616
708854160946.0095             0.022541357
708855138151.6544             0.04074478
708856115357.2993             0.06883063
708857092562.9441             0.03327895
708858069768.589              0.0017670963
708859046974.2339             0.097683616
708860024179.8787             0.012741489
708861001385.5236             -0.019401679
708861978591.1685             -0.019620297
708862955796.8134             -0.015652493
708863933002.4581             0.016614193
708864910208.103              0.01599296
708865887413.7479             0.0364765
708866864619.3927             0.051808946
708867841825.0376             0.017116455
708868819030.6825             0.023535684
708869796236.3274             0.022148961
708870773441.9722             0.03187595
708871750647.6171             0.056512542
708872727853.262              0.09229602
708873705058.9067             -0.00078707037
708874682264.5516             0.010048741
708875659470.1965             -0.017213752
708876636675.8414             -0.019381842
708877613881.4862             0.039091874
708878591087.1311             -0.025133666
708879568292.776              0.08380501
708880545498.4208             0.078853756
708881522704.0657             0.01167374
708882499909.7106             -0.044764284
708883477115.3555             -0.09217654
708884454321.0002             0.057169694
708885431526.6451             0.09011983
708886408732.29               -0.03461311
708887385937.9348             0.0025158895
708888363143.5797             0.03428506
708889340349.2246             -0.037775483
708890317554.8694             0.015537421
708891294760.5143             0.0827888
708892271966.1592             0.115075834
708893249171.8041             -0.032790706
708894226377.4489             -0.07609039
708895203583.0938             -0.065863505
708896180788.7386             -0.051625945
708897157994.3834             0.049712703
708898135200.0283             0.041280594
708899112405.6732             -0.04695932
708900089611.3181             -0.019116927
708901066816.9629             0.0012673886
708902044022.6078             0.037047964
708903021228.2527             -0.016161587
708903998433.8975             -0.06163125
708904975639.5424             0.042884555
708905952845.1873             0.123250626
708906930050.8322             0.097870894
708907907256.4769             0.022743134
708908884462.1218             -0.09249709
708909861667.7667             -0.039600093
708910838873.4115             0.06680895
708911816079.0564             -0.03144353
708912793284.7013             -0.06805494
708913770490.3462             0.05703322
708914747695.991              -0.010920578
708915724901.6359             0.015882628
708916702107.2808             0.045361817
708917679312.9255             -0.027784286
708918656518.5704             -0.019275066
708919633724.2153             0.028347425
708920610929.8602             -0.0029715388
708921588135.505              0.038321134
708922565341.1499             0.053917427
708923542546.7948             0.029669343
708924519752.4396             0.097230114
708925496958.0845             0.09264294
708926474163.7294             -0.0057324455
708927451369.3743             0.011727704
708928428575.019              0.0041618124
708929405780.664              -0.09562872
708930382986.3088             -0.05201654
708931360191.9536             -0.095296256
708932337397.5985             -0.06126993
708933314603.2434             0.069784604
708934291808.8883             0.0573791
708935269014.5331             0.005256922
708936246220.178              -0.0014091346
708937223425.8229             -0.010008805
708938200631.4677             0.0035647044
708939177837.1125             -0.0012275123
708940155042.7574             -0.09347918
708941132248.4023             0.014738817
708942109454.0471             0.022461971
708943086659.692              -0.026622396
708944063865.3369             -0.011048034
708945041070.9817             -0.052286368
708946018276.6266             -0.08810615
708946995482.2715             -0.035696365
708947972687.9163             0.03624427
708948949893.5612             -0.043025196
708949927099.206              -0.08262428
708950904304.851              -0.020639539
708951881510.4957             -0.030363528
708952858716.1406             -0.060383383
708953835921.7855             0.009353615
708954813127.4303             0.0016526533
708955790333.0752             0.013842779
708956767538.7201             -0.024206575
708957744744.365              -0.005575309
708958721950.0098             -0.059116416
708959699155.6547             -0.031903517
708960676361.2996             0.016416091
708961653566.9443             0.07022259
708962630772.5892             0.084591925
708963607978.2341             0.0064281365
708964585183.879              -0.022361426
708965562389.5238             -0.053068075
708966539595.1687             0.026318403
708967516800.8136             0.00061529345
708968494006.4584             0.022826474
708969471212.1033             0.05309794
708970448417.7482             0.029834267
708971425623.3931             -0.035002124
708972402829.0378             0.117076814
708973380034.6827             0.10433416
708974357240.3276             0.023956297
708975334445.9724             0.07070245
708976311651.6173             -0.0073593995
708977288857.2622             0.02397464
708978266062.9071             0.023086078
708979243268.5519             0.10352469
708980220474.1968             0.085951686
708981197679.8417             0.023971744
708982174885.4865             -0.0060024867
708983152091.1313             -0.033801407
708984129296.7762             -0.055301577
708985106502.4211             -0.040485308
708986083708.0659             0.01137265
708987060913.7108             0.09185611
708988038119.3557             0.08519585
708989015325.0005             -0.03486489
708989992530.6454             -0.0017161911
708990969736.2903             0.052003566
708991946941.9352             0.034761317
708992924147.58               0.03288465
708993901353.2249             0.09069956
708994878558.8698             0.10771726
708995855764.5145             0.0268912
708996832970.1594             -0.024878679
708997810175.8043             -0.0024211735
708998787381.4492             -0.008573896
708999764587.094              -0.018924708
709000741792.7389             -0.08711116
709001718998.3838             -0.088581994
709002696204.0286             0.008550207
709003673409.6735             -0.009747848
709004650615.3184             -0.017827189
709005627820.9631             0.025120266
709006605026.608              -0.036942367
709007582232.2529             -0.060861968
709008559437.8978             0.042292558
709009536643.5426             0.027743282
709010513849.1875             -0.014873327
709011491054.8324             -0.062280893
709012468260.4772             0.034662396
709013445466.1221             -0.02590189
709014422671.767              0.020374242
709015399877.4119             0.0037335057
709016377083.0566             -0.042636372
709017354288.7015             0.0050514056
709018331494.3464             -0.032198347
709019308699.9912             0.03720447
709020285905.6361             0.0010561564
709021263111.281              -0.020608438
709022240316.9259             0.03484739
709023217522.5707             0.015875429
709024194728.2156             0.0036530895
709025171933.8605             -0.011699256
709026149139.5052             0.010454295
709027126345.1501             -0.036221337
709028103550.795              -0.005591436
709029080756.44               -0.0056043905
709030057962.0847             -0.0031220654
709031035167.7296             0.014228638
709032012373.3745             0.04251025
709032989579.0193             0.12963946
709033966784.6642             0.116287306
709034943990.3091             0.006362396
709035921195.954              -0.01700677
709036898401.5988             -0.024180641
709037875607.2437             0.018048864
709038852812.8885             0.04888471
709039830018.5333             0.13583174
709040807224.1782             0.061455805
709041784429.8231             -0.042411428
709042761635.468              -0.11449769
709043738841.1128             -0.11943221
709044716046.7577             -0.049873106
709045693252.4026             -0.040685885
709046670458.0474             -0.025665335
709047647663.6923             -0.025999023
709048624869.3372             0.013890216
709049602074.982              0.022986714
709050579280.6268             0.016966473
709051556486.2717             0.023144217
709052533691.9166             0.007823598
709053510897.5614             0.07338655
709054488103.2063             0.025762828
709055465308.8512             0.020478074
709056442514.4961             0.020676326
709057419720.1409             0.024442442
709058396925.7858             0.008939403
709059374131.4307             0.010558119
709060351337.0754             -0.01978365
709061328542.7203             0.007289345
709062305748.3652             -0.034797553
709063282954.01               -0.06615124
709064260159.6549             -0.059773553
709065237365.2998             -0.041962333
709066214570.9447             -0.085063085
709067191776.5895             -0.012035773
709068168982.2344             0.08786598
709069146187.8793             0.09692869
709070123393.524              0.11860607
709071100599.169              -0.00014925438
709072077804.8138             0.014890929
709073055010.4587             0.005336966
709074032216.1035             0.02760852
709075009421.7484             0.0069387397
709075986627.3933             0.009289361
709076963833.0381             0.10256151
709077941038.683              -0.023575775
709078918244.3279             -0.018486898
709079895449.9728             0.0582179
709080872655.6176             -0.058116294
709081849861.2625             0.0012133026
709082827066.9073             0.020619424
709083804272.5521             0.020645224
709084781478.197              0.03385516
709085758683.8419             -0.011662711
709086735889.4868             0.08470894
709087713095.1316             0.095837876
709088690300.7765             0.048317853
709089667506.4214             -0.094759054
709090644712.0662             -0.07572837
709091621917.711              -0.109274946
709092599123.356              -0.08696641
709093576329.0009             -0.053498346
709094553534.6456             -0.072549105
709095530740.2905             0.042203505
709096507945.9354             0.001291669
709097485151.5802             -0.03818024
709098462357.2251             -0.013268056
709099439562.87               0.027619839
709100416768.5149             0.032601163
709101393974.1597             -0.013611973
709102371179.8046             0.009186743
709103348385.4495             -0.035058226
709104325591.0942             -0.067467466
709105302796.7391             0.008950755
709106280002.384              0.04345102
709107257208.0289             0.050145444
709108234413.6737             0.012206036
709109211619.3186             0.023437012
709110188824.9635             0.00974227
709111166030.6083             -0.064912796
709112143236.2532             -0.06282086
709113120441.8981             -0.0056343977
709114097647.543              0.05640631
709115074853.1877             -0.018716102
709116052058.8326             0.018067516
709117029264.4775             -0.027682634
709118006470.1223             -0.022633249
709118983675.7672             -0.06968174
709119960881.4121             -0.052579403
709120938087.057              -0.0016403375
709121915292.7018             -0.013107936
709122892498.3467             0.029692916
709123869703.9916             0.07051805
709124846909.6364             0.010538146
709125824115.2812             -0.01720273
709126801320.9261             -0.011773315
709127778526.5709             0.04902915
709128755732.2158             0.0690214
709129732937.8607             0.06573
709130710143.5056             0.0118838325
709131687349.1504             0.09631739
709132664554.7953             0.15296511
709133641760.4402             0.063515574
709134618966.085              -0.0062114233
709135596171.7299             -0.05834428
709136573377.3748             -0.04919891
709137550583.0197             -0.013736212
709138527788.6644             0.053764798
709139504994.3093             -0.010818458
709140482199.9542             0.05542542
709141459405.599              0.0793944
709142436611.2439             -0.022437986
709143413816.8888             -0.09104994
709144391022.5337             -0.04733236
709145368228.1785             0.029429143
709146345433.8234             0.11101687
709147322639.4683             0.0653431
709148299845.113              0.031047836
709149277050.7579             -0.038146812
709150254256.4028             -0.024329672
709151231462.0477             -0.13355334
709152208667.6925             -0.0749651
709153185873.3374             -0.029894298
709154163078.9823             -0.00352869
709155140284.6271             0.049290396
709156117490.272              0.09681661
709157094695.9169             0.014310816
709158071901.5618             -0.034264494
709159049107.2065             0.015409676
709160026312.8514             -0.02197844
709161003518.4963             0.059458997
709161980724.1411             0.09585429
709162957929.786              0.123603664
709163935135.4309             0.028624905
709164912341.0758             0.04772999
709165889546.7206             -0.036644656
709166866752.3655             -0.018019939
709167843958.0104             -0.0042508715
709168821163.6552             -0.080210194
709169798369.3                -0.0028737497
709170775574.945              0.0123402765
709171752780.5898             0.032153994
709172729986.2346             -0.085010596
709173707191.8795             -0.08511399
709174684397.5244             -0.027036596
709175661603.1692             -0.004030569
709176638808.8141             -0.01790053
709177616014.459              -0.020312848
709178593220.1039             -0.09826328
709179570425.7487             -0.09277431
709180547631.3936             0.029868394
709181524837.0385             0.09114062
709182502042.6832             0.04999467
709183479248.3281             0.0030144164
709184456453.973              0.037846826
709185433659.6178             -0.0487356
709186410865.2627             -0.07971343
709187388070.9076             -0.06114868
709188365276.5525             -0.027041841
709189342482.1973             -0.021114912
709190319687.8422             0.10269218
709191296893.487              0.10797422
709192274099.1318             0.0024502135
709193251304.7767             0.013574548
709194228510.4216             -0.081660934
709195205716.0665             -0.06248129
709196182921.7113             -0.07313057
709197160127.3562             -0.08303588
709198137333.0011             0.02035731
709199114538.6459             0.14968517
709200091744.2908             0.113200456
709201068949.9357             0.03646171
709202046155.5806             -0.02448507
709203023361.2253             -0.02157582
709204000566.8702             -0.019764433
709204977772.5151             -0.113655396
709205954978.1599             -0.02462009
709206932183.8048             -0.024783624
709207909389.4497             0.007803584
709208886595.0946             -0.072123155
709209863800.7394             -0.1551557
709210841006.3843             0.0062947725
709211818212.0292             -0.013733281
709212795417.674              -0.018335585
709213772623.3188             -0.03147786
709214749828.9637             0.016956287
709215727034.6086             0.032873392
709216704240.2534             -0.00031797317
709217681445.8983             -0.052041505
709218658651.5432             0.024119742
709219635857.188              -0.047075994
709220613062.8329             -0.06570892
709221590268.4778             -0.025555937
709222567474.1227             0.029429886
709223544679.7675             -0.037825063
709224521885.4124             -0.013719262
709225499091.0573             -0.019805713
709226476296.702              -0.0023016382
709227453502.3469             -0.0022436366
709228430707.9918             0.028210739
709229407913.6367             0.047703333
709230385119.2815             0.01704005
709231362324.9264             0.036273252
709232339530.5713             0.03891664
709233316736.2161             0.09554966
709234293941.861              0.06327076
709235271147.5059             -0.016400076
709236248353.1508             -0.054457508
709237225558.7955             0.070852704
709238202764.4404             0.06211449
709239179970.0853             -0.0150737045
709240157175.7301             -0.03714495
709241134381.375              3.88557e-05
709242111587.0199             0.00072569423
709243088792.6647             -0.0789676
709244065998.3096             -0.05271315
709245043203.9545             -0.022260346
709246020409.5994             -0.026403382
709246997615.2441             0.066941686
709247974820.889              0.03639873
709248952026.5339             -0.0064071924
709249929232.1787             -0.11852064
709250906437.8236             -0.11832303
709251883643.4685             -0.01650038
709252860849.1134             0.028893089
709253838054.7582             0.064948745
709254815260.4031             -0.0038867185
709255792466.048              -0.0047463663
709256769671.6927             0.008572376
709257746877.3376             -0.034379486
709258724082.9825             -0.04396694
709259701288.6274             -0.0067819413
709260678494.2722             0.06259957
709261655699.9171             0.06391515
709262632905.562              -0.03752557
709263610111.2068             -0.07941828
709264587316.8517             0.031296495
709265564522.4966             0.076226585
709266541728.1415             0.04771799
709267518933.7863             -0.01318022
709268496139.4312             -0.068266675
709269473345.076              -0.04111841
709270450550.7208             -0.010264487
709271427756.3657             0.0029136355
709272404962.0106             0.058345906
709273382167.6555             0.03741917
709274359373.3003             0.020149866
709275336578.9452             -0.0062251296
709276313784.5901             0.013313111
709277290990.2349             -0.060919393
709278268195.8798             -0.050645314
709279245401.5247             0.006253199
709280222607.1696             0.10075693
709281199812.8143             -0.00096360006
709282177018.4592             0.062892735
709283154224.1041             -0.0047411597
709284131429.7489             -0.027550202
709285108635.3938             -0.0034220826
709286085841.0387             0.03893733
709287063046.6836             -0.0048812563
709288040252.3284             0.041373596
709289017457.9733             0.042799264
709289994663.6182             -0.0065245135
709290971869.263              0.019347714
709291949074.9078             0.07990046
709292926280.5527             0.122642055
709293903486.1976             0.021748228
709294880691.8424             -0.067080125
709295857897.4873             -0.04106364
709296835103.1322             -0.01751911
709297812308.777              -0.021727487
709298789514.4219             -0.072698675
709299766720.0668             -0.108684674
709300743925.7115             -0.046335153
709301721131.3564             0.07158846
709302698337.0013             -0.005207816
709303675542.6462             -0.056702103
709304652748.291              -0.02803286
709305629953.9359             0.021623928
709306607159.5808             -0.07071011
709307584365.2256             -0.043576423
709308561570.8705             0.07488368
709309538776.5154             0.0113151055
709310515982.1603             -0.038848482
709311493187.805              0.013564184
709312470393.45               -0.024177665
709313447599.0948             0.006963289
709314424804.7396             -0.008862581
709315402010.3845             -0.01834009
709316379216.0294             -0.05453373
709317356421.6743             -0.07939284
709318333627.3191             -0.0389733
709319310832.964              0.020468194
709320288038.6089             0.060199264
709321265244.2537             -0.035456885
709322242449.8986             0.020600952
709323219655.5435             0.020853743
709324196861.1884             -0.041187767
709325174066.8331             -0.10459255
709326151272.478              -0.075976536
709327128478.1229             -0.0068861744
709328105683.7677             0.033277698
709329082889.4126             -0.00042049613
709330060095.0575             0.034821454
709331037300.7024             0.051982004
709332014506.3472             -0.029988747
709332991711.9921             -0.07045378
709333968917.637              -0.03289915
709334946123.2817             -0.0548893
709335923328.9266             -0.026943069
709336900534.5715             -0.03222012
709337877740.2164             -0.018579973
709338854945.8612             0.0015464147
709339832151.5061             0.061040435
709340809357.151              0.089643925
709341786562.7958             0.0058813337
709342763768.4407             -0.039830647
709343740974.0856             0.00444182
709344718179.7305             0.075281285
709345695385.3752             0.011956028
709346672591.0201             -0.005046575
709347649796.665              0.02068698
709348627002.3098             0.018714106
709349604207.9547             -0.03444544
709350581413.5996             -0.037427835
709351558619.2445             0.013598349
709352535824.8893             0.0034888582
709353513030.5342             0.002160096
709354490236.1791             0.12441743
709355467441.8239             0.1547206
709356444647.4688             -0.0069989073
709357421853.1136             -0.12550941
709358399058.7584             -0.01267424
709359376264.4033             0.036849722
709360353470.0482             -0.022907633
709361330675.6931             -0.022882823
709362307881.3379             -0.04193978
709363285086.9828             0.00703912
709364262292.6277             0.066948555
709365239498.2725             0.078895085
709366216703.9174             -0.011241023
709367193909.5623             -0.0980765
709368171115.2072             -0.04937142
709369148320.8519             0.09625824
709370125526.4968             -0.009462234
709371102732.1417             -0.039218053
709372079937.7865             -0.04391728
709373057143.4314             0.015680483
709374034349.0763             -0.023218647
709375011554.7212             -0.06662622
709375988760.366              -0.0020796256
709376965966.0109             0.006905899
709377943171.6558             -0.005243748
709378920377.3005             0.04598419
709379897582.9454             0.027949898
709380874788.5903             -0.03307852
709381851994.2352             0.044387717
709382829199.88               -0.092908725
709383806405.5249             0.020328615
709384783611.1698             -0.01921355
709385760816.8146             -0.025809651
709386738022.4595             0.017683147
709387715228.1044             0.019932441
709388692433.7493             0.031546593
709389669639.394              -0.010284929
709390646845.039              -0.1098386
709391624050.6838             0.008521727
709392601256.3286             -0.06063077
709393578461.9735             -0.017367138
709394555667.6184             -0.05193738
709395532873.2633             -0.10145765
709396510078.9081             -0.065671
709397487284.553              -0.019742712
709398464490.1979             0.034433264
709399441695.8427             0.038444914
709400418901.4875             -0.08613849
709401396107.1324             0.014778048
709402373312.7773             0.12378486
709403350518.4221             0.011144538
709404327724.067              0.011513159
709405304929.7119             -0.056603335
709406282135.3567             -0.010270247
709407259341.0016             -0.024415782
709408236546.6465             0.04687136
709409213752.2914             -0.034775317
709410190957.9362             -0.10060126
709411168163.581              -0.044657186
709412145369.226              0.04348671
709413122574.8707             0.06368059
709414099780.5156             0.07955663
709415076986.1605             -0.025656363
709416054191.8053             -0.039525125
709417031397.4502             -0.07254055
709418008603.0951             -0.12908643
709418985808.74               -0.060339168
709419963014.3848             -0.041302733
709420940220.0297             -0.017376572
709421917425.6746             -0.01707996
709422894631.3193             -0.09342062
709423871836.9642             0.0355701
709424849042.6091             0.019980773
709425826248.254              -0.061703116
709426803453.8988             -0.10570552
709427780659.5437             -0.06512977
709428757865.1886             -0.026392495
709429735070.8334             -0.024291001
709430712276.4783             -0.0725281
709431689482.1232             0.008358572
709432666687.7681             -0.059852473
709433643893.4128             -0.08321213
709434621099.0577             -0.009087784
709435598304.7026             -0.026083287
709436575510.3474             0.024700206
709437552715.9923             -0.0160958
709438529921.6372             -0.06752776
709439507127.2821             0.002155298
709440484332.9269             0.05262758
709441461538.5718             0.037601802
709442438744.2167             0.004364392
709443415949.8615             0.021421066
709444393155.5063             -0.0019226173
709445370361.1512             -0.0091951145
709446347566.7961             0.0023609323
709447324772.4409             -0.019731108
709448301978.0858             -0.06417913
709449279183.7307             -0.01205845
709450256389.3755             -0.027901372
709451233595.0204             -0.027089735
709452210800.6653             -0.034243412
709453188006.3102             -0.0639002
709454165211.955              0.00097087736
709455142417.5999             -0.1183269
709456119623.2448             -0.023466406
709457096828.8895             0.026449513
709458074034.5344             0.03136468
709459051240.1793             -0.026720833
709460028445.8242             0.013801626
709461005651.469              -0.016218415
709461982857.1139             -0.0022519357
709462960062.7588             -0.085734926
709463937268.4036             -0.06450959
709464914474.0485             0.053485487
709465891679.6934             0.07850234
709466868885.3383             0.061749734
709467846090.983              -0.057313
709468823296.6279             0.028235788
709469800502.2728             0.023902481
709470777707.9176             0.090237394
709471754913.5625             -0.001724363
709472732119.2074             -0.11708997
709473709324.8522             -0.017570756
709474686530.4971             0.01815877
709475663736.142              -0.042717382
709476640941.7869             -0.055953685
709477618147.4316             0.007242244
709478595353.0765             0.040497366
709479572558.7214             0.061242905
709480549764.3662             -0.0142346425
709481526970.0111             -0.027532216
709482504175.656              -0.013367187
709483481381.3009             0.076986045
709484458586.9457             -0.012800343
709485435792.5906             0.00087691535
709486412998.2355             -0.004794442
709487390203.8802             -0.01662498
709488367409.5251             -0.0036813084
709489344615.17               0.016275859
709490321820.815              -0.018039767
709491299026.4597             0.014416073
709492276232.1046             -0.009814824
709493253437.7495             -0.0071634
709494230643.3943             -0.07262833
709495207849.0392             -0.0025894463
709496185054.6841             0.064567536
709497162260.329              -0.021062158
709498139465.9738             0.05101071
709499116671.6187             0.094154954
709500093877.2635             0.09306969
709501071082.9083             -0.004871247
709502048288.5532             -0.040199865
709503025494.1981             0.050696377
709504002699.843              0.026184166
709504979905.4878             0.0058873333
709505957111.1327             -0.014973747
709506934316.7776             0.02348297
709507911522.4224             -0.09743773
709508888728.0673             -0.09305175
709509865933.7122             -0.019043757
709510843139.357              0.008561407
709511820345.0018             0.024692938
709512797550.6467             0.08031595
709513774756.2916             -0.11724745
709514751961.9364             -0.01796186
709515729167.5813             0.041228678
709516706373.2262             0.03365464
709517683578.8711             0.046122137
709518660784.5159             0.09857426
709519637990.1608             0.13256383
709520615195.8057             0.040780228
709521592401.4504             0.0012163302
709522569607.0953             -0.10755171
709523546812.7402             -0.03927575
709524524018.3851             0.042674907
709525501224.0299             0.060123306
709526478429.6748             -0.00029089634
709527455635.3197             0.08995314
709528432840.9645             0.061626315
709529410046.6094             0.051203277
709530387252.2543             0.036099482
709531364457.8992             -0.00028368967
709532341663.544              0.005815127
709533318869.1888             0.05311074
709534296074.8337             0.04552235
709535273280.4785             -0.05303319
709536250486.1234             -0.0091380915
709537227691.7683             0.02680534
709538204897.4131             -0.029563136
709539182103.058              -0.043020975
709540159308.7029             -0.019029861
709541136514.3478             0.017955445
709542113719.9926             -0.022915956
709543090925.6375             0.0778409
709544068131.2823             0.0749314
709545045336.9271             0.04803599
709546022542.572              0.0035374097
709546999748.2169             0.0708996
709547976953.8618             0.105238415
709548954159.5066             0.002185664
709549931365.1515             -0.027499665
709550908570.7964             -0.033085436
709551885776.4412             -0.0029417279
709552862982.086              -0.044503972
709553840187.731              -0.031114593
709554817393.3759             -0.06389439
709555794599.0206             -0.055591594
709556771804.6655             -0.06469022
709557749010.3104             -0.041520927
709558726215.9552             -0.091291405
709559703421.6001             -0.042272918
709560680627.245              -0.020362616
709561657832.8899             -0.1301639
709562635038.5347             -0.03068813
709563612244.1796             0.07556229
709564589449.8245             0.060360346
709565566655.4692             0.021691952
709566543861.1141             -0.047860127
709567521066.759              -0.034812544
709568498272.4039             0.05479624
709569475478.0487             0.029657751
709570452683.6936             -0.039802082
709571429889.3385             -0.02426279
709572407094.9833             0.06102082
709573384300.6282             -0.0070633274
709574361506.2731             -0.045386054
709575338711.918              0.03665913
709576315917.5627             -0.040361267
709577293123.2076             -0.016543252
709578270328.8525             -0.0028051166
709579247534.4973             -0.0017224
709580224740.1422             -0.07262494
709581201945.7871             -0.13852127
709582179151.432              -0.0497022
709583156357.0768             -0.017815966
709584133562.7217             0.03798869
709585110768.3666             0.07990121
709586087974.0114             0.0005401617
709587065179.6562             0.038481016
709588042385.3011             0.004350637
709589019590.946              0.08690676
709589996796.5908             0.04311182
709590974002.2357             0.017217226
709591951207.8806             -0.08829066
709592928413.5254             -0.04795259
709593905619.1703             -0.0019187107
709594882824.8152             0.069838375
709595860030.46               0.0073122242
709596837236.1049             0.06698933
709597814441.7498             -0.010459892
709598791647.3947             -0.03384566
709599768853.0394             -0.003532505
709600746058.6843             -0.0486071
709601723264.3292             -0.03647993
709602700469.974              0.051462226
709603677675.6189             0.025001954
709604654881.2638             0.013003624
709605632086.9087             0.09697923
709606609292.5535             0.098117754
709607586498.1984             -0.012352311
709608563703.8433             0.027882528
709609540909.488              -0.010027407
709610518115.1329             -0.038381714
709611495320.7778             0.042415462
709612472526.4227             0.032686945
709613449732.0675             0.050669298
709614426937.7124             0.02925524
709615404143.3573             0.037200883
709616381349.0021             0.08287985
709617358554.647              0.19132802
709618335760.2919             0.074077435
709619312965.9368             0.019940289
709620290171.5815             -0.042428747
709621267377.2264             0.017275637
709622244582.8713             0.004923281
709623221788.5161             0.038097326
709624198994.161              -0.06484865
709625176199.8059             -0.030321544
709626153405.4508             0.028468985
709627130611.0956             0.05363219
709628107816.7405             -0.00015258498
709629085022.3854             0.009373276
709630062228.0302             0.03465373
709631039433.675              -0.0027853
709632016639.32               -0.05425177
709632993844.9648             -0.06426289
709633971050.6096             -0.011086015
709634948256.2545             0.0056693493
709635925461.8994             0.05331888
709636902667.5442             0.036432568
709637879873.1891             0.030519841
709638857078.834              -0.03875826
709639834284.4789             0.052764155
709640811490.1237             0.029927539
709641788695.7686             0.030532422
709642765901.4135             -0.050086692
709643743107.0582             -0.0703614
709644720312.7031             0.014718006
709645697518.348              0.019503646
709646674723.9929             0.0064113177
709647651929.6377             -0.0633049
709648629135.2826             -0.032601185
709649606340.9275             -0.020070564
709650583546.5723             -0.0052787717
709651560752.2172             0.0905358
709652537957.862              0.15648778
709653515163.5068             0.05664586
709654492369.1517             -0.015330541
709655469574.7966             0.037894722
709656446780.4415             0.034415945
709657423986.0863             -0.013123149
709658401191.7312             0.030942667
709659378397.3761             0.07475994
709660355603.0209             0.03748567
709661332808.6658             0.05009321
709662310014.3107             0.039772823
709663287219.9556             0.00062746153
709664264425.6003             0.069770075
709665241631.2452             0.04307886
709666218836.8901             -0.06115114
709667196042.5349             -0.07827975
709668173248.1798             -0.002794294
709669150453.8247             0.0050074463
709670127659.4696             -0.009085578
709671104865.1144             -0.038982693
709672082070.7593             -0.01608252
709673059276.4042             -0.029895881
709674036482.049              0.023432452
709675013687.6938             0.036215227
709675990893.3387             -0.0015669002
709676968098.9836             -0.01957657
709677945304.6284             -0.083705656
709678922510.2733             -0.12283511
709679899715.9182             -0.09178225
709680876921.563              0.035628285
709681854127.2079             0.0009070843
709682831332.8528             -0.0018787292
709683808538.4977             -0.03497182
709684785744.1425             0.020081354
709685762949.7874             0.025023796
709686740155.4323             -0.03795011
709687717361.077              -0.1036912
709688694566.7219             -0.053465523
709689671772.3668             0.034911662
709690648978.0117             0.009715305
709691626183.6565             0.009468903
709692603389.3014             0.03843093
709693580594.9463             -0.023033941
709694557800.5911             -0.03992738
709695535006.236              -0.08494144
709696512211.8809             0.010435501
709697489417.5258             0.1139953
709698466623.1705             0.061085477
709699443828.8154             0.056284256
709700421034.4603             0.09039642
709701398240.1051             0.00517101
709702375445.75               0.07921075
709703352651.3949             0.08123164
709704329857.0398             0.07378547
709705307062.6846             -0.011464847
709706284268.3295             -0.004052276
709707261473.9744             -0.054303456
709708238679.6191             -0.011092124
709709215885.264              0.009074851
709710193090.9089             -0.082924575
709711170296.5537             -0.09715269
709712147502.1986             0.036571313
709713124707.8435             0.011939024
709714101913.4884             0.07653276
709715079119.1332             0.056776136
709716056324.7781             0.12300204
709717033530.423              0.09852109
709718010736.0677             0.07848638
709718987941.7126             0.06609662
709719965147.3575             0.057339445
709720942353.0024             -0.0073496564
709721919558.6472             -0.06414565
709722896764.2921             0.03835292
709723873969.937              0.0390241
709724851175.5818             -0.008283722
709725828381.2267             -0.0045227185
709726805586.8716             -0.017014854
709727782792.5165             -0.016937485
709728759998.1613             -0.060221616
709729737203.8062             -0.030152319
709730714409.451              -0.07477872
709731691615.0958             -0.058288082
709732668820.7407             0.020586316
709733646026.3856             0.023867186
709734623232.0305             0.020142281
709735600437.6753             0.007227623
709736577643.3202             0.07720077
709737554848.9651             0.028217942
709738532054.6099             0.04339945
709739509260.2548             -0.0182023
709740486465.8997             0.009627345
709741463671.5446             0.03533275
709742440877.1893             0.063103266
709743418082.8342             0.050463956
709744395288.4791             -0.011101366
709745372494.1239             -0.067943014
709746349699.7688             -0.06709323
709747326905.4137             -0.0008603209
709748304111.0586             -0.03620716
709749281316.7034             0.10031473
709750258522.3483             0.14820847
709751235727.9932             0.067680664
709752212933.638              -0.008478799
709753190139.2828             0.0140418215
709754167344.9277             0.027025735
709755144550.5726             0.034130275
709756121756.2174             -0.02245813
709757098961.8623             -0.052148193
709758076167.5072             0.028745772
709759053373.152              -0.014916034
709760030578.7969             0.015730841
709761007784.4418             -0.08036857
709761984990.0867             -0.07369107
709762962195.7314             -0.053053316
709763939401.3763             -0.05194036
709764916607.0212             0.012190187
709765893812.666              0.03806631
709766871018.3109             0.0011110598
709767848223.9558             -0.01781191
709768825429.6006             -0.032880884
709769802635.2455             -0.033425808
709770779840.8904             -0.04876848
709771757046.5353             -0.04495881
709772734252.18               -0.07737867
709773711457.825              -0.045795616
709774688663.4698             0.035324927
709775665869.1146             0.016723676
709776643074.7595             -0.019278673
709777620280.4044             0.006553316
709778597486.0493             0.014527688
709779574691.6941             0.09008139
709780551897.339              0.02004193
709781529102.9839             -0.03466059
709782506308.6287             0.017709108
709783483514.2736             0.076763235
709784460719.9185             0.013315145
709785437925.5634             0.01908785
709786415131.2081             -0.059269685
709787392336.853              0.015950391
709788369542.4979             -0.027720729
709789346748.1427             -0.025502842
709790323953.7876             -0.01309053
709791301159.4325             0.015062021
709792278365.0774             -0.04474393
709793255570.7222             -0.055887856
709794232776.3671             -0.032602724
709795209982.012              0.048747998
709796187187.6567             0.035866063
709797164393.3016             0.01465309
709798141598.9465             0.0746162
709799118804.5914             -0.017839042
709800096010.2362             -0.02536539
709801073215.8811             -0.051264428
709802050421.526              -0.05453062
709803027627.1708             -0.07470483
709804004832.8157             -0.056874786
709804982038.4606             -0.028170882
709805959244.1055             0.02651049
709806936449.7502             -0.030366441
709807913655.3951             -0.014402779
709808890861.04               -0.005153033
709809868066.6848             0.010101768
709810845272.3297             -0.062331237
709811822477.9746             0.009234934
709812799683.6195             0.09486231
709813776889.2643             0.024322597
709814754094.9092             -0.09338118
709815731300.5541             -0.085161716
709816708506.1989             -0.047597345
709817685711.8438             0.004938273
709818662917.4886             0.02188534
709819640123.1335             0.014308877
709820617328.7783             0.03190311
709821594534.4232             0.01144392
709822571740.0681             -0.048269827
709823548945.7129             -0.017777639
709824526151.3578             0.034041245
709825503357.0027             0.014225139
709826480562.6475             -0.055310328
709827457768.2924             -0.09374254
709828434973.9373             0.04022145
709829412179.5822             -0.031653147
709830389385.2269             0.029299956
709831366590.8718             0.06072278
709832343796.5167             -0.007406486
709833321002.1615             -0.030693116
709834298207.8064             0.040158153
709835275413.4513             0.05817321
709836252619.0962             0.06879501
709837229824.741              0.027298274
709838207030.3859             0.029276969
709839184236.0308             -0.035939112
709840161441.6755             -0.09920523
709841138647.3204             0.018135548
709842115852.9653             0.03633324
709843093058.6102             0.08802115
709844070264.255              -0.11228416
709845047469.8999             -0.06324159
709846024675.5448             0.0019415562
709847001881.1896             -0.038058937
709847979086.8345             -0.04325918
709848956292.4794             -0.06685388
709849933498.1243             -0.01812923
709850910703.769              -0.039928675
709851887909.414              -0.08366154
709852865115.0588             -0.11533273
709853842320.7036             -0.018217938
709854819526.3485             0.05037374
709855796731.9934             -0.017575767
709856773937.6383             0.031268086
709857751143.2831             -0.008759734
709858728348.928              -0.029779403
709859705554.5729             -0.08227333
709860682760.2177             0.012834442
709861659965.8625             -0.028852262
709862637171.5074             -0.04259972
709863614377.1523             -0.014887319
709864591582.7971             -0.030062042
709865568788.442              0.0013641674
709866545994.0869             -0.01149926
709867523199.7317             0.021404326
709868500405.3766             -0.037662797
709869477611.0215             -0.020187084
709870454816.6664             0.011014362
709871432022.3112             -0.0060002706
709872409227.956              0.058185313
709873386433.601              -0.03818703
709874363639.2457             0.018150862
709875340844.8906             -0.01700203
709876318050.5355             -0.04780462
709877295256.1804             -0.024305832
709878272461.8252             0.0068428325
709879249667.4701             -0.04380223
709880226873.115              -0.073853955
709881204078.7598             -0.010422188
709882181284.4047             0.04667054
709883158490.0496             -0.010763874
709884135695.6943             -0.01292664
709885112901.3392             0.046774942
709886090106.9841             0.05774355
709887067312.629              0.01135782
709888044518.2738             -0.02550052
709889021723.9187             -0.13518678
709889998929.5636             -0.07821763
709890976135.2084             0.011411249
709891953340.8533             -0.0061115
709892930546.4982             0.076412074
709893907752.1431             0.027596762
709894884957.7878             0.12420451
709895862163.4327             -0.006058512
709896839369.0776             0.013825585
709897816574.7224             -0.00893486
709898793780.3673             -0.14902554
709899770986.0122             0.022879872
709900748191.6571             0.104442894
709901725397.3019             0.14994957
709902702602.9468             -0.048968587
709903679808.5917             -0.072718464
709904657014.2365             -0.056107696
709905634219.8813             -0.0036393492
709906611425.5262             -0.052457485
709907588631.1711             -0.010836433
709908565836.8159             -0.0026907728
709909543042.4608             0.00074704405
709910520248.1057             -0.0762458
709911497453.7505             -0.043634333
709912474659.3954             -0.020565977
709913451865.0403             0.011289749
709914429070.6852             -0.008174622
709915406276.33               -0.002712151
709916383481.9749             -0.04613927
709917360687.6198             0.014407835
709918337893.2645             0.053344756
709919315098.9094             0.008355983
709920292304.5543             0.04770092
709921269510.1992             0.029991824
709922246715.844              0.14932548
709923223921.4889             0.053379405
709924201127.1338             -0.029299881
709925178332.7786             -0.11940583
709926155538.4235             0.048373114
709927132744.0684             0.007193431
709928109949.7133             0.022811124
709929087155.358              -0.04756713
709930064361.0029             -0.08074888
709931041566.6478             -0.0012832057
709932018772.2926             0.030340223
709932995977.9375             -0.08286855
709933973183.5824             -0.10384015
709934950389.2273             -0.0015812694
709935927594.8721             -0.049828433
709936904800.517              0.026787603
709937882006.1619             0.006497489
709938859211.8066             -0.06602875
709939836417.4515             -0.055290468
709940813623.0964             -0.027500072
709941790828.7412             0.076736026
709942768034.3861             -0.060162377
709943745240.031              -0.10085954
709944722445.6759             -0.04486569
709945699651.3207             0.06427191
709946676856.9656             0.03823337
709947654062.6105             0.038904592
709948631268.2552             0.015792647
709949608473.9001             0.015349678
709950585679.545              -0.09860509
709951562885.19               0.014265875
709952540090.8347             0.033038322
709953517296.4796             -0.06530088
709954494502.1245             -0.02553785
709955471707.7693             0.045826536
709956448913.4142             0.06789004
709957426119.0591             0.072887324
709958403324.704              0.009292436
709959380530.3488             0.0017386922
709960357735.9937             -0.06382968
709961334941.6385             -0.07004257
709962312147.2833             -0.0030184304
709963289352.9282             0.08412264
709964266558.5731             0.1252071
709965243764.218              0.11167354
709966220969.8628             0.041689306
709967198175.5077             0.005050026
709968175381.1526             -0.019417353
709969152586.7974             0.037755627
709970129792.4423             0.006591553
709971106998.0872             0.03230333
709972084203.732              0.01802474
709973061409.3768             -0.020772733
709974038615.0217             0.045324996
709975015820.6666             -0.0071980767
709975993026.3114             0.029983912
709976970231.9563             0.06670649
709977947437.6012             0.022696031
709978924643.2461             0.035824813
709979901848.8909             -0.0048529487
709980879054.5358             0.0096160155
709981856260.1807             0.0056211837
709982833465.8254             -0.059691686
709983810671.4703             -0.08522103
709984787877.1152             -0.039947085
709985765082.7601             0.006141347
709986742288.4049             -0.08151084
709987719494.0498             -0.033537384
709988696699.6947             0.00094459526
709989673905.3395             -0.021882335
709990651110.9844             0.018033704
709991628316.6293             0.048141684
709992605522.2742             0.0071332203
709993582727.919              0.103401914
709994559933.5638             -0.04149281
709995537139.2087             -0.068732806
709996514344.8535             -0.012649662
709997491550.4984             -0.05045472
709998468756.1433             -0.04295747
709999445961.7881             -0.004650781
710000423167.433              0.018925598
710001400373.0779             -0.048710655
710002377578.7228             0.0475943
710003354784.3676             -0.004473214
710004331990.0125             0.023048267
710005309195.6573             -0.08840154
710006286401.3021             -0.025981544
710007263606.947              0.09407831
710008240812.5919             0.1468358
710009218018.2368             0.008530251
710010195223.8816             0.013435419
710011172429.5265             0.012220816
710012149635.1714             0.046885494
710013126840.8162             0.06760586
710014104046.461              -0.02858981
710015081252.106              0.017223004
710016058457.7509             0.056717545
710017035663.3956             0.070024386
710018012869.0405             0.11786591
710018990074.6854             0.0034207413
710019967280.3302             0.041231856
710020944485.9751             -0.066885196
710021921691.62               -0.1028699
710022898897.2649             0.056900293
710023876102.9097             0.035320092
710024853308.5546             0.046130735
710025830514.1995             0.020230431
710026807719.8442             0.09876968
710027784925.4891             0.012261306
710028762131.134              0.09828205
710029739336.7789             0.0887296
710030716542.4237             0.04665477
710031693748.0686             0.077598765
710032670953.7135             -0.014455568
710033648159.3583             -0.08172551
710034625365.0032             -0.041189384
710035602570.6481             -0.0066122906
710036579776.293              0.0013153598
710037556981.9377             -0.04833675
710038534187.5826             -0.09887689
710039511393.2275             -0.007581229
710040488598.8723             0.016320363
710041465804.5172             -0.0060952776
710042443010.1621             -0.029502323
710043420215.807              -0.037283897
710044397421.4518             0.11071235
710045374627.0967             0.03400497
710046351832.7416             -0.12705645
710047329038.3864             0.088314496
710048306244.0312             0.028246276
710049283449.6761             -0.014980935
710050260655.321              0.053173333
710051237860.9658             0.010493218
710052215066.6107             0.026323756
710053192272.2556             0.07970398
710054169477.9004             0.13786393
710055146683.5453             0.02894434
710056123889.1902             0.029734036
710057101094.8351             0.029444555
710058078300.4799             -0.023536325
710059055506.1248             0.017440394
710060032711.7697             0.07005694
710061009917.4144             0.10103741
710061987123.0593             -0.027264109
710062964328.7042             -0.05993411
710063941534.349              -0.016416453
710064918739.9939             -0.012023297
710065895945.6388             -0.016296346
710066873151.2837             0.013977596
710067850356.9285             0.065125585
710068827562.5734             -0.025671711
710069804768.2183             -0.029182352
710070781973.863              0.05467028
710071759179.5079             0.023088679
710072736385.1528             -0.12349611
710073713590.7977             -0.065483555
710074690796.4425             -0.025747253
710075668002.0874             -0.06439143
710076645207.7323             0.0003465889
710077622413.3771             0.031014722
710078599619.022              -0.032460257
710079576824.6669             0.056645766
710080554030.3118             0.04423872
710081531235.9565             0.0024750363
710082508441.6014             -0.0005163618
710083485647.2463             -0.06804709
710084462852.8911             -0.035106264
710085440058.536              0.012773841
710086417264.1809             0.073110305
710087394469.8258             0.06316848
710088371675.4706             0.035605222
710089348881.1155             0.040642235
710090326086.7604             0.086438976
710091303292.4052             0.15100212
710092280498.05               0.14077856
710093257703.695              0.07047139
710094234909.3398             -0.012051679
710095212114.9846             -0.02793979
710096189320.6295             0.0914968
710097166526.2744             0.07037887
710098143731.9192             0.031945944
710099120937.5641             0.00087664963
710100098143.209              0.014869763
710101075348.8539             0.083044
710102052554.4987             -0.0041095293
710103029760.1436             0.062693864
710104006965.7885             0.027182309
710104984171.4332             0.021006897
710105961377.0781             0.00644024
710106938582.723              -0.012383565
710107915788.3679             -0.075859204
710108892994.0127             0.011854531
710109870199.6576             0.050281946
710110847405.3025             0.027583722
710111824610.9473             -0.009493553
710112801816.5922             -0.020204479
710113779022.237              -0.042208973
710114756227.882              -0.046366505
710115733433.5267             0.05249276
710116710639.1716             0.106455445
710117687844.8165             0.027565742
710118665050.4613             0.044794913
710119642256.1062             0.09274822
710120619461.7511             0.03105218
710121596667.3959             -0.1071458
710122573873.0408             -0.023440067
710123551078.6857             0.019859053
710124528284.3306             -0.016562155
710125505489.9753             0.027055815
710126482695.6202             0.042364463
710127459901.2651             0.055909228
710128437106.9099             0.018980207
710129414312.5548             -0.008970153
710130391518.1997             0.061439127
710131368723.8446             -0.005189736
710132345929.4894             -0.0046511604
710133323135.1343             0.081681736
710134300340.7792             0.055649206
710135277546.424              0.10078086
710136254752.0688             0.007631815
710137231957.7137             -0.046312097
710138209163.3586             0.020147653
710139186369.0034             -0.0021789835
710139981845.4                -0.020396264
710140163574.6483             0.017609328
710140959051.1449             -0.032635327
710141140780.2932             0.03722702
710141936256.8898             -0.03027651
710142117985.938              -0.047411464
710142913462.6346             -0.08900385
710143095191.5829             -0.031644728
710143890668.3796             -0.062459096
710144072397.2278             -0.031098295
710144867874.1245             -0.013939529
710145049602.8727             -0.027025487
710145845079.8694             -0.0056720874
710146026808.5175             -0.008009073
710146822285.6143             -0.025417896
710147004014.1624             0.007847352
710147799491.3591             -0.016164234
710147981219.8073             0.05603966
710148776697.104              0.05269062
710148958425.452              0.059187308
710149753902.849              0.12417479
710149935631.0969             0.04163482
710150731108.5939             0.08115052
710150912836.7418             0.07842273
710151708314.3387             -0.0001704868
710151890042.3867             0.12942116
710152685520.0836             -0.01566871
710152867248.0315             -0.0021109767
710153662725.8285             0.0048828367
710153844453.6764             0.0017335496
710154639931.5734             0.06926668
710154821659.3213             0.039864022
710155617137.3182             0.054235052
710155798864.9661             0.08634185
710156594343.0632             -0.038293757
710156776070.611              0.054509874
710157571548.8081             -0.0052842223
710157753276.2559             -0.027489657
710158548754.553              0.018819973
710158730481.9008             -0.010681596
710159525960.2979             0.021473363
710159707687.5455             0.00680769
710160503166.0427             -0.094350405
710160684893.1904             -0.010075121
710161480371.7876             -0.06549983
710161662098.8353             -0.06741315
710162457577.5326             0.09241879
710162639304.4801             0.016617257
710163434783.2775             -0.0065322877
710163616510.125              0.09264062
710164411989.0223             -0.08311252
710164593715.7699             -0.06587074
710165389194.7672             -0.10057663
710165570921.4148             -0.0058091856
710166366400.5121             -0.076092966
710166548127.0596             -0.031884126
710167343606.257              -0.08605236
710167525332.7045             -0.00087330554
710168320812.0018             -0.105243914
710168502538.3494             -0.06832195
710169298017.7468             -0.08683667
710169479743.9941             -0.05515427
710170275223.4917             -0.09861984
710170456949.639              -0.05578756
710171252429.2366             0.051111415
710171434155.2839             -0.0551713
710172229634.9814             0.07052124
710172411360.9288             0.061411545
710173206840.7263             0.04690415
710173388566.5736             0.017017871
710174184046.4712             -0.04059028
710174365772.2185             0.012262341
710175161252.2162             -0.032693207
710175342977.8634             0.041226096
710176138457.961              0.018371094
710176320183.5082             0.020664534
710177115663.7059             -0.0744527
710177297389.1531             -0.033113133
710178092869.4508             -0.050601333
710178274594.798              -0.06653883
710179070075.1957             -0.036416594
710179251800.4427             -0.037160538
710180047280.9406             -0.008857524
710180229006.0876             -0.013354442
710181024486.6854             0.007815918
710181206211.7325             0.019297186
710182001692.4304             0.0032923438
710182183417.3774             0.0388417
710182978898.1753             0.026151428
710183160623.0222             0.028842436
710183956103.9202             0.05784119
710184137828.6671             0.058474544
710184933309.665              0.032152668
710185115034.312              0.08561616
710185910515.4099             0.09088452
710186092239.9568             0.04146645
710186887721.1548             0.034224324
710187069445.6017             0.08641914
710187864926.8998             0.03602108
710188046651.2466             0.031805757
710188842132.6447             0.14670011
710189023856.8915             0.055778336
710189819338.3895             0.06623577
710190001062.5363             0.121973984
710190796544.1344             0.03211595
710190978268.1812             0.03773806
710191773749.8793             0.05442217
710191955473.826              0.0462659
710192750955.6241             0.024200233
710192932679.4708             0.026603907
710193728161.369              -0.035716332
710193909885.1157             -0.016074004
710194705367.114              0.022868523
710194887090.7606             -0.078375414
710195682572.8589             -0.0027457923
710195864296.4055             0.02864305
710196659778.6038             -0.030304689
710196841502.0503             0.011472967
710197636984.3486             -0.082535334
710197818707.6952             0.059738234
710198614190.0935             -0.054551132
710198795913.3401             -0.047507238
710199591395.8384             0.0043839826
710199773118.9849             -0.06096637
710200568601.5834             0.024600279
710200750324.6298             -0.074378826
710201545807.3282             -0.09290065
710201727530.2747             -0.04550963
710202523013.0731             0.0110400375
710202704735.9196             -0.097830005
710203500218.818              0.044380475
710203681941.5643             -0.009116587
710204477424.5629             0.02370472
710204659147.2092             -0.0126811545
710205454630.3077             -0.035891905
710206431836.0526             -0.011148335
710207409041.7976             -0.059970953
710208386247.5425             -0.0081129195
710209363453.2874             0.01836399
710210340659.0322             0.05675261
710211317864.7771             0.10454596
710212295070.522              0.10873474
710213272276.267              0.015764127
710214249482.0118             -0.011351968
710215226687.7567             -0.00896419
710216203893.5016             0.05532833
710217181099.2465             0.07397534
710218158304.9913             0.058504835
710219135510.7362             0.06590612
710220112716.4812             -0.04976294
710221089922.2261             -0.08720095
710222067127.971              -0.07110125
710223044333.7158             -0.019203214
710224021539.4607             -0.047483224
710224998745.2056             -0.019990735
710225975950.9506             0.0186495
710226953156.6954             0.035337493
710227930362.4403             0.007969523
710228907568.1852             -0.0443098
710229884773.93               -0.076079994
710230861979.6749             -0.027103383
710231839185.4198             0.0019279552
710232816391.1648             -0.0004972555
710233793596.9097             -0.06705843
710234770802.6545             0.005123159
710235748008.3994             -0.008798054
710236725214.1443             0.026120286
710237702419.8892             0.029363211
710238679625.6342             0.050133422
710239656831.379              0.10482103
710240634037.1239             0.0024099485
710241611242.8688             -0.012515013
710242588448.6136             -0.02769655
710243565654.3585             -0.054756626
710244542860.1034             -0.066811144
710245520065.8484             -0.003905518
710246497271.5933             -0.000306526
710247474477.3381             0.012408447
710248451683.083              0.05339852
710249428888.8279             0.021745354
710250406094.5728             0.018320564
710251383300.3176             0.047477614
710252360506.0626             0.032767963
710253337711.8075             0.020233635
710254314917.5524             -0.05386973
710255292123.2972             0.020310624
710256269329.0421             0.055721954
710257246534.787              -0.0018494346
710258223740.532              -0.009115781
710259200946.2769             0.0015135473
710260178152.0217             -0.02246663
710261155357.7666             0.049489934
710262132563.5115             0.08108234
710263109769.2563             0.07711439
710264086975.0012             0.021432582
710265064180.7462             0.002004148
710266041386.4911             -0.0022171717
710267018592.236              -0.068999894
710267995797.9808             -0.036094546
710268973003.7257             0.07021946
710269950209.4706             0.002132969
710270927415.2156             -0.03543497
710271904620.9604             -0.032324497
710272881826.7053             -0.09731849
710273859032.4502             -0.06679389
710274836238.1951             -0.0008334265
710275813443.94               0.0558312
710276790649.6848             0.111059874
710277767855.4298             0.045051582
710278745061.1747             -0.055257242
710279722266.9196             0.056442015
710280699472.6644             0.12069559
710281676678.4093             0.07457859
710282653884.1542             0.092795074
710283631089.8992             0.021136783
710284608295.644              -0.040445518
710285585501.3889             -0.028331967
710286562707.1338             0.05205476
710287539912.8787             -0.0033363057
710288517118.6235             -0.017985562
710289494324.3684             -0.022025798
710290471530.1134             -0.054151952
710291448735.8583             -0.1197264
710292425941.6031             -0.094528146
710293403147.348              -0.04199757
710294380353.0929             0.0043127052
710295357558.8378             0.033431266
710296334764.5828             0.028511997
710297311970.3276             0.029642763
710298289176.0725             -0.0053919023
710299266381.8174             0.019908521
710300243587.5623             0.052707314
710301220793.3071             -0.033055715
710302197999.052              -0.026220966
710303175204.797              -0.037170805
710304152410.5419             -0.05056552
710305129616.2867             -0.020764241
710306106822.0316             -0.02255876
710307084027.7765             -0.005079492
710308061233.5214             -0.052975874
710309038439.2664             -0.08450236
710310015645.0112             -0.020391572
710310992850.7561             -0.006843652
710311970056.501              0.11273184
710312947262.2458             0.06849354
710313924467.9907             -0.028931607
710314901673.7356             0.098714575
710315878879.4806             0.08045452
710316856085.2255             -0.017658437
710317833290.9703             0.016580107
710318810496.7152             0.016838102
710319787702.4601             -0.0071730376
710320764908.205              -0.004937587
710321742113.95               -0.021298353
710322719319.6948             -0.07431605
710323696525.4397             0.036683846
710324673731.1846             0.08099016
710325650936.9294             0.05614036
710326628142.6743             0.03624952
710327605348.4192             -0.025652586
710328582554.1642             -0.07703153
710329559759.909              -0.052749135
710330536965.6539             -0.094163395
710331514171.3988             -0.10476556
710332491377.1437             -0.06504152
710333468582.8885             -0.051717162
710334445788.6335             -0.048509486
710335422994.3784             -0.055889677
710336400200.1233             0.00498873
710337377405.8682             0.020795353
710338354611.613              -0.01021272
710339331817.3579             -0.078916915
710340309023.1028             -0.10241891
710341286228.8478             -0.044092916
710342263434.5927             0.01699352
710343240640.3375             0.03025076
710344217846.0824             0.07336492
710345195051.8273             0.087353826
710346172257.5721             0.0023463166
710347149463.3171             -0.022030506
710348126669.062              -0.055089075
710349103874.8069             0.043185025
710350081080.5518             0.048605785
710351058286.2966             0.056351334
710352035492.0415             0.0055503114
710353012697.7864             -0.09830381
710353989903.5314             -0.049426083
710354967109.2762             0.04531858
710355944315.0211             -0.0043984368
710356921520.766              0.03281277
710357898726.5109             0.043428127
710358875932.2557             0.00093784387
710359853138.0007             -0.0012710994
710360830343.7456             0.029770074
710361807549.4905             0.060161397
710362784755.2354             -0.017418645
710363761960.9802             -0.09857301
710364739166.7251             -0.034906495
710365716372.47               0.012284376
710366693578.215              0.06866905
710367670783.9598             0.010253536
710368647989.7047             0.0034520146
710369625195.4496             0.034774803
710370602401.1945             0.12363545
710371579606.9393             0.10683083
710372556812.6843             0.08298877
710373534018.4292             0.019143898
710374511224.1741             0.010925506
710375488429.919              0.0042038183
710376465635.6638             -0.033619747
710377442841.4087             -0.08051755
710378420047.1536             -0.103607796
710379397252.8986             0.019080494
710380374458.6434             0.09642243
710381351664.3883             0.081660815
710382328870.1332             0.02672535
710383306075.878              -0.08149434
710384283281.6229             -0.03255288
710385260487.3679             0.0064882343
710386237693.1128             0.06302514
710387214898.8577             0.116988525
710388192104.6025             0.07429967
710389169310.3474             0.049266588
710390146516.0923             -0.012010741
710391123721.8372             -0.088302016
710392100927.5822             -0.102153994
710393078133.327              -0.11501561
710394055339.0719             -0.0050139786
710395032544.8168             -0.017078597
710396009750.5616             -0.038239367
710396986956.3065             0.09845937
710397964162.0515             0.15135065
710398941367.7964             0.06257743
710399918573.5413             0.07141999
710400895779.2861             0.039907373
710401872985.031              0.0232741
710402850190.7759             0.0839924
710403827396.5208             0.11578834
710404804602.2657             0.059117205
710405781808.0106             0.07229379
710406759013.7555             0.007518152
710407736219.5004             0.01202161
710408713425.2452             0.03462807
710409690630.9901             0.0753313
710410667836.7351             0.05442129
710411645042.48               9.794499e-06
710412622248.2249             -0.033068586
710413599453.9697             -0.06598444
710414576659.7146             -0.0483908
710415553865.4595             0.0092435125
710416531071.2043             -0.026783023
710417508276.9493             -0.09561925
710418485482.6942             -0.058583856
710419462688.4391             0.06393402
710420439894.184              -0.055395003
710421417099.9288             -0.0914019
710422394305.6737             -0.01586522
710423371511.4187             -0.05150128
710424348717.1636             -0.009538794
710425325922.9084             0.082597084
710426303128.6533             0.0096124895
710427280334.3982             -0.07054307
710428257540.1431             0.026966577
710429234745.888              0.091233805
710430211951.6329             0.07432988
710431189157.3778             0.028588705
710432166363.1227             -0.030394772
710433143568.8676             -0.012084542
710434120774.6124             0.029035114
710435097980.3573             0.02313836
710436075186.1023             0.052306823
710437052391.8472             0.100237
710438029597.592              0.09305191
710439006803.3369             -0.033557694
710439984009.0818             -0.032823224
710440961214.8267             -0.04516131
710441938420.5715             -0.008716941
710442915626.3165             0.069006
710443892832.0614             0.091155715
710444870037.8063             0.117164806
710445847243.5511             0.07723052
710446824449.296              -0.010045446
710447801655.0409             0.016841743
710448778860.7858             0.030896518
710449756066.5308             -0.0056112115
710450733272.2756             -0.105931826
710451710478.0205             -0.03950607
710452687683.7654             0.042824775
710453664889.5103             0.08932155
710454642095.2551             0.03956239
710455619301.0001             -0.00717224
710456596506.745              -0.050900675
710457573712.4899             -0.011750016
710458550918.2347             -0.00043378337
710459528123.9796             0.085878484
710460505329.7245             0.10174223
710461482535.4694             0.05690935
710462459741.2144             0.027148614
710463436946.9592             -0.0338342
710464414152.7041             0.0003844502
710465391358.449              0.021794604
710466368564.1938             0.06334049
710467345769.9387             0.0768062
710468322975.6837             0.07628897
710469300181.4286             0.027083378
710470277387.1735             0.07826509
710471254592.9183             0.059186798
710472231798.6632             0.012804265
710473209004.4081             -0.0499795
710474186210.153              0.046204805
710475163415.898              0.01863916
710476140621.6428             -0.020378495
710477117827.3877             0.04531953
710478095033.1326             -0.036755536
710479072238.8774             -0.025560388
710480049444.6223             -0.015940633
710481026650.3673             0.023028553
710482003856.1122             0.0562319
710482981061.857              -0.041765064
710483958267.6019             -0.08638849
710484935473.3468             -0.06357158
710485912679.0917             -0.11138882
710486889884.8365             -0.008217033
710487867090.5815             0.033492044
710488844296.3264             -0.012860119
710489821502.0713             0.06633062
710490798707.8162             0.049757335
710491775913.561              -0.019673599
710492753119.3059             -0.08444405
710493730325.0509             -0.05712331
710494707530.7958             0.02684604
710495684736.5406             0.13245839
710496661942.2855             0.1692782
710497639148.0304             0.090768725
710498616353.7753             -0.0053659
710499593559.5201             -0.06376995
710500570765.2651             -0.036935836
710501547971.01               -0.06846392
710502525176.7549             -0.008670847
710503502382.4998             0.010815977
710504479588.2446             -0.01669145
710505456793.9895             -0.06490392
710506433999.7345             0.028358089
710507411205.4794             0.04256283
710508388411.2242             -0.020078573
710509365616.9691             0.012972305
710510342822.714              0.044994142
710511320028.4589             0.09101406
710512297234.2037             0.025070293
710513274439.9487             0.084944196
710514251645.6936             0.10675431
710515228851.4385             0.0313873
710516206057.1833             0.07283197
710517183262.9282             0.07120178
710518160468.6731             -0.033423614
710519137674.4181             0.01451437
710520114880.163              0.11374922
710521092085.9078             0.12891646
710522069291.6527             -0.019005772
710523046497.3976             -0.13594343
710524023703.1425             -0.13308941
710525000908.8873             -0.053893667
710525978114.6323             0.053892676
710526955320.3772             -0.0434885
710527932526.1221             -0.025966503
710528909731.867              -0.004102238
710529886937.6118             -0.022190891
710530864143.3567             -0.075898
710531841349.1017             -0.026074544
710532818554.8466             0.05770487
710533795760.5914             0.1249398
710534772966.3363             0.03823533
710535750172.0812             0.019229366
710536727377.826              -0.09579723
710537704583.5709             -0.07861623
710538681789.3159             -0.009992978
710539658995.0608             0.028054804
710540636200.8057             0.0326181
710541613406.5505             -0.015635794
710542590612.2954             -0.03536565
710543567818.0403             -0.026779613
710544545023.7853             -0.0127690295
710545522229.5302             -0.019153815
710546499435.275              -0.010148425
710547476641.0199             0.0804874
710548453846.7648             0.08201642
710549431052.5096             -0.12620561
710550408258.2545             -0.18635865
710551385463.9995             -0.03383011
710552362669.7444             -0.019272365
710553339875.4893             -0.09373152
710554317081.2341             -0.10566131
710555294286.979              -0.039166804
710556271492.7239             -0.0040075006
710557248698.4689             -0.03256158
710558225904.2137             -0.06366087
710559203109.9586             -0.008930285
710560180315.7035             -0.0035531048
710561157521.4484             0.051602226
710562134727.1932             0.009508916
710563111932.9381             -0.008006913
710564089138.6831             0.09292665
710565066344.428              0.045201924
710566043550.1729             -0.00046029827
710567020755.9177             -0.009663488
710567997961.6626             -0.006720781
710568975167.4075             0.017419564
710569952373.1525             -0.011123766
710570929578.8973             -0.080004245
710571906784.6422             -0.12526007
710572883990.3871             -0.098975815
710573861196.132              -0.05214087
710574838401.8768             -0.012768923
710575815607.6217             -0.04055546
710576792813.3667             -0.010842259
710577770019.1116             -0.017286021
710578747224.8564             0.013134274
710579724430.6013             0.042212248
710580701636.3462             -0.032222908
710581678842.0911             0.009734163
710582656047.836              0.078894615
710583633253.5809             0.017781323
710584610459.3258             -0.03324326
710585587665.0707             -0.045857422
710586564870.8156             -0.0021965285
710587542076.5604             0.069540896
710588519282.3053             0.09121658
710589496488.0503             0.08521306
710590473693.7952             0.05296505
710591450899.54               -0.047992088
710592428105.2849             -0.019945208
710593405311.0298             0.07254716
710594382516.7747             0.0886446
710595359722.5197             0.009870683
710596336928.2645             0.0032953946
710597314134.0094             -0.0099071795
710598291339.7543             -0.06993715
710599268545.4991             -0.038540367
710600245751.244              0.052449014
710601222956.9889             0.0027262564
710602200162.7339             0.009593331
710603177368.4788             -0.0030424998
710604154574.2236             0.023437351
710605131779.9685             0.024971677
710606108985.7134             0.011113956
710607086191.4583             -0.053779095
710608063397.2032             0.08520535
710609040602.9481             0.07598194
710610017808.693              0.020970302
710610995014.4379             0.0118280575
710611972220.1827             0.028276384
710612949425.9276             0.0145219965
710613926631.6725             0.09775529
710614903837.4175             0.07933602
710615881043.1624             -0.005446547
710616858248.9072             -0.07459052
710617835454.6521             -0.05099191
710618812660.397              -0.054954227
710619789866.1418             -0.06818467
710620767071.8868             -0.030544005
710621744277.6317             -0.0052822805
710622721483.3766             0.002699757
710623698689.1215             -0.019932356
710624675894.8663             -0.04574901
710625653100.6112             -0.0060022986
710626630306.3561             0.025706861
710627607512.1011             -0.01813063
710628584717.846              0.03701762
710629561923.5908             0.08125581
710630539129.3357             0.058658455
710631516335.0806             0.11675494
710632493540.8254             0.19013777
710633470746.5704             0.08402792
710634447952.3153             0.09188883
710635425158.0602             0.057349354
710636402363.805              0.015919605
710637379569.5499             0.010183766
710638356775.2948             0.01894276
710639333981.0397             0.018231075
710640311186.7847             -0.0008022682
710641288392.5295             -0.0461096
710642265598.2744             -0.031464413
710643242804.0193             0.015659394
710644220009.7642             0.0070180353
710645197215.509              0.00669427
710646174421.2539             0.054012455
710647151626.9989             0.03574557
710648128832.7438             0.006361036
710649106038.4886             -0.02409609
710650083244.2335             -0.03199302
710651060449.9784             -0.011080946
710652037655.7233             -0.0073635667
710653014861.4683             -0.0015935363
710653992067.2131             -0.04640289
710654969272.958              0.07429693
710655946478.7029             0.05005945
710656923684.4478             0.0059478153
710657900890.1926             0.091479756
710658878095.9375             0.064623125
710659855301.6825             -0.020170992
710660832507.4274             -0.047222335
710661809713.1722             -0.0027702153
710662786918.9171             0.07591814
710663764124.662              -0.03661356
710664741330.4069             -0.053052988
710665718536.1519             -0.027412022
710666695741.8967             0.007000815
710667672947.6416             0.053654093
710668650153.3865             -0.042923845
710669627359.1313             -0.0065705646
710670604564.8762             0.054980755
710671581770.6211             0.027208848
710672558976.3661             -0.04073221
710673536182.111              0.01360158
710674513387.8558             -0.025573207
710675490593.6007             -0.067391686
710676467799.3456             -0.0954641
710677445005.0905             -0.059377402
710678422210.8354             -0.041474544
710679399416.5803             -0.0041908626
710680376622.3252             -0.058016784
710681353828.0701             -0.032040007
710682331033.815              -0.0059041977
710683308239.5598             -0.004875153
710684285445.3047             -0.04324058
710685262651.0497             -0.04098453
710686239856.7946             -0.023551166
710687217062.5394             -0.022435574
710688194268.2843             0.050400153
710689171474.0292             0.016862325
710690148679.774              -0.0016459579
710691125885.519              0.0757155
710692103091.2639             0.087135226
710693080297.0088             0.010669238
710694057502.7537             0.011217985
710695034708.4985             0.07748895
710696011914.2434             0.047307383
710696989119.9883             0.0716216
710697966325.7333             0.08777061
710698943531.4781             0.06583064
710699920737.223              0.00463521
710700897942.9679             -0.0005218655
710701875148.7128             -0.035211697
710702852354.4576             -0.0021651434
710703829560.2026             -0.043242987
710704806765.9475             -0.0063306694
710705783971.6924             0.015000148
710706761177.4373             -0.036595818
710707738383.1821             -0.05617657
710708715588.927              0.018859476
710709692794.6719             0.08492031
710710670000.4169             0.029739946
710711647206.1617             -0.011968151
710712624411.9066             -0.023944587
710713601617.6515             -0.015846327
710714578823.3964             0.077806816
710715556029.1412             0.015029377
710716533234.8862             0.0008292836
710717510440.6311             0.0017017665
710718487646.376              0.026736386
710719464852.1208             0.015747117
710720442057.8657             0.0040303245
710721419263.6106             -0.037500955
710722396469.3555             -0.06359268
710723373675.1005             0.009652182
710724350880.8453             -0.021088133
710725328086.5902             -0.09031652
710726305292.3351             -0.028532514
710727282498.08               -0.020038454
710728259703.8248             0.04145258
710729236909.5698             0.015983297
710730214115.3147             -0.013557408
710731191321.0596             0.026645845
710732168526.8044             -0.008043532
710733145732.5493             0.019523341
710734122938.2942             0.04070904
710735100144.0391             -0.0006603342
710736077349.784              -0.068641506
710737054555.5289             -0.105534375
710738031761.2738             -0.014826747
710739008967.0187             0.009602512
710739986172.7635             0.027407015
710740963378.5084             -0.10688232
710741940584.2534             -0.15026788
710742917789.9983             -0.08854277
710743894995.7432             -0.07337742
710744872201.488              -0.08472634
710745849407.2329             -0.094490595
710746826612.9778             -0.06382456
710747803818.7227             -0.025506519
710748781024.4677             -0.059381194
710749758230.2125             -0.017749362
710750735435.9574             -0.010801957
710751712641.7023             0.03887978
710752689847.4471             0.108898476
710753667053.192              0.12970671
710754644258.937              0.09260931
710755621464.6819             0.105992265
710756598670.4268             -0.021596443
710757575876.1716             -0.15934213
710758553081.9165             -0.116034344
710759530287.6614             -0.08449472
710760507493.4062             -0.028579917
710761484699.1512             -0.08472341
710762461904.8961             -0.039277863
710763439110.641              -0.02971587
710764416316.3859             -0.019779222
710765393522.1307             0.052050836
710766370727.8756             0.114168376
710767347933.6206             0.10897784
710768325139.3655             0.026377873
710769302345.1104             0.03957742
710770279550.8552             0.066154286
710771256756.6001             0.00034909172
710772233962.345              -0.022824572
710773211168.0898             -0.009275981
710774188373.8348             -0.04490443
710775165579.5797             0.05361234
710776142785.3246             0.09178728
710777119991.0695             -0.011212518
710778097196.8143             -0.08773598
710779074402.5592             -0.05498571
710780051608.3042             -0.038516548
710781028814.0491             -0.04015662
710782006019.794              -0.020421073
710782983225.5388             0.045132365
710783960431.2837             -0.02121059
710784937637.0286             -0.016977765
710785914842.7734             -0.0051416066
710786892048.5184             -0.021068392
710787869254.2633             -0.010826354
710788846460.0082             0.009629002
710789823665.753              0.0015989195
710790800871.4979             -0.015426297
710791778077.2428             -0.049994715
710792755282.9878             -0.10122099
710793732488.7327             -0.10306424
710794709694.4775             -0.033200607
710795686900.2224             -0.022532476
710796664105.9673             0.033708286
710797641311.7122             0.09637006
710798618517.457              0.07584263
710799595723.202              -0.009020516
710800572928.9469             0.043842476
710801550134.6918             0.028782733
710802527340.4366             -0.011602084
710803504546.1815             0.030846577
710804481751.9264             -0.029515639
710805458957.6714             -0.025002796
710806436163.4163             -0.010892715
710807413369.1611             0.0100482525
710808390574.906              0.01792071
710809367780.6509             0.028055482
710810344986.3958             0.072571576
710811322192.1406             -0.08140874
710812299397.8856             -0.119180895
710813276603.6305             -0.12914409
710814253809.3754             -0.07558625
710815231015.1202             -0.043513905
710816208220.8651             0.06304737
710817185426.61               0.16284052
710818162632.355              0.034931872
710819139838.0999             -0.007989967
710820117043.8447             -0.0482626
710821094249.5896             0.01587157
710822071455.3345             0.07290847
710823048661.0793             0.069522195
710824025866.8242             0.024305034
710825003072.5692             -0.0171708
710825980278.3141             0.008202692
710826957484.059              -0.017195253
710827934689.8038             -0.019483173
710828911895.5487             -0.052334752
710829889101.2936             -0.085883774
710830866307.0386             -0.044032443
710831843512.7834             -0.035483442
710832820718.5283             -0.005748851
710833797924.2732             -0.033867817
710834775130.0181             -0.07763101
710835752335.763              -0.008611723
710836729541.5078             -0.018091323
710837706747.2528             0.017279755
710838683952.9977             -0.01937074
710839661158.7426             -0.014005501
710840638364.4874             -0.00026760745
710841615570.2323             0.074204594
710842592775.9772             0.12874743
710843569981.7222             0.06322878
710844547187.467              -0.047147922
710845524393.2119             0.05722679
710846501598.9568             0.06797887
710847478804.7017             -0.009537903
710848456010.4465             -0.0005875646
710849433216.1914             -0.060582343
710850410421.9364             -0.01919443
710851387627.6813             0.0066435337
710852364833.4261             -0.042959586
710853342039.171              -0.09965571
710854319244.9159             -0.061063092
710855296450.6608             -0.0013844895
710856273656.4056             -0.065709166
710857250862.1506             -0.021859294
710858228067.8955             -0.021476958
710859205273.6404             -0.08854845
710860182479.3853             -0.043255422
710861159685.1301             -0.039591134
710862136890.875              0.043613024
710863114096.62               0.057593044
710864091302.3649             -0.0058709355
710865068508.1097             -0.08853162
710866045713.8546             -0.018763604
710867022919.5995             0.021006538
710868000125.3444             0.033152398
710868977331.0892             0.056934096
710869954536.8342             0.06842597
710870931742.5791             0.019796189
710871908948.324              -0.12910084
710872886154.0688             -0.08827965
710873863359.8137             -0.06827015
710874840565.5586             -0.0012691928
710875817771.3036             -0.060327273
710876794977.0485             0.029250635
710877772182.7933             0.08204083
710878749388.5382             0.08411449
710879726594.2831             0.024786117
710880703800.028              0.023679879
710881681005.7728             0.0103525575
710882658211.5178             -0.024411451
710883635417.2627             -0.05767811
710884612623.0076             -0.09656831
710885589828.7524             -0.05395586
710886567034.4973             -0.0074704965
710887544240.2422             -0.033209324
710888521445.9872             0.00071097515
710889498651.732              0.093626
710890475857.4769             0.09436779
710891453063.2218             0.061729483
710892430268.9667             -0.00065437355
710893407474.7115             0.022464711
710894384680.4564             0.009856403
710895361886.2014             -0.04405333
710896339091.9463             -0.053104147
710897316297.6912             -0.00043254712
710898293503.436              -0.034707475
710899270709.1809             -0.058943667
710900247914.9258             0.0069352626
710901225120.6708             -0.018631442
710902202326.4156             0.004749495
710903179532.1605             0.08767086
710904156737.9054             0.0749368
710905133943.6503             0.080965616
710906111149.3951             0.09304198
710907088355.14               0.042348806
710908065560.885              0.0551755
710909042766.6299             0.11159094
710910019972.3748             0.097734794
710910997178.1196             0.013111624
710911974383.8645             0.027510796
710912951589.6094             -0.0016400142
710913928795.3544             -0.13035151
710914906001.0992             -0.08890317
710915883206.8441             0.057201236
710916860412.589              -0.001173862
710917837618.3339             -0.05654549
710918814824.0787             -0.043839168
710919792029.8236             -0.06419904
710920769235.5686             -0.04318411
710921746441.3135             0.01959073
710922723647.0583             -0.026439667
710923700852.8032             -0.09651115
710924678058.5481             -0.056154225
710925655264.293              -0.019895358
710926632470.038              0.03391838
710927609675.7828             0.0108636785
710928586881.5277             -0.023659775
710929564087.2726             0.02855538
710930541293.0175             0.017083159
710931518498.7623             0.021856295
710932495704.5072             0.035156365
710933472910.2522             -0.0416758
710934450115.9971             0.05812726
710935427321.742              0.0586955
710936404527.4868             0.048581254
710937381733.2317             0.07647784
710938358938.9766             0.060010687
710939336144.7216             0.015123823
710940313350.4664             -0.110298894
710941290556.2113             -0.010348229
710942267761.9562             -0.039047193
710943244967.701              0.05358563
710944222173.4459             0.03426658
710945199379.1908             -0.13052483
710946176584.9358             -0.07337703
710947153790.6807             0.025566144
710948130996.4255             0.06348873
710949108202.1704             0.018822884
710950085407.9153             0.022006784
710951062613.6602             0.011971402
710952039819.4052             -0.019233333
710953017025.15               0.018011449
710953994230.8949             0.014485999
710954971436.6398             -0.023950856
710955948642.3846             -0.070743494
710956925848.1295             -0.029638113
710957903053.8744             -0.01821985
710958880259.6194             -0.020321833
710959857465.3643             -0.0640556
710960834671.1091             -0.048898134
710961811876.854              -0.042515073
710962789082.5989             -0.0759292
710963766288.3438             -0.068849474
710964743494.0887             -0.03529547
710965720699.8336             -0.078610785
710966697905.5785             -0.061115917
710967675111.3234             -0.02127187
710968652317.0682             0.054887477
710969629522.8131             0.08071491
710970606728.558              0.009345007
710971583934.303              -0.04636987
710972561140.0479             0.048799828
710973538345.7927             0.07767859
710974515551.5376             -0.03998044
710975492757.2825             -0.05019686
710976469963.0273             -0.048690226
710977447168.7723             -0.050376445
710978424374.5172             0.10342489
710979401580.2621             0.14587536
710980378786.007              -0.043294236
710981355991.7518             -0.14594081
710982333197.4967             -0.10289134
710983310403.2416             -0.005995821
710984287608.9866             -0.0055235745
710985264814.7314             -0.06389796
710986242020.4763             0.08167558
710987219226.2212             0.064704165
710988196431.9661             0.06819651
710989173637.7109             -0.015301729
710990150843.4559             0.034702163
710991128049.2008             0.058034666
710992105254.9457             0.11017484
710993082460.6906             0.05072956
710994059666.4354             0.008534544
710995036872.1803             -0.0233738
710996014077.9252             -0.05962373
710996991283.6702             -0.025389738
710997968489.415              0.03905237
710998945695.1599             0.028603863
710999922900.9048             -0.057621934
711000900106.6497             -0.09893282
711001877312.3945             -0.045849063
711002854518.1395             -0.05349422
711003831723.8844             0.075436
711004808929.6293             0.04259656
711005786135.3741             -0.032474514
711006763341.119              0.012359821
711007740546.8639             0.020501737
711008717752.6088             0.034073364
711009694958.3538             -0.014025357
711010672164.0986             -0.052194953
711011649369.8435             -0.037688497
711012626575.5884             -0.029978586
711013603781.3333             0.05705519
711014580987.0781             -0.0023543576
711015558192.8231             -0.09612513
711016535398.568              -0.10580654
711017512604.3129             0.032922924
711018489810.0577             0.0315099
711019467015.8026             0.049115352
711020444221.5475             0.055562016
711021421427.2924             -0.012475436
711022398633.0374             0.018183975
711023375838.7822             0.04160713
711024353044.5271             0.088262685
711025330250.272              0.10190596
711026307456.0168             0.035531033
711027284661.7617             0.0064141825
711028261867.5067             0.02054497
711029239073.2516             -0.014865769
711030216278.9965             -0.036248315
711031193484.7413             -0.016110124
711032170690.4862             -0.02904295
711033147896.2311             0.0112459
711034125101.976              -0.03868081
711035102307.721              -0.15564573
711036079513.4658             0.0381611
711037056719.2107             0.08633061
711038033924.9556             -0.050690446
711039011130.7004             -0.020107044
711039988336.4453             0.0107575
711040965542.1903             -0.05051296
711041942747.9352             -0.037209436
711042919953.68               -0.096200496
711043897159.4249             -0.05635272
711044874365.1698             0.0233101
711045851570.9147             0.00934953
711046828776.6595             -0.020733098
711047805982.4045             -0.14055173
711048783188.1494             -0.06293068
711049760393.8943             0.07106096
711050737599.6392             0.050358545
711051714805.384              0.08410062
711052692011.1289             0.09766087
711053669216.8738             0.0027559197
711054646422.6188             -0.042037413
711055623628.3636             -0.0214179
711056600834.1085             -0.06604393
711057578039.8534             -0.051067848
711058555245.5983             0.07603614
711059532451.3431             0.032037307
711060509657.0881             -0.03545466
711061486862.833              -0.08721342
711062464068.5779             -0.087066405
711063441274.3228             -0.16413589
711064418480.0676             -0.062985346
711065395685.8125             -0.02177141
711066372891.5574             -0.0469934
711067350097.3024             -0.07424381
711068327303.0472             -0.12285457
711069304508.7921             -0.0032673934
711070281714.537              -0.016878603
711071258920.2819             0.0070677483
711072236126.0267             0.012599541
711073213331.7717             0.038585342
711074190537.5166             0.0036487624
711075167743.2615             -0.0462726
711076144949.0063             -0.030292416
711077122154.7512             -0.0016211768
711078099360.4961             -0.045508143
711079076566.241              -0.04422188
711080053771.986              0.03517885
711081030977.7308             0.01633348
711082008183.4757             0.054550003
711082985389.2206             -0.0697019
711083962594.9655             0.09245094
711084939800.7103             0.092291944
711085917006.4553             0.038076468
711086894212.2002             0.08796969
711087871417.9451             0.039408877
711088848623.69               0.02086987
711089825829.4348             -0.0020045834
711090803035.1797             0.019237038
711091780240.9246             0.035651863
711092757446.6696             0.042309314
711093734652.4144             0.0036195847
711094711858.1593             -0.000677677
711095689063.9042             -0.03339327
711096666269.649              -0.010338595
711097643475.3939             -0.035284333
711098620681.1389             -0.051074874
711099597886.8838             0.034350697
711100575092.6287             0.06068006
711101552298.3735             0.012219108
711102529504.1184             -0.05217796
711103506709.8633             -0.062787116
711104483915.6082             -0.037125304
711105461121.3531             0.05872425
711106438327.098              0.11000107
711107415532.8429             0.06985144
711108392738.5878             -0.07050966
711109369944.3326             -0.106766455
711110347150.0775             -0.06776764
711111324355.8225             0.0235527
711112301561.5674             0.018124245
711113278767.3123             0.021851553
711114255973.0571             -0.016125364
711115233178.802              0.0520249
711116210384.5469             0.026418064
711117187590.2917             -0.04648372
711118164796.0367             -0.105251916
711119142001.7816             -0.014168903
711120119207.5265             0.10336182
711121096413.2714             0.07292019
711122073619.0162             -0.002062343
711123050824.7611             0.044992574
711124028030.5061             0.041137833
711125005236.251              0.00015208853
711125982441.9958             0.014519348
711126959647.7407             0.042416822
711127936853.4856             0.052520406
711128914059.2305             0.10455537
711129891264.9753             0.03761427
711130868470.7203             0.06392255
711131845676.4652             -0.034365688
711132822882.2101             -0.028728789
711133800087.955              0.04705181
711134777293.6998             0.048899144
711135754499.4447             0.0123338485
711136731705.1897             -0.03480594
711137708910.9346             -0.07503396
711138686116.6794             0.041003224
711139663322.4243             0.04531553
711140640528.1692             -0.02214262
711141617733.9141             -0.026986748
711142594939.6589             -0.008570216
711143572145.4039             -0.005338694
711144549351.1488             0.027475901
711145526556.8937             -0.032158546
711146503762.6385             -0.02355037
711147480968.3834             0.021509795
711148458174.1283             -0.026787765
711149435379.8733             -0.02875133
711150412585.6182             -0.07068761
711151389791.363              -0.025868008
711152366997.1079             -0.021186752
711153344202.8528             -0.11507149
711154321408.5977             -0.090891376
711155298614.3425             -0.17600758
711156275820.0875             -0.10995831
711157253025.8324             0.03293982
711158230231.5773             0.11172714
711159207437.3221             0.009336495
711160184643.067              0.02709749
711161161848.8119             0.090021394
711162139054.5569             -0.012588571
711163116260.3018             -0.034246903
711164093466.0466             0.05058938
711165070671.7915             0.05430428
711166047877.5364             0.0014638947
711167025083.2812             -0.055159092
711168002289.0261             0.036188085
711168979494.7711             0.007491357
711169956700.516              0.005537075
711170933906.2609             0.07481628
711171911112.0057             0.078310706
711172888317.7506             -0.022091977
711173865523.4955             -0.09825379
711174842729.2405             -0.08217648
711175819934.9854             -0.0603779
711176797140.7302             0.023005435
711177774346.4751             0.11807295
711178751552.22               0.07146257
711179728757.9648             0.0726559
711180705963.7097             0.11177612
711181683169.4547             0.056538183
711182660375.1996             -0.041188885
711183637580.9445             -0.027563378
711184614786.6893             0.083137795
711185591992.4342             0.06550125
711186569198.1791             0.037951063
711187546403.9241             0.03231278
711188523609.669              -0.13864109
711189500815.4138             -0.06802084
711190478021.1587             -0.052790713
711191455226.9036             0.022289993
711192432432.6484             0.018577555
711193409638.3933             -0.0005723664
711194386844.1383             -0.032388017
711195364049.8832             -0.029304232
711196341255.628              0.081233166
711197318461.3729             0.090150006
711198295667.1178             -0.043984104
711199272872.8627             -0.03582631
711200250078.6077             0.044486593
711201227284.3525             -0.16209565
711202204490.0974             -0.014315346
711203181695.8423             -0.0035654677
711204158901.5872             -0.0411877
711205136107.332              -0.0554535
711206113313.0769             0.010407298
711207090518.8219             0.012748396
711208067724.5668             -0.036171526
711209044930.3116             0.038291603
711210022136.0565             0.088718094
711210999341.8014             0.13042773
711211976547.5463             0.105091594
711212953753.2913             0.046730887
711213930959.0361             0.034067478
711214908164.781              0.05756005
711215885370.5259             -0.032972917
711216862576.2708             -0.046504363
711217839782.0156             -0.011300457
711218816987.7605             -0.07253384
711219794193.5055             -0.10447091
711220771399.2504             -0.056555934
711221748604.9952             -0.05404596
711222725810.7401             -0.039050642
711223703016.485              -0.04533348
711224680222.2299             -0.027040983
711225657427.9749             -0.030941095
711226634633.7197             0.082243256
711227611839.4646             -0.017786369
711228589045.2095             -0.11396484
711229566250.9543             -0.10529369
711230543456.6992             -0.074661605
711231520662.4441             0.041058727
711232497868.1891             0.012921834
711233475073.934              0.06770508
711234452279.6788             0.009641182
711235429485.4237             -0.04069148
711236406691.1686             -0.044314105
711237383896.9135             0.058805622
711238361102.6584             0.020328306
711239338308.4033             -0.04182303
711240315514.1482             -0.042218644
711241292719.8931             -0.021091271
711242269925.638              -0.05679373
711243247131.3828             -0.06819636
711244224337.1277             -0.05144052
711245201542.8727             -0.101877674
711246178748.6176             -0.06256187
711247155954.3624             -0.084461525
711248133160.1073             -0.076438226
711249110365.8522             -0.028910529
711250087571.597              -0.03202215
711251064777.3419             -0.02787248
711252041983.0869             -0.0052022617
711253019188.8318             0.028306942
711253996394.5767             0.08285269
711254973600.3215             0.17539334
711255950806.0664             0.10479095
711256928011.8113             0.011647066
711257905217.5563             0.019790728
711258882423.3011             -0.004679084
711259859629.046              -0.03910658
711260836834.7909             -0.023571724
711261814040.5358             0.029466696
711262791246.2806             -0.04110674
711263768452.0255             -0.0990233
711264745657.7705             0.0020696241
711265722863.5154             0.0006792752
711266700069.2603             0.003571546
711267677275.0051             0.0729846
711268654480.75               0.06723992
711269631686.4949             0.050024755
711270608892.2399             0.01632771
711271586097.9847             0.036015954
711272563303.7296             -0.006732376
711273540509.4745             0.07932794
711274517715.2194             0.038038675
711275494920.9642             -0.022129653
711276472126.7091             -0.010365354
711277449332.4541             0.0381856
711278426538.199              -0.0028596479
711279403743.9438             -0.11431158
711280380949.6887             -0.10443346
711281358155.4336             -0.077026874
711282335361.1785             -0.06146864
711283312566.9235             -0.044757128
711284289772.6683             -0.06784473
711285266978.4132             -0.05745939
711286244184.1581             0.021498699
711287221389.903              -0.01631121
711288198595.6478             -0.015102932
711289175801.3927             0.03856478
711290153007.1377             0.16261327
711291130212.8826             0.066262014
711292107418.6274             -0.068309516
711293084624.3723             -0.024765303
711294061830.1172             0.08730374
711295039035.862              0.015363871
711296016241.607              -0.05733954
711296993447.3519             -0.0952805
711297970653.0968             -0.04215228
711298947858.8417             -0.009375642
711299925064.5865             0.046600748
711300902270.3314             0.06594697
711301879476.0763             0.10640072
711302856681.8213             -0.0048950347
711303833887.5662             0.010107081
711304811093.311              0.07421087
711305788299.0559             0.020048922
711306765504.8008             -0.059547976
711307742710.5457             -0.01532983
711308719916.2906             -0.032020025
711309697122.0355             0.0055977707
711310674327.7804             -0.037045114
711311651533.5253             -0.07370623
711312628739.2701             -0.020086247
711313605945.015              0.050605096
711314583150.7599             -0.034852818
711315560356.5049             -0.028539507
711316537562.2498             0.057793524
711317514767.9946             0.052026905
711318491973.7395             0.05286026
711319469179.4844             0.03131375
711320446385.2292             0.009851709
711321423590.9742             0.013829299
711322400796.7191             0.020403897
711323378002.464              0.0555381
711324355208.2089             0.035503156
711325332413.9537             -0.0062341634
711326309619.6986             -0.06165961
711327286825.4435             -0.11345494
711328264031.1885             -0.10243765
711329241236.9333             0.017150195
711330218442.6782             0.042709056
711331195648.4231             0.018227637
711332172854.168              0.047170885
711333150059.9128             -0.005623234
711334127265.6578             -0.043222748
711335104471.4027             0.015233739
711336081677.1476             -0.035000566
711337058882.8925             -0.102393284
711338036088.6373             -0.02612757
711339013294.3822             -0.0015897914
711339990500.1271             -0.040313855
711340967705.8721             -0.010264934
711341944911.617              0.015928272
711342922117.3618             0.07612152
711343899323.1067             0.1150227
711344876528.8516             0.1203666
711345853734.5964             0.070258506
711346830940.3414             0.103223704
711347808146.0863             0.021892948
711348785351.8312             0.025319412
711349762557.576              0.0457898
711350739763.3209             -0.07352824
711351716969.0658             -0.040909156
711352694174.8107             -0.103347115
711353671380.5557             -0.1226509
711354648586.3005             -0.08477584
711355625792.0454             0.0035754465
711356602997.7903             -0.08278595
711357580203.5352             -0.120625205
711358557409.28               -0.11620948
711359534615.025              -0.042930745
711360511820.7699             0.0094302185
711361489026.5148             -0.031126203
711362466232.2596             -0.024935132
711363443438.0045             0.02496759
711364420643.7494             0.044887733
711365397849.4943             0.098080546
711366375055.2393             0.105344616
711367352260.9841             0.035721008
711368329466.729              0.014157528
711369306672.4739             -0.009528614
711370283878.2188             -0.04659263
711371261083.9636             -0.05296176
711372238289.7086             -0.023887675
711373215495.4535             0.06613422
711374192701.1984             -0.006538742
711375169906.9432             -0.01570469
711376147112.6881             0.04505219
711377124318.433              0.115746506
711378101524.1779             0.08192613
711379078729.9229             0.0053926017
711380055935.6677             0.03783533
711381033141.4126             0.019917537
711382010347.1575             0.07172873
711382987552.9023             0.061543252
711383964758.6472             0.039983187
711384941964.3922             0.06406542
711385919170.1371             -0.006029006
711386896375.882              -0.10580024
711387873581.6268             -0.12733427
711388850787.3717             -0.06499213
711389827993.1166             -0.008210471
711390805198.8615             -0.03778879
711391782404.6064             -0.05059012
711392759610.3513             0.0294174
711393736816.0962             -0.02367446
711394714021.8411             -0.14578523
711395691227.5859             -0.0932691
711396668433.3308             -0.02597334
711397645639.0758             -0.03065298
711398622844.8207             -0.06490776
711399600050.5656             -0.0053088786
711400577256.3104             0.019019857
711401554462.0553             -0.08480074
711402531667.8002             -0.027627407
711403508873.545              0.078934215
711404486079.29               0.07841083
711405463285.0349             -0.0105606895
711406440490.7798             0.026331386
711407417696.5247             -0.005269569
711408394902.2695             -0.06384035
711409372108.0144             -0.06174428
711410349313.7594             0.023721863
711411326519.5043             0.03684378
711412303725.2491             -0.025635105
711413280930.994              -0.1030078
711414258136.7389             -0.046457916
711415235342.4838             0.020712541
711416212548.2286             0.008897444
711417189753.9736             0.012066525
711418166959.7185             -0.059713185
711419144165.4634             -0.09022206
711420121371.2083             -0.006770792
711421098576.9531             -0.038127057
711422075782.698              -0.050600264
711423052988.443              -0.07361067
711424030194.1879             -0.01842388
711425007399.9327             0.08345748
711425984605.6776             0.098865084
711426961811.4225             0.06594481
711427939017.1674             0.03056183
711428916222.9122             0.07153112
711429893428.6572             0.024062825
711430870634.4021             0.02302091
711431847840.147              0.1299643
711432825045.8918             0.078978725
711433802251.6367             0.0022218702
711434779457.3816             -0.019206112
711435756663.1266             0.049620766
711436733868.8715             0.113208696
711437711074.6163             0.112899795
711438688280.3612             -0.015582387
711439665486.1061             0.05253244
711440642691.851              -0.0017935608
711441619897.5958             0.016123991
711442597103.3408             0.020672139
711443574309.0857             -0.056535907
711444551514.8306             -0.047823958
711445528720.5754             -0.06089335
711446505926.3203             -0.05890915
711447483132.0652             0.019424912
711448460337.81               -0.035421602
711449437543.555              -0.01284805
711450414749.2999             -0.007860165
711451391955.0448             0.0790228
711452369160.7897             0.02495796
711453346366.5345             -0.092157505
711454323572.2794             0.0071149403
711455300778.0244             0.07590975
711456277983.7693             0.10129019
711457255189.5142             0.060444135
711458232395.259              0.052275382
711459209601.0039             0.086660475
711460186806.7488             0.063301004
711461164012.4937             -0.040109444
711462141218.2386             -0.028298799
711463118423.9835             -0.055937074
711464095629.7284             -0.036790296
711465072835.4733             -0.020118406
711466050041.2181             0.046470482
711467027246.963              -0.015083026
711468004452.708              -0.11954511
711468981658.4529             -0.082502775
711469958864.1978             -0.1342761
711470936069.9426             0.02056507
711471913275.6875             0.06433504
711472890481.4324             0.049600054
711473867687.1772             0.065409824
711474844892.9222             0.075126484
711475822098.6671             -0.05460734
711476799304.412              -0.11699055
711477776510.1569             -0.1453156
711478753715.9017             -0.07322094
711479730921.6466             -0.03490037
711480708127.3916             -0.09615342
711481685333.1365             0.0073545817
711482662538.8813             0.0062408615
711483639744.6262             -0.050663237
711484616950.3711             -0.017742656
711485594156.116              -0.006863858
711486571361.8608             -0.09057719
711487548567.6058             -0.19090654
711488525773.3507             -0.0961663
711489502979.0956             0.008100987
711490480184.8405             0.052516334
711491457390.5853             0.0704676
711492434596.3302             0.03276498
711493411802.0752             0.034016382
711494389007.8201             0.046083856
711495366213.565              0.13991737
711496343419.3098             0.049296606
711497320625.0547             -0.031012751
711498297830.7996             0.0101896785
711499275036.5444             -0.059163913
711500252242.2894             -0.034831155
711501229448.0343             0.033336494
711502206653.7792             -0.004597025
711503183859.524              -0.032824945
711504161065.2689             -0.10083305
711505138271.0138             0.020477476
711506115476.7588             -0.023049472
711507092682.5037             -0.030178944
711508069888.2485             -0.025230248
711509047093.9934             0.030169256
711510024299.7383             -0.061920803
711511001505.4832             0.010136227
711511978711.228              0.06954203
711512955916.973              -0.022967407
711513933122.7179             -0.03020264
711514910328.4628             0.0035557526
711515887534.2076             0.015144955
711516864739.9525             0.032249585
711517841945.6974             0.030022481
711518819151.4424             -0.057225917
711519796357.1873             -0.07630109
711520773562.9321             0.016435537
711521750768.677              0.03690413
711522727974.4219             0.100152224
711523705180.1667             0.029170843
711524682385.9116             0.03640876
711525659591.6566             0.023571944
711526636797.4015             -0.052690566
711527614003.1464             -0.0020424626
711528591208.8912             -0.011267508
711529568414.6361             0.02084958
711530545620.381              0.055396084
711531522826.126              0.039413955
711532500031.8708             0.0127795255
711533477237.6157             -0.018270157
711534454443.3606             -0.036567986
711535431649.1055             -0.080097795
711536408854.8503             -0.043512624
711537386060.5952             -0.09916961
711538363266.3402             -0.0438797
711539340472.0851             0.019026687
711540317677.83               0.039040867
711541294883.5748             0.05474133
711542272089.3197             0.07372623
711543249295.0646             -0.068028994
711544226500.8096             -0.21862054
711545203706.5544             -0.09157982
711546180912.2993             -0.117812574
711547158118.0442             -0.020931114
711548135323.7891             0.06432838
711549112529.5339             0.013006269
711550089735.2788             0.020920541
711551066941.0238             -0.03948929
711552044146.7687             -0.08823476
711553021352.5135             0.009693266
711553998558.2584             0.16223453
711554975764.0033             0.07501497
711555952969.7482             0.09623814
711556930175.4932             0.0833895
711557907381.238              -0.023178825
711558884586.9829             -0.003499092
711559861792.7278             0.060619824
711560838998.4727             0.029619364
711561816204.2175             -0.040085368
711562793409.9624             0.016499273
711563770615.7074             0.016708989
711564747821.4523             -0.04657947
711565725027.1971             0.03405647
711566702232.942              0.07172353
711567679438.6869             0.05839423
711568656644.4318             -0.03882376
711569633850.1768             -0.07439229
711570611055.9216             0.04996202
711571588261.6665             0.097181395
711572565467.4114             -0.0603635
711573542673.1562             -0.2189425
711574519878.9011             -0.044291154
711575497084.646              0.069386445
711576474290.391              0.10061608
711577451496.1359             0.1268846
711578428701.8807             -0.05759457
711579405907.6256             -0.028234264
711580383113.3705             0.06235134
711581360319.1154             -0.016458735
711582337524.8604             -0.07659334
711583314730.6052             -0.10543222
711584291936.3501             -0.054513823
711585269142.095              -0.019714046
711586246347.8398             -0.049399562
711587223553.5847             -0.010875933
711588200759.3296             0.008066997
711589177965.0746             -0.020353204
711590155170.8195             -0.06450951
711591132376.5643             0.0067494055
711592109582.3092             -0.00096190127
711593086788.0541             -0.034231316
711594063993.799              0.043211613
711595041199.544              0.05741193
711596018405.2888             -0.02786122
711596995611.0337             -0.024848504
711597972816.7786             -0.028505739
711598950022.5234             -0.004967845
711599927228.2683             -0.11445713
711600904434.0132             -0.076136276
711601881639.7582             -0.035226017
711602858845.503              -0.028012808
711603836051.2479             -0.032076437
711604813256.9928             -0.034953337
711605790462.7377             -0.07742371
711606767668.4825             -0.04521696
711607744874.2275             -0.0023881267
711608722079.9724             0.036923237
711609699285.7173             0.04966268
711610676491.4622             -0.0053451373
711611653697.207              -0.011860093
711612630902.9519             0.023689117
711613608108.6968             -0.01800497
711614585314.4418             -0.02940542
711615562520.1866             -0.023626324
711616539725.9315             -0.013695048
711617516931.6764             -0.037906304
711618494137.4213             -0.07208589
711619471343.1661             -0.044890154
711620448548.9111             0.05983723
711621425754.656              0.13461009
711622402960.4009             0.18426666
711623380166.1458             0.18101588
711624357371.8906             0.08747562
711625334577.6355             -0.01642649
711626311783.3804             0.10751617
711627288989.1254             0.056532554
711628266194.8702             -0.022951003
711629243400.6151             -0.02470742
711630220606.36               -0.094767936
711631197812.1049             -0.04979953
711632175017.8497             -0.025490612
711633152223.5947             -0.027225541
711634129429.3396             0.028408483
711635106635.0845             -0.046439484
711636083840.8293             -0.039364465
711637061046.5742             0.044118647
711638038252.3191             0.06349625
711639015458.064              -0.0025431023
711639992663.809              -0.03922767
711640969869.5538             -0.009522897
711641947075.2987             -0.009722403
711642924281.0436             0.096071176
711643901486.7885             0.14667235
711644878692.5333             0.08529261
711645855898.2783             0.10811581
711646833104.0232             0.13628045
711647810309.7681             0.09991057
711648787515.513              0.08785952
711649764721.2578             0.039525628
711650741927.0027             0.019965706
711651719132.7476             -0.039156236
711652696338.4926             -0.122514404
711653673544.2374             -0.049350515
711654650749.9823             0.03045024
711655627955.7272             0.032724075
711656605161.472              0.007859259
711657582367.2169             0.07303104
711658559572.9618             -0.011971387
711659536778.7068             -0.07195686
711660513984.4517             -0.10738992
711661491190.1965             -0.048330206
711662468395.9414             0.12284304
711663445601.6863             0.093690276
711664422807.4312             -0.029419528
711665400013.1761             -0.0020605072
711666377218.921              -0.03972416
711667354424.6659             0.025700111
711668331630.4108             0.045421205
711669308836.1556             -0.09166084
711670286041.9005             -0.044119805
711671263247.6454             0.06362362
711672240453.3904             -0.02869648
711673217659.1353             -0.025554804
711674194864.8801             0.010516872
711675172070.625              -0.033865802
711676149276.3699             -0.012059904
711677126482.1147             0.0182512
711678103687.8597             -0.049189955
711679080893.6046             -0.012894058
711680058099.3495             -0.0021081096
711681035305.0944             -0.07126556
711682012510.8392             -0.054497067
711682989716.5841             -0.03161985
711683966922.329              -0.16311376
711684944128.074              -0.10011442
711685921333.8188             -0.035164688
711686898539.5637             -0.053390253
711687875745.3086             0.004237937
711688852951.0535             0.025412144
711689830156.7983             0.03172583
711690807362.5433             -0.01713211
711691784568.2882             -0.047446273
711692761774.0331             -0.019806981
711693738979.778              -0.059331723
711694716185.5228             -0.071416385
711695693391.2677             -0.058442242
711696670597.0126             -0.020406475
711697647802.7576             -0.009760549
711698625008.5024             0.061914254
711699602214.2473             -0.010428008
711700579419.9922             -0.07176742
711701556625.737              -0.067912735
711702533831.4819             -0.016465027
711703511037.2269             0.00081990927
711704488242.9718             0.006781668
711705465448.7167             0.0021826334
711706442654.4615             0.031381626
711707419860.2064             0.03839771
711708397065.9513             -0.04279363
711709374271.6962             -0.071097806
711710351477.4412             -0.052026458
711711328683.186              0.056659527
711712305888.9309             0.11136898
711713283094.6758             0.14700463
711714260300.4207             0.05726338
711715237506.1655             0.034820367
711716214711.9105             0.10387873
711717191917.6554             0.09155984
711718169123.4003             0.052253004
711719146329.1451             0.040655613
711720123534.89               0.090775885
711721100740.6349             0.09261824
711722077946.3798             -0.022314183
711723055152.1248             -0.115995474
711724032357.8696             -0.09927145
711725009563.6145             0.02379521
711725986769.3594             0.05407603
711726963975.1042             -0.031574734
711727941180.8491             -0.087206766
711728918386.5941             -0.040913966
711729895592.339              0.07869553
711730872798.0839             0.057468757
711731850003.8287             0.013795684
711732827209.5736             -0.09893108
711733804415.3185             -0.052130707
711734781621.0634             0.014676297
711735758826.8083             -0.01277191
711736736032.5532             -0.015630813
711737713238.2981             0.15260245
711738690444.043              0.122532696
711739667649.7878             0.034783237
711740644855.5327             0.015917594
711741622061.2777             0.04172264
711742599267.0226             0.031858396
711743576472.7675             0.117488384
711744553678.5123             0.11053695
711745530884.2572             0.07576588
711746508090.0021             -0.02035308
711747485295.747              -0.04856782
711748462501.492              -0.019126387
711749439707.2368             0.019701008
711750416912.9817             0.04082023
711751394118.7266             -0.020589126
711752371324.4714             -0.031458035
711753348530.2163             -0.099374816
711754325735.9613             -0.068498276
711755302941.7062             -0.03738927
711756280147.451              0.063245
711757257353.1959             0.14707455
711758234558.9408             0.20924163
711759211764.6857             0.15127881
711760188970.4305             0.013394741
711761166176.1755             -0.07723624
711762143381.9204             -0.069366194
711763120587.6653             -0.022258667
711764097793.4102             0.09063959
711765074999.155              0.100443795
711766052204.8999             0.033358097
711767029410.6449             -0.024075609
711768006616.3898             -0.03407298
711768983822.1346             -0.0638347
711769961027.8795             -0.057996757
711770938233.6244             -0.059462003
711771915439.3693             -0.04049731
711772892645.1141             -0.042060196
711773869850.8591             -0.033177044
711774847056.604              0.0112877395
711775824262.3489             -0.090461105
711776801468.0938             -0.05257799
711777778673.8386             0.09686111
711778755879.5835             -0.007674326
711779733085.3285             -0.08385466
711780710291.0734             -0.08764834
711781687496.8182             -0.038141258
711782664702.5631             -0.07495443
711783641908.308              -0.075468406
711784619114.0529             -0.06536319
711785596319.7977             0.06361112
711786573525.5427             0.046495922
711787550731.2876             -0.028930733
711788527937.0325             -0.022787273
711789505142.7773             0.02176172
711790482348.5222             0.06398601
711791459554.2671             -0.0034220517
711792436760.0121             -0.027883437
711793413965.757              0.07636584
711794391171.5018             0.03436295
711795368377.2467             -0.07016083
711796345582.9916             -0.09044189
711797322788.7365             0.007410694
711798299994.4813             -0.041300148
711799277200.2263             -0.0663411
711800254405.9712             -0.036365263
711801231611.7161             -0.017323289
711802208817.4609             -0.04481342
711803186023.2058             0.03529753
711804163228.9507             0.040393744
711805140434.6957             0.041044414
711806117640.4406             -0.060262445
711807094846.1854             -0.04234229
711808072051.9303             -0.07687446
711809049257.6752             -0.008798841
711810026463.42               0.015022027
711811003669.1649             0.107400246
711811980874.9099             0.1568939
711812958080.6548             0.104160696
711813935286.3997             0.06714414
711814912492.1445             0.07903791
711815889697.8894             -0.018513717
711816866903.6343             -0.08645398
711817844109.3793             -0.021182366
711818821315.1241             0.058489002
711819798520.869              0.06987284
711820775726.6139             -0.097986914
711821752932.3588             -0.17692904
711822730138.1036             -0.10267729
711823707343.8485             -0.036065437
711824684549.5935             0.013116051
711825661755.3384             0.04233291
711826638961.0833             0.018485798
711827616166.8281             0.11853616
711828593372.573              0.12701221
711829570578.3179             -0.006326945
711830547784.0629             -0.03374637
711831524989.8077             0.027572937
711832502195.5526             -0.058579694
711833479401.2975             -0.124722786
711834456607.0424             -0.108995944
711835433812.7872             0.026701361
711836411018.5321             0.03596169
711837388224.2771             -0.010839645
711838365430.022              -0.04029057
711839342635.7668             0.0499752
711840319841.5117             0.050368983
711841297047.2566             -0.026287727
711842274253.0015             -0.023878988
711843251458.7465             0.039996646
711844228664.4913             0.061536033
711845205870.2362             0.013032366
711846183075.9811             0.009524621
711847160281.726              0.06910051
711847975580.1                0.07633304
711848137487.4708             0.17523217
711848952785.9452             0.042567365
711849114693.2157             0.14357917
711849929991.7903             0.020492386
711850091898.9607             -0.035677727
711850907197.6355             -0.09833386
711851069104.7056             -0.13725029
711851884403.4806             -0.092532955
711852046310.4504             -0.24127294
711852861609.3258             -0.07638721
711853023516.1953             -0.16306166
711853838815.171              -0.09458356
711854000721.9402             -0.061553303
711854816021.0161             -0.043328375
711854977927.685              0.021935523
711855793226.8613             -0.021937154
711855955133.4299             -0.01208049
711856770432.7064             -0.092728265
711856932339.1749             -0.06379486
711857747638.5516             -0.09191062
711857909544.9198             -0.053890597
711858724844.3969             -0.077826865
711858886750.6647             -0.0709765
711859702050.242              0.023553437
711859863956.4095             -0.03014415
711860679256.0872             0.016334098
711860841162.1544             -0.0135976495
711861656461.9323             0.038889352
711861818367.8993             -0.0392609
711862633667.7775             0.09349009
711862795573.6443             0.060607508
711863610873.6227             0.09683093
711863772779.3892             0.051698238
711864588079.4678             0.037394907
711864749985.134              0.07616285
711865565285.313              0.030524356
711865727190.8789             0.071947835
711866542491.1581             0.0009069025
711866704396.6238             -0.043156475
711867519697.0033             0.085642405
711867681602.3687             0.052336495
711868496902.8484             0.17133036
711868658808.1135             0.16942142
711869474108.6936             0.16577633
711869636013.8585             0.21267492
711870451314.5388             0.057832435
711870613219.6034             0.20721659
711871428520.3839             -0.012727082
711871590425.3483             0.06611022
711872405726.2291             0.011716797
711872567631.0931             0.03258787
711873382932.0742             -0.051160067
711873544836.838              -0.0032634195
711874360137.9194             -0.09737825
711874522042.5829             -0.009344788
711875337343.7646             -0.058258064
711875499248.3279             0.07680035
711876314549.6097             -0.034840938
711876476454.0728             0.05112619
711877291755.455              -0.05549221
711877453659.8176             0.051133964
711878268961.3                0.014596878
711878430865.5625             0.04219119
711879246167.1453             0.04964207
711879408071.3074             0.054604635
711880223372.9905             0.016539918
711880385277.0522             0.09596914
711881200578.8356             -0.04321583
711881362482.7971             0.0013381027
711882177784.6808             -0.07801201
711882339688.5421             -0.14126918
711883154990.5259             -0.022604933
711883316894.287              -0.120467335
711884132196.3711             -0.0033767743
711884294100.0319             -0.049422875
711885109402.2163             -0.051927757
711885271305.7767             -0.020756032
711886086608.0614             -0.022576088
711886248511.5216             -0.05776595
711887063813.9066             0.10734507
711887225717.2665             0.061212182
711888041019.7517             0.1413041
711888202923.0115             0.20053905
711889018225.5969             0.10046078
711889180128.7563             0.07012395
711889995431.4421             0.062508315
711890157334.5012             0.06434863
711890972637.2872             0.053539045
711891134540.2461             0.12102539
711891949843.1324             -0.067172945
711892111745.991              0.102745496
711892927048.9775             -0.02545756
711893088951.7358             -0.017615661
711893904254.8228             -0.042190526
711894066157.4807             -0.053378616
711894881460.668              0.029468523
711895043363.2257             -0.07039244
711895858666.5131             -0.016663127
711896020568.9706             0.06343481
711896835872.3583             -0.00016029153
711896997774.7155             0.006384397
711897813078.2034             0.024298336
711897974980.4603             -0.013874306
711898790284.0486             0.08117434
711898952186.2052             0.030507233
711899767489.8938             0.08203128
711899929391.9501             0.14136726
711900744695.7389             0.0767393
711900906597.6951             0.14747107
711901721901.5841             0.021635113
711901883803.44               0.031360503
711902699107.4292             0.014443783
711902861009.1848             -0.081017025
711903676313.2744             0.043226123
711903838214.9297             -0.034283504
711904653519.1196             0.013905249
711904815420.6746             0.055497304
711905630724.9647             0.020297661
711905792626.4194             -0.0075810305
711906607930.8099             0.047549542
711906769832.1643             0.0568317
711907585136.655              0.039749984
711907747037.9093             0.07926868
711908562342.5002             0.00407297
711908724243.6542             0.03397892
711909539548.3453             -0.052705176
711909701449.399              0.040696938
711910516754.1906             -0.10586666
711910678655.1439             -0.01821364
711911493960.0358             -0.047033742
711911655860.8888             0.03994589
711912471165.8809             -0.06392487
711912633066.6337             0.10438688
711913448371.7261             -0.10813796
711913610272.3787             0.031388316
711914425577.5712             -0.064860836
711914587478.1235             -0.056780543
711915402783.4164             0.08452264
711915564683.8684             -0.08262787
711916379989.2616             0.044141818
711916541889.6133             0.050528836
711917357195.1067             -0.067101054
711917519095.3582             -0.021819059
711918334400.9519             0.013111337
711918496301.103              -0.073486425
711919311606.797              0.09510315
711919473506.8479             0.016764754
711920288812.6422             0.0024461113
711920450712.5929             0.10782056
711921266018.4874             0.010712883
711921427918.3378             0.063184105
711922243224.3325             -0.057058226
711922405124.0826             0.017066563
711923220430.1777             0.02615757
711923382329.8275             -0.103641964
711924197636.0228             0.102547154
711924359535.5724             0.002214415
711925174841.868              0.01963701
711925336741.3173             0.035854604
711926152047.7133             0.0013937766
711926313947.0623             -0.052241728
711927129253.5583             0.09994586
711927291152.8071             -0.022804141
711928106459.4036             0.060444236
711928268358.552              0.036631204
711929083665.2487             0.081541784
711929245564.2969             0.07936045
711930060871.0939             0.07441821
711930222770.0417             0.039138623
711931038076.9391             0.07983999
711931199975.7866             0.027479904
711932015282.7842             0.086140834
711932177181.5315             0.056880422
711932992488.6294             0.04910363
711933154387.2765             0.07579667
711933969694.4745             0.03800445
711934131593.0214             0.14953315
711934946900.3197             -0.010687717
711935108798.7662             0.15477872
711935924106.1649             -0.13126276
711936086004.5111             0.11004004
711936901312.01               -0.12302217
711937063210.256              0.011759785
711937878517.8552             0.04229056
711938040416.0009             0.007184148
711938855723.7003             -0.014989705
711939017621.7458             -0.04165975
711939832929.5455             -0.028371908
711939994827.4907             -0.14224327
711940810135.3907             0.031321406
711940972033.2356             -0.06292101
711941787341.2358             0.063248254
711941949238.9805             0.15397014
711942764547.081              0.020272063
711942926444.7253             0.068929195
711943741752.9261             -0.0076001016
711943903650.4702             -0.059734233
711944718958.7714             -0.034516837
711944880856.2151             -0.07662591
711945696164.6166             -0.12099202
711945858061.9601             -0.031406295
711946673370.4617             -0.10794698
711946835267.705              -0.031857036
711947650576.3069             -0.009072903
711947812473.4498             -0.11562406
711948627782.152              0.0127004925
711948789679.1947             -0.090200365
711949604987.9972             -0.057818692
711949766884.9396             -1.7033188e-05
711950582193.8423             -0.045289524
711950744090.6844             -0.13030335
711951559399.6875             0.014920882
711951721296.4294             -0.009828251
711952536605.5327             0.05635178
711952698502.1743             0.06812853
711953513811.3778             0.047429305
711953675707.9192             0.015057097
711954491017.223              0.010479701
711954652913.6641             -0.04477569
711955468223.0681             0.0694874
711956445428.9133             0.0082905395
711957422634.7585             -0.009671646
711958399840.6036             0.021371573
711959377046.4489             0.011360742
711960354252.294              -0.005410522
711961331458.1392             -0.04629994
711962308663.9844             -0.06829614
711963285869.8295             -0.0005160079
711964263075.6747             0.03760812
711965240281.5198             0.025040139
711966217487.365              -0.01090102
711967194693.2102             -0.01633589
711968171899.0553             -0.020919798
711969149104.9005             -0.05362845
711970126310.7456             -0.0034790477
711971103516.5908             0.005824165
711972080722.436              0.034480423
711973057928.2811             -0.014503319
711974035134.1263             0.015665427
711975012339.9714             0.012993539
711975989545.8167             0.08244725
711976966751.6619             0.05372553
711977943957.507              -0.049170926
711978921163.3522             -0.08632528
711979898369.1973             -0.07317602
711980875575.0425             0.019770823
711981852780.8877             0.08748517
711982829986.7328             0.10739179
711983807192.578              0.11503626
711984784398.4231             0.089444995
711985761604.2683             0.091979176
711986738810.1134             -0.028907524
711987716015.9586             -0.03289353
711988693221.8038             0.08320711
711989670427.6489             0.031611893
711990647633.4941             0.05203499
711991624839.3392             0.060138106
711992602045.1844             0.0004622993
711993579251.0297             -0.0037932757
711994556456.8748             -0.015737012
711995533662.72               0.021337362
711996510868.5651             0.07507301
711997488074.4103             0.11156318
711998465280.2555             0.110380046
711999442486.1006             -0.033653248
712000419691.9458             -0.0064663407
712001396897.7909             0.019436147
712002374103.6361             -0.051887132
712003351309.4813             -0.10248442
712004328515.3264             -0.097563155
712005305721.1716             -0.09767606
712006282927.0167             0.0168116
712007260132.8619             0.015199931
712008237338.7072             -0.062418986
712009214544.5522             -0.13645124
712010191750.3975             -0.12585454
712011168956.2426             -0.08337085
712012146162.0878             -0.06838344
712013123367.933              -0.003489099
712014100573.7781             0.07409994
712015077779.6233             -0.025503526
712016054985.4684             -0.07977754
712017032191.3136             -0.13401276
712018009397.1588             -0.006357151
712018986603.0039             0.061503313
712019963808.8491             -0.052076515
712020941014.6942             0.053119954
712021918220.5394             0.08333275
712022895426.3846             -0.0008286302
712023872632.2297             -0.08594006
712024849838.075              -0.09689319
712025827043.92               -0.016238298
712026804249.7653             0.05281493
712027781455.6104             0.049096506
712028758661.4556             -0.017000988
712029735867.3008             -0.08272695
712030713073.1459             -0.037145197
712031690278.9911             0.011643339
712032667484.8362             0.103576705
712033644690.6814             0.09200996
712034621896.5266             0.07258286
712035599102.3717             0.030969786
712036576308.2169             0.008353581
712037553514.062              -0.0388641
712038530719.9072             -0.062491287
712039507925.7524             -0.010316607
712040485131.5975             0.07342786
712041462337.4427             0.14834364
712042439543.2878             0.088251136
712043416749.133              0.12731628
712044393954.9783             0.036961034
712045371160.8234             0.070457175
712046348366.6686             0.06723214
712047325572.5137             -0.041612472
712048302778.3589             -0.08513272
712049279984.2041             -0.04492527
712050257190.0492             0.0669026
712051234395.8944             0.015906187
712052211601.7395             0.06797058
712053188807.5847             0.0253498
712054166013.4299             0.021379458
712055143219.275              0.020640913
712056120425.1202             -0.028431725
712057097630.9653             -0.04793066
712058074836.8105             -0.02071305
712059052042.6558             -0.0033609837
712060029248.5009             0.0015220424
712061006454.3461             0.011699337
712061983660.1912             0.03760014
712062960866.0364             0.038720034
712063938071.8816             0.10718706
712064915277.7267             0.06904672
712065892483.5719             -0.004194182
712066869689.417              0.011042916
712067846895.2622             -0.019491142
712068824101.1073             -0.13999005
712069801306.9525             -0.13017412
712070778512.7977             0.025905313
712071755718.6428             -0.01024773
712072732924.488              -0.031088067
712073710130.3331             0.13777451
712074687336.1783             0.14014703
712075664542.0236             0.018694595
712076641747.8687             -0.047074005
712077618953.7139             0.054189045
712078596159.559              -0.0537318
712079573365.4042             -0.03614303
712080550571.2494             -0.049091153
712081527777.0945             -0.02199003
712082504982.9397             -0.07468685
712083482188.7848             -0.09568994
712084459394.63               0.04164169
712085436600.4752             0.036270455
712086413806.3203             0.01764025
712087391012.1655             -0.052818034
712088368218.0106             -0.0348643
712089345423.8558             1.0013308e-05
712090322629.701              0.04005751
712091299835.5461             0.20704047
712092277041.3914             0.04537107
712093254247.2365             -0.04297848
712094231453.0817             -0.04680168
712095208658.9269             -0.0502529
712096185864.772              -0.04281038
712097163070.6172             -0.0022473407
712098140276.4623             0.042181984
712099117482.3075             0.053768124
712100094688.1527             -0.026037874
712101071893.9978             0.009591692
712102049099.843              0.00011007798
712103026305.6881             -0.015175424
712104003511.5333             -0.082415916
712104980717.3784             -0.045510635
712105957923.2236             -0.031808067
712106935129.0688             -0.040063493
712107912334.914              -0.013595821
712108889540.7592             -0.0006782332
712109866746.6042             -0.033059817
712110843952.4495             -0.08420605
712111821158.2947             -0.100863
712112798364.1398             -0.019800812
712113775569.985              -0.051590458
712114752775.8301             0.0356163
712115729981.6753             0.13041344
712116707187.5205             0.052829582
712117684393.3656             0.028404506
712118661599.2108             -0.056622963
712119638805.0559             -0.0050281966
712120616010.9011             0.020290127
712121593216.7463             0.01969563
712122570422.5914             -0.08314325
712123547628.4366             -0.07513137
712124524834.2817             0.048285577
712125502040.127              0.15177222
712126479245.9722             0.13178657
712127456451.8173             0.065433405
712128433657.6625             0.10373211
712129410863.5076             0.12817533
712130388069.3528             0.08610985
712131365275.198              0.05252115
712132342481.0431             0.092730165
712133319686.8883             0.05853349
712134296892.7334             0.08791098
712135274098.5786             0.08785474
712136251304.4238             0.042881325
712137228510.2689             0.010845312
712138205716.1141             0.052266452
712139182921.9592             -0.041942384
712140160127.8044             -0.04880749
712141137333.6497             -0.0049193753
712142114539.4948             0.024153866
712143091745.34               -0.010366548
712144068951.185              -0.01900603
712145046157.0303             -0.05979404
712146023362.8754             -0.09554699
712147000568.7206             -0.07457791
712147977774.5658             -0.00081243983
712148954980.4109             -0.11432628
712149932186.2561             -0.043517176
712150909392.1012             -0.044498824
712151886597.9464             -0.008681267
712152863803.7916             -0.030751409
712153841009.6367             -0.144992
712154818215.4819             -0.013571143
712155795421.327              0.032177173
712156772627.1722             -0.08684712
712157749833.0175             -0.14496242
712158727038.8625             -0.013161087
712159704244.7078             0.05022542
712160681450.5529             0.028325029
712161658656.3981             0.0347997
712162635862.2433             -0.073428355
712163613068.0884             0.036437277
712164590273.9336             0.16816147
712165567479.7787             0.04389062
712166544685.6239             -0.04637354
712167521891.4691             -0.006680752
712168499097.3142             0.008276164
712169476303.1594             0.08937627
712170453509.0045             0.021539202
712171430714.8497             0.041043278
712172407920.695              0.034132585
712173385126.54               0.0070104343
712174362332.3853             -0.081870876
712175339538.2303             0.03849027
712176316744.0756             0.11250677
712177293949.9208             0.11902433
712178271155.7659             0.087755725
712179248361.6111             -0.060160913
712180225567.4562             -0.02783694
712181202773.3014             0.007916559
712182179979.1466             0.06622908
712183157184.9917             0.06468184
712184134390.8369             0.0026569483
712185111596.682              0.029888459
712186088802.5272             0.027526762
712187066008.3723             0.06607661
712188043214.2175             -0.009135254
712189020420.0627             -0.089157075
712189997625.9078             -0.03657871
712190974831.753              0.006284592
712191952037.5981             0.010099972
712192929243.4434             0.0023386704
712193906449.2886             0.030731069
712194883655.1337             0.113449946
712195860860.9789             0.093279384
712196838066.824              0.009294233
712197815272.6692             -0.067070976
712198792478.5144             0.024572827
712199769684.3595             -0.021112993
712200746890.2047             -0.018718136
712201724096.0498             -0.045111198
712202701301.895              -0.036677383
712203678507.7402             -0.0058673862
712204655713.5853             0.0104480265
712205632919.4305             -0.023796521
712206610125.2756             -0.05547937
712207587331.1208             0.0093940515
712208564536.9661             -0.040094156
712209541742.8112             0.01862617
712210518948.6564             0.034810595
712211496154.5015             -0.010702843
712212473360.3467             -0.032062016
712213450566.1919             -0.035194688
712214427772.037              -0.026582211
712215404977.8822             0.017777007
712216382183.7273             0.027637303
712217359389.5725             -0.060985927
712218336595.4177             -0.06078087
712219313801.2628             -0.012300602
712220291007.108              0.05208825
712221268212.9531             0.054975223
712222245418.7983             0.038350422
712223222624.6434             -0.032230258
712224199830.4886             -0.07600954
712225177036.3339             -0.18125045
712226154242.179              -0.08920834
712227131448.0242             0.02925974
712228108653.8693             0.12941848
712229085859.7145             0.07174981
712230063065.5597             -0.037069924
712231040271.4048             -0.0043361834
712232017477.25               -0.027625063
712232994683.0951             -0.030544871
712233971888.9403             0.046238422
712234949094.7855             0.084589735
712235926300.6306             0.08363778
712236903506.4758             0.1392642
712237880712.3209             0.08525806
712238857918.1661             0.07399083
712239835124.0114             0.11863327
712240812329.8564             0.10146926
712241789535.7017             -0.023571715
712242766741.5468             -0.10674527
712243743947.392              0.049587145
712244721153.2372             -0.036903393
712245698359.0823             -0.079735205
712246675564.9275             -0.0640095
712247652770.7726             -0.023883322
712248629976.6178             -0.035924662
712249607182.463              -0.0045763534
712250584388.3081             0.046948563
712251561594.1533             -0.0041750898
712252538799.9984             -0.04903855
712253516005.8436             -0.036676843
712254493211.6888             -0.051367234
712255470417.5339             0.021381559
712256447623.3792             -0.03726383
712257424829.2242             -0.06185814
712258402035.0695             -0.031873796
712259379240.9147             0.048272453
712260356446.7598             0.08323821
712261333652.605              0.03678752
712262310858.4501             -0.03850013
712263288064.2953             -0.031694558
712264265270.1404             -0.006311748
712265242475.9856             -0.0024265915
712266219681.8308             -0.010835635
712267196887.6759             -0.06484723
712268174093.5211             -0.0066147586
712269151299.3662             0.028187394
712270128505.2114             0.0033681362
712271105711.0566             -0.019299095
712272082916.9017             0.030154228
712273060122.747              0.09045881
712274037328.592              0.1012771
712275014534.4373             0.036699526
712275991740.2825             -0.022602906
712276968946.1276             -0.06472054
712277946151.9728             -0.16363469
712278923357.8179             -0.07770205
712279900563.6631             0.016439727
712280877769.5083             -0.05898945
712281854975.3534             0.009828121
712282832181.1986             0.06357072
712283809387.0437             0.080671705
712284786592.8889             0.053851802
712285763798.7341             0.13933304
712286741004.5792             0.20573115
712287718210.4244             0.052033175
712288695416.2695             -0.032439843
712289672622.1147             0.028496679
712290649827.96               0.031011418
712291627033.805              0.05674878
712292604239.6503             0.072451934
712293581445.4954             0.10192041
712294558651.3406             0.09958542
712295535857.1858             0.08542518
712296513063.0309             0.0145849455
712297490268.8761             0.07340268
712298467474.7212             0.071482494
712299444680.5664             0.07445189
712300421886.4116             0.08181303
712301399092.2567             0.034434386
712302376298.1019             -0.051236864
712303353503.947              -0.013003452
712304330709.7922             0.025780596
712305307915.6373             0.094756596
712306285121.4825             0.14012662
712307262327.3278             0.08144453
712308239533.1729             0.075191066
712309216739.0181             0.073398516
712310193944.8632             0.066112645
712311171150.7084             0.07034065
712312148356.5536             0.117684774
712313125562.3987             0.1018488
712314102768.2439             -0.07760267
712315079974.089              -0.00663225
712316057179.9342             0.058196124
712317034385.7794             -0.15399939
712318011591.6245             -0.2460396
712318988797.4697             -0.21320452
712319966003.3148             -0.06305098
712320943209.16               -0.039039437
712321920415.0052             0.0067449063
712322897620.8503             0.05585144
712323874826.6956             0.035054237
712324852032.5406             -0.01069179
712325829238.3859             -0.03010826
712326806444.2311             0.021686416
712327783650.0762             0.024815347
712328760855.9214             0.024766188
712329738061.7665             0.0055744345
712330715267.6117             -0.037182882
712331692473.4569             -0.021023758
712332669679.302              -0.021105187
712333646885.1472             -0.04099938
712334624090.9923             0.00037015104
712335601296.8375             -0.010822449
712336578502.6827             -0.0026796272
712337555708.5278             -0.026520338
712338532914.373              0.0062452313
712339510120.2181             -0.0259098
712340487326.0634             -0.05127761
712341464531.9084             -0.12603709
712342441737.7537             -0.011644561
712343418943.5989             0.022592738
712344396149.444              0.0053500584
712345373355.2892             0.010424182
712346350561.1343             -0.08113766
712347327766.9795             -0.010688317
712348304972.8247             -0.06347077
712349282178.6698             -0.031976506
712350259384.515              0.10608286
712351236590.3601             -0.0007534374
712352213796.2053             -0.030134995
712353191002.0505             0.0012151831
712354168207.8956             -0.02189832
712355145413.7408             0.10628588
712356122619.5859             -0.006557813
712357099825.4312             -0.13534084
712358077031.2764             -0.10977103
712359054237.1215             0.031496584
712360031442.9667             -0.010882905
712361008648.8118             0.063855864
712361985854.657              0.072444044
712362963060.5022             0.030751003
712363940266.3473             0.04225743
712364917472.1925             0.009110536
712365894678.0376             -0.06446457
712366871883.8828             -0.06511894
712367849089.728              -0.056119017
712368826295.5731             -0.028431531
712369803501.4183             -0.0054203505
712370780707.2634             0.05156998
712371757913.1086             0.09523938
712372735118.9539             -0.00343395
712373712324.799              -0.08213492
712374689530.6442             0.058570832
712375666736.4893             0.09407277
712376643942.3345             0.098791435
712377621148.1797             0.020265399
712378598354.0248             -0.01466816
712379575559.87               0.0054405257
712380552765.7151             0.025341185
712381529971.5603             -0.076163046
712382507177.4054             -0.06847952
712383484383.2506             -0.008055519
712384461589.0958             0.01600135
712385438794.9409             0.0144664245
712386416000.7861             0.0254872
712387393206.6312             0.027833482
712388370412.4764             0.0040142443
712389347618.3217             -0.030717473
712390324824.1667             -0.03171883
712391302030.012              0.017638434
712392279235.857              -0.017559454
712393256441.7023             -0.028458973
712394233647.5475             -0.10085235
712395210853.3926             -0.075008735
712396188059.2378             0.002018107
712397165265.0829             -0.028081683
712398142470.9281             0.013631582
712399119676.7733             0.05649437
712400096882.6184             0.084115006
712401074088.4636             -0.021431498
712402051294.3087             -0.03690282
712403028500.1539             -0.014700081
712404005705.9991             0.0025188278
712404982911.8442             0.03625066
712405960117.6895             0.0042950157
712406937323.5345             -0.083126195
712407914529.3798             -0.14066343
712408891735.225              -0.09758802
712409868941.0701             -0.0072172876
712410846146.9153             -0.028043116
712411823352.7604             -0.017406063
712412800558.6056             -0.0124444505
712413777764.4508             -0.043897036
712414754970.2959             -0.022392904
712415732176.1411             -0.032709938
712416709381.9862             -0.07671602
712417686587.8314             -0.12186412
712418663793.6766             -0.107482925
712419640999.5217             -0.05945363
712420618205.367              -0.051601242
712421595411.212              -0.02603084
712422572617.0573             -0.04786408
712423549822.9023             -0.09304995
712424527028.7476             -0.122646384
712425504234.5928             -0.014875924
712426481440.4379             0.091798775
712427458646.2831             0.10872896
712428435852.1282             0.05482516
712429413057.9734             -0.072854996
712430390263.8186             -0.04891413
712431367469.6637             -0.0683771
712432344675.5089             -0.08804266
712433321881.354              -0.062088087
712434299087.1992             -0.08178792
712435276293.0444             -0.04979079
712436253498.8895             0.05113991
712437230704.7347             0.08849766
712438207910.5798             -0.04245285
712439185116.425              -0.019528652
712440162322.2703             0.03991163
712441139528.1154             -0.019433387
712442116733.9606             -0.011126813
712443093939.8057             -0.022824751
712444071145.6509             -0.04176475
712445048351.4961             -0.0960647
712446025557.3412             -0.04202419
712447002763.1864             0.040534176
712447979969.0315             -0.04021395
712448957174.8767             -0.1251479
712449934380.7219             -0.04420817
712450911586.567              -0.03704172
712451888792.4122             -0.016497012
712452865998.2573             -0.013822163
712453843204.1025             0.14553854
712454820409.9478             0.14922409
712455797615.7928             0.04492563
712456774821.6381             -0.045708824
712457752027.4832             -0.079620406
712458729233.3284             -0.07701709
712459706439.1735             -0.034889348
712460683645.0187             0.006261094
712461660850.8639             0.023008592
712462638056.709              0.010295982
712463615262.5542             0.04179019
712464592468.3993             -0.014600196
712465569674.2445             -0.08940954
712466546880.0897             -0.09147703
712467524085.9348             -0.15640983
712468501291.78               -0.11968905
712469478497.6251             -0.08251456
712470455703.4703             -0.07059155
712471432909.3156             0.005020613
712472410115.1606             -0.029305954
712473387321.0059             -0.05760725
712474364526.851              -0.057308123
712475341732.6962             -0.07999415
712476318938.5414             0.06854469
712477296144.3865             0.12313045
712478273350.2317             -0.026476247
712479250556.0768             -0.095420144
712480227761.922              -0.06224034
712481204967.7672             -0.042657692
712482182173.6123             -0.10729059
712483159379.4575             0.10645037
712484136585.3026             0.14681606
712485113791.1478             -0.0053386083
712486090996.993              -0.09112185
712487068202.8381             -0.1383887
712488045408.6833             -0.052648734
712489022614.5284             -0.0030444958
712489999820.3737             0.08500273
712490977026.2189             0.007764799
712491954232.064              -0.059267174
712492931437.9092             -0.030250525
712493908643.7543             -0.02941068
712494885849.5995             -0.05118761
712495863055.4447             0.031326115
712496840261.2898             0.15243202
712497817467.135              0.0705339
712498794672.9801             -0.013166105
712499771878.8253             -0.033451132
712500749084.6704             -0.09368976
712501726290.5156             -0.013404279
712502703496.3608             0.045070272
712503680702.2059             -0.048956074
712504657908.0511             -0.06928137
712505635113.8962             -0.123694085
712506612319.7415             -0.08451827
712507589525.5867             -0.023030449
712508566731.4318             -0.031400025
712509543937.277              -0.07329906
712510521143.1221             -0.1346234
712511498348.9673             -0.13603494
712512475554.8125             0.010529535
712513452760.6576             0.1313088
712514429966.5028             0.0040060654
712515407172.3479             0.04825839
712516384378.1931             0.10409413
712517361584.0383             0.0435684
712518338789.8834             -0.047314417
712519315995.7286             -0.05243848
712520293201.5737             -0.0386472
712521270407.419              -0.06810967
712522247613.2642             -0.12531619
712523224819.1093             -0.10838929
712524202024.9545             -0.046496026
712525179230.7996             0.04387896
712526156436.6448             0.05791193
712527133642.49               0.056307975
712528110848.3351             -0.020819474
712529088054.1803             0.024891984
712530065260.0254             0.00824768
712531042465.8706             -0.06619401
712532019671.7158             -0.113222994
712532996877.5609             -0.032493893
712533974083.4061             0.04675042
712534951289.2512             -0.0071421936
712535928495.0964             -0.042246025
712536905700.9417             -0.095946915
712537882906.7867             0.085183784
712538860112.632              0.101669714
712539837318.477              0.016323032
712540814524.3223             -0.10748952
712541791730.1674             -0.11891099
712542768936.0126             -0.11442435
712543746141.8578             -0.12305103
712544723347.7029             -0.0647531
712545700553.5481             0.07946529
712546677759.3932             -0.024329964
712547654965.2384             -0.07077276
712548632171.0836             -0.10101965
712549609376.9287             -0.027114308
712550586582.7739             0.045936592
712551563788.619              0.092423886
712552540994.4642             0.07737787
712553518200.3094             0.028952245
712554495406.1545             0.00772835
712555472611.9998             -0.0075556394
712556449817.8448             -0.08039858
712557427023.6901             -0.02577538
712558404229.5353             -0.038179636
712559381435.3804             -0.0427037
712560358641.2256             0.094982006
712561335847.0707             0.0648161
712562313052.9159             -0.037200045
712563290258.7611             0.0011691473
712564267464.6062             -0.05351812
712565244670.4514             -0.0738055
712566221876.2965             -0.052524153
712567199082.1417             -0.05883494
712568176287.9869             0.035716884
712569153493.832              0.022705095
712570130699.6772             -0.060866896
712571107905.5223             0.01024439
712572085111.3676             0.01777469
712573062317.2128             0.02041815
712574039523.0579             -0.037055667
712575016728.9031             -0.09562292
712575993934.7482             -0.12708914
712576971140.5934             -0.16234078
712577948346.4385             -0.045536023
712578925552.2837             0.04173409
712579902758.1289             0.056444008
712580879963.974              0.079399474
712581857169.8192             0.00055101136
712582834375.6643             -0.05840054
712583811581.5095             -0.048208185
712584788787.3547             0.072490044
712585765993.1998             -0.004484625
712586743199.045              0.028874092
712587720404.8901             0.10280968
712588697610.7354             0.00939211
712589674816.5806             -0.022615183
712590652022.4257             0.003296922
712591629228.2709             0.06521661
712592606434.116              0.04445691
712593583639.9612             -0.09789753
712594560845.8064             -0.11445818
712595538051.6515             0.039885104
712596515257.4967             0.077990785
712597492463.3418             0.04643133
712598469669.187              -0.021017017
712599446875.0322             -0.04314961
712600424080.8773             -0.036931273
712601401286.7225             0.06305832
712602378492.5676             0.102373645
712603355698.4128             0.07907371
712604332904.258              0.042960417
712605310110.1031             0.024262315
712606287315.9484             0.029659385
712607264521.7935             0.10632297
712608241727.6387             0.0791395
712609218933.4839             -0.008510163
712610196139.329              0.04960721
712611173345.1742             0.071429305
712612150551.0193             0.022261666
712613127756.8645             -0.059027333
712614104962.7097             -0.115230024
712615082168.5548             -0.0047081425
712616059374.4                0.05070025
712617036580.2451             0.029935414
712618013786.0903             -0.040935278
712618990991.9354             0.02366543
712619968197.7806             0.02487252
712620945403.6259             -0.06734927
712621922609.471              -0.15103471
712622899815.3162             -0.0050008907
712623877021.1613             0.040840853
712624854227.0065             -0.017924279
712625831432.8517             0.0077496856
712626808638.6968             0.108224034
712627785844.542              0.1852093
712628763050.3871             0.0887328
712629740256.2323             0.05984224
712630717462.0775             0.12184654
712631694667.9226             0.058708843
712632671873.7678             0.040116634
712633649079.6129             -0.025018597
712634626285.4581             -0.0069805156
712635603491.3033             0.012913727
712636580697.1484             0.028789788
712637557902.9937             -0.025813114
712638535108.8387             0.015545249
712639512314.684              0.116104156
712640489520.5292             -0.008240047
712641466726.3743             0.031004677
712642443932.2195             0.04496005
712643421138.0646             0.069613345
712644398343.9098             -0.065829
712645375549.755              -0.022291064
712646352755.6001             0.05318696
712647329961.4453             0.09414581
712648307167.2904             0.10731285
712649284373.1356             0.061645593
712650261578.9808             0.003988754
712651238784.8259             -0.050809596
712652215990.6711             -0.08128359
712653193196.5162             -0.05029449
712654170402.3615             0.009277044
712655147608.2067             0.08465295
712656124814.0518             0.11404637
712657102019.897              0.0046288697
712658079225.7421             0.0049765725
712659056431.5873             -0.042117182
712660033637.4324             -0.11153721
712661010843.2776             -0.023341522
712661988049.1228             0.16446249
712662965254.9679             0.1257031
712663942460.8131             0.04330781
712664919666.6582             -0.013136583
712665896872.5034             0.019225864
712666874078.3486             0.03403043
712667851284.1937             0.0055587934
712668828490.039              0.027369177
712669805695.884              -0.022841824
712670782901.7292             -0.054058176
712671760107.5745             -0.067611806
712672737313.4196             0.02757721
712673714519.2648             0.08603706
712674691725.1099             0.06152786
712675668930.9551             0.11348846
712676646136.8003             0.049885128
712677623342.6454             0.036563825
712678600548.4906             -0.006755973
712679577754.3357             -0.08815608
712680554960.1809             -0.085272
712681532166.0261             -0.005716873
712682509371.8712             0.013112816
712683486577.7164             -0.055719744
712684463783.5615             -0.13434783
712685440989.4067             -0.07411614
712686418195.252              -0.018847406
712687395401.097              -0.03386305
712688372606.9423             -0.08183381
712689349812.7874             0.0011229949
712690327018.6326             0.07280434
712691304224.4778             0.053400338
712692281430.3229             -0.06438177
712693258636.1681             -0.024517065
712694235842.0132             0.018694691
712695213047.8584             0.11015185
712696190253.7036             0.08663136
712697167459.5487             0.052155048
712698144665.3939             -0.05029447
712699121871.239              -0.0047542867
712700099077.0842             0.04659608
712701076282.9293             -0.0005023359
712702053488.7745             0.07258193
712703030694.6198             0.012524871
712704007900.4648             -0.036452007
712704985106.31               -0.09152706
712705962312.1552             -0.1448032
712706939518.0004             -0.11842698
712707916723.8456             -0.064184725
712708893929.6907             0.040190823
712709871135.5359             -0.066032454
712710848341.381              -0.11228765
712711825547.2262             -0.033044558
712712802753.0714             0.1148283
712713779958.9165             0.13486563
712714757164.7617             0.03298305
712715734370.6068             0.0035099327
712716711576.452              -0.0009570652
712717688782.2972             -0.039202534
712718665988.1423             0.036987185
712719643193.9875             -0.07439797
712720620399.8326             -0.18729664
712721597605.6779             -0.17805763
712722574811.5231             -0.07781007
712723552017.3682             0.11297913
712724529223.2134             0.15993857
712725506429.0585             0.06972582
712726483634.9037             -0.0066597955
712727460840.7489             -0.04226343
712728438046.594              -0.05540057
712729415252.4392             -0.07822367
712730392458.2843             -0.011190903
712731369664.1295             0.09476162
712732346869.9747             -0.002391911
712733324075.8198             -0.118142925
712734301281.665              -0.11463016
712735278487.5101             0.021083202
712736255693.3553             0.055077005
712737232899.2004             -0.075626634
712738210105.0457             -0.08444105
712739187310.8909             0.044039357
712740164516.736              0.14218234
712741141722.5812             0.04846812
712742118928.4263             -0.009463245
712743096134.2715             -0.027186533
712744073340.1167             -0.03132827
712745050545.9618             0.036683086
712746027751.807              0.0739358
712747004957.6521             0.024166659
712747982163.4973             -0.033078462
712748959369.3425             0.12193355
712749936575.1876             0.10800466
712750913781.0328             -0.011105964
712751890986.8779             0.03399488
712752868192.7231             -0.025986172
712753845398.5684             0.052291796
712754822604.4135             0.011724847
712755799810.2587             0.035010878
712756777016.1038             0.08350605
712757754221.949              0.008629706
712758731427.7942             0.03316467
712759708633.6393             -0.006140474
712760685839.4845             0.0337213
712761663045.3296             0.096456006
712762640251.1748             0.13220562
712763617457.02               0.16032903
712764594662.8651             0.094408445
712765571868.7103             0.018327449
712766549074.5554             0.016928585
712767526280.4006             0.054890484
712768503486.2458             -0.005244592
712769480692.091              -0.05944737
712770457897.9362             -0.053140465
712771435103.7812             -0.06198954
712772412309.6265             -0.101319954
712773389515.4717             -0.121031374
712774366721.3168             -0.09543875
712775343927.162              0.025659898
712776321133.0071             -0.038623147
712777298338.8523             -0.032008756
712778275544.6974             -0.027382152
712779252750.5426             -0.0898778
712780229956.3878             -0.04056192
712781207162.2329             0.011061373
712782184368.0781             0.012981624
712783161573.9232             0.035614423
712784138779.7684             0.068456404
712785115985.6136             0.09326087
712786093191.4587             0.0019237977
712787070397.304              -0.038014162
712788047603.149              -0.036678877
712789024808.9943             0.028933657
712790002014.8395             0.045225702
712790979220.6846             -0.0802092
712791956426.5298             -0.03265074
712792933632.3749             -0.0034698977
712793910838.2201             -0.042557288
712794888044.0653             0.060373433
712795865249.9104             0.12309229
712796842455.7556             0.03092894
712797819661.6007             -0.1145263
712798796867.4459             -0.15141244
712799774073.2911             0.094151504
712800751279.1362             0.1946964
712801728484.9814             0.051193938
712802705690.8265             -0.015239448
712803682896.6718             -0.074056864
712804660102.517              -0.067701094
712805637308.362              0.010393614
712806614514.2073             0.009369063
712807591720.0524             0.06929696
712808568925.8976             0.009030749
712809546131.7428             -0.066459626
712810523337.5879             -0.11687438
712811500543.4331             -0.08955074
712812477749.2782             0.0072282758
712813454955.1234             -0.010709728
712814432160.9686             0.008939513
712815409366.8137             0.09284153
712816386572.6589             0.063254364
712817363778.504              0.0031961685
712818340984.3492             -0.14046757
712819318190.1943             -0.14224042
712820295396.0396             -0.11499227
712821272601.8848             -0.023238668
712822249807.7299             0.0782208
712823227013.5751             0.030224858
712824204219.4202             0.04304525
712825181425.2654             0.08161941
712826158631.1106             0.014063628
712827135836.9557             0.012570446
712828113042.8009             0.06672894
712829090248.646              0.027894866
712830067454.4912             -0.0332011
712831044660.3364             -0.010922566
712832021866.1815             0.019434344
712832999072.0267             -0.06907054
712833976277.8718             -0.04314796
712834953483.717              0.016801197
712835930689.5623             -0.11424654
712836907895.4073             -0.0035706325
712837885101.2526             0.08049502
712838862307.0977             -0.051925045
712839839512.9429             -0.023871597
712840816718.7881             0.037206985
712841793924.6332             -0.057537884
712842771130.4784             -0.046304036
712843748336.3235             0.07506283
712844725542.1687             0.008051636
712845702748.0139             0.026393253
712846679953.859              0.02225303
712847657159.7042             0.0068485676
712848634365.5493             0.032008458
712849611571.3945             -0.038552735
712850588777.2397             -0.084069684
712851565983.0848             -0.046342354
712852543188.93               -0.031234026
712853520394.7751             -0.021615636
712854497600.6204             0.08423082
712855474806.4655             0.08891787
712856452012.3107             0.004117925
712857429218.1559             -0.035275474
712858406424.001              -0.022141328
712859383629.8462             -0.009833877
712860360835.6913             0.06457906
712861338041.5365             0.07649454
712862315247.3817             0.01055744
712863292453.2268             -0.11344596
712864269659.072              -0.093680725
712865246864.9171             -0.06234266
712866224070.7623             -0.07847662
712867201276.6075             -0.112969875
712868178482.4526             0.00428744
712869155688.2979             0.06730357
712870132894.143              -0.0014446729
712871110099.9882             -0.08168317
712872087305.8334             -0.078447334
712873064511.6785             -0.0831751
712874041717.5237             -0.0028123022
712875018923.3688             -0.039369326
712875996129.214              -0.03301641
712876973335.0592             0.023218606
712877950540.9043             0.06486845
712878927746.7495             0.016077254
712879904952.5946             0.017295273
712880882158.4398             0.047342565
712881859364.285              0.042723507
712882836570.1301             0.0042746146
712883813775.9753             0.062353455
712884790981.8204             -0.0022494583
712885768187.6656             -0.047833625
712886745393.5109             0.003859347
712887722599.356              -0.056812625
712888699805.2012             0.0011985274
712889677011.0463             0.055416435
712890654216.8915             -0.004192629
712891631422.7367             -0.07198555
712892608628.5818             0.012119927
712893585834.427              0.069409296
712894563040.2721             0.030404612
712895540246.1173             -0.05158267
712896517451.9624             -0.13393472
712897494657.8076             -0.10373432
712898471863.6528             0.009574065
712899449069.4979             0.05690492
712900426275.3431             0.003498698
712901403481.1882             -0.06491939
712902380687.0334             0.02527432
712903357892.8787             0.06831159
712904335098.7238             0.010886338
712905312304.569              -0.030301034
712906289510.4141             -0.06840174
712907266716.2593             -0.05345981
712908243922.1045             -0.016101532
712909221127.9496             -0.026622104
712910198333.7948             -0.020513786
712911175539.6399             -0.014052812
712912152745.4851             0.029497242
712913129951.3303             0.0639994
712914107157.1754             0.14565738
712915084363.0206             0.07121415
712916061568.8657             -0.04693268
712917038774.7109             -0.016126715
712918015980.5562             -0.0065920623
712918993186.4012             -0.053993363
712919970392.2465             -0.014004789
712920947598.0916             -0.056177676
712921924803.9368             -0.09025232
712922902009.782              -0.030513449
712923879215.6271             -0.057603773
712924856421.4723             -0.09610864
712925833627.3174             -0.015897403
712926810833.1626             0.11668638
712927788039.0078             0.024490055
712928765244.8529             0.053987633
712929742450.6981             0.0036473062
712930719656.5432             -0.0036593417
712931696862.3884             -0.02066683
712932674068.2336             -0.048386164
712933651274.0787             -0.064407416
712934628479.924              -0.0076474836
712935605685.769              0.10034285
712936582891.6143             0.011641151
712937560097.4594             0.02521139
712938537303.3046             0.13090351
712939514509.1498             0.08373195
712940491714.9949             -0.09204981
712941468920.8401             -0.10051717
712942446126.6852             -0.06456939
712943423332.5304             -0.018314226
712944400538.3756             0.05296972
712945377744.2207             0.0013978106
712946354950.0659             -0.068789385
712947332155.911              -0.032857064
712948309361.7562             -0.01576738
712949286567.6014             -0.031104546
712950263773.4465             -0.08233319
712951240979.2917             -0.008852547
712952218185.1368             0.06641743
712953195390.982              0.08027282
712954172596.8273             0.046138786
712955149802.6724             0.010971215
712956127008.5176             0.027652225
712957104214.3627             -0.008990779
712958081420.2079             0.020786557
712959058626.0531             0.037435953
712960035831.8982             0.11315764
712961013037.7434             0.030075608
712961990243.5885             -0.034248564
712962967449.4337             0.0848792
712963944655.2789             0.023481132
712964921861.124              0.09455564
712965899066.9692             0.04389584
712966876272.8143             -0.027870858
712967853478.6595             0.038995285
712968830684.5048             0.021825563
712969807890.3499             0.0022892754
712970785096.1951             0.004538876
712971762302.0402             0.003523904
712972739507.8854             -0.03255536
712973716713.7305             -0.030581865
712974693919.5757             0.0684891
712975671125.4209             0.09162557
712976648331.266              0.088841006
712977625537.1112             0.08677974
712978602742.9563             0.10244163
712979579948.8015             0.04649572
712980557154.6467             0.024508383
712981534360.4918             0.038169
712982511566.337              0.007212649
712983488772.1821             0.018937506
712984465978.0273             -0.074785344
712985443183.8726             -0.0670098
712986420389.7177             -0.03169301
712987397595.5629             0.059181605
712988374801.408              -0.0046563237
712989352007.2532             -0.029091142
712990329213.0984             -0.05390757
712991306418.9435             0.0020273502
712992283624.7887             0.034492068
712993260830.6338             0.072586656
712994238036.479              0.09661645
712995215242.3242             -0.008802299
712996192448.1693             -0.018292516
712997169654.0145             0.0040801684
712998146859.8596             -0.032973967
712999124065.7048             -0.022698432
713000101271.55               0.084553376
713001078477.3951             0.095900685
713002055683.2404             0.009006802
713003032889.0854             0.054471217
713004010094.9307             0.0064889826
713004987300.7759             0.028389448
713005964506.621              0.17175882
713006941712.4662             0.08846721
713007918918.3113             0.014878044
713008896124.1565             -0.015365566
713009873330.0017             -0.02661143
713010850535.8468             -0.036903147
713011827741.692              0.009313305
713012804947.5371             -0.050502308
713013782153.3823             -0.13476166
713014759359.2274             -0.11679202
713015736565.0726             -0.08677259
713016713770.9178             -0.034941133
713017690976.763              -0.07216254
713018668182.6082             -0.068895265
713019645388.4532             -0.03865679
713020622594.2985             -0.08279825
713021599800.1437             -0.10373946
713022577005.9888             0.013287797
713023554211.834              0.037211504
713024531417.6791             -0.032872967
713025508623.5243             0.018302409
713026485829.3695             0.10652094
713027463035.2146             0.07460224
713028440241.0598             0.04262056
713029417446.9049             0.026855092
713030394652.7501             0.066294335
713031371858.5953             -0.008372536
713032349064.4404             -0.039871395
713033326270.2856             0.014019595
713034303476.1307             0.022874588
713035280681.976              -0.038444173
713036257887.8212             -0.040316027
713037235093.6663             0.0073886816
713038212299.5115             0.07781796
713039189505.3566             0.04150874
713040166711.2018             -0.012914072
713041143917.047              -0.0014101317
713042121122.8921             0.02371064
713043098328.7373             -0.026512515
713044075534.5824             -0.0074052736
713045052740.4276             0.07162839
713046029946.2728             0.101610266
713047007152.1179             0.022200432
713047984357.9631             -0.05297541
713048961563.8082             -0.040524054
713049938769.6534             -0.016355896
713050915975.4987             0.0431528
713051893181.3438             0.01206223
713052870387.189              0.045984205
713053847593.034              0.09858325
713054824798.8793             -0.0037844114
713055802004.7244             0.011387941
713056779210.5696             0.070941046
713057756416.4148             0.014506469
713058733622.2599             0.0035035582
713059710828.1051             -0.07438305
713060688033.9502             0.07894812
713061665239.7954             0.10685122
713062642445.6406             -0.0077340915
713063619651.4857             -0.0064567067
713064596857.3309             0.056618065
713065574063.176              0.036551103
713066551269.0212             -0.09643151
713067528474.8665             -0.018767951
713068505680.7115             0.021568235
713069482886.5568             -0.060672827
713070460092.4019             -0.03896987
713071437298.2471             0.063890055
713072414504.0923             -0.08932925
713073391709.9374             -0.098311126
713074368915.7826             0.055044167
713075346121.6277             0.021260727
713076323327.4729             0.008687851
713077300533.3181             -0.040314987
713078277739.1632             -0.08560794
713079254945.0084             0.07400955
713080232150.8535             0.114204094
713081209356.6987             0.10652616
713082186562.544              0.053721566
713083163768.389              0.057776947
713084140974.2343             -0.046384368
713085118180.0793             -0.093051285
713086095385.9246             -0.12184806
713087072591.7698             0.047629613
713088049797.6149             0.077520266
713089027003.4601             0.07900092
713090004209.3052             0.084273644
713090981415.1504             0.03650568
713091958620.9955             0.0221337
713092935826.8407             0.14796239
713093913032.6859             0.065435134
713094890238.531              -0.036971506
713095867444.3762             -0.06411594
713096844650.2213             -0.0922955
713097821856.0665             0.04895028
713098799061.9117             0.07700314
713099776267.7568             -0.0062008984
713100753473.602              0.0014507457
713101730679.4471             0.06142512
713102707885.2924             0.054150138
713103685091.1376             -0.07448429
713104662296.9827             -0.06786401
713105639502.8279             0.05996526
713106616708.673              0.06654983
713107593914.5182             -0.09230849
713108571120.3634             -0.13566469
713109548326.2085             -0.13413478
713110525532.0537             -0.11389805
713111502737.8988             -0.031548474
713112479943.744              0.035922337
713113457149.5892             0.044416197
713114434355.4343             0.073072456
713115411561.2795             0.0068447874
713116388767.1246             0.044412713
713117365972.9698             -0.019634802
713118343178.8151             -0.046820533
713119320384.6602             0.087715015
713120297590.5054             0.064879686
713121274796.3505             0.0011298606
713122252002.1957             -0.0049512517
713123229208.0409             -0.08148203
713124206413.886              -0.108820096
713125183619.7312             -0.0017033136
713126160825.5763             0.083595216
713127138031.4215             0.121262245
713128115237.2667             0.10660596
713129092443.1118             0.111140676
713130069648.957              0.1723349
713131046854.8021             0.016033597
713132024060.6473             -0.105098024
713133001266.4924             -0.004810272
713133978472.3376             0.055905934
713134955678.1829             -0.043293126
713135932884.028              -0.024117433
713136910089.8732             -0.042027067
713137887295.7183             -0.12402631
713138864501.5635             -0.06985167
713139841707.4087             -0.051266544
713140818913.2538             -0.06004177
713141796119.099              -0.06274299
713142773324.9441             -0.1338846
713143750530.7893             -0.16474627
713144727736.6345             -0.02701822
713145704942.4796             0.05957308
713146682148.3248             0.062503695
713147659354.1699             0.048750676
713148636560.0151             0.002953894
713149613765.8604             -0.054569174
713150590971.7054             -0.04346364
713151568177.5507             -0.031201597
713152545383.3958             0.06987862
713153522589.241              0.094917186
713154499795.0862             -0.033505846
713155477000.9313             -0.11940605
713156454206.7765             -0.0067110294
713157431412.6216             -0.036115605
713158408618.4668             -0.07057437
713159385824.312              -0.0777508
713160363030.1571             -0.1070079
713161340236.0023             -0.13814077
713162317441.8474             -0.14114481
713163294647.6926             -0.07486532
713164271853.5378             -0.0012562483
713165249059.3829             0.09750017
713166226265.2281             0.041842222
713167203471.0732             0.041431498
713168180676.9185             0.016209766
713169157882.7637             0.050501294
713170135088.6088             -0.014061728
713171112294.454              -0.054591514
713172089500.2991             0.04008975
713173066706.1443             0.07346881
713174043911.9894             -0.063159354
713175021117.8346             -0.06632228
713175998323.6798             -0.068546
713176975529.5249             -0.058220044
713177952735.3701             -0.014244572
713178929941.2152             -0.030868469
713179907147.0604             -0.117581025
713180884352.9056             -0.10963899
713181861558.7507             -0.009493912
713182838764.596              0.01789943
713183815970.441              0.011698639
713184793176.2863             0.03209548
713185770382.1315             -0.008938997
713186747587.9766             0.10004221
713187724793.8218             0.11899468
713188701999.6669             0.032154527
713189679205.5121             0.00662222
713190656411.3573             -0.056961704
713191633617.2024             -0.009601623
713192610823.0476             0.07406239
713193588028.8927             0.08253229
713194565234.7379             -0.047259893
713195542440.5831             -0.124659464
713196519646.4282             -0.07458909
713197496852.2734             0.04402073
713198474058.1185             0.089459956
713199451263.9637             0.11101478
713200428469.809              0.041863475
713201405675.654              -0.027732084
713202382881.4993             0.012944873
713203360087.3444             0.027421977
713204337293.1896             -0.06272809
713205314499.0348             -0.011970149
713206291704.8799             0.09158475
713207268910.7251             0.10440478
713208246116.5702             0.1225245
713209223322.4154             0.054665484
713210200528.2605             0.062265642
713211177734.1057             0.10568508
713212154939.9509             0.08167963
713213132145.796              0.07551165
713214109351.6412             0.020934716
713215086557.4863             -0.017226592
713216063763.3315             0.0031797674
713217040969.1768             -0.076433904
713218018175.0219             0.053054385
713218995380.8671             0.2081706
713219972586.7122             0.06646219
713220949792.5574             -0.019662015
713221926998.4026             -0.043852407
713222904204.2477             0.018090071
713223881410.0929             -0.006803295
713224858615.938              0.012885866
713225835821.7832             0.08573476
713226813027.6284             0.05563748
713227790233.4735             0.04422419
713228767439.3187             0.07209269
713229744645.1638             0.11229956
713230721851.009              0.13398108
713231699056.8542             0.08460377
713232676262.6993             -0.012993916
713233653468.5446             0.12858163
713234630674.3896             0.14705364
713235607880.2349             0.048068862
713236585086.0801             -0.035144735
713237562291.9252             -0.0044147125
713238539497.7704             -0.06739609
713239516703.6155             -0.12442825
713240493909.4607             -0.11728198
713241471115.3059             -0.055905398
713242448321.151              -0.0044247536
713243425526.9962             -0.019710323
713244402732.8413             -0.029269388
713245379938.6865             0.08918797
713246357144.5317             0.20506808
713247334350.3768             0.13386914
713248311556.222              0.12280614
713249288762.0671             0.053828456
713250265967.9124             0.04561995
713251243173.7574             -0.060629763
713252220379.6027             -0.011541644
713253197585.4479             0.025437571
713254174791.293              -0.015739864
713255151997.1382             -0.0133564295
713256129202.9833             0.010930818
713257106408.8285             0.10204216
713258083614.6737             0.08771916
713259060820.5188             -0.08045784
713260038026.364              -0.12803386
713261015232.2091             -0.07541369
713261992438.0543             -0.061867725
713262969643.8995             -0.048400614
713263946849.7446             0.026903661
713264924055.5898             0.025629262
713265901261.4349             0.0067216847
713266878467.2802             0.08283713
713267855673.1254             0.07495831
713268832878.9705             0.035749454
713269810084.8157             -0.009071866
713270787290.6608             -0.06037818
713271764496.506              -0.013832262
713272741702.3512             0.052274518
713273718908.1963             0.091490895
713274696114.0415             0.12651828
713275673319.8866             0.07622805
713276650525.7318             0.19241726
713277627731.577              0.1414345
713278604937.4221             -0.06346019
713279582143.2673             -0.039361347
713280559349.1124             -0.010742926
713281536554.9576             -0.07038947
713282513760.8029             -0.035149463
713283490966.648              0.033793215
713284468172.4932             0.06651543
713285445378.3383             0.07122525
713286422584.1835             -0.03695768
713287399790.0287             -0.07734914
713288376995.8738             0.026915845
713289354201.719              0.05541466
713290331407.5641             0.0617254
713291308613.4093             -0.03480642
713292285819.2544             -0.0072154794
713293263025.0996             0.04627385
713294240230.9448             0.037395243
713295217436.7899             0.08384505
713296194642.6351             -0.009520412
713297171848.4802             -0.095676966
713298149054.3254             -0.06471466
713299126260.1707             0.068455935
713300103466.0157             0.10951235
713301080671.861              0.029393129
713302057877.706              0.008148668
713303035083.5513             -0.008925328
713304012289.3965             -0.04890391
713304989495.2416             -0.031468015
713305966701.0868             -0.035589483
713306943906.9319             0.0020098335
713307921112.7771             0.0054834937
713308898318.6223             -0.083750755
713309875524.4674             -0.06719784
713310852730.3126             0.0109070055
713311829936.1577             -0.04815646
713312807142.0029             -0.0077367136
713313784347.8481             -0.09682698
713314761553.6932             -0.06307102
713315738759.5385             -0.0313467
713316715965.3835             0.010558584
713317693171.2288             0.021766566
713318670377.074              0.098324016
713319647582.9191             0.12907235
713320624788.7643             -0.025121193
713321601994.6094             -0.03669937
713322579200.4546             0.058853913
713323556406.2998             0.07592772
713324533612.1449             0.17562209
713325510817.9901             0.080820635
713326488023.8352             0.035247434
713327465229.6804             0.08691979
713328442435.5255             0.0605986
713329419641.3707             -0.042888936
713330396847.216              -0.02931692
713331374053.061              0.082767054
713332351258.9062             0.027940597
713333328464.7513             -0.032397546
713334305670.5966             0.015297736
713335282876.4418             0.09070177
713336260082.2869             0.11690546
713337237288.1321             0.101403385
713338214493.9772             0.08405412
713339191699.8224             0.06833457
713340168905.6676             0.048393767
713341146111.5127             0.09621821
713342123317.3579             0.15254302
713343100523.203              -0.013675454
713344077729.0482             -0.0060319724
713345054934.8934             -0.031931214
713346032140.7385             -0.09319392
713347009346.5837             -0.096290156
713347986552.4288             0.045146644
713348963758.274              0.15793394
713349940964.1193             0.0961009
713350918169.9644             -0.038817417
713351895375.8096             -0.061473027
713352872581.6547             -0.03257331
713353849787.4999             -0.068090186
713354826993.3451             -0.11716663
713355804199.1902             -0.07024399
713356781405.0354             0.019705255
713357758610.8805             0.061735522
713358735816.7257             0.027512081
713359713022.5709             -0.050608307
713360690228.416              -0.08776197
713361667434.2612             -0.083371
713362644640.1063             0.05464205
713363621845.9515             0.101109065
713364599051.7968             0.026554488
713365576257.6418             0.12634392
713366553463.487              0.116267316
713367530669.3322             -0.009765624
713368507875.1774             -0.06487981
713369485081.0225             0.062504806
713370462286.8677             0.11447754
713371439492.7129             -0.018293433
713372416698.558              0.010959614
713373393904.4032             -0.0046179597
713374371110.2483             -0.15397534
713375348316.0935             -0.2057361
713376325521.9387             -0.08622528
713377302727.7838             -0.024837807
713378279933.629              -0.020096853
713379257139.4741             0.048055094
713380234345.3193             0.021181663
713381211551.1646             -0.018548202
713382188757.0096             0.059053965
713383165962.8549             0.01860652
713384143168.7                -0.102905616
713385120374.5452             -0.12673123
713386097580.3904             0.04759157
713387074786.2355             0.049015976
713388051992.0807             0.0742405
713389029197.9258             0.030429967
713390006403.771              0.0044826036
713390983609.6162             -0.0034686546
713391960815.4613             0.039862074
713392938021.3065             0.096243754
713393915227.1516             0.1127238
713394892432.9968             0.117895894
713395869638.842              0.10820473
713396846844.6871             -0.01738583
713397824050.5323             -0.02694544
713398801256.3774             -0.012606252
713399778462.2227             -0.11375801
713400755668.0679             -0.13896988
713401732873.913              0.012993428
713402710079.7582             0.06427705
713403687285.6033             -0.040298697
713404664491.4485             -0.07656212
713405641697.2937             0.039507333
713406618903.1388             0.074295826
713407596108.984              0.02088579
713408573314.8291             0.10634158
713409550520.6743             0.09009121
713410527726.5194             0.06110671
713411504932.3646             0.012756912
713412482138.2098             0.05255164
713413459344.0549             0.021331297
713414436549.9001             -0.0073094824
713415413755.7452             0.0024135232
713416390961.5905             0.0014157861
713417368167.4357             -0.065071285
713418345373.2808             0.0059706275
713419322579.126              0.09744601
713420299784.9711             0.02256295
713421276990.8163             -0.052053515
713422254196.6615             0.01210611
713423231402.5066             0.018303776
713424208608.3518             0.10290845
713425185814.1969             0.0496218
713426163020.0421             -0.009828638
713427140225.8873             0.0075147827
713428117431.7324             -0.10829349
713429094637.5776             -0.14294662
713430071843.4227             -0.023777839
713431049049.268              -0.014646332
713432026255.1132             0.004894303
713433003460.9583             0.0029054228
713433980666.8035             0.0759022
713434957872.6486             0.18756379
713435935078.4938             0.12262868
713436912284.339              0.09723122
713437889490.1841             0.08542023
713438866696.0293             0.05155789
713439843901.8744             -0.0571391
713440821107.7196             -0.09224249
713441798313.5648             -0.13802323
713442775519.4099             -0.17527731
713443752725.2551             -0.07207977
713444729931.1002             -0.01374699
713445707136.9454             -0.0069652665
713446684342.7905             0.04559994
713447661548.6357             -0.0048809703
713448638754.481              -0.011491832
713449615960.326              0.049548373
713450593166.1713             -0.06380378
713451570372.0164             -0.11469438
713452547577.8616             -0.060119092
713453524783.7068             0.06980059
713454501989.5519             0.04667574
713455479195.3971             -0.0625989
713456456401.2422             -0.04295567
713457433607.0874             -0.03750584
713458410812.9326             -0.09701743
713459388018.7777             -0.11871777
713460365224.6229             -0.13403375
713461342430.468              -0.12178818
713462319636.3132             -0.06340261
713463296842.1584             -0.021120252
713464274048.0035             0.0130961165
713465251253.8488             0.071967624
713466228459.6938             0.11653772
713467205665.5391             0.1411042
713468182871.3843             0.11552845
713469160077.2294             0.0691341
713470137283.0746             0.036395654
713471114488.9197             0.0981428
713472091694.7649             0.011718204
713473068900.6101             -0.11029241
713474046106.4552             -0.15848026
713475023312.3004             -0.09119659
713476000518.1455             0.037462533
713476977723.9907             0.07546969
713477954929.8359             -0.011700743
713478932135.681              -0.06302145
713479909341.5262             -0.049956884
713480886547.3713             -0.06105529
713481863753.2166             -0.09571335
713482840959.0618             -0.12601103
713483818164.9069             -0.16640137
713484795370.7521             -0.113091685
713485772576.5972             -0.01581937
713486749782.4424             0.0994861
713487726988.2875             0.119681716
713488704194.1327             0.08078133
713489681399.9779             0.11103856
713490658605.823              0.07124491
713491635811.6682             0.046727102
713492613017.5133             0.1241516
713493590223.3585             -0.072441384
713494567429.2037             -0.19943807
713495544635.0488             -0.11803865
713496521840.894              -0.010758694
713497499046.7391             -0.049991034
713498476252.5844             0.05648958
713499453458.4296             0.15408595
713500430664.2747             0.081046775
713501407870.1199             0.042123355
713502385075.965              0.026423948
713503362281.8102             0.029972242
713504339487.6554             0.030503212
713505316693.5005             -0.0290483
713506293899.3457             -0.068836704
713507271105.1908             -0.03359872
713508248311.036              -0.047611024
713509225516.8812             -0.05101297
713510202722.7263             0.028936114
713511179928.5715             0.037505303
713512157134.4166             0.02636585
713513134340.2618             -0.09060321
713514111546.107              -0.06831138
713515088751.9521             0.0063857012
713516065957.7974             -0.031164864
713517043163.6425             0.012148176
713518020369.4877             0.116959654
713518997575.3329             0.06451294
713519974781.178              -0.023288822
713520951987.0232             0.054966055
713521929192.8683             0.020249005
713522906398.7135             0.021026686
713523883604.5587             0.005032757
713524860810.4038             0.060638096
713525838016.249              -0.04949465
713526815222.0941             -0.023148708
713527792427.9393             -0.09677578
713528769633.7844             -0.1709282
713529746839.6296             -0.12779516
713530724045.4749             0.03846918
713531701251.32               0.0038430335
713532678457.1652             0.000116829186
713533655663.0103             0.022614775
713534632868.8555             -0.049130145
713535610074.7007             -0.047036104
713536587280.5458             0.0749307
713537564486.391              -0.0363861
713538541692.2361             0.019393278
713539518898.0813             0.066060215
713540496103.9265             0.013381176
713541473309.7716             -0.008419307
713542450515.6168             -0.07344139
713543427721.4619             -0.04582709
713544404927.3071             -0.03960377
713545382133.1523             -0.035317115
713546359338.9974             -0.10911906
713547336544.8427             0.013763475
713548313750.6877             0.20359704
713549290956.533              0.12655632
713550268162.3782             -0.032745518
713551245368.2233             -0.024163736
713552222574.0685             0.09867938
713553199779.9136             0.22234765
713554176985.7588             0.14147186
713555154191.604              0.048974402
713556131397.4491             0.10355303
713557108603.2943             0.12510946
713558085809.1394             0.14680636
713559063014.9846             0.029056253
713560040220.8298             0.025815386
713561017426.6749             0.07174005
713561994632.5201             0.108784385
713562971838.3652             0.15632303
713563949044.2104             0.17746817
713564926250.0555             0.072829954
713565903455.9008             -0.12695102
713566880661.746              -0.070228
713567857867.5911             -0.049722664
713568835073.4363             -0.040815514
713569812279.2814             -0.043559004
713570789485.1266             -0.10706739
713571766690.9718             -0.03896828
713572743896.8169             0.010918222
713573721102.6621             -0.116652094
713574698308.5072             -0.03558645
713575675514.3524             -0.01819855
713576652720.1976             -0.06122022
713577629926.0427             0.00576052
713578607131.888              0.07202929
713579584337.733              0.03523069
713580561543.5782             -0.12732717
713581538749.4235             -0.10070469
713582515955.2686             0.03792466
713583493161.1138             0.13972692
713584470366.9589             0.1096634
713585447572.8041             0.007086951
713586424778.6493             -0.022138119
713587401984.4944             -0.095772594
713588379190.3396             -0.06335184
713589356396.1847             0.04207578
713590333602.0299             0.08411165
713591310807.8751             0.011062734
713592288013.7202             -0.05050019
713593265219.5654             -0.07092543
713594242425.4105             -0.14900203
713595219631.2557             -0.1050226
713596196837.101              -0.10830782
713597174042.946              -0.015473791
713598151248.7913             0.20176324
713599128454.6364             0.05739057
713600105660.4816             -0.10183283
713601082866.3268             -0.08235068
713602060072.1719             0.012440546
713603037278.0171             0.089621104
713604014483.8622             0.044365384
713604991689.7074             -0.034645375
713605968895.5525             -0.021368558
713606946101.3977             0.0047371704
713607923307.2429             -0.033064444
713608900513.088              -0.010569414
713609877718.9332             0.118863516
713610854924.7783             0.22139762
713611832130.6235             0.070380285
713612809336.4688             -0.02927954
713613786542.3138             -0.16614468
713614763748.159              -0.19856459
713615740954.0042             -0.07700684
713616718159.8494             -0.060795702
713617695365.6946             -0.14649887
713618672571.5397             -0.044035263
713619649777.3849             0.03615335
713620626983.23               0.002178601
713621604189.0752             0.031567167
713622581394.9204             -0.05210791
713623558600.7655             -0.056579202
713624535806.6107             -0.0402242
713625513012.4558             -0.15448801
713626490218.301              -0.090631805
713627467424.1462             -0.020625558
713628444629.9913             0.10449814
713629421835.8365             0.18845609
713630399041.6816             0.050698977
713631376247.5269             -0.13231727
713632353453.3721             -0.13616304
713633330659.2172             -0.0360171
713634307865.0624             -0.028635873
713635285070.9075             -0.078448646
713636262276.7527             -0.13226011
713637239482.5979             0.09503189
713638216688.443              0.0845789
713639193894.2882             -0.0706333
713640171100.1333             -0.03830266
713641148305.9785             -0.101795174
713642125511.8237             0.008878269
713643102717.6688             -0.001532457
713644079923.514              -0.14624144
713645057129.3591             -0.1649402
713646034335.2043             -0.083469845
713647011541.0494             -0.038489584
713647988746.8947             -0.10595499
713648965952.7399             -0.07237066
713649943158.585              0.06846313
713650920364.4302             0.12519547
713651897570.2753             0.06487756
713652874776.1205             -0.08211731
713653851981.9657             -0.040804774
713654829187.8108             0.07604278
713655806393.656              0.008654558
713656783599.5011             0.072016515
713657760805.3463             0.1228792
713658738011.1915             0.082827404
713659715217.0366             -0.05959104
713660692422.8818             -0.12374432
713661669628.7269             -0.016947223
713662646834.5721             0.09500014
